video,frame,seed,ablation,stage,path_a,path_b,comparable,reason,exact_equal,both_finite,max_abs_err,mean_abs_err,mse,cosine_similarity,norm_a,norm_b,norm_ratio
01_person_walk,0,232440822,baseline,channel_output,awgn,digital_inprocess,True,,False,True,1.2453997135162354,0.2454523891210556,0.09384004771709442,0.9530800580978394,64.0,64.0,1.0
01_person_walk,0,232440822,baseline,controlnet_input_latent,awgn,digital_inprocess,True,,False,True,2.2359137535095215,0.29161396622657776,0.1753312349319458,0.8781147748095861,54.228607177734375,54.325557708740234,1.0017878115638874
01_person_walk,0,232440822,baseline,cur_snr,awgn,digital_inprocess,True,,False,True,0.2450103759765625,0.2450103759765625,0.06003008410334587,1.0,9.754989624023438,10.0,1.025116415846633
01_person_walk,0,232440822,baseline,cur_step,awgn,digital_inprocess,True,,False,True,0.0047713518142700195,0.0047713518142700195,2.2765798348700628e-05,0.9999999573444014,0.09568041563034058,0.09090906381607056,0.9501324091995582
01_person_walk,0,232440822,baseline,diffusion_latent_final,awgn,digital_inprocess,True,,False,True,0.9385004043579102,0.15906189382076263,0.040628582239151,0.97725097850071,59.93531036376953,60.770206451416016,1.013929953521208
01_person_walk,0,232440822,baseline,diffusion_latent_init,awgn,digital_inprocess,True,,False,True,1.2453997135162354,0.2454523891210556,0.09384004771709442,0.9530800580978394,64.0,64.0,1.0
01_person_walk,0,232440822,baseline,edge_mean,awgn,digital_inprocess,True,,True,True,0.0,0.0,0.0,1.0000019797053321,21.573455810546875,21.573455810546875,1.0
01_person_walk,0,232440822,baseline,edge_post_retransmit,awgn,digital_inprocess,True,,False,True,0.5591417551040649,0.01763080060482025,0.0024078539572656155,0.9562103565972228,21.41183853149414,20.89262580871582,0.9757511377635963
01_person_walk,0,232440822,baseline,edge_uncertainty_mean,awgn,digital_inprocess,True,,True,True,0.0,0.0,0.0,1.0000011122753643,17.904266357421875,17.904266357421875,1.0
01_person_walk,0,232440822,baseline,final_reconstruction,awgn,digital_inprocess,True,,False,True,0.11444339156150818,0.004541303031146526,4.7360965254483745e-05,0.9998925707700899,103.38963317871094,103.16995239257812,0.9978752145705644
01_person_walk,0,232440822,baseline,post_deserialize_latent_raw,awgn,digital_inprocess,False,missing_tensor,,,,,,,,,
01_person_walk,0,232440822,baseline,power_scalar,awgn,digital_inprocess,True,,True,True,0.0,0.0,0.0,1.0,64.0,64.0,1.0
01_person_walk,0,232440822,baseline,pre_serialize_latent,awgn,digital_inprocess,False,missing_tensor,,,,,,,,,
01_person_walk,0,232440822,baseline,receiver_post_norm_latent,awgn,digital_inprocess,True,,False,True,1.2453997135162354,0.2454523891210556,0.09384004771709442,0.9530800580978394,64.0,64.0,1.0
01_person_walk,0,232440822,baseline,sender_vae_latent_post_norm,awgn,digital_inprocess,True,,True,True,0.0,0.0,0.0,1.0,64.0,64.0,1.0
01_person_walk,0,232440822,baseline,sender_vae_latent_pre_norm,awgn,digital_inprocess,True,,True,True,0.0,0.0,0.0,0.9999999801513206,61.640350341796875,61.640350341796875,1.0
01_person_walk,0,232440822,baseline,uncertainty_post_ablation,awgn,digital_inprocess,True,,True,True,0.0,0.0,0.0,1.0000011122753643,17.904266357421875,17.904266357421875,1.0
01_person_walk,0,232440822,baseline,vae_decode_input,awgn,digital_inprocess,True,,False,True,0.9285743236541748,0.16851255297660828,0.04549830034375191,0.9772506979405048,64.00000762939453,64.0,0.9999998807907247
01_person_walk,0,232440822,baseline,channel_output,awgn,digital_wire,False,missing_tensor,,,,,,,,,
01_person_walk,0,232440822,baseline,controlnet_input_latent,awgn,digital_wire,True,,False,True,3.5838398933410645,0.41645482182502747,0.3566587567329407,0.7623483533132774,54.228607177734375,56.48101806640625,1.0415354737268023
01_person_walk,0,232440822,baseline,cur_snr,awgn,digital_wire,True,,False,True,0.2450103759765625,0.2450103759765625,0.06003008410334587,1.0,9.754989624023438,10.0,1.025116415846633
01_person_walk,0,232440822,baseline,cur_step,awgn,digital_wire,True,,False,True,0.0047713518142700195,0.0047713518142700195,2.2765798348700628e-05,0.9999999573444014,0.09568041563034058,0.09090906381607056,0.9501324091995582
01_person_walk,0,232440822,baseline,diffusion_latent_final,awgn,digital_wire,True,,False,True,0.9387087821960449,0.15905945003032684,0.04062874615192413,0.9772508312361369,59.93531036376953,60.77055740356445,1.0139358090368682
01_person_walk,0,232440822,baseline,diffusion_latent_init,awgn,digital_wire,True,,False,True,1.2454067468643188,0.2454521507024765,0.0938403382897377,0.953079879283905,64.0,64.0,1.0
01_person_walk,0,232440822,baseline,edge_mean,awgn,digital_wire,True,,False,True,0.0018325932323932648,0.0005327938124537468,5.872352062397113e-07,0.9999905672334437,21.573455810546875,21.572317123413086,0.9999472181395606
01_person_walk,0,232440822,baseline,edge_post_retransmit,awgn,digital_wire,True,,False,True,0.6310956478118896,0.020063310861587524,0.003227424342185259,0.9427895516285377,21.41183853149414,21.572317123413086,1.0074948534514168
01_person_walk,0,232440822,baseline,edge_uncertainty_mean,awgn,digital_wire,True,,False,True,0.001843232661485672,0.0004007371317129582,4.221219001010468e-07,0.9999895054684529,17.904266357421875,17.903575897216797,0.9999614359956842
01_person_walk,0,232440822,baseline,final_reconstruction,awgn,digital_wire,True,,False,True,0.11428743600845337,0.004542004782706499,4.7380428441101685e-05,0.9998927787102735,103.38963317871094,103.17028045654297,0.9978783876543134
01_person_walk,0,232440822,baseline,post_deserialize_latent_raw,awgn,digital_wire,False,missing_tensor,,,,,,,,,
01_person_walk,0,232440822,baseline,power_scalar,awgn,digital_wire,True,,True,True,0.0,0.0,0.0,1.0,64.0,64.0,1.0
01_person_walk,0,232440822,baseline,pre_serialize_latent,awgn,digital_wire,False,missing_tensor,,,,,,,,,
01_person_walk,0,232440822,baseline,receiver_post_norm_latent,awgn,digital_wire,True,,False,True,1.2454067468643188,0.2454521507024765,0.0938403382897377,0.953079879283905,64.0,64.0,1.0
01_person_walk,0,232440822,baseline,sender_vae_latent_post_norm,awgn,digital_wire,True,,False,True,0.0002734661102294922,3.748868766706437e-05,2.4150637045750045e-09,1.0,64.0,64.0,1.0
01_person_walk,0,232440822,baseline,sender_vae_latent_pre_norm,awgn,digital_wire,True,,True,True,0.0,0.0,0.0,0.9999999801513206,61.640350341796875,61.640350341796875,1.0
01_person_walk,0,232440822,baseline,uncertainty_post_ablation,awgn,digital_wire,True,,False,True,0.001843232661485672,0.0004007371317129582,4.221219001010468e-07,0.9999895054684529,17.904266357421875,17.903575897216797,0.9999614359956842
01_person_walk,0,232440822,baseline,vae_decode_input,awgn,digital_wire,True,,False,True,0.9285712242126465,0.16850978136062622,0.0454980731010437,0.9772509336471696,64.00000762939453,63.99999237060547,0.9999997615814493
01_person_walk,0,232440822,baseline,channel_output,digital_inprocess,digital_wire,False,missing_tensor,,,,,,,,,
01_person_walk,0,232440822,baseline,controlnet_input_latent,digital_inprocess,digital_wire,True,,False,True,4.474462985992432,0.4223235845565796,0.3550727963447571,0.7637613992103564,54.325557708740234,56.48101806640625,1.0396767276504044
01_person_walk,0,232440822,baseline,cur_snr,digital_inprocess,digital_wire,True,,True,True,0.0,0.0,0.0,1.0,10.0,10.0,1.0
01_person_walk,0,232440822,baseline,cur_step,digital_inprocess,digital_wire,True,,True,True,0.0,0.0,0.0,0.9999999906866799,0.09090906381607056,0.09090906381607056,1.0
01_person_walk,0,232440822,baseline,diffusion_latent_final,digital_inprocess,digital_wire,True,,False,True,0.0020494461059570312,4.4216936657903716e-05,1.1414514666796549e-08,0.9999999303873537,60.770206451416016,60.77055740356445,1.0000057750692146
01_person_walk,0,232440822,baseline,diffusion_latent_init,digital_inprocess,digital_wire,True,,False,True,0.0002733469009399414,3.748705785255879e-05,2.4150483834972647e-09,1.0,64.0,64.0,1.0
01_person_walk,0,232440822,baseline,edge_mean,digital_inprocess,digital_wire,True,,False,True,0.0018325932323932648,0.0005327938124537468,5.872352062397113e-07,0.9999905672334437,21.573455810546875,21.572317123413086,0.9999472181395606
01_person_walk,0,232440822,baseline,edge_post_retransmit,digital_inprocess,digital_wire,True,,False,True,0.7054122686386108,0.020782290026545525,0.0035797636955976486,0.9354473243043671,20.89262580871582,21.572317123413086,1.0325325940798555
01_person_walk,0,232440822,baseline,edge_uncertainty_mean,digital_inprocess,digital_wire,True,,False,True,0.001843232661485672,0.0004007371317129582,4.221219001010468e-07,0.9999895054684529,17.904266357421875,17.903575897216797,0.9999614359956842
01_person_walk,0,232440822,baseline,final_reconstruction,digital_inprocess,digital_wire,True,,False,True,0.00021594762802124023,8.471412002108991e-06,1.998966547844816e-10,0.9999999382374138,103.16995239257812,103.17028045654297,1.0000031798402271
01_person_walk,0,232440822,baseline,post_deserialize_latent_raw,digital_inprocess,digital_wire,False,missing_tensor,,,,,,,,,
01_person_walk,0,232440822,baseline,power_scalar,digital_inprocess,digital_wire,True,,True,True,0.0,0.0,0.0,1.0,64.0,64.0,1.0
01_person_walk,0,232440822,baseline,pre_serialize_latent,digital_inprocess,digital_wire,False,missing_tensor,,,,,,,,,
01_person_walk,0,232440822,baseline,receiver_post_norm_latent,digital_inprocess,digital_wire,True,,False,True,0.0002733469009399414,3.748705785255879e-05,2.4150483834972647e-09,1.0,64.0,64.0,1.0
01_person_walk,0,232440822,baseline,sender_vae_latent_post_norm,digital_inprocess,digital_wire,True,,False,True,0.0002734661102294922,3.748868766706437e-05,2.4150637045750045e-09,1.0,64.0,64.0,1.0
01_person_walk,0,232440822,baseline,sender_vae_latent_pre_norm,digital_inprocess,digital_wire,True,,True,True,0.0,0.0,0.0,0.9999999801513206,61.640350341796875,61.640350341796875,1.0
01_person_walk,0,232440822,baseline,uncertainty_post_ablation,digital_inprocess,digital_wire,True,,False,True,0.001843232661485672,0.0004007371317129582,4.221219001010468e-07,0.9999895054684529,17.904266357421875,17.903575897216797,0.9999614359956842
01_person_walk,0,232440822,baseline,vae_decode_input,digital_inprocess,digital_wire,True,,False,True,0.0021219253540039062,4.694142990047112e-05,1.262818294378576e-08,1.0000001192093038,64.0,63.99999237060547,0.9999998807907104
01_person_walk,0,232440822,diffusion_bypass_vae_direct,channel_output,awgn,digital_inprocess,True,,False,True,1.2453997135162354,0.2454523891210556,0.09384004771709442,0.9530800580978394,64.0,64.0,1.0
01_person_walk,0,232440822,diffusion_bypass_vae_direct,cur_snr,awgn,digital_inprocess,True,,False,True,0.2450103759765625,0.2450103759765625,0.06003008410334587,1.0,9.754989624023438,10.0,1.025116415846633
01_person_walk,0,232440822,diffusion_bypass_vae_direct,cur_step,awgn,digital_inprocess,True,,False,True,0.0047713518142700195,0.0047713518142700195,2.2765798348700628e-05,0.9999999573444014,0.09568041563034058,0.09090906381607056,0.9501324091995582
01_person_walk,0,232440822,diffusion_bypass_vae_direct,diffusion_latent_final,awgn,digital_inprocess,True,,False,True,1.2453997135162354,0.2454523891210556,0.09384004771709442,0.9530800580978394,64.0,64.0,1.0
01_person_walk,0,232440822,diffusion_bypass_vae_direct,diffusion_latent_init,awgn,digital_inprocess,True,,False,True,1.2453997135162354,0.2454523891210556,0.09384004771709442,0.9530800580978394,64.0,64.0,1.0
01_person_walk,0,232440822,diffusion_bypass_vae_direct,edge_mean,awgn,digital_inprocess,True,,True,True,0.0,0.0,0.0,1.0000019797053321,21.573455810546875,21.573455810546875,1.0
01_person_walk,0,232440822,diffusion_bypass_vae_direct,edge_uncertainty_mean,awgn,digital_inprocess,True,,True,True,0.0,0.0,0.0,1.0000011122753643,17.904266357421875,17.904266357421875,1.0
01_person_walk,0,232440822,diffusion_bypass_vae_direct,final_reconstruction,awgn,digital_inprocess,True,,False,True,0.11583694815635681,0.006396742071956396,8.389487629756331e-05,0.9998091421011437,103.95726776123047,103.94156646728516,0.9998489639610251
01_person_walk,0,232440822,diffusion_bypass_vae_direct,post_deserialize_latent_raw,awgn,digital_inprocess,False,missing_tensor,,,,,,,,,
01_person_walk,0,232440822,diffusion_bypass_vae_direct,power_scalar,awgn,digital_inprocess,True,,True,True,0.0,0.0,0.0,1.0,64.0,64.0,1.0
01_person_walk,0,232440822,diffusion_bypass_vae_direct,pre_serialize_latent,awgn,digital_inprocess,False,missing_tensor,,,,,,,,,
01_person_walk,0,232440822,diffusion_bypass_vae_direct,receiver_post_norm_latent,awgn,digital_inprocess,True,,False,True,1.2453997135162354,0.2454523891210556,0.09384004771709442,0.9530800580978394,64.0,64.0,1.0
01_person_walk,0,232440822,diffusion_bypass_vae_direct,sender_vae_latent_post_norm,awgn,digital_inprocess,True,,True,True,0.0,0.0,0.0,1.0,64.0,64.0,1.0
01_person_walk,0,232440822,diffusion_bypass_vae_direct,sender_vae_latent_pre_norm,awgn,digital_inprocess,True,,True,True,0.0,0.0,0.0,0.9999999801513206,61.640350341796875,61.640350341796875,1.0
01_person_walk,0,232440822,diffusion_bypass_vae_direct,vae_decode_input,awgn,digital_inprocess,True,,False,True,1.2453997135162354,0.2454523891210556,0.09384004771709442,0.9530800580978394,64.0,64.0,1.0
01_person_walk,0,232440822,diffusion_bypass_vae_direct,channel_output,awgn,digital_wire,False,missing_tensor,,,,,,,,,
01_person_walk,0,232440822,diffusion_bypass_vae_direct,cur_snr,awgn,digital_wire,True,,False,True,0.2450103759765625,0.2450103759765625,0.06003008410334587,1.0,9.754989624023438,10.0,1.025116415846633
01_person_walk,0,232440822,diffusion_bypass_vae_direct,cur_step,awgn,digital_wire,True,,False,True,0.0047713518142700195,0.0047713518142700195,2.2765798348700628e-05,0.9999999573444014,0.09568041563034058,0.09090906381607056,0.9501324091995582
01_person_walk,0,232440822,diffusion_bypass_vae_direct,diffusion_latent_final,awgn,digital_wire,True,,False,True,1.2454067468643188,0.2454521507024765,0.0938403382897377,0.953079879283905,64.0,64.0,1.0
01_person_walk,0,232440822,diffusion_bypass_vae_direct,diffusion_latent_init,awgn,digital_wire,True,,False,True,1.2454067468643188,0.2454521507024765,0.0938403382897377,0.953079879283905,64.0,64.0,1.0
01_person_walk,0,232440822,diffusion_bypass_vae_direct,edge_mean,awgn,digital_wire,True,,False,True,0.0018325932323932648,0.0005327938124537468,5.872352062397113e-07,0.9999905672334437,21.573455810546875,21.572317123413086,0.9999472181395606
01_person_walk,0,232440822,diffusion_bypass_vae_direct,edge_uncertainty_mean,awgn,digital_wire,True,,False,True,0.001843232661485672,0.0004007371317129582,4.221219001010468e-07,0.9999895054684529,17.904266357421875,17.903575897216797,0.9999614359956842
01_person_walk,0,232440822,diffusion_bypass_vae_direct,final_reconstruction,awgn,digital_wire,True,,False,True,0.11580348014831543,0.006397231016308069,8.39053318486549e-05,0.9998091135491793,103.95726776123047,103.94151306152344,0.9998484502330014
01_person_walk,0,232440822,diffusion_bypass_vae_direct,post_deserialize_latent_raw,awgn,digital_wire,False,missing_tensor,,,,,,,,,
01_person_walk,0,232440822,diffusion_bypass_vae_direct,power_scalar,awgn,digital_wire,True,,True,True,0.0,0.0,0.0,1.0,64.0,64.0,1.0
01_person_walk,0,232440822,diffusion_bypass_vae_direct,pre_serialize_latent,awgn,digital_wire,False,missing_tensor,,,,,,,,,
01_person_walk,0,232440822,diffusion_bypass_vae_direct,receiver_post_norm_latent,awgn,digital_wire,True,,False,True,1.2454067468643188,0.2454521507024765,0.0938403382897377,0.953079879283905,64.0,64.0,1.0
01_person_walk,0,232440822,diffusion_bypass_vae_direct,sender_vae_latent_post_norm,awgn,digital_wire,True,,False,True,0.0002734661102294922,3.748868766706437e-05,2.4150637045750045e-09,1.0,64.0,64.0,1.0
01_person_walk,0,232440822,diffusion_bypass_vae_direct,sender_vae_latent_pre_norm,awgn,digital_wire,True,,True,True,0.0,0.0,0.0,0.9999999801513206,61.640350341796875,61.640350341796875,1.0
01_person_walk,0,232440822,diffusion_bypass_vae_direct,vae_decode_input,awgn,digital_wire,True,,False,True,1.2454067468643188,0.2454521507024765,0.0938403382897377,0.953079879283905,64.0,64.0,1.0
01_person_walk,0,232440822,diffusion_bypass_vae_direct,channel_output,digital_inprocess,digital_wire,False,missing_tensor,,,,,,,,,
01_person_walk,0,232440822,diffusion_bypass_vae_direct,cur_snr,digital_inprocess,digital_wire,True,,True,True,0.0,0.0,0.0,1.0,10.0,10.0,1.0
01_person_walk,0,232440822,diffusion_bypass_vae_direct,cur_step,digital_inprocess,digital_wire,True,,True,True,0.0,0.0,0.0,0.9999999906866799,0.09090906381607056,0.09090906381607056,1.0
01_person_walk,0,232440822,diffusion_bypass_vae_direct,diffusion_latent_final,digital_inprocess,digital_wire,True,,False,True,0.0002733469009399414,3.748705785255879e-05,2.4150483834972647e-09,1.0,64.0,64.0,1.0
01_person_walk,0,232440822,diffusion_bypass_vae_direct,diffusion_latent_init,digital_inprocess,digital_wire,True,,False,True,0.0002733469009399414,3.748705785255879e-05,2.4150483834972647e-09,1.0,64.0,64.0,1.0
01_person_walk,0,232440822,diffusion_bypass_vae_direct,edge_mean,digital_inprocess,digital_wire,True,,False,True,0.0018325932323932648,0.0005327938124537468,5.872352062397113e-07,0.9999905672334437,21.573455810546875,21.572317123413086,0.9999472181395606
01_person_walk,0,232440822,diffusion_bypass_vae_direct,edge_uncertainty_mean,digital_inprocess,digital_wire,True,,False,True,0.001843232661485672,0.0004007371317129582,4.221219001010468e-07,0.9999895054684529,17.904266357421875,17.903575897216797,0.9999614359956842
01_person_walk,0,232440822,diffusion_bypass_vae_direct,final_reconstruction,digital_inprocess,digital_wire,True,,False,True,0.00016242265701293945,7.295365776371909e-06,1.160819565471094e-10,1.0000001864642374,103.94156646728516,103.94151306152344,0.9999994861943731
01_person_walk,0,232440822,diffusion_bypass_vae_direct,post_deserialize_latent_raw,digital_inprocess,digital_wire,False,missing_tensor,,,,,,,,,
01_person_walk,0,232440822,diffusion_bypass_vae_direct,power_scalar,digital_inprocess,digital_wire,True,,True,True,0.0,0.0,0.0,1.0,64.0,64.0,1.0
01_person_walk,0,232440822,diffusion_bypass_vae_direct,pre_serialize_latent,digital_inprocess,digital_wire,False,missing_tensor,,,,,,,,,
01_person_walk,0,232440822,diffusion_bypass_vae_direct,receiver_post_norm_latent,digital_inprocess,digital_wire,True,,False,True,0.0002733469009399414,3.748705785255879e-05,2.4150483834972647e-09,1.0,64.0,64.0,1.0
01_person_walk,0,232440822,diffusion_bypass_vae_direct,sender_vae_latent_post_norm,digital_inprocess,digital_wire,True,,False,True,0.0002734661102294922,3.748868766706437e-05,2.4150637045750045e-09,1.0,64.0,64.0,1.0
01_person_walk,0,232440822,diffusion_bypass_vae_direct,sender_vae_latent_pre_norm,digital_inprocess,digital_wire,True,,True,True,0.0,0.0,0.0,0.9999999801513206,61.640350341796875,61.640350341796875,1.0
01_person_walk,0,232440822,diffusion_bypass_vae_direct,vae_decode_input,digital_inprocess,digital_wire,True,,False,True,0.0002733469009399414,3.748705785255879e-05,2.4150483834972647e-09,1.0,64.0,64.0,1.0
01_person_walk,1,2061366112,baseline,channel_output,awgn,digital_inprocess,True,,False,True,1.1370729207992554,0.2418762445449829,0.09196396172046661,0.9540180536519322,63.999996185302734,64.0,1.0000000596046483
01_person_walk,1,2061366112,baseline,controlnet_input_latent,awgn,digital_inprocess,True,,False,True,3.1181063652038574,0.293743759393692,0.18885557353496552,0.8690581406042478,54.39244079589844,54.30482864379883,0.9983892586760655
01_person_walk,1,2061366112,baseline,cur_snr,awgn,digital_inprocess,True,,False,True,0.13436222076416016,0.13436222076416016,0.0180532056838274,0.9999999811793916,10.13436222076416,10.0,0.9867419164780921
01_person_walk,1,2061366112,baseline,cur_step,awgn,digital_inprocess,True,,False,True,0.0025246739387512207,0.0025246739387512207,6.373978521878598e-06,0.9999999502961386,0.08838438987731934,0.09090906381607056,1.0285647040416928
01_person_walk,1,2061366112,baseline,diffusion_latent_final,awgn,digital_inprocess,True,,False,True,0.8402483463287354,0.15765810012817383,0.040056951344013214,0.9777713746480039,60.62017059326172,60.859249114990234,1.003943877415533
01_person_walk,1,2061366112,baseline,diffusion_latent_init,awgn,digital_inprocess,True,,False,True,1.1370729207992554,0.2418762445449829,0.09196396172046661,0.9540180536519322,63.999996185302734,64.0,1.0000000596046483
01_person_walk,1,2061366112,baseline,edge_mean,awgn,digital_inprocess,True,,True,True,0.0,0.0,0.0,1.0000016406537782,20.69066619873047,20.69066619873047,1.0
01_person_walk,1,2061366112,baseline,edge_post_retransmit,awgn,digital_inprocess,True,,False,True,0.5966471433639526,0.01565130427479744,0.002395124640315771,0.9515043506284996,20.12566375732422,20.102182388305664,0.9988332623807248
01_person_walk,1,2061366112,baseline,edge_uncertainty_mean,awgn,digital_inprocess,True,,True,True,0.0,0.0,0.0,1.000001366165503,17.264583587646484,17.264583587646484,1.0
01_person_walk,1,2061366112,baseline,final_reconstruction,awgn,digital_inprocess,True,,False,True,0.07720476388931274,0.0051602632738649845,5.738959589507431e-05,0.9998717974285374,101.78144073486328,102.17195892333984,1.0038368310141517
01_person_walk,1,2061366112,baseline,post_deserialize_latent_raw,awgn,digital_inprocess,False,missing_tensor,,,,,,,,,
01_person_walk,1,2061366112,baseline,power_scalar,awgn,digital_inprocess,True,,True,True,0.0,0.0,0.0,1.0,64.0,64.0,1.0
01_person_walk,1,2061366112,baseline,pre_serialize_latent,awgn,digital_inprocess,False,missing_tensor,,,,,,,,,
01_person_walk,1,2061366112,baseline,receiver_post_norm_latent,awgn,digital_inprocess,True,,False,True,1.1370729207992554,0.2418762445449829,0.09196396172046661,0.9540180536519322,63.999996185302734,64.0,1.0000000596046483
01_person_walk,1,2061366112,baseline,sender_vae_latent_post_norm,awgn,digital_inprocess,True,,True,True,0.0,0.0,0.0,1.0000001192092896,64.0,64.0,1.0
01_person_walk,1,2061366112,baseline,sender_vae_latent_pre_norm,awgn,digital_inprocess,True,,True,True,0.0,0.0,0.0,0.9999997928689747,62.01419448852539,62.01419448852539,1.0
01_person_walk,1,2061366112,baseline,uncertainty_post_ablation,awgn,digital_inprocess,True,,True,True,0.0,0.0,0.0,1.000001366165503,17.264583587646484,17.264583587646484,1.0
01_person_walk,1,2061366112,baseline,vae_decode_input,awgn,digital_inprocess,True,,False,True,0.8880975246429443,0.16610106825828552,0.044457267969846725,0.9777715192897033,63.999996185302734,64.0,1.0000000596046483
01_person_walk,1,2061366112,baseline,channel_output,awgn,digital_wire,False,missing_tensor,,,,,,,,,
01_person_walk,1,2061366112,baseline,controlnet_input_latent,awgn,digital_wire,True,,False,True,4.306357383728027,0.38368767499923706,0.2983473539352417,0.8008391659082051,54.39244079589844,56.24549865722656,1.03406829762028
01_person_walk,1,2061366112,baseline,cur_snr,awgn,digital_wire,True,,False,True,0.13436222076416016,0.13436222076416016,0.0180532056838274,0.9999999811793916,10.13436222076416,10.0,0.9867419164780921
01_person_walk,1,2061366112,baseline,cur_step,awgn,digital_wire,True,,False,True,0.0025246739387512207,0.0025246739387512207,6.373978521878598e-06,0.9999999502961386,0.08838438987731934,0.09090906381607056,1.0285647040416928
01_person_walk,1,2061366112,baseline,diffusion_latent_final,awgn,digital_wire,True,,False,True,0.8402628898620605,0.15765854716300964,0.040056683123111725,0.9777713817928545,60.62017059326172,60.85930633544922,1.0039448213333482
01_person_walk,1,2061366112,baseline,diffusion_latent_init,awgn,digital_wire,True,,False,True,1.1371279954910278,0.24187596142292023,0.09196408092975616,0.9540180536519322,63.999996185302734,64.0,1.0000000596046483
01_person_walk,1,2061366112,baseline,edge_mean,awgn,digital_wire,True,,False,True,0.0018393611535429955,0.0004981501260772347,5.420678803602641e-07,0.9999898863872861,20.69066619873047,20.690418243408203,0.9999880160783667
01_person_walk,1,2061366112,baseline,edge_post_retransmit,awgn,digital_wire,True,,False,True,0.5398380756378174,0.01638312079012394,0.002328130416572094,0.9545820921424673,20.12566375732422,20.690418243408203,1.028061409198415
01_person_walk,1,2061366112,baseline,edge_uncertainty_mean,awgn,digital_wire,True,,False,True,0.0018209991976618767,0.00038345804205164313,3.985027774433547e-07,0.9999902241128023,17.264583587646484,17.26735496520996,1.000160523857955
01_person_walk,1,2061366112,baseline,final_reconstruction,awgn,digital_wire,True,,False,True,0.07727909088134766,0.005161069333553314,5.739960397477262e-05,0.9998715319253891,101.78144073486328,102.17222595214844,1.00383945456523
01_person_walk,1,2061366112,baseline,post_deserialize_latent_raw,awgn,digital_wire,False,missing_tensor,,,,,,,,,
01_person_walk,1,2061366112,baseline,power_scalar,awgn,digital_wire,True,,True,True,0.0,0.0,0.0,1.0,64.0,64.0,1.0
01_person_walk,1,2061366112,baseline,pre_serialize_latent,awgn,digital_wire,False,missing_tensor,,,,,,,,,
01_person_walk,1,2061366112,baseline,receiver_post_norm_latent,awgn,digital_wire,True,,False,True,1.1371279954910278,0.24187596142292023,0.09196408092975616,0.9540180536519322,63.999996185302734,64.0,1.0000000596046483
01_person_walk,1,2061366112,baseline,sender_vae_latent_post_norm,awgn,digital_wire,True,,False,True,0.0003141164779663086,3.50637492374517e-05,2.0793942123731313e-09,1.0000000596046483,64.0,63.999996185302734,0.9999999403953552
01_person_walk,1,2061366112,baseline,sender_vae_latent_pre_norm,awgn,digital_wire,True,,True,True,0.0,0.0,0.0,0.9999997928689747,62.01419448852539,62.01419448852539,1.0
01_person_walk,1,2061366112,baseline,uncertainty_post_ablation,awgn,digital_wire,True,,False,True,0.0018209991976618767,0.00038345804205164313,3.985027774433547e-07,0.9999902241128023,17.264583587646484,17.26735496520996,1.000160523857955
01_person_walk,1,2061366112,baseline,vae_decode_input,awgn,digital_wire,True,,False,True,0.8881130218505859,0.16610145568847656,0.04445692151784897,0.9777717537335658,63.999996185302734,63.9999885559082,0.9999998807907033
01_person_walk,1,2061366112,baseline,channel_output,digital_inprocess,digital_wire,False,missing_tensor,,,,,,,,,
01_person_walk,1,2061366112,baseline,controlnet_input_latent,digital_inprocess,digital_wire,True,,False,True,4.393800735473633,0.38788899779319763,0.30313125252723694,0.7973647618867379,54.30482864379883,56.24549865722656,1.0357366013648097
01_person_walk,1,2061366112,baseline,cur_snr,digital_inprocess,digital_wire,True,,True,True,0.0,0.0,0.0,1.0,10.0,10.0,1.0
01_person_walk,1,2061366112,baseline,cur_step,digital_inprocess,digital_wire,True,,True,True,0.0,0.0,0.0,0.9999999906866799,0.09090906381607056,0.09090906381607056,1.0
01_person_walk,1,2061366112,baseline,diffusion_latent_final,digital_inprocess,digital_wire,True,,False,True,0.0017781257629394531,4.41726588178426e-05,1.1797461674234455e-08,0.99999996686298,60.859249114990234,60.85930633544922,1.0000009402097432
01_person_walk,1,2061366112,baseline,diffusion_latent_init,digital_inprocess,digital_wire,True,,False,True,0.0003140866756439209,3.506299981381744e-05,2.0793609056823925e-09,1.0000001192092896,64.0,64.0,1.0
01_person_walk,1,2061366112,baseline,edge_mean,digital_inprocess,digital_wire,True,,False,True,0.0018393611535429955,0.0004981501260772347,5.420678803602641e-07,0.9999898863872861,20.69066619873047,20.690418243408203,0.9999880160783667
01_person_walk,1,2061366112,baseline,edge_post_retransmit,digital_inprocess,digital_wire,True,,False,True,0.6180687546730042,0.016427189111709595,0.0025806131307035685,0.9495885991559918,20.102182388305664,20.690418243408203,1.0292622882301945
01_person_walk,1,2061366112,baseline,edge_uncertainty_mean,digital_inprocess,digital_wire,True,,False,True,0.0018209991976618767,0.00038345804205164313,3.985027774433547e-07,0.9999902241128023,17.264583587646484,17.26735496520996,1.000160523857955
01_person_walk,1,2061366112,baseline,final_reconstruction,digital_inprocess,digital_wire,True,,False,True,0.00020897388458251953,8.053671990637667e-06,1.737516797106764e-10,1.0000001170808903,102.17195892333984,102.17222595214844,1.0000026135234306
01_person_walk,1,2061366112,baseline,post_deserialize_latent_raw,digital_inprocess,digital_wire,False,missing_tensor,,,,,,,,,
01_person_walk,1,2061366112,baseline,power_scalar,digital_inprocess,digital_wire,True,,True,True,0.0,0.0,0.0,1.0,64.0,64.0,1.0
01_person_walk,1,2061366112,baseline,pre_serialize_latent,digital_inprocess,digital_wire,False,missing_tensor,,,,,,,,,
01_person_walk,1,2061366112,baseline,receiver_post_norm_latent,digital_inprocess,digital_wire,True,,False,True,0.0003140866756439209,3.506299981381744e-05,2.0793609056823925e-09,1.0000001192092896,64.0,64.0,1.0
01_person_walk,1,2061366112,baseline,sender_vae_latent_post_norm,digital_inprocess,digital_wire,True,,False,True,0.0003141164779663086,3.50637492374517e-05,2.0793942123731313e-09,1.0000000596046483,64.0,63.999996185302734,0.9999999403953552
01_person_walk,1,2061366112,baseline,sender_vae_latent_pre_norm,digital_inprocess,digital_wire,True,,True,True,0.0,0.0,0.0,0.9999997928689747,62.01419448852539,62.01419448852539,1.0
01_person_walk,1,2061366112,baseline,uncertainty_post_ablation,digital_inprocess,digital_wire,True,,False,True,0.0018209991976618767,0.00038345804205164313,3.985027774433547e-07,0.9999902241128023,17.264583587646484,17.26735496520996,1.000160523857955
01_person_walk,1,2061366112,baseline,vae_decode_input,digital_inprocess,digital_wire,True,,False,True,0.0018723011016845703,4.647415698855184e-05,1.304577246230565e-08,1.0000001788139663,64.0,63.9999885559082,0.9999998211860657
01_person_walk,1,2061366112,diffusion_bypass_vae_direct,channel_output,awgn,digital_inprocess,True,,False,True,1.1370729207992554,0.2418762445449829,0.09196396172046661,0.9540180536519322,63.999996185302734,64.0,1.0000000596046483
01_person_walk,1,2061366112,diffusion_bypass_vae_direct,cur_snr,awgn,digital_inprocess,True,,False,True,0.13436222076416016,0.13436222076416016,0.0180532056838274,0.9999999811793916,10.13436222076416,10.0,0.9867419164780921
01_person_walk,1,2061366112,diffusion_bypass_vae_direct,cur_step,awgn,digital_inprocess,True,,False,True,0.0025246739387512207,0.0025246739387512207,6.373978521878598e-06,0.9999999502961386,0.08838438987731934,0.09090906381607056,1.0285647040416928
01_person_walk,1,2061366112,diffusion_bypass_vae_direct,diffusion_latent_final,awgn,digital_inprocess,True,,False,True,1.1370729207992554,0.2418762445449829,0.09196396172046661,0.9540180536519322,63.999996185302734,64.0,1.0000000596046483
01_person_walk,1,2061366112,diffusion_bypass_vae_direct,diffusion_latent_init,awgn,digital_inprocess,True,,False,True,1.1370729207992554,0.2418762445449829,0.09196396172046661,0.9540180536519322,63.999996185302734,64.0,1.0000000596046483
01_person_walk,1,2061366112,diffusion_bypass_vae_direct,edge_mean,awgn,digital_inprocess,True,,True,True,0.0,0.0,0.0,1.0000016406537782,20.69066619873047,20.69066619873047,1.0
01_person_walk,1,2061366112,diffusion_bypass_vae_direct,edge_uncertainty_mean,awgn,digital_inprocess,True,,True,True,0.0,0.0,0.0,1.000001366165503,17.264583587646484,17.264583587646484,1.0
01_person_walk,1,2061366112,diffusion_bypass_vae_direct,final_reconstruction,awgn,digital_inprocess,True,,False,True,0.07853126525878906,0.00794996228069067,0.00011756872845580801,0.9997503804793927,102.2191390991211,102.94429016113281,1.0070940830494428
01_person_walk,1,2061366112,diffusion_bypass_vae_direct,post_deserialize_latent_raw,awgn,digital_inprocess,False,missing_tensor,,,,,,,,,
01_person_walk,1,2061366112,diffusion_bypass_vae_direct,power_scalar,awgn,digital_inprocess,True,,True,True,0.0,0.0,0.0,1.0,64.0,64.0,1.0
01_person_walk,1,2061366112,diffusion_bypass_vae_direct,pre_serialize_latent,awgn,digital_inprocess,False,missing_tensor,,,,,,,,,
01_person_walk,1,2061366112,diffusion_bypass_vae_direct,receiver_post_norm_latent,awgn,digital_inprocess,True,,False,True,1.1370729207992554,0.2418762445449829,0.09196396172046661,0.9540180536519322,63.999996185302734,64.0,1.0000000596046483
01_person_walk,1,2061366112,diffusion_bypass_vae_direct,sender_vae_latent_post_norm,awgn,digital_inprocess,True,,True,True,0.0,0.0,0.0,1.0000001192092896,64.0,64.0,1.0
01_person_walk,1,2061366112,diffusion_bypass_vae_direct,sender_vae_latent_pre_norm,awgn,digital_inprocess,True,,True,True,0.0,0.0,0.0,0.9999997928689747,62.01419448852539,62.01419448852539,1.0
01_person_walk,1,2061366112,diffusion_bypass_vae_direct,vae_decode_input,awgn,digital_inprocess,True,,False,True,1.1370729207992554,0.2418762445449829,0.09196396172046661,0.9540180536519322,63.999996185302734,64.0,1.0000000596046483
01_person_walk,1,2061366112,diffusion_bypass_vae_direct,channel_output,awgn,digital_wire,False,missing_tensor,,,,,,,,,
01_person_walk,1,2061366112,diffusion_bypass_vae_direct,cur_snr,awgn,digital_wire,True,,False,True,0.13436222076416016,0.13436222076416016,0.0180532056838274,0.9999999811793916,10.13436222076416,10.0,0.9867419164780921
01_person_walk,1,2061366112,diffusion_bypass_vae_direct,cur_step,awgn,digital_wire,True,,False,True,0.0025246739387512207,0.0025246739387512207,6.373978521878598e-06,0.9999999502961386,0.08838438987731934,0.09090906381607056,1.0285647040416928
01_person_walk,1,2061366112,diffusion_bypass_vae_direct,diffusion_latent_final,awgn,digital_wire,True,,False,True,1.1371279954910278,0.24187596142292023,0.09196408092975616,0.9540180536519322,63.999996185302734,64.0,1.0000000596046483
01_person_walk,1,2061366112,diffusion_bypass_vae_direct,diffusion_latent_init,awgn,digital_wire,True,,False,True,1.1371279954910278,0.24187596142292023,0.09196408092975616,0.9540180536519322,63.999996185302734,64.0,1.0000000596046483
01_person_walk,1,2061366112,diffusion_bypass_vae_direct,edge_mean,awgn,digital_wire,True,,False,True,0.0018393611535429955,0.0004981501260772347,5.420678803602641e-07,0.9999898863872861,20.69066619873047,20.690418243408203,0.9999880160783667
01_person_walk,1,2061366112,diffusion_bypass_vae_direct,edge_uncertainty_mean,awgn,digital_wire,True,,False,True,0.0018209991976618767,0.00038345804205164313,3.985027774433547e-07,0.9999902241128023,17.264583587646484,17.26735496520996,1.000160523857955
01_person_walk,1,2061366112,diffusion_bypass_vae_direct,final_reconstruction,awgn,digital_wire,True,,False,True,0.07850116491317749,0.007950625382363796,0.0001175813376903534,0.9997503258445711,102.2191390991211,102.94434356689453,1.0070946055128698
01_person_walk,1,2061366112,diffusion_bypass_vae_direct,post_deserialize_latent_raw,awgn,digital_wire,False,missing_tensor,,,,,,,,,
01_person_walk,1,2061366112,diffusion_bypass_vae_direct,power_scalar,awgn,digital_wire,True,,True,True,0.0,0.0,0.0,1.0,64.0,64.0,1.0
01_person_walk,1,2061366112,diffusion_bypass_vae_direct,pre_serialize_latent,awgn,digital_wire,False,missing_tensor,,,,,,,,,
01_person_walk,1,2061366112,diffusion_bypass_vae_direct,receiver_post_norm_latent,awgn,digital_wire,True,,False,True,1.1371279954910278,0.24187596142292023,0.09196408092975616,0.9540180536519322,63.999996185302734,64.0,1.0000000596046483
01_person_walk,1,2061366112,diffusion_bypass_vae_direct,sender_vae_latent_post_norm,awgn,digital_wire,True,,False,True,0.0003141164779663086,3.50637492374517e-05,2.0793942123731313e-09,1.0000000596046483,64.0,63.999996185302734,0.9999999403953552
01_person_walk,1,2061366112,diffusion_bypass_vae_direct,sender_vae_latent_pre_norm,awgn,digital_wire,True,,True,True,0.0,0.0,0.0,0.9999997928689747,62.01419448852539,62.01419448852539,1.0
01_person_walk,1,2061366112,diffusion_bypass_vae_direct,vae_decode_input,awgn,digital_wire,True,,False,True,1.1371279954910278,0.24187596142292023,0.09196408092975616,0.9540180536519322,63.999996185302734,64.0,1.0000000596046483
01_person_walk,1,2061366112,diffusion_bypass_vae_direct,channel_output,digital_inprocess,digital_wire,False,missing_tensor,,,,,,,,,
01_person_walk,1,2061366112,diffusion_bypass_vae_direct,cur_snr,digital_inprocess,digital_wire,True,,True,True,0.0,0.0,0.0,1.0,10.0,10.0,1.0
01_person_walk,1,2061366112,diffusion_bypass_vae_direct,cur_step,digital_inprocess,digital_wire,True,,True,True,0.0,0.0,0.0,0.9999999906866799,0.09090906381607056,0.09090906381607056,1.0
01_person_walk,1,2061366112,diffusion_bypass_vae_direct,diffusion_latent_final,digital_inprocess,digital_wire,True,,False,True,0.0003140866756439209,3.506299981381744e-05,2.0793609056823925e-09,1.0000001192092896,64.0,64.0,1.0
01_person_walk,1,2061366112,diffusion_bypass_vae_direct,diffusion_latent_init,digital_inprocess,digital_wire,True,,False,True,0.0003140866756439209,3.506299981381744e-05,2.0793609056823925e-09,1.0000001192092896,64.0,64.0,1.0
01_person_walk,1,2061366112,diffusion_bypass_vae_direct,edge_mean,digital_inprocess,digital_wire,True,,False,True,0.0018393611535429955,0.0004981501260772347,5.420678803602641e-07,0.9999898863872861,20.69066619873047,20.690418243408203,0.9999880160783667
01_person_walk,1,2061366112,diffusion_bypass_vae_direct,edge_uncertainty_mean,digital_inprocess,digital_wire,True,,False,True,0.0018209991976618767,0.00038345804205164313,3.985027774433547e-07,0.9999902241128023,17.264583587646484,17.26735496520996,1.000160523857955
01_person_walk,1,2061366112,diffusion_bypass_vae_direct,final_reconstruction,digital_inprocess,digital_wire,True,,False,True,0.00012987852096557617,7.653158718312625e-06,1.2620278433406185e-10,1.0000004467811086,102.94429016113281,102.94434356689453,1.0000005187831364
01_person_walk,1,2061366112,diffusion_bypass_vae_direct,post_deserialize_latent_raw,digital_inprocess,digital_wire,False,missing_tensor,,,,,,,,,
01_person_walk,1,2061366112,diffusion_bypass_vae_direct,power_scalar,digital_inprocess,digital_wire,True,,True,True,0.0,0.0,0.0,1.0,64.0,64.0,1.0
01_person_walk,1,2061366112,diffusion_bypass_vae_direct,pre_serialize_latent,digital_inprocess,digital_wire,False,missing_tensor,,,,,,,,,
01_person_walk,1,2061366112,diffusion_bypass_vae_direct,receiver_post_norm_latent,digital_inprocess,digital_wire,True,,False,True,0.0003140866756439209,3.506299981381744e-05,2.0793609056823925e-09,1.0000001192092896,64.0,64.0,1.0
01_person_walk,1,2061366112,diffusion_bypass_vae_direct,sender_vae_latent_post_norm,digital_inprocess,digital_wire,True,,False,True,0.0003141164779663086,3.50637492374517e-05,2.0793942123731313e-09,1.0000000596046483,64.0,63.999996185302734,0.9999999403953552
01_person_walk,1,2061366112,diffusion_bypass_vae_direct,sender_vae_latent_pre_norm,digital_inprocess,digital_wire,True,,True,True,0.0,0.0,0.0,0.9999997928689747,62.01419448852539,62.01419448852539,1.0
01_person_walk,1,2061366112,diffusion_bypass_vae_direct,vae_decode_input,digital_inprocess,digital_wire,True,,False,True,0.0003140866756439209,3.506299981381744e-05,2.0793609056823925e-09,1.0000001192092896,64.0,64.0,1.0
01_person_walk,2,3822363354,baseline,channel_output,awgn,digital_inprocess,True,,False,True,1.1793913841247559,0.24235276877880096,0.09268447756767273,0.9536576326301536,64.00000762939453,64.0,0.9999998807907247
01_person_walk,2,3822363354,baseline,controlnet_input_latent,awgn,digital_inprocess,True,,False,True,3.091909170150757,0.2895444631576538,0.1858256757259369,0.8714613626236627,54.406455993652344,54.41921615600586,1.0002345339743322
01_person_walk,2,3822363354,baseline,cur_snr,awgn,digital_inprocess,True,,False,True,0.3393402099609375,0.3393402099609375,0.1151517778635025,1.0,10.339340209960938,10.0,0.967179703630023
01_person_walk,2,3822363354,baseline,cur_step,awgn,digital_inprocess,True,,False,True,0.006254374980926514,0.006254374980926514,3.911720705218613e-05,0.9999999844824841,0.08465468883514404,0.09090906381607056,1.073881022622459
01_person_walk,2,3822363354,baseline,diffusion_latent_final,awgn,digital_inprocess,True,,False,True,0.8530988693237305,0.15855471789836884,0.0407903790473938,0.9768427209711779,59.72154998779297,60.28853225708008,1.0094937634639924
01_person_walk,2,3822363354,baseline,diffusion_latent_init,awgn,digital_inprocess,True,,False,True,1.1793913841247559,0.24235276877880096,0.09268447756767273,0.9536576326301536,64.00000762939453,64.0,0.9999998807907247
01_person_walk,2,3822363354,baseline,edge_mean,awgn,digital_inprocess,True,,True,True,0.0,0.0,0.0,1.0000014051991108,20.606826782226562,20.606826782226562,1.0
01_person_walk,2,3822363354,baseline,edge_post_retransmit,awgn,digital_inprocess,True,,False,True,0.4864935278892517,0.013267896138131618,0.001695500686764717,0.9661892776117552,20.19683265686035,20.326431274414062,1.0064167792918604
01_person_walk,2,3822363354,baseline,edge_uncertainty_mean,awgn,digital_inprocess,True,,True,True,0.0,0.0,0.0,1.0000011397252464,17.499914169311523,17.499914169311523,1.0
01_person_walk,2,3822363354,baseline,final_reconstruction,awgn,digital_inprocess,True,,False,True,0.0736941397190094,0.00493968790397048,5.630978193948977e-05,0.9998696689343547,100.37486267089844,99.97199249267578,0.9959863439161699
01_person_walk,2,3822363354,baseline,post_deserialize_latent_raw,awgn,digital_inprocess,False,missing_tensor,,,,,,,,,
01_person_walk,2,3822363354,baseline,power_scalar,awgn,digital_inprocess,True,,True,True,0.0,0.0,0.0,1.0,64.0,64.0,1.0
01_person_walk,2,3822363354,baseline,pre_serialize_latent,awgn,digital_inprocess,False,missing_tensor,,,,,,,,,
01_person_walk,2,3822363354,baseline,receiver_post_norm_latent,awgn,digital_inprocess,True,,False,True,1.1793913841247559,0.24235276877880096,0.09268447756767273,0.9536576326301536,64.00000762939453,64.0,0.9999998807907247
01_person_walk,2,3822363354,baseline,sender_vae_latent_post_norm,awgn,digital_inprocess,True,,True,True,0.0,0.0,0.0,1.0,64.0,64.0,1.0
01_person_walk,2,3822363354,baseline,sender_vae_latent_pre_norm,awgn,digital_inprocess,True,,True,True,0.0,0.0,0.0,0.9999998852210553,61.82920455932617,61.82920455932617,1.0
01_person_walk,2,3822363354,baseline,uncertainty_post_ablation,awgn,digital_inprocess,True,,True,True,0.0,0.0,0.0,1.0000011397252464,17.499914169311523,17.499914169311523,1.0
01_person_walk,2,3822363354,baseline,vae_decode_input,awgn,digital_inprocess,True,,False,True,0.8984661102294922,0.16911721229553223,0.046314340084791183,0.9768429966977831,63.99999237060547,64.0,1.0000001192093038
01_person_walk,2,3822363354,baseline,channel_output,awgn,digital_wire,False,missing_tensor,,,,,,,,,
01_person_walk,2,3822363354,baseline,controlnet_input_latent,awgn,digital_wire,True,,False,True,2.8121538162231445,0.3570646047592163,0.2632140517234802,0.8232792865293264,54.406455993652344,55.94337463378906,1.0282488284169076
01_person_walk,2,3822363354,baseline,cur_snr,awgn,digital_wire,True,,False,True,0.3393402099609375,0.3393402099609375,0.1151517778635025,1.0,10.339340209960938,10.0,0.967179703630023
01_person_walk,2,3822363354,baseline,cur_step,awgn,digital_wire,True,,False,True,0.006254374980926514,0.006254374980926514,3.911720705218613e-05,0.9999999844824841,0.08465468883514404,0.09090906381607056,1.073881022622459
01_person_walk,2,3822363354,baseline,diffusion_latent_final,awgn,digital_wire,True,,False,True,0.8530712127685547,0.1585557609796524,0.04079120606184006,0.9768422583189247,59.72154998779297,60.28853988647461,1.009493891213432
01_person_walk,2,3822363354,baseline,diffusion_latent_init,awgn,digital_wire,True,,False,True,1.179316759109497,0.2423526793718338,0.09268469363451004,0.9536575134208782,64.00000762939453,64.0,0.9999998807907247
01_person_walk,2,3822363354,baseline,edge_mean,awgn,digital_wire,True,,False,True,0.0018232092261314392,0.00042387383291497827,4.485869169457146e-07,0.9999919627468884,20.606826782226562,20.606544494628906,0.9999863012582849
01_person_walk,2,3822363354,baseline,edge_post_retransmit,awgn,digital_wire,True,,False,True,0.6521998643875122,0.014439335092902184,0.002228216966614127,0.9563435820433285,20.19683265686035,20.606544494628906,1.0202859450652222
01_person_walk,2,3822363354,baseline,edge_uncertainty_mean,awgn,digital_wire,True,,False,True,0.0018298029899597168,0.0003386808675713837,3.522609404171817e-07,0.999990890799841,17.499914169311523,17.49925994873047,0.9999626157834418
01_person_walk,2,3822363354,baseline,final_reconstruction,awgn,digital_wire,True,,False,True,0.07364639639854431,0.004940491169691086,5.6328823120566085e-05,0.9998696854847268,100.37486267089844,99.97178649902344,0.995984291672741
01_person_walk,2,3822363354,baseline,post_deserialize_latent_raw,awgn,digital_wire,False,missing_tensor,,,,,,,,,
01_person_walk,2,3822363354,baseline,power_scalar,awgn,digital_wire,True,,True,True,0.0,0.0,0.0,1.0,64.0,64.0,1.0
01_person_walk,2,3822363354,baseline,pre_serialize_latent,awgn,digital_wire,False,missing_tensor,,,,,,,,,
01_person_walk,2,3822363354,baseline,receiver_post_norm_latent,awgn,digital_wire,True,,False,True,1.179316759109497,0.2423526793718338,0.09268469363451004,0.9536575134208782,64.00000762939453,64.0,0.9999998807907247
01_person_walk,2,3822363354,baseline,sender_vae_latent_post_norm,awgn,digital_wire,True,,False,True,0.0002875775098800659,3.7132798752281815e-05,2.3145187988404814e-09,1.0,64.0,64.0,1.0
01_person_walk,2,3822363354,baseline,sender_vae_latent_pre_norm,awgn,digital_wire,True,,True,True,0.0,0.0,0.0,0.9999998852210553,61.82920455932617,61.82920455932617,1.0
01_person_walk,2,3822363354,baseline,uncertainty_post_ablation,awgn,digital_wire,True,,False,True,0.0018298029899597168,0.0003386808675713837,3.522609404171817e-07,0.999990890799841,17.499914169311523,17.49925994873047,0.9999626157834418
01_person_walk,2,3822363354,baseline,vae_decode_input,awgn,digital_wire,True,,False,True,0.8984365463256836,0.16911831498146057,0.046315278857946396,0.976842458875612,63.99999237060547,63.999996185302734,1.0000000596046519
01_person_walk,2,3822363354,baseline,channel_output,digital_inprocess,digital_wire,False,missing_tensor,,,,,,,,,
01_person_walk,2,3822363354,baseline,controlnet_input_latent,digital_inprocess,digital_wire,True,,False,True,3.194408893585205,0.37909096479415894,0.296659916639328,0.8008147486526973,54.41921615600586,55.94337463378906,1.0280077256793598
01_person_walk,2,3822363354,baseline,cur_snr,digital_inprocess,digital_wire,True,,True,True,0.0,0.0,0.0,1.0,10.0,10.0,1.0
01_person_walk,2,3822363354,baseline,cur_step,digital_inprocess,digital_wire,True,,True,True,0.0,0.0,0.0,0.9999999906866799,0.09090906381607056,0.09090906381607056,1.0
01_person_walk,2,3822363354,baseline,diffusion_latent_final,digital_inprocess,digital_wire,True,,False,True,0.001646280288696289,4.3547668610699475e-05,1.1204011940435521e-08,0.9999999829018615,60.28853225708008,60.28853988647461,1.0000001265480225
01_person_walk,2,3822363354,baseline,diffusion_latent_init,digital_inprocess,digital_wire,True,,False,True,0.0002875775098800659,3.7132798752281815e-05,2.3145187988404814e-09,1.0,64.0,64.0,1.0
01_person_walk,2,3822363354,baseline,edge_mean,digital_inprocess,digital_wire,True,,False,True,0.0018232092261314392,0.00042387383291497827,4.485869169457146e-07,0.9999919627468884,20.606826782226562,20.606544494628906,0.9999863012582849
01_person_walk,2,3822363354,baseline,edge_post_retransmit,digital_inprocess,digital_wire,True,,False,True,0.5925101637840271,0.015551745891571045,0.0023427014239132404,0.9542761177722434,20.326431274414062,20.606544494628906,1.01378073782029
01_person_walk,2,3822363354,baseline,edge_uncertainty_mean,digital_inprocess,digital_wire,True,,False,True,0.0018298029899597168,0.0003386808675713837,3.522609404171817e-07,0.999990890799841,17.499914169311523,17.49925994873047,0.9999626157834418
01_person_walk,2,3822363354,baseline,final_reconstruction,digital_inprocess,digital_wire,True,,False,True,0.00020691752433776855,8.558389708923642e-06,1.5878937054125686e-10,0.9999996308565172,99.97199249267578,99.97178649902344,0.999997939486378
01_person_walk,2,3822363354,baseline,post_deserialize_latent_raw,digital_inprocess,digital_wire,False,missing_tensor,,,,,,,,,
01_person_walk,2,3822363354,baseline,power_scalar,digital_inprocess,digital_wire,True,,True,True,0.0,0.0,0.0,1.0,64.0,64.0,1.0
01_person_walk,2,3822363354,baseline,pre_serialize_latent,digital_inprocess,digital_wire,False,missing_tensor,,,,,,,,,
01_person_walk,2,3822363354,baseline,receiver_post_norm_latent,digital_inprocess,digital_wire,True,,False,True,0.0002875775098800659,3.7132798752281815e-05,2.3145187988404814e-09,1.0,64.0,64.0,1.0
01_person_walk,2,3822363354,baseline,sender_vae_latent_post_norm,digital_inprocess,digital_wire,True,,False,True,0.0002875775098800659,3.7132798752281815e-05,2.3145187988404814e-09,1.0,64.0,64.0,1.0
01_person_walk,2,3822363354,baseline,sender_vae_latent_pre_norm,digital_inprocess,digital_wire,True,,True,True,0.0,0.0,0.0,0.9999998852210553,61.82920455932617,61.82920455932617,1.0
01_person_walk,2,3822363354,baseline,uncertainty_post_ablation,digital_inprocess,digital_wire,True,,False,True,0.0018298029899597168,0.0003386808675713837,3.522609404171817e-07,0.999990890799841,17.499914169311523,17.49925994873047,0.9999626157834418
01_person_walk,2,3822363354,baseline,vae_decode_input,digital_inprocess,digital_wire,True,,False,True,0.0017478466033935547,4.6225984988268465e-05,1.2625679168820625e-08,1.0000000596046483,64.0,63.999996185302734,0.9999999403953552
01_person_walk,2,3822363354,diffusion_bypass_vae_direct,channel_output,awgn,digital_inprocess,True,,False,True,1.1793913841247559,0.24235276877880096,0.09268447756767273,0.9536576326301536,64.00000762939453,64.0,0.9999998807907247
01_person_walk,2,3822363354,diffusion_bypass_vae_direct,cur_snr,awgn,digital_inprocess,True,,False,True,0.3393402099609375,0.3393402099609375,0.1151517778635025,1.0,10.339340209960938,10.0,0.967179703630023
01_person_walk,2,3822363354,diffusion_bypass_vae_direct,cur_step,awgn,digital_inprocess,True,,False,True,0.006254374980926514,0.006254374980926514,3.911720705218613e-05,0.9999999844824841,0.08465468883514404,0.09090906381607056,1.073881022622459
01_person_walk,2,3822363354,diffusion_bypass_vae_direct,diffusion_latent_final,awgn,digital_inprocess,True,,False,True,1.1793913841247559,0.24235276877880096,0.09268447756767273,0.9536576326301536,64.00000762939453,64.0,0.9999998807907247
01_person_walk,2,3822363354,diffusion_bypass_vae_direct,diffusion_latent_init,awgn,digital_inprocess,True,,False,True,1.1793913841247559,0.24235276877880096,0.09268447756767273,0.9536576326301536,64.00000762939453,64.0,0.9999998807907247
01_person_walk,2,3822363354,diffusion_bypass_vae_direct,edge_mean,awgn,digital_inprocess,True,,True,True,0.0,0.0,0.0,1.0000014051991108,20.606826782226562,20.606826782226562,1.0
01_person_walk,2,3822363354,diffusion_bypass_vae_direct,edge_uncertainty_mean,awgn,digital_inprocess,True,,True,True,0.0,0.0,0.0,1.0000011397252464,17.499914169311523,17.499914169311523,1.0
01_person_walk,2,3822363354,diffusion_bypass_vae_direct,final_reconstruction,awgn,digital_inprocess,True,,False,True,0.10237067937850952,0.007234783377498388,0.00010275480599375442,0.9997634857992933,101.38182830810547,100.93054962158203,0.9955487221521397
01_person_walk,2,3822363354,diffusion_bypass_vae_direct,post_deserialize_latent_raw,awgn,digital_inprocess,False,missing_tensor,,,,,,,,,
01_person_walk,2,3822363354,diffusion_bypass_vae_direct,power_scalar,awgn,digital_inprocess,True,,True,True,0.0,0.0,0.0,1.0,64.0,64.0,1.0
01_person_walk,2,3822363354,diffusion_bypass_vae_direct,pre_serialize_latent,awgn,digital_inprocess,False,missing_tensor,,,,,,,,,
01_person_walk,2,3822363354,diffusion_bypass_vae_direct,receiver_post_norm_latent,awgn,digital_inprocess,True,,False,True,1.1793913841247559,0.24235276877880096,0.09268447756767273,0.9536576326301536,64.00000762939453,64.0,0.9999998807907247
01_person_walk,2,3822363354,diffusion_bypass_vae_direct,sender_vae_latent_post_norm,awgn,digital_inprocess,True,,True,True,0.0,0.0,0.0,1.0,64.0,64.0,1.0
01_person_walk,2,3822363354,diffusion_bypass_vae_direct,sender_vae_latent_pre_norm,awgn,digital_inprocess,True,,True,True,0.0,0.0,0.0,0.9999998852210553,61.82920455932617,61.82920455932617,1.0
01_person_walk,2,3822363354,diffusion_bypass_vae_direct,vae_decode_input,awgn,digital_inprocess,True,,False,True,1.1793913841247559,0.24235276877880096,0.09268447756767273,0.9536576326301536,64.00000762939453,64.0,0.9999998807907247
01_person_walk,2,3822363354,diffusion_bypass_vae_direct,channel_output,awgn,digital_wire,False,missing_tensor,,,,,,,,,
01_person_walk,2,3822363354,diffusion_bypass_vae_direct,cur_snr,awgn,digital_wire,True,,False,True,0.3393402099609375,0.3393402099609375,0.1151517778635025,1.0,10.339340209960938,10.0,0.967179703630023
01_person_walk,2,3822363354,diffusion_bypass_vae_direct,cur_step,awgn,digital_wire,True,,False,True,0.006254374980926514,0.006254374980926514,3.911720705218613e-05,0.9999999844824841,0.08465468883514404,0.09090906381607056,1.073881022622459
01_person_walk,2,3822363354,diffusion_bypass_vae_direct,diffusion_latent_final,awgn,digital_wire,True,,False,True,1.179316759109497,0.2423526793718338,0.09268469363451004,0.9536575134208782,64.00000762939453,64.0,0.9999998807907247
01_person_walk,2,3822363354,diffusion_bypass_vae_direct,diffusion_latent_init,awgn,digital_wire,True,,False,True,1.179316759109497,0.2423526793718338,0.09268469363451004,0.9536575134208782,64.00000762939453,64.0,0.9999998807907247
01_person_walk,2,3822363354,diffusion_bypass_vae_direct,edge_mean,awgn,digital_wire,True,,False,True,0.0018232092261314392,0.00042387383291497827,4.485869169457146e-07,0.9999919627468884,20.606826782226562,20.606544494628906,0.9999863012582849
01_person_walk,2,3822363354,diffusion_bypass_vae_direct,edge_uncertainty_mean,awgn,digital_wire,True,,False,True,0.0018298029899597168,0.0003386808675713837,3.522609404171817e-07,0.999990890799841,17.499914169311523,17.49925994873047,0.9999626157834418
01_person_walk,2,3822363354,diffusion_bypass_vae_direct,final_reconstruction,awgn,digital_wire,True,,False,True,0.10238960385322571,0.0072350711561739445,0.00010276211105519906,0.9997639629848505,101.38182830810547,100.93054962158203,0.9955487221521397
01_person_walk,2,3822363354,diffusion_bypass_vae_direct,post_deserialize_latent_raw,awgn,digital_wire,False,missing_tensor,,,,,,,,,
01_person_walk,2,3822363354,diffusion_bypass_vae_direct,power_scalar,awgn,digital_wire,True,,True,True,0.0,0.0,0.0,1.0,64.0,64.0,1.0
01_person_walk,2,3822363354,diffusion_bypass_vae_direct,pre_serialize_latent,awgn,digital_wire,False,missing_tensor,,,,,,,,,
01_person_walk,2,3822363354,diffusion_bypass_vae_direct,receiver_post_norm_latent,awgn,digital_wire,True,,False,True,1.179316759109497,0.2423526793718338,0.09268469363451004,0.9536575134208782,64.00000762939453,64.0,0.9999998807907247
01_person_walk,2,3822363354,diffusion_bypass_vae_direct,sender_vae_latent_post_norm,awgn,digital_wire,True,,False,True,0.0002875775098800659,3.7132798752281815e-05,2.3145187988404814e-09,1.0,64.0,64.0,1.0
01_person_walk,2,3822363354,diffusion_bypass_vae_direct,sender_vae_latent_pre_norm,awgn,digital_wire,True,,True,True,0.0,0.0,0.0,0.9999998852210553,61.82920455932617,61.82920455932617,1.0
01_person_walk,2,3822363354,diffusion_bypass_vae_direct,vae_decode_input,awgn,digital_wire,True,,False,True,1.179316759109497,0.2423526793718338,0.09268469363451004,0.9536575134208782,64.00000762939453,64.0,0.9999998807907247
01_person_walk,2,3822363354,diffusion_bypass_vae_direct,channel_output,digital_inprocess,digital_wire,False,missing_tensor,,,,,,,,,
01_person_walk,2,3822363354,diffusion_bypass_vae_direct,cur_snr,digital_inprocess,digital_wire,True,,True,True,0.0,0.0,0.0,1.0,10.0,10.0,1.0
01_person_walk,2,3822363354,diffusion_bypass_vae_direct,cur_step,digital_inprocess,digital_wire,True,,True,True,0.0,0.0,0.0,0.9999999906866799,0.09090906381607056,0.09090906381607056,1.0
01_person_walk,2,3822363354,diffusion_bypass_vae_direct,diffusion_latent_final,digital_inprocess,digital_wire,True,,False,True,0.0002875775098800659,3.7132798752281815e-05,2.3145187988404814e-09,1.0,64.0,64.0,1.0
01_person_walk,2,3822363354,diffusion_bypass_vae_direct,diffusion_latent_init,digital_inprocess,digital_wire,True,,False,True,0.0002875775098800659,3.7132798752281815e-05,2.3145187988404814e-09,1.0,64.0,64.0,1.0
01_person_walk,2,3822363354,diffusion_bypass_vae_direct,edge_mean,digital_inprocess,digital_wire,True,,False,True,0.0018232092261314392,0.00042387383291497827,4.485869169457146e-07,0.9999919627468884,20.606826782226562,20.606544494628906,0.9999863012582849
01_person_walk,2,3822363354,diffusion_bypass_vae_direct,edge_uncertainty_mean,digital_inprocess,digital_wire,True,,False,True,0.0018298029899597168,0.0003386808675713837,3.522609404171817e-07,0.999990890799841,17.499914169311523,17.49925994873047,0.9999626157834418
01_person_walk,2,3822363354,diffusion_bypass_vae_direct,final_reconstruction,digital_inprocess,digital_wire,True,,False,True,0.00017642974853515625,7.873963113524951e-06,1.3538671572721483e-10,1.0000010288834023,100.93054962158203,100.93054962158203,1.0
01_person_walk,2,3822363354,diffusion_bypass_vae_direct,post_deserialize_latent_raw,digital_inprocess,digital_wire,False,missing_tensor,,,,,,,,,
01_person_walk,2,3822363354,diffusion_bypass_vae_direct,power_scalar,digital_inprocess,digital_wire,True,,True,True,0.0,0.0,0.0,1.0,64.0,64.0,1.0
01_person_walk,2,3822363354,diffusion_bypass_vae_direct,pre_serialize_latent,digital_inprocess,digital_wire,False,missing_tensor,,,,,,,,,
01_person_walk,2,3822363354,diffusion_bypass_vae_direct,receiver_post_norm_latent,digital_inprocess,digital_wire,True,,False,True,0.0002875775098800659,3.7132798752281815e-05,2.3145187988404814e-09,1.0,64.0,64.0,1.0
01_person_walk,2,3822363354,diffusion_bypass_vae_direct,sender_vae_latent_post_norm,digital_inprocess,digital_wire,True,,False,True,0.0002875775098800659,3.7132798752281815e-05,2.3145187988404814e-09,1.0,64.0,64.0,1.0
01_person_walk,2,3822363354,diffusion_bypass_vae_direct,sender_vae_latent_pre_norm,digital_inprocess,digital_wire,True,,True,True,0.0,0.0,0.0,0.9999998852210553,61.82920455932617,61.82920455932617,1.0
01_person_walk,2,3822363354,diffusion_bypass_vae_direct,vae_decode_input,digital_inprocess,digital_wire,True,,False,True,0.0002875775098800659,3.7132798752281815e-05,2.3145187988404814e-09,1.0,64.0,64.0,1.0
01_person_walk,3,2496893516,baseline,channel_output,awgn,digital_inprocess,True,,False,True,1.2845765352249146,0.24455441534519196,0.09507741779088974,0.9524613051139598,63.999996185302734,64.00000762939453,1.000000178813945
01_person_walk,3,2496893516,baseline,controlnet_input_latent,awgn,digital_inprocess,True,,False,True,2.1364095211029053,0.2503437101840973,0.143387109041214,0.8994809805865527,54.23659133911133,53.850425720214844,0.99287997992938
01_person_walk,3,2496893516,baseline,cur_snr,awgn,digital_inprocess,True,,False,True,0.10977554321289062,0.10977554321289062,0.012050669640302658,1.0,10.10977554321289,10.0,0.9891416438729357
01_person_walk,3,2496893516,baseline,cur_step,awgn,digital_inprocess,True,,False,True,0.0020674467086791992,0.0020674467086791992,4.274335879017599e-06,1.0000000359493877,0.08884161710739136,0.09090906381607056,1.0232711512463812
01_person_walk,3,2496893516,baseline,diffusion_latent_final,awgn,digital_inprocess,True,,False,True,0.9434614181518555,0.1538197249174118,0.03830023482441902,0.9781835051613881,59.3548469543457,60.25901412963867,1.0152332492069003
01_person_walk,3,2496893516,baseline,diffusion_latent_init,awgn,digital_inprocess,True,,False,True,1.2845762968063354,0.24455438554286957,0.09507741034030914,0.9524612994468986,63.999996185302734,64.0,1.0000000596046483
01_person_walk,3,2496893516,baseline,edge_mean,awgn,digital_inprocess,True,,True,True,0.0,0.0,0.0,1.0000011157831767,22.032915115356445,22.032915115356445,1.0
01_person_walk,3,2496893516,baseline,edge_post_retransmit,awgn,digital_inprocess,True,,False,True,0.6471086740493774,0.014844865538179874,0.0027265241369605064,0.9513952655485268,21.440448760986328,21.432403564453125,0.999624765478424
01_person_walk,3,2496893516,baseline,edge_uncertainty_mean,awgn,digital_inprocess,True,,True,True,0.0,0.0,0.0,1.000001199209314,19.3449649810791,19.3449649810791,1.0
01_person_walk,3,2496893516,baseline,final_reconstruction,awgn,digital_inprocess,True,,False,True,0.08472844958305359,0.005565036088228226,6.287550058914348e-05,0.9998389120914862,96.31169128417969,96.61048889160156,1.003102402246683
01_person_walk,3,2496893516,baseline,post_deserialize_latent_raw,awgn,digital_inprocess,False,missing_tensor,,,,,,,,,
01_person_walk,3,2496893516,baseline,power_scalar,awgn,digital_inprocess,True,,False,True,1.1920928955078125e-07,1.1920928955078125e-07,1.4210854715202004e-14,1.0000001192092896,64.0,64.0,1.0
01_person_walk,3,2496893516,baseline,pre_serialize_latent,awgn,digital_inprocess,False,missing_tensor,,,,,,,,,
01_person_walk,3,2496893516,baseline,receiver_post_norm_latent,awgn,digital_inprocess,True,,False,True,1.2845765352249146,0.24455441534519196,0.09507741779088974,0.9524613051139598,63.999996185302734,64.00000762939453,1.000000178813945
01_person_walk,3,2496893516,baseline,sender_vae_latent_post_norm,awgn,digital_inprocess,True,,True,True,0.0,0.0,0.0,0.9999999403953552,64.0,64.0,1.0
01_person_walk,3,2496893516,baseline,sender_vae_latent_pre_norm,awgn,digital_inprocess,True,,True,True,0.0,0.0,0.0,1.0000000066857444,62.060428619384766,62.060428619384766,1.0
01_person_walk,3,2496893516,baseline,uncertainty_post_ablation,awgn,digital_inprocess,True,,True,True,0.0,0.0,0.0,1.000001199209314,19.3449649810791,19.3449649810791,1.0
01_person_walk,3,2496893516,baseline,vae_decode_input,awgn,digital_inprocess,True,,False,True,0.986621618270874,0.16435718536376953,0.043632909655570984,0.9781836271286011,64.0,64.0,1.0
01_person_walk,3,2496893516,baseline,channel_output,awgn,digital_wire,False,missing_tensor,,,,,,,,,
01_person_walk,3,2496893516,baseline,controlnet_input_latent,awgn,digital_wire,True,,False,True,2.634563446044922,0.35471412539482117,0.24889861047267914,0.833712632976272,54.23659133911133,56.28681564331055,1.0378014962514939
01_person_walk,3,2496893516,baseline,cur_snr,awgn,digital_wire,True,,False,True,0.10977554321289062,0.10977554321289062,0.012050669640302658,1.0,10.10977554321289,10.0,0.9891416438729357
01_person_walk,3,2496893516,baseline,cur_step,awgn,digital_wire,True,,False,True,0.0020674467086791992,0.0020674467086791992,4.274335879017599e-06,1.0000000359493877,0.08884161710739136,0.09090906381607056,1.0232711512463812
01_person_walk,3,2496893516,baseline,diffusion_latent_final,awgn,digital_wire,True,,False,True,0.9433358907699585,0.15382394194602966,0.03830184414982796,0.9781826670434436,59.3548469543457,60.259002685546875,1.0152330563988587
01_person_walk,3,2496893516,baseline,diffusion_latent_init,awgn,digital_wire,True,,False,True,1.2845309972763062,0.24455389380455017,0.09507729858160019,0.9524615321984579,63.999996185302734,63.99999237060547,0.9999999403953517
01_person_walk,3,2496893516,baseline,edge_mean,awgn,digital_wire,True,,False,True,0.0018480569124221802,0.00040186106343753636,4.388460013160511e-07,0.9999927713469412,22.032915115356445,22.033950805664062,1.0000470065037783
01_person_walk,3,2496893516,baseline,edge_post_retransmit,awgn,digital_wire,True,,False,True,0.6323292851448059,0.016473514959216118,0.0031248400919139385,0.9461866778710663,21.440448760986328,22.033950805664062,1.027681418952279
01_person_walk,3,2496893516,baseline,edge_uncertainty_mean,awgn,digital_wire,True,,False,True,0.0018424391746520996,0.00032884342363104224,3.4809917792699707e-07,0.9999929115257512,19.3449649810791,19.345308303833008,1.0000177473959886
01_person_walk,3,2496893516,baseline,final_reconstruction,awgn,digital_wire,True,,False,True,0.08472144603729248,0.005565399304032326,6.2885919760447e-05,0.9998394358872142,96.31169128417969,96.61051940917969,1.0031027191093371
01_person_walk,3,2496893516,baseline,post_deserialize_latent_raw,awgn,digital_wire,False,missing_tensor,,,,,,,,,
01_person_walk,3,2496893516,baseline,power_scalar,awgn,digital_wire,True,,True,True,0.0,0.0,0.0,1.0,64.0,64.0,1.0
01_person_walk,3,2496893516,baseline,pre_serialize_latent,awgn,digital_wire,False,missing_tensor,,,,,,,,,
01_person_walk,3,2496893516,baseline,receiver_post_norm_latent,awgn,digital_wire,True,,False,True,1.2845309972763062,0.24455389380455017,0.09507729858160019,0.9524615321984579,63.999996185302734,63.99999237060547,0.9999999403953517
01_person_walk,3,2496893516,baseline,sender_vae_latent_post_norm,awgn,digital_wire,True,,False,True,0.00029408931732177734,3.620975257945247e-05,2.234278539958723e-09,1.0000001192093038,64.0,63.99999237060547,0.9999998807907104
01_person_walk,3,2496893516,baseline,sender_vae_latent_pre_norm,awgn,digital_wire,True,,True,True,0.0,0.0,0.0,1.0000000066857444,62.060428619384766,62.060428619384766,1.0
01_person_walk,3,2496893516,baseline,uncertainty_post_ablation,awgn,digital_wire,True,,False,True,0.0018424391746520996,0.00032884342363104224,3.4809917792699707e-07,0.9999929115257512,19.3449649810791,19.345308303833008,1.0000177473959886
01_person_walk,3,2496893516,baseline,vae_decode_input,awgn,digital_wire,True,,False,True,0.9864885807037354,0.16436231136322021,0.04363476112484932,0.9781826734542847,64.0,64.0,1.0
01_person_walk,3,2496893516,baseline,channel_output,digital_inprocess,digital_wire,False,missing_tensor,,,,,,,,,
01_person_walk,3,2496893516,baseline,controlnet_input_latent,digital_inprocess,digital_wire,True,,False,True,2.955988883972168,0.3500604033470154,0.24764880537986755,0.8336505396513308,53.850425720214844,56.28681564331055,1.0452436520326545
01_person_walk,3,2496893516,baseline,cur_snr,digital_inprocess,digital_wire,True,,True,True,0.0,0.0,0.0,1.0,10.0,10.0,1.0
01_person_walk,3,2496893516,baseline,cur_step,digital_inprocess,digital_wire,True,,True,True,0.0,0.0,0.0,0.9999999906866799,0.09090906381607056,0.09090906381607056,1.0
01_person_walk,3,2496893516,baseline,diffusion_latent_final,digital_inprocess,digital_wire,True,,False,True,0.0015704631805419922,4.3202806409681216e-05,1.2331661025655194e-08,0.9999999600546301,60.25901412963867,60.259002685546875,0.9999998100849813
01_person_walk,3,2496893516,baseline,diffusion_latent_init,digital_inprocess,digital_wire,True,,False,True,0.0002942085266113281,3.62111022695899e-05,2.2344073258295793e-09,1.0000000596046519,64.0,63.99999237060547,0.9999998807907104
01_person_walk,3,2496893516,baseline,edge_mean,digital_inprocess,digital_wire,True,,False,True,0.0018480569124221802,0.00040186106343753636,4.388460013160511e-07,0.9999927713469412,22.032915115356445,22.033950805664062,1.0000470065037783
01_person_walk,3,2496893516,baseline,edge_post_retransmit,digital_inprocess,digital_wire,True,,False,True,0.6808098554611206,0.014173628762364388,0.0022712398786097765,0.960984114090856,21.432403564453125,22.033950805664062,1.0280671852506846
01_person_walk,3,2496893516,baseline,edge_uncertainty_mean,digital_inprocess,digital_wire,True,,False,True,0.0018424391746520996,0.00032884342363104224,3.4809917792699707e-07,0.9999929115257512,19.3449649810791,19.345308303833008,1.0000177473959886
01_person_walk,3,2496893516,baseline,final_reconstruction,digital_inprocess,digital_wire,True,,False,True,0.00019487738609313965,9.026059160532895e-06,1.9911922111148783e-10,1.0000000355230523,96.61048889160156,96.61051940917969,1.0000003158826591
01_person_walk,3,2496893516,baseline,post_deserialize_latent_raw,digital_inprocess,digital_wire,False,missing_tensor,,,,,,,,,
01_person_walk,3,2496893516,baseline,power_scalar,digital_inprocess,digital_wire,True,,False,True,1.1920928955078125e-07,1.1920928955078125e-07,1.4210854715202004e-14,1.0000001192092896,64.0,64.0,1.0
01_person_walk,3,2496893516,baseline,pre_serialize_latent,digital_inprocess,digital_wire,False,missing_tensor,,,,,,,,,
01_person_walk,3,2496893516,baseline,receiver_post_norm_latent,digital_inprocess,digital_wire,True,,False,True,0.00029397010803222656,3.620965435402468e-05,2.2343114025602517e-09,1.0000000000000142,64.00000762939453,63.99999237060547,0.9999997615814493
01_person_walk,3,2496893516,baseline,sender_vae_latent_post_norm,digital_inprocess,digital_wire,True,,False,True,0.00029408931732177734,3.620975257945247e-05,2.234278539958723e-09,1.0000001192093038,64.0,63.99999237060547,0.9999998807907104
01_person_walk,3,2496893516,baseline,sender_vae_latent_pre_norm,digital_inprocess,digital_wire,True,,True,True,0.0,0.0,0.0,1.0000000066857444,62.060428619384766,62.060428619384766,1.0
01_person_walk,3,2496893516,baseline,uncertainty_post_ablation,digital_inprocess,digital_wire,True,,False,True,0.0018424391746520996,0.00032884342363104224,3.4809917792699707e-07,0.9999929115257512,19.3449649810791,19.345308303833008,1.0000177473959886
01_person_walk,3,2496893516,baseline,vae_decode_input,digital_inprocess,digital_wire,True,,False,True,0.0016682147979736328,4.588738374877721e-05,1.3910296026153901e-08,1.0,64.0,64.0,1.0
01_person_walk,3,2496893516,diffusion_bypass_vae_direct,channel_output,awgn,digital_inprocess,True,,False,True,1.2845765352249146,0.24455441534519196,0.09507741779088974,0.9524613051139598,63.999996185302734,64.00000762939453,1.000000178813945
01_person_walk,3,2496893516,diffusion_bypass_vae_direct,cur_snr,awgn,digital_inprocess,True,,False,True,0.10977554321289062,0.10977554321289062,0.012050669640302658,1.0,10.10977554321289,10.0,0.9891416438729357
01_person_walk,3,2496893516,diffusion_bypass_vae_direct,cur_step,awgn,digital_inprocess,True,,False,True,0.0020674467086791992,0.0020674467086791992,4.274335879017599e-06,1.0000000359493877,0.08884161710739136,0.09090906381607056,1.0232711512463812
01_person_walk,3,2496893516,diffusion_bypass_vae_direct,diffusion_latent_final,awgn,digital_inprocess,True,,False,True,1.2845762968063354,0.24455438554286957,0.09507741034030914,0.9524612994468986,63.999996185302734,64.0,1.0000000596046483
01_person_walk,3,2496893516,diffusion_bypass_vae_direct,diffusion_latent_init,awgn,digital_inprocess,True,,False,True,1.2845762968063354,0.24455438554286957,0.09507741034030914,0.9524612994468986,63.999996185302734,64.0,1.0000000596046483
01_person_walk,3,2496893516,diffusion_bypass_vae_direct,edge_mean,awgn,digital_inprocess,True,,True,True,0.0,0.0,0.0,1.0000011157831767,22.032915115356445,22.032915115356445,1.0
01_person_walk,3,2496893516,diffusion_bypass_vae_direct,edge_uncertainty_mean,awgn,digital_inprocess,True,,True,True,0.0,0.0,0.0,1.000001199209314,19.3449649810791,19.3449649810791,1.0
01_person_walk,3,2496893516,diffusion_bypass_vae_direct,final_reconstruction,awgn,digital_inprocess,True,,False,True,0.09872084856033325,0.006933525204658508,9.315271017840132e-05,0.9997596051503337,97.35668182373047,97.41397094726562,1.0005884457282437
01_person_walk,3,2496893516,diffusion_bypass_vae_direct,post_deserialize_latent_raw,awgn,digital_inprocess,False,missing_tensor,,,,,,,,,
01_person_walk,3,2496893516,diffusion_bypass_vae_direct,power_scalar,awgn,digital_inprocess,True,,False,True,1.1920928955078125e-07,1.1920928955078125e-07,1.4210854715202004e-14,1.0000001192092896,64.0,64.0,1.0
01_person_walk,3,2496893516,diffusion_bypass_vae_direct,pre_serialize_latent,awgn,digital_inprocess,False,missing_tensor,,,,,,,,,
01_person_walk,3,2496893516,diffusion_bypass_vae_direct,receiver_post_norm_latent,awgn,digital_inprocess,True,,False,True,1.2845765352249146,0.24455441534519196,0.09507741779088974,0.9524613051139598,63.999996185302734,64.00000762939453,1.000000178813945
01_person_walk,3,2496893516,diffusion_bypass_vae_direct,sender_vae_latent_post_norm,awgn,digital_inprocess,True,,True,True,0.0,0.0,0.0,0.9999999403953552,64.0,64.0,1.0
01_person_walk,3,2496893516,diffusion_bypass_vae_direct,sender_vae_latent_pre_norm,awgn,digital_inprocess,True,,True,True,0.0,0.0,0.0,1.0000000066857444,62.060428619384766,62.060428619384766,1.0
01_person_walk,3,2496893516,diffusion_bypass_vae_direct,vae_decode_input,awgn,digital_inprocess,True,,False,True,1.284576416015625,0.24455441534519196,0.09507741034030914,0.9524612455093185,63.999996185302734,64.00000762939453,1.000000178813945
01_person_walk,3,2496893516,diffusion_bypass_vae_direct,channel_output,awgn,digital_wire,False,missing_tensor,,,,,,,,,
01_person_walk,3,2496893516,diffusion_bypass_vae_direct,cur_snr,awgn,digital_wire,True,,False,True,0.10977554321289062,0.10977554321289062,0.012050669640302658,1.0,10.10977554321289,10.0,0.9891416438729357
01_person_walk,3,2496893516,diffusion_bypass_vae_direct,cur_step,awgn,digital_wire,True,,False,True,0.0020674467086791992,0.0020674467086791992,4.274335879017599e-06,1.0000000359493877,0.08884161710739136,0.09090906381607056,1.0232711512463812
01_person_walk,3,2496893516,diffusion_bypass_vae_direct,diffusion_latent_final,awgn,digital_wire,True,,False,True,1.2845309972763062,0.24455389380455017,0.09507729858160019,0.9524615321984579,63.999996185302734,63.99999237060547,0.9999999403953517
01_person_walk,3,2496893516,diffusion_bypass_vae_direct,diffusion_latent_init,awgn,digital_wire,True,,False,True,1.2845309972763062,0.24455389380455017,0.09507729858160019,0.9524615321984579,63.999996185302734,63.99999237060547,0.9999999403953517
01_person_walk,3,2496893516,diffusion_bypass_vae_direct,edge_mean,awgn,digital_wire,True,,False,True,0.0018480569124221802,0.00040186106343753636,4.388460013160511e-07,0.9999927713469412,22.032915115356445,22.033950805664062,1.0000470065037783
01_person_walk,3,2496893516,diffusion_bypass_vae_direct,edge_uncertainty_mean,awgn,digital_wire,True,,False,True,0.0018424391746520996,0.00032884342363104224,3.4809917792699707e-07,0.9999929115257512,19.3449649810791,19.345308303833008,1.0000177473959886
01_person_walk,3,2496893516,diffusion_bypass_vae_direct,final_reconstruction,awgn,digital_wire,True,,False,True,0.0987510085105896,0.006933469325304031,9.31471076910384e-05,0.9997594978895564,97.35668182373047,97.41400146484375,1.0005887591898115
01_person_walk,3,2496893516,diffusion_bypass_vae_direct,post_deserialize_latent_raw,awgn,digital_wire,False,missing_tensor,,,,,,,,,
01_person_walk,3,2496893516,diffusion_bypass_vae_direct,power_scalar,awgn,digital_wire,True,,True,True,0.0,0.0,0.0,1.0,64.0,64.0,1.0
01_person_walk,3,2496893516,diffusion_bypass_vae_direct,pre_serialize_latent,awgn,digital_wire,False,missing_tensor,,,,,,,,,
01_person_walk,3,2496893516,diffusion_bypass_vae_direct,receiver_post_norm_latent,awgn,digital_wire,True,,False,True,1.2845309972763062,0.24455389380455017,0.09507729858160019,0.9524615321984579,63.999996185302734,63.99999237060547,0.9999999403953517
01_person_walk,3,2496893516,diffusion_bypass_vae_direct,sender_vae_latent_post_norm,awgn,digital_wire,True,,False,True,0.00029408931732177734,3.620975257945247e-05,2.234278539958723e-09,1.0000001192093038,64.0,63.99999237060547,0.9999998807907104
01_person_walk,3,2496893516,diffusion_bypass_vae_direct,sender_vae_latent_pre_norm,awgn,digital_wire,True,,True,True,0.0,0.0,0.0,1.0000000066857444,62.060428619384766,62.060428619384766,1.0
01_person_walk,3,2496893516,diffusion_bypass_vae_direct,vae_decode_input,awgn,digital_wire,True,,False,True,1.2845309972763062,0.24455389380455017,0.09507729858160019,0.9524615321984579,63.999996185302734,63.99999237060547,0.9999999403953517
01_person_walk,3,2496893516,diffusion_bypass_vae_direct,channel_output,digital_inprocess,digital_wire,False,missing_tensor,,,,,,,,,
01_person_walk,3,2496893516,diffusion_bypass_vae_direct,cur_snr,digital_inprocess,digital_wire,True,,True,True,0.0,0.0,0.0,1.0,10.0,10.0,1.0
01_person_walk,3,2496893516,diffusion_bypass_vae_direct,cur_step,digital_inprocess,digital_wire,True,,True,True,0.0,0.0,0.0,0.9999999906866799,0.09090906381607056,0.09090906381607056,1.0
01_person_walk,3,2496893516,diffusion_bypass_vae_direct,diffusion_latent_final,digital_inprocess,digital_wire,True,,False,True,0.0002942085266113281,3.62111022695899e-05,2.2344073258295793e-09,1.0000000596046519,64.0,63.99999237060547,0.9999998807907104
01_person_walk,3,2496893516,diffusion_bypass_vae_direct,diffusion_latent_init,digital_inprocess,digital_wire,True,,False,True,0.0002942085266113281,3.62111022695899e-05,2.2344073258295793e-09,1.0000000596046519,64.0,63.99999237060547,0.9999998807907104
01_person_walk,3,2496893516,diffusion_bypass_vae_direct,edge_mean,digital_inprocess,digital_wire,True,,False,True,0.0018480569124221802,0.00040186106343753636,4.388460013160511e-07,0.9999927713469412,22.032915115356445,22.033950805664062,1.0000470065037783
01_person_walk,3,2496893516,diffusion_bypass_vae_direct,edge_uncertainty_mean,digital_inprocess,digital_wire,True,,False,True,0.0018424391746520996,0.00032884342363104224,3.4809917792699707e-07,0.9999929115257512,19.3449649810791,19.345308303833008,1.0000177473959886
01_person_walk,3,2496893516,diffusion_bypass_vae_direct,final_reconstruction,digital_inprocess,digital_wire,True,,False,True,0.00019299983978271484,8.40274242364103e-06,1.6003830205502112e-10,1.000000376490076,97.41397094726562,97.41400146484375,1.0000003132772213
01_person_walk,3,2496893516,diffusion_bypass_vae_direct,post_deserialize_latent_raw,digital_inprocess,digital_wire,False,missing_tensor,,,,,,,,,
01_person_walk,3,2496893516,diffusion_bypass_vae_direct,power_scalar,digital_inprocess,digital_wire,True,,False,True,1.1920928955078125e-07,1.1920928955078125e-07,1.4210854715202004e-14,1.0000001192092896,64.0,64.0,1.0
01_person_walk,3,2496893516,diffusion_bypass_vae_direct,pre_serialize_latent,digital_inprocess,digital_wire,False,missing_tensor,,,,,,,,,
01_person_walk,3,2496893516,diffusion_bypass_vae_direct,receiver_post_norm_latent,digital_inprocess,digital_wire,True,,False,True,0.00029397010803222656,3.620965435402468e-05,2.2343114025602517e-09,1.0000000000000142,64.00000762939453,63.99999237060547,0.9999997615814493
01_person_walk,3,2496893516,diffusion_bypass_vae_direct,sender_vae_latent_post_norm,digital_inprocess,digital_wire,True,,False,True,0.00029408931732177734,3.620975257945247e-05,2.234278539958723e-09,1.0000001192093038,64.0,63.99999237060547,0.9999998807907104
01_person_walk,3,2496893516,diffusion_bypass_vae_direct,sender_vae_latent_pre_norm,digital_inprocess,digital_wire,True,,True,True,0.0,0.0,0.0,1.0000000066857444,62.060428619384766,62.060428619384766,1.0
01_person_walk,3,2496893516,diffusion_bypass_vae_direct,vae_decode_input,digital_inprocess,digital_wire,True,,False,True,0.00029408931732177734,3.621100404416211e-05,2.2344361916282196e-09,1.0000000000000142,64.00000762939453,63.99999237060547,0.9999997615814493
01_person_walk,4,179767279,baseline,channel_output,awgn,digital_inprocess,True,,False,True,1.1199895143508911,0.24992738664150238,0.09749524295330048,0.9512523412704468,64.0,64.0,1.0
01_person_walk,4,179767279,baseline,controlnet_input_latent,awgn,digital_inprocess,True,,False,True,3.0678112506866455,0.26348263025283813,0.1564992070198059,0.8948583549584028,55.23703384399414,55.186866760253906,0.9990917853431102
01_person_walk,4,179767279,baseline,cur_snr,awgn,digital_inprocess,True,,False,True,0.18362808227539062,0.18362808227539062,0.033719271421432495,1.0,10.18362808227539,10.0,0.9819683043418489
01_person_walk,4,179767279,baseline,cur_step,awgn,digital_inprocess,True,,False,True,0.003434419631958008,0.003434419631958008,1.179523860628251e-05,1.0000000531474884,0.08747464418411255,0.09090906381607056,1.0392618874188204
01_person_walk,4,179767279,baseline,diffusion_latent_final,awgn,digital_inprocess,True,,False,True,0.9475902318954468,0.16155263781547546,0.04206634312868118,0.9763603249541524,60.207313537597656,60.50044250488281,1.0048686604676706
01_person_walk,4,179767279,baseline,diffusion_latent_init,awgn,digital_inprocess,True,,False,True,1.1199896335601807,0.24992741644382477,0.09749525040388107,0.9512522874769822,64.00000762939453,64.0,0.9999998807907247
01_person_walk,4,179767279,baseline,edge_mean,awgn,digital_inprocess,True,,True,True,0.0,0.0,0.0,1.0000009800750507,23.928693771362305,23.928693771362305,1.0
01_person_walk,4,179767279,baseline,edge_post_retransmit,awgn,digital_inprocess,True,,False,True,0.5727789998054504,0.015925239771604538,0.0022935131564736366,0.9643066935025171,22.857351303100586,23.013099670410156,1.0068139289300964
01_person_walk,4,179767279,baseline,edge_uncertainty_mean,awgn,digital_inprocess,True,,True,True,0.0,0.0,0.0,1.0000007821467944,21.089712142944336,21.089712142944336,1.0
01_person_walk,4,179767279,baseline,final_reconstruction,awgn,digital_inprocess,True,,False,True,0.11239495873451233,0.007877066731452942,0.00010193246271228418,0.9997615358418337,95.0257568359375,94.16390228271484,0.9909303058252864
01_person_walk,4,179767279,baseline,post_deserialize_latent_raw,awgn,digital_inprocess,False,missing_tensor,,,,,,,,,
01_person_walk,4,179767279,baseline,power_scalar,awgn,digital_inprocess,True,,False,True,5.960464477539063e-08,5.960464477539063e-08,3.552713678800501e-15,1.0,63.999996185302734,64.0,1.0000000596046483
01_person_walk,4,179767279,baseline,pre_serialize_latent,awgn,digital_inprocess,False,missing_tensor,,,,,,,,,
01_person_walk,4,179767279,baseline,receiver_post_norm_latent,awgn,digital_inprocess,True,,False,True,1.1199895143508911,0.24992738664150238,0.09749524295330048,0.9512523412704468,64.0,64.0,1.0
01_person_walk,4,179767279,baseline,sender_vae_latent_post_norm,awgn,digital_inprocess,True,,True,True,0.0,0.0,0.0,1.0000001192092896,64.0,64.0,1.0
01_person_walk,4,179767279,baseline,sender_vae_latent_pre_norm,awgn,digital_inprocess,True,,True,True,0.0,0.0,0.0,1.000000301292869,61.89977264404297,61.89977264404297,1.0
01_person_walk,4,179767279,baseline,uncertainty_post_ablation,awgn,digital_inprocess,True,,True,True,0.0,0.0,0.0,1.0000007821467944,21.089712142944336,21.089712142944336,1.0
01_person_walk,4,179767279,baseline,vae_decode_input,awgn,digital_inprocess,True,,False,True,1.005520224571228,0.17135611176490784,0.04727921634912491,0.976360437436156,63.99999237060547,64.0,1.0000001192093038
01_person_walk,4,179767279,baseline,channel_output,awgn,digital_wire,False,missing_tensor,,,,,,,,,
01_person_walk,4,179767279,baseline,controlnet_input_latent,awgn,digital_wire,True,,False,True,2.6870193481445312,0.3472244143486023,0.24761684238910675,0.8383231378635411,55.23703384399414,56.66987991333008,1.0259399531369249
01_person_walk,4,179767279,baseline,cur_snr,awgn,digital_wire,True,,False,True,0.18362808227539062,0.18362808227539062,0.033719271421432495,1.0,10.18362808227539,10.0,0.9819683043418489
01_person_walk,4,179767279,baseline,cur_step,awgn,digital_wire,True,,False,True,0.003434419631958008,0.003434419631958008,1.179523860628251e-05,1.0000000531474884,0.08747464418411255,0.09090906381607056,1.0392618874188204
01_person_walk,4,179767279,baseline,diffusion_latent_final,awgn,digital_wire,True,,False,True,0.947563886642456,0.16155506670475006,0.04206721484661102,0.9763599595710074,60.207313537597656,60.50051498413086,1.0048698642956408
01_person_walk,4,179767279,baseline,diffusion_latent_init,awgn,digital_wire,True,,False,True,1.120039939880371,0.2499273717403412,0.09749531745910645,0.9512521740788863,64.00000762939453,64.00000762939453,1.0
01_person_walk,4,179767279,baseline,edge_mean,awgn,digital_wire,True,,False,True,0.0018405616283416748,0.00041746950591914356,4.6334719172591576e-07,0.9999933649089138,23.928693771362305,23.929386138916016,1.000028934615501
01_person_walk,4,179767279,baseline,edge_post_retransmit,awgn,digital_wire,True,,False,True,0.6916496157646179,0.01708044297993183,0.0027769769076257944,0.9594595222782093,22.857351303100586,23.929386138916016,1.0469010963518774
01_person_walk,4,179767279,baseline,edge_uncertainty_mean,awgn,digital_wire,True,,False,True,0.0018251538276672363,0.0003331192710902542,3.533106109898654e-07,0.9999945331728431,21.089712142944336,21.090078353881836,1.0000173644350865
01_person_walk,4,179767279,baseline,final_reconstruction,awgn,digital_wire,True,,False,True,0.11242043972015381,0.007879442535340786,0.00010198241943726316,0.9997614378385674,95.0257568359375,94.16375732421875,0.9909287803599712
01_person_walk,4,179767279,baseline,post_deserialize_latent_raw,awgn,digital_wire,False,missing_tensor,,,,,,,,,
01_person_walk,4,179767279,baseline,power_scalar,awgn,digital_wire,True,,False,True,5.960464477539063e-08,5.960464477539063e-08,3.552713678800501e-15,1.0,63.999996185302734,64.0,1.0000000596046483
01_person_walk,4,179767279,baseline,pre_serialize_latent,awgn,digital_wire,False,missing_tensor,,,,,,,,,
01_person_walk,4,179767279,baseline,receiver_post_norm_latent,awgn,digital_wire,True,,False,True,1.120039939880371,0.2499273717403412,0.09749531000852585,0.9512521682677069,64.0,64.00000762939453,1.0000001192092896
01_person_walk,4,179767279,baseline,sender_vae_latent_post_norm,awgn,digital_wire,True,,False,True,0.0005623698234558105,3.775313598453067e-05,2.7012447834096065e-09,0.9999998807907247,64.0,64.00000762939453,1.0000001192092896
01_person_walk,4,179767279,baseline,sender_vae_latent_pre_norm,awgn,digital_wire,True,,True,True,0.0,0.0,0.0,1.000000301292869,61.89977264404297,61.89977264404297,1.0
01_person_walk,4,179767279,baseline,uncertainty_post_ablation,awgn,digital_wire,True,,False,True,0.0018251538276672363,0.0003331192710902542,3.533106109898654e-07,0.9999945331728431,21.089712142944336,21.090078353881836,1.0000173644350865
01_person_walk,4,179767279,baseline,vae_decode_input,awgn,digital_wire,True,,False,True,1.005491852760315,0.17135852575302124,0.04728013277053833,0.9763600783991885,63.99999237060547,63.999996185302734,1.0000000596046519
01_person_walk,4,179767279,baseline,channel_output,digital_inprocess,digital_wire,False,missing_tensor,,,,,,,,,
01_person_walk,4,179767279,baseline,controlnet_input_latent,digital_inprocess,digital_wire,True,,False,True,2.976304531097412,0.3437937796115875,0.24869714677333832,0.8374921508194678,55.186866760253906,56.66987991333008,1.026872573859262
01_person_walk,4,179767279,baseline,cur_snr,digital_inprocess,digital_wire,True,,True,True,0.0,0.0,0.0,1.0,10.0,10.0,1.0
01_person_walk,4,179767279,baseline,cur_step,digital_inprocess,digital_wire,True,,True,True,0.0,0.0,0.0,0.9999999906866799,0.09090906381607056,0.09090906381607056,1.0
01_person_walk,4,179767279,baseline,diffusion_latent_final,digital_inprocess,digital_wire,True,,False,True,0.0017638206481933594,4.523153620539233e-05,1.2501870649828106e-08,0.9999999150001267,60.50044250488281,60.50051498413086,1.0000011979953376
01_person_walk,4,179767279,baseline,diffusion_latent_init,digital_inprocess,digital_wire,True,,False,True,0.0005623698234558105,3.775313598453067e-05,2.7012447834096065e-09,0.9999998807907247,64.0,64.00000762939453,1.0000001192092896
01_person_walk,4,179767279,baseline,edge_mean,digital_inprocess,digital_wire,True,,False,True,0.0018405616283416748,0.00041746950591914356,4.6334719172591576e-07,0.9999933649089138,23.928693771362305,23.929386138916016,1.000028934615501
01_person_walk,4,179767279,baseline,edge_post_retransmit,digital_inprocess,digital_wire,True,,False,True,0.6090230345726013,0.017052046954631805,0.002584518166258931,0.9623157110026238,23.013099670410156,23.929386138916016,1.039815864947737
01_person_walk,4,179767279,baseline,edge_uncertainty_mean,digital_inprocess,digital_wire,True,,False,True,0.0018251538276672363,0.0003331192710902542,3.533106109898654e-07,0.9999945331728431,21.089712142944336,21.090078353881836,1.0000173644350865
01_person_walk,4,179767279,baseline,final_reconstruction,digital_inprocess,digital_wire,True,,False,True,0.00017783045768737793,9.282840437663253e-06,1.9161439102077793e-10,1.0000000344189073,94.16390228271484,94.16375732421875,0.9999984605725487
01_person_walk,4,179767279,baseline,post_deserialize_latent_raw,digital_inprocess,digital_wire,False,missing_tensor,,,,,,,,,
01_person_walk,4,179767279,baseline,power_scalar,digital_inprocess,digital_wire,True,,True,True,0.0,0.0,0.0,1.0,64.0,64.0,1.0
01_person_walk,4,179767279,baseline,pre_serialize_latent,digital_inprocess,digital_wire,False,missing_tensor,,,,,,,,,
01_person_walk,4,179767279,baseline,receiver_post_norm_latent,digital_inprocess,digital_wire,True,,False,True,0.0005623698234558105,3.775313598453067e-05,2.7012447834096065e-09,0.9999998807907247,64.0,64.00000762939453,1.0000001192092896
01_person_walk,4,179767279,baseline,sender_vae_latent_post_norm,digital_inprocess,digital_wire,True,,False,True,0.0005623698234558105,3.775313598453067e-05,2.7012447834096065e-09,0.9999998807907247,64.0,64.00000762939453,1.0000001192092896
01_person_walk,4,179767279,baseline,sender_vae_latent_pre_norm,digital_inprocess,digital_wire,True,,True,True,0.0,0.0,0.0,1.000000301292869,61.89977264404297,61.89977264404297,1.0
01_person_walk,4,179767279,baseline,uncertainty_post_ablation,digital_inprocess,digital_wire,True,,False,True,0.0018251538276672363,0.0003331192710902542,3.533106109898654e-07,0.9999945331728431,21.089712142944336,21.090078353881836,1.0000173644350865
01_person_walk,4,179767279,baseline,vae_decode_input,digital_inprocess,digital_wire,True,,False,True,0.0018610954284667969,4.786588397109881e-05,1.3988768365891247e-08,0.9999999403953517,64.0,63.999996185302734,0.9999999403953552
01_person_walk,4,179767279,diffusion_bypass_vae_direct,channel_output,awgn,digital_inprocess,True,,False,True,1.1199895143508911,0.24992738664150238,0.09749524295330048,0.9512523412704468,64.0,64.0,1.0
01_person_walk,4,179767279,diffusion_bypass_vae_direct,cur_snr,awgn,digital_inprocess,True,,False,True,0.18362808227539062,0.18362808227539062,0.033719271421432495,1.0,10.18362808227539,10.0,0.9819683043418489
01_person_walk,4,179767279,diffusion_bypass_vae_direct,cur_step,awgn,digital_inprocess,True,,False,True,0.003434419631958008,0.003434419631958008,1.179523860628251e-05,1.0000000531474884,0.08747464418411255,0.09090906381607056,1.0392618874188204
01_person_walk,4,179767279,diffusion_bypass_vae_direct,diffusion_latent_final,awgn,digital_inprocess,True,,False,True,1.1199896335601807,0.24992741644382477,0.09749525040388107,0.9512522874769822,64.00000762939453,64.0,0.9999998807907247
01_person_walk,4,179767279,diffusion_bypass_vae_direct,diffusion_latent_init,awgn,digital_inprocess,True,,False,True,1.1199896335601807,0.24992741644382477,0.09749525040388107,0.9512522874769822,64.00000762939453,64.0,0.9999998807907247
01_person_walk,4,179767279,diffusion_bypass_vae_direct,edge_mean,awgn,digital_inprocess,True,,True,True,0.0,0.0,0.0,1.0000009800750507,23.928693771362305,23.928693771362305,1.0
01_person_walk,4,179767279,diffusion_bypass_vae_direct,edge_uncertainty_mean,awgn,digital_inprocess,True,,True,True,0.0,0.0,0.0,1.0000007821467944,21.089712142944336,21.089712142944336,1.0
01_person_walk,4,179767279,diffusion_bypass_vae_direct,final_reconstruction,awgn,digital_inprocess,True,,False,True,0.10793712735176086,0.008387763984501362,0.00012399030674714595,0.9997058552246294,95.85585021972656,94.99575805664062,0.9910272334853388
01_person_walk,4,179767279,diffusion_bypass_vae_direct,post_deserialize_latent_raw,awgn,digital_inprocess,False,missing_tensor,,,,,,,,,
01_person_walk,4,179767279,diffusion_bypass_vae_direct,power_scalar,awgn,digital_inprocess,True,,False,True,5.960464477539063e-08,5.960464477539063e-08,3.552713678800501e-15,1.0,63.999996185302734,64.0,1.0000000596046483
01_person_walk,4,179767279,diffusion_bypass_vae_direct,pre_serialize_latent,awgn,digital_inprocess,False,missing_tensor,,,,,,,,,
01_person_walk,4,179767279,diffusion_bypass_vae_direct,receiver_post_norm_latent,awgn,digital_inprocess,True,,False,True,1.1199895143508911,0.24992738664150238,0.09749524295330048,0.9512523412704468,64.0,64.0,1.0
01_person_walk,4,179767279,diffusion_bypass_vae_direct,sender_vae_latent_post_norm,awgn,digital_inprocess,True,,True,True,0.0,0.0,0.0,1.0000001192092896,64.0,64.0,1.0
01_person_walk,4,179767279,diffusion_bypass_vae_direct,sender_vae_latent_pre_norm,awgn,digital_inprocess,True,,True,True,0.0,0.0,0.0,1.000000301292869,61.89977264404297,61.89977264404297,1.0
01_person_walk,4,179767279,diffusion_bypass_vae_direct,vae_decode_input,awgn,digital_inprocess,True,,False,True,1.1199896335601807,0.24992741644382477,0.09749525040388107,0.9512522874769822,64.00000762939453,64.0,0.9999998807907247
01_person_walk,4,179767279,diffusion_bypass_vae_direct,channel_output,awgn,digital_wire,False,missing_tensor,,,,,,,,,
01_person_walk,4,179767279,diffusion_bypass_vae_direct,cur_snr,awgn,digital_wire,True,,False,True,0.18362808227539062,0.18362808227539062,0.033719271421432495,1.0,10.18362808227539,10.0,0.9819683043418489
01_person_walk,4,179767279,diffusion_bypass_vae_direct,cur_step,awgn,digital_wire,True,,False,True,0.003434419631958008,0.003434419631958008,1.179523860628251e-05,1.0000000531474884,0.08747464418411255,0.09090906381607056,1.0392618874188204
01_person_walk,4,179767279,diffusion_bypass_vae_direct,diffusion_latent_final,awgn,digital_wire,True,,False,True,1.120039939880371,0.2499273717403412,0.09749531745910645,0.9512521740788863,64.00000762939453,64.00000762939453,1.0
01_person_walk,4,179767279,diffusion_bypass_vae_direct,diffusion_latent_init,awgn,digital_wire,True,,False,True,1.120039939880371,0.2499273717403412,0.09749531745910645,0.9512521740788863,64.00000762939453,64.00000762939453,1.0
01_person_walk,4,179767279,diffusion_bypass_vae_direct,edge_mean,awgn,digital_wire,True,,False,True,0.0018405616283416748,0.00041746950591914356,4.6334719172591576e-07,0.9999933649089138,23.928693771362305,23.929386138916016,1.000028934615501
01_person_walk,4,179767279,diffusion_bypass_vae_direct,edge_uncertainty_mean,awgn,digital_wire,True,,False,True,0.0018251538276672363,0.0003331192710902542,3.533106109898654e-07,0.9999945331728431,21.089712142944336,21.090078353881836,1.0000173644350865
01_person_walk,4,179767279,diffusion_bypass_vae_direct,final_reconstruction,awgn,digital_wire,True,,False,True,0.10791835188865662,0.008387913927435875,0.0001239931007148698,0.9997056430452232,95.85585021972656,94.99588012695312,0.9910285069632979
01_person_walk,4,179767279,diffusion_bypass_vae_direct,post_deserialize_latent_raw,awgn,digital_wire,False,missing_tensor,,,,,,,,,
01_person_walk,4,179767279,diffusion_bypass_vae_direct,power_scalar,awgn,digital_wire,True,,False,True,5.960464477539063e-08,5.960464477539063e-08,3.552713678800501e-15,1.0,63.999996185302734,64.0,1.0000000596046483
01_person_walk,4,179767279,diffusion_bypass_vae_direct,pre_serialize_latent,awgn,digital_wire,False,missing_tensor,,,,,,,,,
01_person_walk,4,179767279,diffusion_bypass_vae_direct,receiver_post_norm_latent,awgn,digital_wire,True,,False,True,1.120039939880371,0.2499273717403412,0.09749531000852585,0.9512521682677069,64.0,64.00000762939453,1.0000001192092896
01_person_walk,4,179767279,diffusion_bypass_vae_direct,sender_vae_latent_post_norm,awgn,digital_wire,True,,False,True,0.0005623698234558105,3.775313598453067e-05,2.7012447834096065e-09,0.9999998807907247,64.0,64.00000762939453,1.0000001192092896
01_person_walk,4,179767279,diffusion_bypass_vae_direct,sender_vae_latent_pre_norm,awgn,digital_wire,True,,True,True,0.0,0.0,0.0,1.000000301292869,61.89977264404297,61.89977264404297,1.0
01_person_walk,4,179767279,diffusion_bypass_vae_direct,vae_decode_input,awgn,digital_wire,True,,False,True,1.120039939880371,0.2499273717403412,0.09749531745910645,0.9512521740788863,64.00000762939453,64.00000762939453,1.0
01_person_walk,4,179767279,diffusion_bypass_vae_direct,channel_output,digital_inprocess,digital_wire,False,missing_tensor,,,,,,,,,
01_person_walk,4,179767279,diffusion_bypass_vae_direct,cur_snr,digital_inprocess,digital_wire,True,,True,True,0.0,0.0,0.0,1.0,10.0,10.0,1.0
01_person_walk,4,179767279,diffusion_bypass_vae_direct,cur_step,digital_inprocess,digital_wire,True,,True,True,0.0,0.0,0.0,0.9999999906866799,0.09090906381607056,0.09090906381607056,1.0
01_person_walk,4,179767279,diffusion_bypass_vae_direct,diffusion_latent_final,digital_inprocess,digital_wire,True,,False,True,0.0005623698234558105,3.775313598453067e-05,2.7012447834096065e-09,0.9999998807907247,64.0,64.00000762939453,1.0000001192092896
01_person_walk,4,179767279,diffusion_bypass_vae_direct,diffusion_latent_init,digital_inprocess,digital_wire,True,,False,True,0.0005623698234558105,3.775313598453067e-05,2.7012447834096065e-09,0.9999998807907247,64.0,64.00000762939453,1.0000001192092896
01_person_walk,4,179767279,diffusion_bypass_vae_direct,edge_mean,digital_inprocess,digital_wire,True,,False,True,0.0018405616283416748,0.00041746950591914356,4.6334719172591576e-07,0.9999933649089138,23.928693771362305,23.929386138916016,1.000028934615501
01_person_walk,4,179767279,diffusion_bypass_vae_direct,edge_uncertainty_mean,digital_inprocess,digital_wire,True,,False,True,0.0018251538276672363,0.0003331192710902542,3.533106109898654e-07,0.9999945331728431,21.089712142944336,21.090078353881836,1.0000173644350865
01_person_walk,4,179767279,diffusion_bypass_vae_direct,final_reconstruction,digital_inprocess,digital_wire,True,,False,True,0.0001366138458251953,8.516093657817692e-06,1.488505707580856e-10,0.9999992878965831,94.99575805664062,94.99588012695312,1.0000012850080362
01_person_walk,4,179767279,diffusion_bypass_vae_direct,post_deserialize_latent_raw,digital_inprocess,digital_wire,False,missing_tensor,,,,,,,,,
01_person_walk,4,179767279,diffusion_bypass_vae_direct,power_scalar,digital_inprocess,digital_wire,True,,True,True,0.0,0.0,0.0,1.0,64.0,64.0,1.0
01_person_walk,4,179767279,diffusion_bypass_vae_direct,pre_serialize_latent,digital_inprocess,digital_wire,False,missing_tensor,,,,,,,,,
01_person_walk,4,179767279,diffusion_bypass_vae_direct,receiver_post_norm_latent,digital_inprocess,digital_wire,True,,False,True,0.0005623698234558105,3.775313598453067e-05,2.7012447834096065e-09,0.9999998807907247,64.0,64.00000762939453,1.0000001192092896
01_person_walk,4,179767279,diffusion_bypass_vae_direct,sender_vae_latent_post_norm,digital_inprocess,digital_wire,True,,False,True,0.0005623698234558105,3.775313598453067e-05,2.7012447834096065e-09,0.9999998807907247,64.0,64.00000762939453,1.0000001192092896
01_person_walk,4,179767279,diffusion_bypass_vae_direct,sender_vae_latent_pre_norm,digital_inprocess,digital_wire,True,,True,True,0.0,0.0,0.0,1.000000301292869,61.89977264404297,61.89977264404297,1.0
01_person_walk,4,179767279,diffusion_bypass_vae_direct,vae_decode_input,digital_inprocess,digital_wire,True,,False,True,0.0005623698234558105,3.775313598453067e-05,2.7012447834096065e-09,0.9999998807907247,64.0,64.00000762939453,1.0000001192092896
01_person_walk,5,2108700537,baseline,channel_output,awgn,digital_inprocess,True,,False,True,1.3964636325836182,0.24415025115013123,0.09394647926092148,0.953026717540417,64.00000762939453,64.0,0.9999998807907247
01_person_walk,5,2108700537,baseline,controlnet_input_latent,awgn,digital_inprocess,True,,False,True,2.8534610271453857,0.2781582772731781,0.17989137768745422,0.8762129256439767,54.56523895263672,54.54423522949219,0.9996150713614071
01_person_walk,5,2108700537,baseline,cur_snr,awgn,digital_inprocess,True,,False,True,0.10496997833251953,0.10496997833251953,0.011018696241080761,0.9999999811246482,10.10496997833252,10.0,0.9896120445129871
01_person_walk,5,2108700537,baseline,cur_step,awgn,digital_inprocess,True,,False,True,0.001977860927581787,0.001977860927581787,3.911934072675649e-06,0.9999999524342155,0.08893120288848877,0.09090906381607056,1.02224034830679
01_person_walk,5,2108700537,baseline,diffusion_latent_final,awgn,digital_inprocess,True,,False,True,0.7455291748046875,0.14771029353141785,0.0358346663415432,0.9799055127207932,59.75554275512695,60.72661590576172,1.016250762788887
01_person_walk,5,2108700537,baseline,diffusion_latent_init,awgn,digital_inprocess,True,,False,True,1.3964636325836182,0.24415025115013123,0.09394647926092148,0.953026717540417,64.00000762939453,64.0,0.9999998807907247
01_person_walk,5,2108700537,baseline,edge_mean,awgn,digital_inprocess,True,,True,True,0.0,0.0,0.0,1.0000008428285396,24.722415924072266,24.722415924072266,1.0
01_person_walk,5,2108700537,baseline,edge_post_retransmit,awgn,digital_inprocess,True,,False,True,0.5957962870597839,0.018948646262288094,0.0032356646843254566,0.9533405832310466,23.577550888061523,24.008970260620117,1.018297887452638
01_person_walk,5,2108700537,baseline,edge_uncertainty_mean,awgn,digital_inprocess,True,,True,True,0.0,0.0,0.0,1.0000009429337817,21.889177322387695,21.889177322387695,1.0
01_person_walk,5,2108700537,baseline,final_reconstruction,awgn,digital_inprocess,True,,False,True,0.09469777345657349,0.0060053616762161255,8.543371222913265e-05,0.9997540889518034,91.9466552734375,91.7306137084961,0.997650359718916
01_person_walk,5,2108700537,baseline,post_deserialize_latent_raw,awgn,digital_inprocess,False,missing_tensor,,,,,,,,,
01_person_walk,5,2108700537,baseline,power_scalar,awgn,digital_inprocess,True,,True,True,0.0,0.0,0.0,1.0,64.0,64.0,1.0
01_person_walk,5,2108700537,baseline,pre_serialize_latent,awgn,digital_inprocess,False,missing_tensor,,,,,,,,,
01_person_walk,5,2108700537,baseline,receiver_post_norm_latent,awgn,digital_inprocess,True,,False,True,1.3964636325836182,0.24415025115013123,0.09394647926092148,0.953026717540417,64.00000762939453,64.0,0.9999998807907247
01_person_walk,5,2108700537,baseline,sender_vae_latent_post_norm,awgn,digital_inprocess,True,,True,True,0.0,0.0,0.0,1.0,64.0,64.0,1.0
01_person_walk,5,2108700537,baseline,sender_vae_latent_pre_norm,awgn,digital_inprocess,True,,True,True,0.0,0.0,0.0,0.9999999046539664,61.896507263183594,61.896507263183594,1.0
01_person_walk,5,2108700537,baseline,uncertainty_post_ablation,awgn,digital_inprocess,True,,True,True,0.0,0.0,0.0,1.0000009429337817,21.889177322387695,21.889177322387695,1.0
01_person_walk,5,2108700537,baseline,vae_decode_input,awgn,digital_inprocess,True,,False,True,0.7768556475639343,0.15632624924182892,0.04018896818161011,0.9799055445137944,64.0,63.999996185302734,0.9999999403953552
01_person_walk,5,2108700537,baseline,channel_output,awgn,digital_wire,False,missing_tensor,,,,,,,,,
01_person_walk,5,2108700537,baseline,controlnet_input_latent,awgn,digital_wire,True,,False,True,3.753878116607666,0.37251007556915283,0.28041836619377136,0.814898279144058,54.56523895263672,56.6460075378418,1.038133592469213
01_person_walk,5,2108700537,baseline,cur_snr,awgn,digital_wire,True,,False,True,0.10496997833251953,0.10496997833251953,0.011018696241080761,0.9999999811246482,10.10496997833252,10.0,0.9896120445129871
01_person_walk,5,2108700537,baseline,cur_step,awgn,digital_wire,True,,False,True,0.001977860927581787,0.001977860927581787,3.911934072675649e-06,0.9999999524342155,0.08893120288848877,0.09090906381607056,1.02224034830679
01_person_walk,5,2108700537,baseline,diffusion_latent_final,awgn,digital_wire,True,,False,True,0.7454819679260254,0.14771156013011932,0.03583420068025589,0.9799056573961994,59.75554275512695,60.72639846801758,1.0162471240010171
01_person_walk,5,2108700537,baseline,diffusion_latent_init,awgn,digital_wire,True,,False,True,1.3963696956634521,0.24415022134780884,0.09394659847021103,0.9530265983311417,64.00000762939453,64.0,0.9999998807907247
01_person_walk,5,2108700537,baseline,edge_mean,awgn,digital_wire,True,,False,True,0.0018676095642149448,0.00046764060971327126,5.327973440216738e-07,0.9999927509063304,24.722415924072266,24.72313690185547,1.0000291629177915
01_person_walk,5,2108700537,baseline,edge_post_retransmit,awgn,digital_wire,True,,False,True,0.6861258149147034,0.020012639462947845,0.0034073018468916416,0.9532411767857389,23.577550888061523,24.72313690185547,1.0485879987803997
01_person_walk,5,2108700537,baseline,edge_uncertainty_mean,awgn,digital_wire,True,,False,True,0.0018784020794555545,0.00038487586425617337,4.303323919430113e-07,0.9999928711715463,21.889177322387695,21.889217376708984,1.0000018298687383
01_person_walk,5,2108700537,baseline,final_reconstruction,awgn,digital_wire,True,,False,True,0.0947229266166687,0.006003655027598143,8.539017289876938e-05,0.9997543214599312,91.9466552734375,91.73031616210938,0.9976471236426735
01_person_walk,5,2108700537,baseline,post_deserialize_latent_raw,awgn,digital_wire,False,missing_tensor,,,,,,,,,
01_person_walk,5,2108700537,baseline,power_scalar,awgn,digital_wire,True,,True,True,0.0,0.0,0.0,1.0,64.0,64.0,1.0
01_person_walk,5,2108700537,baseline,pre_serialize_latent,awgn,digital_wire,False,missing_tensor,,,,,,,,,
01_person_walk,5,2108700537,baseline,receiver_post_norm_latent,awgn,digital_wire,True,,False,True,1.3963696956634521,0.24415022134780884,0.09394659847021103,0.9530265983311417,64.00000762939453,64.0,0.9999998807907247
01_person_walk,5,2108700537,baseline,sender_vae_latent_post_norm,awgn,digital_wire,True,,False,True,0.0002269744873046875,3.536299482220784e-05,2.0814843182392906e-09,1.0,64.0,64.0,1.0
01_person_walk,5,2108700537,baseline,sender_vae_latent_pre_norm,awgn,digital_wire,True,,True,True,0.0,0.0,0.0,0.9999999046539664,61.896507263183594,61.896507263183594,1.0
01_person_walk,5,2108700537,baseline,uncertainty_post_ablation,awgn,digital_wire,True,,False,True,0.0018784020794555545,0.00038487586425617337,4.303323919430113e-07,0.9999928711715463,21.889177322387695,21.889217376708984,1.0000018298687383
01_person_walk,5,2108700537,baseline,vae_decode_input,awgn,digital_wire,True,,False,True,0.7768107056617737,0.15632732212543488,0.04018869996070862,0.9799057245254517,64.0,64.0,1.0
01_person_walk,5,2108700537,baseline,channel_output,digital_inprocess,digital_wire,False,missing_tensor,,,,,,,,,
01_person_walk,5,2108700537,baseline,controlnet_input_latent,digital_inprocess,digital_wire,True,,False,True,3.3580284118652344,0.3714578151702881,0.2761196494102478,0.8176903745245336,54.54423522949219,56.6460075378418,1.0385333536991856
01_person_walk,5,2108700537,baseline,cur_snr,digital_inprocess,digital_wire,True,,True,True,0.0,0.0,0.0,1.0,10.0,10.0,1.0
01_person_walk,5,2108700537,baseline,cur_step,digital_inprocess,digital_wire,True,,True,True,0.0,0.0,0.0,0.9999999906866799,0.09090906381607056,0.09090906381607056,1.0
01_person_walk,5,2108700537,baseline,diffusion_latent_final,digital_inprocess,digital_wire,True,,False,True,0.0015072822570800781,4.338469443609938e-05,1.1325771431813791e-08,1.0000000838643957,60.72661590576172,60.72639846801758,0.9999964193996175
01_person_walk,5,2108700537,baseline,diffusion_latent_init,digital_inprocess,digital_wire,True,,False,True,0.0002269744873046875,3.536299482220784e-05,2.0814843182392906e-09,1.0,64.0,64.0,1.0
01_person_walk,5,2108700537,baseline,edge_mean,digital_inprocess,digital_wire,True,,False,True,0.0018676095642149448,0.00046764060971327126,5.327973440216738e-07,0.9999927509063304,24.722415924072266,24.72313690185547,1.0000291629177915
01_person_walk,5,2108700537,baseline,edge_post_retransmit,digital_inprocess,digital_wire,True,,False,True,0.6977677345275879,0.01990036852657795,0.003587795654311776,0.9509144108611094,24.008970260620117,24.72313690185547,1.0297458255594885
01_person_walk,5,2108700537,baseline,edge_uncertainty_mean,digital_inprocess,digital_wire,True,,False,True,0.0018784020794555545,0.00038487586425617337,4.303323919430113e-07,0.9999928711715463,21.889177322387695,21.889217376708984,1.0000018298687383
01_person_walk,5,2108700537,baseline,final_reconstruction,digital_inprocess,digital_wire,True,,False,True,0.00013834238052368164,1.0564566764514893e-05,2.5009308513013195e-10,1.0000003860117945,91.7306137084961,91.73031616210938,0.9999967563022345
01_person_walk,5,2108700537,baseline,post_deserialize_latent_raw,digital_inprocess,digital_wire,False,missing_tensor,,,,,,,,,
01_person_walk,5,2108700537,baseline,power_scalar,digital_inprocess,digital_wire,True,,True,True,0.0,0.0,0.0,1.0,64.0,64.0,1.0
01_person_walk,5,2108700537,baseline,pre_serialize_latent,digital_inprocess,digital_wire,False,missing_tensor,,,,,,,,,
01_person_walk,5,2108700537,baseline,receiver_post_norm_latent,digital_inprocess,digital_wire,True,,False,True,0.0002269744873046875,3.536299482220784e-05,2.0814843182392906e-09,1.0,64.0,64.0,1.0
01_person_walk,5,2108700537,baseline,sender_vae_latent_post_norm,digital_inprocess,digital_wire,True,,False,True,0.0002269744873046875,3.536299482220784e-05,2.0814843182392906e-09,1.0,64.0,64.0,1.0
01_person_walk,5,2108700537,baseline,sender_vae_latent_pre_norm,digital_inprocess,digital_wire,True,,True,True,0.0,0.0,0.0,0.9999999046539664,61.896507263183594,61.896507263183594,1.0
01_person_walk,5,2108700537,baseline,uncertainty_post_ablation,digital_inprocess,digital_wire,True,,False,True,0.0018784020794555545,0.00038487586425617337,4.303323919430113e-07,0.9999928711715463,21.889177322387695,21.889217376708984,1.0000018298687383
01_person_walk,5,2108700537,baseline,vae_decode_input,digital_inprocess,digital_wire,True,,False,True,0.001577138900756836,4.5946271711727604e-05,1.2567181961742335e-08,1.0000000596046483,63.999996185302734,64.0,1.0000000596046483
01_person_walk,5,2108700537,diffusion_bypass_vae_direct,channel_output,awgn,digital_inprocess,True,,False,True,1.3964636325836182,0.24415025115013123,0.09394647926092148,0.953026717540417,64.00000762939453,64.0,0.9999998807907247
01_person_walk,5,2108700537,diffusion_bypass_vae_direct,cur_snr,awgn,digital_inprocess,True,,False,True,0.10496997833251953,0.10496997833251953,0.011018696241080761,0.9999999811246482,10.10496997833252,10.0,0.9896120445129871
01_person_walk,5,2108700537,diffusion_bypass_vae_direct,cur_step,awgn,digital_inprocess,True,,False,True,0.001977860927581787,0.001977860927581787,3.911934072675649e-06,0.9999999524342155,0.08893120288848877,0.09090906381607056,1.02224034830679
01_person_walk,5,2108700537,diffusion_bypass_vae_direct,diffusion_latent_final,awgn,digital_inprocess,True,,False,True,1.3964636325836182,0.24415025115013123,0.09394647926092148,0.953026717540417,64.00000762939453,64.0,0.9999998807907247
01_person_walk,5,2108700537,diffusion_bypass_vae_direct,diffusion_latent_init,awgn,digital_inprocess,True,,False,True,1.3964636325836182,0.24415025115013123,0.09394647926092148,0.953026717540417,64.00000762939453,64.0,0.9999998807907247
01_person_walk,5,2108700537,diffusion_bypass_vae_direct,edge_mean,awgn,digital_inprocess,True,,True,True,0.0,0.0,0.0,1.0000008428285396,24.722415924072266,24.722415924072266,1.0
01_person_walk,5,2108700537,diffusion_bypass_vae_direct,edge_uncertainty_mean,awgn,digital_inprocess,True,,True,True,0.0,0.0,0.0,1.0000009429337817,21.889177322387695,21.889177322387695,1.0
01_person_walk,5,2108700537,diffusion_bypass_vae_direct,final_reconstruction,awgn,digital_inprocess,True,,False,True,0.12121421098709106,0.007627595216035843,0.00012357288505882025,0.999655511888077,92.88192749023438,92.48889923095703,0.9957685174080968
01_person_walk,5,2108700537,diffusion_bypass_vae_direct,post_deserialize_latent_raw,awgn,digital_inprocess,False,missing_tensor,,,,,,,,,
01_person_walk,5,2108700537,diffusion_bypass_vae_direct,power_scalar,awgn,digital_inprocess,True,,True,True,0.0,0.0,0.0,1.0,64.0,64.0,1.0
01_person_walk,5,2108700537,diffusion_bypass_vae_direct,pre_serialize_latent,awgn,digital_inprocess,False,missing_tensor,,,,,,,,,
01_person_walk,5,2108700537,diffusion_bypass_vae_direct,receiver_post_norm_latent,awgn,digital_inprocess,True,,False,True,1.3964636325836182,0.24415025115013123,0.09394647926092148,0.953026717540417,64.00000762939453,64.0,0.9999998807907247
01_person_walk,5,2108700537,diffusion_bypass_vae_direct,sender_vae_latent_post_norm,awgn,digital_inprocess,True,,True,True,0.0,0.0,0.0,1.0,64.0,64.0,1.0
01_person_walk,5,2108700537,diffusion_bypass_vae_direct,sender_vae_latent_pre_norm,awgn,digital_inprocess,True,,True,True,0.0,0.0,0.0,0.9999999046539664,61.896507263183594,61.896507263183594,1.0
01_person_walk,5,2108700537,diffusion_bypass_vae_direct,vae_decode_input,awgn,digital_inprocess,True,,False,True,1.3964636325836182,0.24415025115013123,0.09394647926092148,0.953026717540417,64.00000762939453,64.0,0.9999998807907247
01_person_walk,5,2108700537,diffusion_bypass_vae_direct,channel_output,awgn,digital_wire,False,missing_tensor,,,,,,,,,
01_person_walk,5,2108700537,diffusion_bypass_vae_direct,cur_snr,awgn,digital_wire,True,,False,True,0.10496997833251953,0.10496997833251953,0.011018696241080761,0.9999999811246482,10.10496997833252,10.0,0.9896120445129871
01_person_walk,5,2108700537,diffusion_bypass_vae_direct,cur_step,awgn,digital_wire,True,,False,True,0.001977860927581787,0.001977860927581787,3.911934072675649e-06,0.9999999524342155,0.08893120288848877,0.09090906381607056,1.02224034830679
01_person_walk,5,2108700537,diffusion_bypass_vae_direct,diffusion_latent_final,awgn,digital_wire,True,,False,True,1.3963696956634521,0.24415022134780884,0.09394659847021103,0.9530265983311417,64.00000762939453,64.0,0.9999998807907247
01_person_walk,5,2108700537,diffusion_bypass_vae_direct,diffusion_latent_init,awgn,digital_wire,True,,False,True,1.3963696956634521,0.24415022134780884,0.09394659847021103,0.9530265983311417,64.00000762939453,64.0,0.9999998807907247
01_person_walk,5,2108700537,diffusion_bypass_vae_direct,edge_mean,awgn,digital_wire,True,,False,True,0.0018676095642149448,0.00046764060971327126,5.327973440216738e-07,0.9999927509063304,24.722415924072266,24.72313690185547,1.0000291629177915
01_person_walk,5,2108700537,diffusion_bypass_vae_direct,edge_uncertainty_mean,awgn,digital_wire,True,,False,True,0.0018784020794555545,0.00038487586425617337,4.303323919430113e-07,0.9999928711715463,21.889177322387695,21.889217376708984,1.0000018298687383
01_person_walk,5,2108700537,diffusion_bypass_vae_direct,final_reconstruction,awgn,digital_wire,True,,False,True,0.12119042873382568,0.007626734673976898,0.00012355705257505178,0.9996557327630757,92.88192749023438,92.4890365600586,0.9957699959422451
01_person_walk,5,2108700537,diffusion_bypass_vae_direct,post_deserialize_latent_raw,awgn,digital_wire,False,missing_tensor,,,,,,,,,
01_person_walk,5,2108700537,diffusion_bypass_vae_direct,power_scalar,awgn,digital_wire,True,,True,True,0.0,0.0,0.0,1.0,64.0,64.0,1.0
01_person_walk,5,2108700537,diffusion_bypass_vae_direct,pre_serialize_latent,awgn,digital_wire,False,missing_tensor,,,,,,,,,
01_person_walk,5,2108700537,diffusion_bypass_vae_direct,receiver_post_norm_latent,awgn,digital_wire,True,,False,True,1.3963696956634521,0.24415022134780884,0.09394659847021103,0.9530265983311417,64.00000762939453,64.0,0.9999998807907247
01_person_walk,5,2108700537,diffusion_bypass_vae_direct,sender_vae_latent_post_norm,awgn,digital_wire,True,,False,True,0.0002269744873046875,3.536299482220784e-05,2.0814843182392906e-09,1.0,64.0,64.0,1.0
01_person_walk,5,2108700537,diffusion_bypass_vae_direct,sender_vae_latent_pre_norm,awgn,digital_wire,True,,True,True,0.0,0.0,0.0,0.9999999046539664,61.896507263183594,61.896507263183594,1.0
01_person_walk,5,2108700537,diffusion_bypass_vae_direct,vae_decode_input,awgn,digital_wire,True,,False,True,1.3963696956634521,0.24415022134780884,0.09394659847021103,0.9530265983311417,64.00000762939453,64.0,0.9999998807907247
01_person_walk,5,2108700537,diffusion_bypass_vae_direct,channel_output,digital_inprocess,digital_wire,False,missing_tensor,,,,,,,,,
01_person_walk,5,2108700537,diffusion_bypass_vae_direct,cur_snr,digital_inprocess,digital_wire,True,,True,True,0.0,0.0,0.0,1.0,10.0,10.0,1.0
01_person_walk,5,2108700537,diffusion_bypass_vae_direct,cur_step,digital_inprocess,digital_wire,True,,True,True,0.0,0.0,0.0,0.9999999906866799,0.09090906381607056,0.09090906381607056,1.0
01_person_walk,5,2108700537,diffusion_bypass_vae_direct,diffusion_latent_final,digital_inprocess,digital_wire,True,,False,True,0.0002269744873046875,3.536299482220784e-05,2.0814843182392906e-09,1.0,64.0,64.0,1.0
01_person_walk,5,2108700537,diffusion_bypass_vae_direct,diffusion_latent_init,digital_inprocess,digital_wire,True,,False,True,0.0002269744873046875,3.536299482220784e-05,2.0814843182392906e-09,1.0,64.0,64.0,1.0
01_person_walk,5,2108700537,diffusion_bypass_vae_direct,edge_mean,digital_inprocess,digital_wire,True,,False,True,0.0018676095642149448,0.00046764060971327126,5.327973440216738e-07,0.9999927509063304,24.722415924072266,24.72313690185547,1.0000291629177915
01_person_walk,5,2108700537,diffusion_bypass_vae_direct,edge_uncertainty_mean,digital_inprocess,digital_wire,True,,False,True,0.0018784020794555545,0.00038487586425617337,4.303323919430113e-07,0.9999928711715463,21.889177322387695,21.889217376708984,1.0000018298687383
01_person_walk,5,2108700537,diffusion_bypass_vae_direct,final_reconstruction,digital_inprocess,digital_wire,True,,False,True,0.00016686320304870605,8.901762157620396e-06,1.6760859367082048e-10,1.0000000910155367,92.48889923095703,92.4890365600586,1.0000014848171261
01_person_walk,5,2108700537,diffusion_bypass_vae_direct,post_deserialize_latent_raw,digital_inprocess,digital_wire,False,missing_tensor,,,,,,,,,
01_person_walk,5,2108700537,diffusion_bypass_vae_direct,power_scalar,digital_inprocess,digital_wire,True,,True,True,0.0,0.0,0.0,1.0,64.0,64.0,1.0
01_person_walk,5,2108700537,diffusion_bypass_vae_direct,pre_serialize_latent,digital_inprocess,digital_wire,False,missing_tensor,,,,,,,,,
01_person_walk,5,2108700537,diffusion_bypass_vae_direct,receiver_post_norm_latent,digital_inprocess,digital_wire,True,,False,True,0.0002269744873046875,3.536299482220784e-05,2.0814843182392906e-09,1.0,64.0,64.0,1.0
01_person_walk,5,2108700537,diffusion_bypass_vae_direct,sender_vae_latent_post_norm,digital_inprocess,digital_wire,True,,False,True,0.0002269744873046875,3.536299482220784e-05,2.0814843182392906e-09,1.0,64.0,64.0,1.0
01_person_walk,5,2108700537,diffusion_bypass_vae_direct,sender_vae_latent_pre_norm,digital_inprocess,digital_wire,True,,True,True,0.0,0.0,0.0,0.9999999046539664,61.896507263183594,61.896507263183594,1.0
01_person_walk,5,2108700537,diffusion_bypass_vae_direct,vae_decode_input,digital_inprocess,digital_wire,True,,False,True,0.0002269744873046875,3.536299482220784e-05,2.0814843182392906e-09,1.0,64.0,64.0,1.0
01_person_walk,6,3837355715,baseline,channel_output,awgn,digital_inprocess,True,,False,True,1.1953942775726318,0.24245834350585938,0.09107811748981476,0.9544609757936583,63.999996185302734,64.0,1.0000000596046483
01_person_walk,6,3837355715,baseline,controlnet_input_latent,awgn,digital_inprocess,True,,False,True,2.799067497253418,0.28957992792129517,0.17622339725494385,0.8826511171022584,55.39250183105469,55.52052688598633,1.0023112343855152
01_person_walk,6,3837355715,baseline,cur_snr,awgn,digital_inprocess,True,,False,True,0.403106689453125,0.403106689453125,0.16249500215053558,1.0,10.403106689453125,10.0,0.9612513164109138
01_person_walk,6,3837355715,baseline,cur_step,awgn,digital_inprocess,True,,False,True,0.007385194301605225,0.007385194301605225,5.454109486890957e-05,0.9999999858126835,0.08352386951446533,0.09090906381607056,1.0884201647329832
01_person_walk,6,3837355715,baseline,diffusion_latent_final,awgn,digital_inprocess,True,,False,True,0.8339447975158691,0.1555185616016388,0.03900974988937378,0.9783036401127401,60.395206451416016,60.879913330078125,1.0080255852598505
01_person_walk,6,3837355715,baseline,diffusion_latent_init,awgn,digital_inprocess,True,,False,True,1.195394515991211,0.24245834350585938,0.09107813984155655,0.9544609785079956,64.0,64.0,1.0
01_person_walk,6,3837355715,baseline,edge_mean,awgn,digital_inprocess,True,,True,True,0.0,0.0,0.0,1.0000010765890868,24.679407119750977,24.679407119750977,1.0
01_person_walk,6,3837355715,baseline,edge_post_retransmit,awgn,digital_inprocess,True,,False,True,0.6591560244560242,0.018625907599925995,0.0033496743999421597,0.9510963203881166,23.663801193237305,23.710025787353516,1.0019533883731842
01_person_walk,6,3837355715,baseline,edge_uncertainty_mean,awgn,digital_inprocess,True,,True,True,0.0,0.0,0.0,1.0000008387620019,22.34123420715332,22.34123420715332,1.0
01_person_walk,6,3837355715,baseline,final_reconstruction,awgn,digital_inprocess,True,,False,True,0.08961600065231323,0.006912256125360727,0.00010301568545401096,0.9997031583084646,92.22432708740234,92.08759307861328,0.9985173759125455
01_person_walk,6,3837355715,baseline,post_deserialize_latent_raw,awgn,digital_inprocess,False,missing_tensor,,,,,,,,,
01_person_walk,6,3837355715,baseline,power_scalar,awgn,digital_inprocess,True,,False,True,5.960464477539063e-08,5.960464477539063e-08,3.552713678800501e-15,1.0,63.999996185302734,64.0,1.0000000596046483
01_person_walk,6,3837355715,baseline,pre_serialize_latent,awgn,digital_inprocess,False,missing_tensor,,,,,,,,,
01_person_walk,6,3837355715,baseline,receiver_post_norm_latent,awgn,digital_inprocess,True,,False,True,1.1953942775726318,0.24245834350585938,0.09107811748981476,0.9544609757936583,63.999996185302734,64.0,1.0000000596046483
01_person_walk,6,3837355715,baseline,sender_vae_latent_post_norm,awgn,digital_inprocess,True,,True,True,0.0,0.0,0.0,1.0,64.0,64.0,1.0
01_person_walk,6,3837355715,baseline,sender_vae_latent_pre_norm,awgn,digital_inprocess,True,,True,True,0.0,0.0,0.0,1.000000179332815,62.02671813964844,62.02671813964844,1.0
01_person_walk,6,3837355715,baseline,uncertainty_post_ablation,awgn,digital_inprocess,True,,True,True,0.0,0.0,0.0,1.0000008387620019,22.34123420715332,22.34123420715332,1.0
01_person_walk,6,3837355715,baseline,vae_decode_input,awgn,digital_inprocess,True,,False,True,0.8700639009475708,0.16404223442077637,0.043392784893512726,0.9783036708831787,64.0,64.0,1.0
01_person_walk,6,3837355715,baseline,channel_output,awgn,digital_wire,False,missing_tensor,,,,,,,,,
01_person_walk,6,3837355715,baseline,controlnet_input_latent,awgn,digital_wire,True,,False,True,3.366520404815674,0.3597482740879059,0.25920993089675903,0.831872259340977,55.39250183105469,56.88294219970703,1.0269068974930604
01_person_walk,6,3837355715,baseline,cur_snr,awgn,digital_wire,True,,False,True,0.403106689453125,0.403106689453125,0.16249500215053558,1.0,10.403106689453125,10.0,0.9612513164109138
01_person_walk,6,3837355715,baseline,cur_step,awgn,digital_wire,True,,False,True,0.007385194301605225,0.007385194301605225,5.454109486890957e-05,0.9999999858126835,0.08352386951446533,0.09090906381607056,1.0884201647329832
01_person_walk,6,3837355715,baseline,diffusion_latent_final,awgn,digital_wire,True,,False,True,0.8339760303497314,0.15551629662513733,0.039008259773254395,0.9783043655132725,60.395206451416016,60.879859924316406,1.0080247009883188
01_person_walk,6,3837355715,baseline,diffusion_latent_init,awgn,digital_wire,True,,False,True,1.195317029953003,0.2424580156803131,0.09107807278633118,0.9544609785079956,64.0,64.0,1.0
01_person_walk,6,3837355715,baseline,edge_mean,awgn,digital_wire,True,,False,True,0.0018660817295312881,0.0004608435556292534,5.290712579153478e-07,0.9999929113451526,24.679407119750977,24.678102493286133,0.9999471370418862
01_person_walk,6,3837355715,baseline,edge_post_retransmit,awgn,digital_wire,True,,False,True,0.783324122428894,0.020112138241529465,0.003764728084206581,0.9480697647936087,23.663801193237305,24.678102493286133,1.0428629911046876
01_person_walk,6,3837355715,baseline,edge_uncertainty_mean,awgn,digital_wire,True,,False,True,0.0018704063259065151,0.0003836674732156098,4.285377315227379e-07,0.9999927720066982,22.34123420715332,22.341474533081055,1.0000107570569068
01_person_walk,6,3837355715,baseline,final_reconstruction,awgn,digital_wire,True,,False,True,0.08958131074905396,0.0069120400585234165,0.00010300524445483461,0.999702986997728,92.22432708740234,92.08785247802734,0.9985201886130797
01_person_walk,6,3837355715,baseline,post_deserialize_latent_raw,awgn,digital_wire,False,missing_tensor,,,,,,,,,
01_person_walk,6,3837355715,baseline,power_scalar,awgn,digital_wire,True,,False,True,5.960464477539063e-08,5.960464477539063e-08,3.552713678800501e-15,1.0,63.999996185302734,64.0,1.0000000596046483
01_person_walk,6,3837355715,baseline,pre_serialize_latent,awgn,digital_wire,False,missing_tensor,,,,,,,,,
01_person_walk,6,3837355715,baseline,receiver_post_norm_latent,awgn,digital_wire,True,,False,True,1.1953167915344238,0.24245798587799072,0.09107805788516998,0.95446091618901,63.999996185302734,64.0,1.0000000596046483
01_person_walk,6,3837355715,baseline,sender_vae_latent_post_norm,awgn,digital_wire,True,,False,True,0.00033654458820819855,3.853450471069664e-05,2.5799935521320094e-09,1.0,64.0,64.0,1.0
01_person_walk,6,3837355715,baseline,sender_vae_latent_pre_norm,awgn,digital_wire,True,,True,True,0.0,0.0,0.0,1.000000179332815,62.02671813964844,62.02671813964844,1.0
01_person_walk,6,3837355715,baseline,uncertainty_post_ablation,awgn,digital_wire,True,,False,True,0.0018704063259065151,0.0003836674732156098,4.285377315227379e-07,0.9999927720066982,22.34123420715332,22.341474533081055,1.0000107570569068
01_person_walk,6,3837355715,baseline,vae_decode_input,awgn,digital_wire,True,,False,True,0.870071291923523,0.16404010355472565,0.043391186743974686,0.9783044444504049,64.0,63.999996185302734,0.9999999403953552
01_person_walk,6,3837355715,baseline,channel_output,digital_inprocess,digital_wire,False,missing_tensor,,,,,,,,,
01_person_walk,6,3837355715,baseline,controlnet_input_latent,digital_inprocess,digital_wire,True,,False,True,2.9974732398986816,0.3401501774787903,0.23686033487319946,0.846695476418041,55.52052688598633,56.88294219970703,1.0245389478474958
01_person_walk,6,3837355715,baseline,cur_snr,digital_inprocess,digital_wire,True,,True,True,0.0,0.0,0.0,1.0,10.0,10.0,1.0
01_person_walk,6,3837355715,baseline,cur_step,digital_inprocess,digital_wire,True,,True,True,0.0,0.0,0.0,0.9999999906866799,0.09090906381607056,0.09090906381607056,1.0
01_person_walk,6,3837355715,baseline,diffusion_latent_final,digital_inprocess,digital_wire,True,,False,True,0.001481771469116211,3.972128251916729e-05,8.598422418515383e-09,0.9999999341194217,60.879913330078125,60.879859924316406,0.9999991227687623
01_person_walk,6,3837355715,baseline,diffusion_latent_init,digital_inprocess,digital_wire,True,,False,True,0.00033654458820819855,3.853450471069664e-05,2.5799935521320094e-09,1.0,64.0,64.0,1.0
01_person_walk,6,3837355715,baseline,edge_mean,digital_inprocess,digital_wire,True,,False,True,0.0018660817295312881,0.0004608435556292534,5.290712579153478e-07,0.9999929113451526,24.679407119750977,24.678102493286133,0.9999471370418862
01_person_walk,6,3837355715,baseline,edge_post_retransmit,digital_inprocess,digital_wire,True,,False,True,0.7175875306129456,0.01836719922721386,0.0031289278995245695,0.9569945068572299,23.710025787353516,24.678102493286133,1.0408298461846874
01_person_walk,6,3837355715,baseline,edge_uncertainty_mean,digital_inprocess,digital_wire,True,,False,True,0.0018704063259065151,0.0003836674732156098,4.285377315227379e-07,0.9999927720066982,22.34123420715332,22.341474533081055,1.0000107570569068
01_person_walk,6,3837355715,baseline,final_reconstruction,digital_inprocess,digital_wire,True,,False,True,0.00017714500427246094,9.619977390684653e-06,2.0792419175297283e-10,1.0000004312742834,92.08759307861328,92.08785247802734,1.0000028168769037
01_person_walk,6,3837355715,baseline,post_deserialize_latent_raw,digital_inprocess,digital_wire,False,missing_tensor,,,,,,,,,
01_person_walk,6,3837355715,baseline,power_scalar,digital_inprocess,digital_wire,True,,True,True,0.0,0.0,0.0,1.0,64.0,64.0,1.0
01_person_walk,6,3837355715,baseline,pre_serialize_latent,digital_inprocess,digital_wire,False,missing_tensor,,,,,,,,,
01_person_walk,6,3837355715,baseline,receiver_post_norm_latent,digital_inprocess,digital_wire,True,,False,True,0.00033654458820819855,3.853450471069664e-05,2.5799935521320094e-09,1.0,64.0,64.0,1.0
01_person_walk,6,3837355715,baseline,sender_vae_latent_post_norm,digital_inprocess,digital_wire,True,,False,True,0.00033654458820819855,3.853450471069664e-05,2.5799935521320094e-09,1.0,64.0,64.0,1.0
01_person_walk,6,3837355715,baseline,sender_vae_latent_pre_norm,digital_inprocess,digital_wire,True,,True,True,0.0,0.0,0.0,1.000000179332815,62.02671813964844,62.02671813964844,1.0
01_person_walk,6,3837355715,baseline,uncertainty_post_ablation,digital_inprocess,digital_wire,True,,False,True,0.0018704063259065151,0.0003836674732156098,4.285377315227379e-07,0.9999927720066982,22.34123420715332,22.341474533081055,1.0000107570569068
01_person_walk,6,3837355715,baseline,vae_decode_input,digital_inprocess,digital_wire,True,,False,True,0.0015599727630615234,4.177903610980138e-05,9.501369468978282e-09,1.0,64.0,63.999996185302734,0.9999999403953552
01_person_walk,6,3837355715,diffusion_bypass_vae_direct,channel_output,awgn,digital_inprocess,True,,False,True,1.1953942775726318,0.24245834350585938,0.09107811748981476,0.9544609757936583,63.999996185302734,64.0,1.0000000596046483
01_person_walk,6,3837355715,diffusion_bypass_vae_direct,cur_snr,awgn,digital_inprocess,True,,False,True,0.403106689453125,0.403106689453125,0.16249500215053558,1.0,10.403106689453125,10.0,0.9612513164109138
01_person_walk,6,3837355715,diffusion_bypass_vae_direct,cur_step,awgn,digital_inprocess,True,,False,True,0.007385194301605225,0.007385194301605225,5.454109486890957e-05,0.9999999858126835,0.08352386951446533,0.09090906381607056,1.0884201647329832
01_person_walk,6,3837355715,diffusion_bypass_vae_direct,diffusion_latent_final,awgn,digital_inprocess,True,,False,True,1.195394515991211,0.24245834350585938,0.09107813984155655,0.9544609785079956,64.0,64.0,1.0
01_person_walk,6,3837355715,diffusion_bypass_vae_direct,diffusion_latent_init,awgn,digital_inprocess,True,,False,True,1.195394515991211,0.24245834350585938,0.09107813984155655,0.9544609785079956,64.0,64.0,1.0
01_person_walk,6,3837355715,diffusion_bypass_vae_direct,edge_mean,awgn,digital_inprocess,True,,True,True,0.0,0.0,0.0,1.0000010765890868,24.679407119750977,24.679407119750977,1.0
01_person_walk,6,3837355715,diffusion_bypass_vae_direct,edge_uncertainty_mean,awgn,digital_inprocess,True,,True,True,0.0,0.0,0.0,1.0000008387620019,22.34123420715332,22.34123420715332,1.0
01_person_walk,6,3837355715,diffusion_bypass_vae_direct,final_reconstruction,awgn,digital_inprocess,True,,False,True,0.10832655429840088,0.009394071996212006,0.00016238454554695636,0.9995385823682167,93.01311492919922,92.90501403808594,0.9988377887226381
01_person_walk,6,3837355715,diffusion_bypass_vae_direct,post_deserialize_latent_raw,awgn,digital_inprocess,False,missing_tensor,,,,,,,,,
01_person_walk,6,3837355715,diffusion_bypass_vae_direct,power_scalar,awgn,digital_inprocess,True,,False,True,5.960464477539063e-08,5.960464477539063e-08,3.552713678800501e-15,1.0,63.999996185302734,64.0,1.0000000596046483
01_person_walk,6,3837355715,diffusion_bypass_vae_direct,pre_serialize_latent,awgn,digital_inprocess,False,missing_tensor,,,,,,,,,
01_person_walk,6,3837355715,diffusion_bypass_vae_direct,receiver_post_norm_latent,awgn,digital_inprocess,True,,False,True,1.1953942775726318,0.24245834350585938,0.09107811748981476,0.9544609757936583,63.999996185302734,64.0,1.0000000596046483
01_person_walk,6,3837355715,diffusion_bypass_vae_direct,sender_vae_latent_post_norm,awgn,digital_inprocess,True,,True,True,0.0,0.0,0.0,1.0,64.0,64.0,1.0
01_person_walk,6,3837355715,diffusion_bypass_vae_direct,sender_vae_latent_pre_norm,awgn,digital_inprocess,True,,True,True,0.0,0.0,0.0,1.000000179332815,62.02671813964844,62.02671813964844,1.0
01_person_walk,6,3837355715,diffusion_bypass_vae_direct,vae_decode_input,awgn,digital_inprocess,True,,False,True,1.195394515991211,0.24245834350585938,0.09107813984155655,0.9544609785079956,64.0,64.0,1.0
01_person_walk,6,3837355715,diffusion_bypass_vae_direct,channel_output,awgn,digital_wire,False,missing_tensor,,,,,,,,,
01_person_walk,6,3837355715,diffusion_bypass_vae_direct,cur_snr,awgn,digital_wire,True,,False,True,0.403106689453125,0.403106689453125,0.16249500215053558,1.0,10.403106689453125,10.0,0.9612513164109138
01_person_walk,6,3837355715,diffusion_bypass_vae_direct,cur_step,awgn,digital_wire,True,,False,True,0.007385194301605225,0.007385194301605225,5.454109486890957e-05,0.9999999858126835,0.08352386951446533,0.09090906381607056,1.0884201647329832
01_person_walk,6,3837355715,diffusion_bypass_vae_direct,diffusion_latent_final,awgn,digital_wire,True,,False,True,1.195317029953003,0.2424580156803131,0.09107807278633118,0.9544609785079956,64.0,64.0,1.0
01_person_walk,6,3837355715,diffusion_bypass_vae_direct,diffusion_latent_init,awgn,digital_wire,True,,False,True,1.195317029953003,0.2424580156803131,0.09107807278633118,0.9544609785079956,64.0,64.0,1.0
01_person_walk,6,3837355715,diffusion_bypass_vae_direct,edge_mean,awgn,digital_wire,True,,False,True,0.0018660817295312881,0.0004608435556292534,5.290712579153478e-07,0.9999929113451526,24.679407119750977,24.678102493286133,0.9999471370418862
01_person_walk,6,3837355715,diffusion_bypass_vae_direct,edge_uncertainty_mean,awgn,digital_wire,True,,False,True,0.0018704063259065151,0.0003836674732156098,4.285377315227379e-07,0.9999927720066982,22.34123420715332,22.341474533081055,1.0000107570569068
01_person_walk,6,3837355715,diffusion_bypass_vae_direct,final_reconstruction,awgn,digital_wire,True,,False,True,0.10831454396247864,0.009394258260726929,0.00016239011893048882,0.9995386086064597,93.01311492919922,92.9046859741211,0.9988342616505139
01_person_walk,6,3837355715,diffusion_bypass_vae_direct,post_deserialize_latent_raw,awgn,digital_wire,False,missing_tensor,,,,,,,,,
01_person_walk,6,3837355715,diffusion_bypass_vae_direct,power_scalar,awgn,digital_wire,True,,False,True,5.960464477539063e-08,5.960464477539063e-08,3.552713678800501e-15,1.0,63.999996185302734,64.0,1.0000000596046483
01_person_walk,6,3837355715,diffusion_bypass_vae_direct,pre_serialize_latent,awgn,digital_wire,False,missing_tensor,,,,,,,,,
01_person_walk,6,3837355715,diffusion_bypass_vae_direct,receiver_post_norm_latent,awgn,digital_wire,True,,False,True,1.1953167915344238,0.24245798587799072,0.09107805788516998,0.95446091618901,63.999996185302734,64.0,1.0000000596046483
01_person_walk,6,3837355715,diffusion_bypass_vae_direct,sender_vae_latent_post_norm,awgn,digital_wire,True,,False,True,0.00033654458820819855,3.853450471069664e-05,2.5799935521320094e-09,1.0,64.0,64.0,1.0
01_person_walk,6,3837355715,diffusion_bypass_vae_direct,sender_vae_latent_pre_norm,awgn,digital_wire,True,,True,True,0.0,0.0,0.0,1.000000179332815,62.02671813964844,62.02671813964844,1.0
01_person_walk,6,3837355715,diffusion_bypass_vae_direct,vae_decode_input,awgn,digital_wire,True,,False,True,1.195317029953003,0.2424580156803131,0.09107807278633118,0.9544609785079956,64.0,64.0,1.0
01_person_walk,6,3837355715,diffusion_bypass_vae_direct,channel_output,digital_inprocess,digital_wire,False,missing_tensor,,,,,,,,,
01_person_walk,6,3837355715,diffusion_bypass_vae_direct,cur_snr,digital_inprocess,digital_wire,True,,True,True,0.0,0.0,0.0,1.0,10.0,10.0,1.0
01_person_walk,6,3837355715,diffusion_bypass_vae_direct,cur_step,digital_inprocess,digital_wire,True,,True,True,0.0,0.0,0.0,0.9999999906866799,0.09090906381607056,0.09090906381607056,1.0
01_person_walk,6,3837355715,diffusion_bypass_vae_direct,diffusion_latent_final,digital_inprocess,digital_wire,True,,False,True,0.00033654458820819855,3.853450471069664e-05,2.5799935521320094e-09,1.0,64.0,64.0,1.0
01_person_walk,6,3837355715,diffusion_bypass_vae_direct,diffusion_latent_init,digital_inprocess,digital_wire,True,,False,True,0.00033654458820819855,3.853450471069664e-05,2.5799935521320094e-09,1.0,64.0,64.0,1.0
01_person_walk,6,3837355715,diffusion_bypass_vae_direct,edge_mean,digital_inprocess,digital_wire,True,,False,True,0.0018660817295312881,0.0004608435556292534,5.290712579153478e-07,0.9999929113451526,24.679407119750977,24.678102493286133,0.9999471370418862
01_person_walk,6,3837355715,diffusion_bypass_vae_direct,edge_uncertainty_mean,digital_inprocess,digital_wire,True,,False,True,0.0018704063259065151,0.0003836674732156098,4.285377315227379e-07,0.9999927720066982,22.34123420715332,22.341474533081055,1.0000107570569068
01_person_walk,6,3837355715,diffusion_bypass_vae_direct,final_reconstruction,digital_inprocess,digital_wire,True,,False,True,0.00014379620552062988,8.9220784502686e-06,1.668762489304143e-10,1.0000000427290603,92.90501403808594,92.9046859741211,0.9999964688239033
01_person_walk,6,3837355715,diffusion_bypass_vae_direct,post_deserialize_latent_raw,digital_inprocess,digital_wire,False,missing_tensor,,,,,,,,,
01_person_walk,6,3837355715,diffusion_bypass_vae_direct,power_scalar,digital_inprocess,digital_wire,True,,True,True,0.0,0.0,0.0,1.0,64.0,64.0,1.0
01_person_walk,6,3837355715,diffusion_bypass_vae_direct,pre_serialize_latent,digital_inprocess,digital_wire,False,missing_tensor,,,,,,,,,
01_person_walk,6,3837355715,diffusion_bypass_vae_direct,receiver_post_norm_latent,digital_inprocess,digital_wire,True,,False,True,0.00033654458820819855,3.853450471069664e-05,2.5799935521320094e-09,1.0,64.0,64.0,1.0
01_person_walk,6,3837355715,diffusion_bypass_vae_direct,sender_vae_latent_post_norm,digital_inprocess,digital_wire,True,,False,True,0.00033654458820819855,3.853450471069664e-05,2.5799935521320094e-09,1.0,64.0,64.0,1.0
01_person_walk,6,3837355715,diffusion_bypass_vae_direct,sender_vae_latent_pre_norm,digital_inprocess,digital_wire,True,,True,True,0.0,0.0,0.0,1.000000179332815,62.02671813964844,62.02671813964844,1.0
01_person_walk,6,3837355715,diffusion_bypass_vae_direct,vae_decode_input,digital_inprocess,digital_wire,True,,False,True,0.00033654458820819855,3.853450471069664e-05,2.5799935521320094e-09,1.0,64.0,64.0,1.0
01_person_walk,7,2478724693,baseline,channel_output,awgn,digital_inprocess,True,,False,True,1.1539363861083984,0.24730294942855835,0.09590576589107513,0.9520472230967515,63.999996185302734,63.999996185302734,1.0
01_person_walk,7,2478724693,baseline,controlnet_input_latent,awgn,digital_inprocess,True,,False,True,2.4548110961914062,0.23296001553535461,0.1357613354921341,0.9058987483817385,54.55598449707031,54.142059326171875,0.9924128365620335
01_person_walk,7,2478724693,baseline,cur_snr,awgn,digital_inprocess,True,,False,True,0.0633535385131836,0.0633535385131836,0.004013671074062586,0.9999999808049059,9.936646461486816,10.0,1.0063757464612164
01_person_walk,7,2478724693,baseline,cur_step,awgn,digital_inprocess,True,,False,True,0.0012128353118896484,0.0012128353118896484,1.470969436923042e-06,0.9999999542942182,0.0921218991279602,0.09090906381607056,0.9868344517061575
01_person_walk,7,2478724693,baseline,diffusion_latent_final,awgn,digital_inprocess,True,,False,True,0.7744327783584595,0.1580982506275177,0.04066941514611244,0.9773887407408148,60.36970138549805,60.910362243652344,1.0089558312488882
01_person_walk,7,2478724693,baseline,diffusion_latent_init,awgn,digital_inprocess,True,,False,True,1.1539363861083984,0.24730294942855835,0.09590576589107513,0.9520472230967515,63.999996185302734,63.999996185302734,1.0
01_person_walk,7,2478724693,baseline,edge_mean,awgn,digital_inprocess,True,,True,True,0.0,0.0,0.0,1.0000009766513511,24.62496566772461,24.62496566772461,1.0
01_person_walk,7,2478724693,baseline,edge_post_retransmit,awgn,digital_inprocess,True,,False,True,0.5954075455665588,0.015340980142354965,0.0026965616270899773,0.9601362885852535,23.601627349853516,23.468700408935547,0.99436789086839
01_person_walk,7,2478724693,baseline,edge_uncertainty_mean,awgn,digital_inprocess,True,,True,True,0.0,0.0,0.0,1.0000005201676478,23.054914474487305,23.054914474487305,1.0
01_person_walk,7,2478724693,baseline,final_reconstruction,awgn,digital_inprocess,True,,False,True,0.1253221035003662,0.007136253640055656,0.0001174030257971026,0.9996721214166759,91.80644226074219,92.2693099975586,1.00504177839178
01_person_walk,7,2478724693,baseline,post_deserialize_latent_raw,awgn,digital_inprocess,False,missing_tensor,,,,,,,,,
01_person_walk,7,2478724693,baseline,power_scalar,awgn,digital_inprocess,True,,True,True,0.0,0.0,0.0,1.0,64.0,64.0,1.0
01_person_walk,7,2478724693,baseline,pre_serialize_latent,awgn,digital_inprocess,False,missing_tensor,,,,,,,,,
01_person_walk,7,2478724693,baseline,receiver_post_norm_latent,awgn,digital_inprocess,True,,False,True,1.1539363861083984,0.24730294942855835,0.09590576589107513,0.9520472230967515,63.999996185302734,63.999996185302734,1.0
01_person_walk,7,2478724693,baseline,sender_vae_latent_post_norm,awgn,digital_inprocess,True,,True,True,0.0,0.0,0.0,0.9999999999999964,63.999996185302734,63.999996185302734,1.0
01_person_walk,7,2478724693,baseline,sender_vae_latent_pre_norm,awgn,digital_inprocess,True,,True,True,0.0,0.0,0.0,0.9999998384571352,62.22214126586914,62.22214126586914,1.0
01_person_walk,7,2478724693,baseline,uncertainty_post_ablation,awgn,digital_inprocess,True,,True,True,0.0,0.0,0.0,1.0000005201676478,23.054914474487305,23.054914474487305,1.0
01_person_walk,7,2478724693,baseline,vae_decode_input,awgn,digital_inprocess,True,,False,True,0.8206508159637451,0.16673965752124786,0.045222535729408264,0.9773887395858765,64.0,64.0,1.0
01_person_walk,7,2478724693,baseline,channel_output,awgn,digital_wire,False,missing_tensor,,,,,,,,,
01_person_walk,7,2478724693,baseline,controlnet_input_latent,awgn,digital_wire,True,,False,True,2.886164665222168,0.3242015242576599,0.23229660093784332,0.8455386047045088,54.55598449707031,56.27973556518555,1.031596003335029
01_person_walk,7,2478724693,baseline,cur_snr,awgn,digital_wire,True,,False,True,0.0633535385131836,0.0633535385131836,0.004013671074062586,0.9999999808049059,9.936646461486816,10.0,1.0063757464612164
01_person_walk,7,2478724693,baseline,cur_step,awgn,digital_wire,True,,False,True,0.0012128353118896484,0.0012128353118896484,1.470969436923042e-06,0.9999999542942182,0.0921218991279602,0.09090906381607056,0.9868344517061575
01_person_walk,7,2478724693,baseline,diffusion_latent_final,awgn,digital_wire,True,,False,True,0.7744234800338745,0.15809573233127594,0.04066825658082962,0.9773896025777666,60.36970138549805,60.91055679321289,1.008959053884682
01_person_walk,7,2478724693,baseline,diffusion_latent_init,awgn,digital_wire,True,,False,True,1.153971552848816,0.24730314314365387,0.09590538591146469,0.9520474047689083,63.999996185302734,64.0,1.0000000596046483
01_person_walk,7,2478724693,baseline,edge_mean,awgn,digital_wire,True,,False,True,0.0018535791896283627,0.0004041818901896477,4.557159911655617e-07,0.9999939503394882,24.62496566772461,24.62421417236328,0.9999694823793273
01_person_walk,7,2478724693,baseline,edge_post_retransmit,awgn,digital_wire,True,,False,True,0.6304537653923035,0.016075454652309418,0.002876917365938425,0.9603479634989407,23.601627349853516,24.62421417236328,1.0433269624738868
01_person_walk,7,2478724693,baseline,edge_uncertainty_mean,awgn,digital_wire,True,,False,True,0.0018604248762130737,0.0003294524212833494,3.653882743037684e-07,0.9999944249636702,23.054914474487305,23.05458641052246,0.9999857703239278
01_person_walk,7,2478724693,baseline,final_reconstruction,awgn,digital_wire,True,,False,True,0.12528076767921448,0.0071355984546244144,0.00011740675108740106,0.9996723126495182,91.80644226074219,92.26986694335938,1.0050478449137699
01_person_walk,7,2478724693,baseline,post_deserialize_latent_raw,awgn,digital_wire,False,missing_tensor,,,,,,,,,
01_person_walk,7,2478724693,baseline,power_scalar,awgn,digital_wire,True,,True,True,0.0,0.0,0.0,1.0,64.0,64.0,1.0
01_person_walk,7,2478724693,baseline,pre_serialize_latent,awgn,digital_wire,False,missing_tensor,,,,,,,,,
01_person_walk,7,2478724693,baseline,receiver_post_norm_latent,awgn,digital_wire,True,,False,True,1.153971552848816,0.24730314314365387,0.09590538591146469,0.9520474047689083,63.999996185302734,64.0,1.0000000596046483
01_person_walk,7,2478724693,baseline,sender_vae_latent_post_norm,awgn,digital_wire,True,,False,True,0.0002225637435913086,3.5159951949026436e-05,2.0695569702411376e-09,1.0000000596046483,63.999996185302734,64.0,1.0000000596046483
01_person_walk,7,2478724693,baseline,sender_vae_latent_pre_norm,awgn,digital_wire,True,,True,True,0.0,0.0,0.0,0.9999998384571352,62.22214126586914,62.22214126586914,1.0
01_person_walk,7,2478724693,baseline,uncertainty_post_ablation,awgn,digital_wire,True,,False,True,0.0018604248762130737,0.0003294524212833494,3.653882743037684e-07,0.9999944249636702,23.054914474487305,23.05458641052246,0.9999857703239278
01_person_walk,7,2478724693,baseline,vae_decode_input,awgn,digital_wire,True,,False,True,0.8206431865692139,0.16673703491687775,0.04522104188799858,0.9773893383277251,64.0,64.00000762939453,1.0000001192092896
01_person_walk,7,2478724693,baseline,channel_output,digital_inprocess,digital_wire,False,missing_tensor,,,,,,,,,
01_person_walk,7,2478724693,baseline,controlnet_input_latent,digital_inprocess,digital_wire,True,,False,True,3.1212410926818848,0.3378392159938812,0.24496261775493622,0.836106952427788,54.142059326171875,56.27973556518555,1.0394827286885324
01_person_walk,7,2478724693,baseline,cur_snr,digital_inprocess,digital_wire,True,,True,True,0.0,0.0,0.0,1.0,10.0,10.0,1.0
01_person_walk,7,2478724693,baseline,cur_step,digital_inprocess,digital_wire,True,,True,True,0.0,0.0,0.0,0.9999999906866799,0.09090906381607056,0.09090906381607056,1.0
01_person_walk,7,2478724693,baseline,diffusion_latent_final,digital_inprocess,digital_wire,True,,False,True,0.0016810894012451172,3.745834328583442e-05,9.538721812418771e-09,0.999999974566033,60.910362243652344,60.91055679321289,1.000003194030595
01_person_walk,7,2478724693,baseline,diffusion_latent_init,digital_inprocess,digital_wire,True,,False,True,0.0002225637435913086,3.5159951949026436e-05,2.0695569702411376e-09,1.0000000596046483,63.999996185302734,64.0,1.0000000596046483
01_person_walk,7,2478724693,baseline,edge_mean,digital_inprocess,digital_wire,True,,False,True,0.0018535791896283627,0.0004041818901896477,4.557159911655617e-07,0.9999939503394882,24.62496566772461,24.62421417236328,0.9999694823793273
01_person_walk,7,2478724693,baseline,edge_post_retransmit,digital_inprocess,digital_wire,True,,False,True,0.6997247338294983,0.015988986939191818,0.0027571748942136765,0.9620712936833176,23.468700408935547,24.62421417236328,1.0492363762497807
01_person_walk,7,2478724693,baseline,edge_uncertainty_mean,digital_inprocess,digital_wire,True,,False,True,0.0018604248762130737,0.0003294524212833494,3.653882743037684e-07,0.9999944249636702,23.054914474487305,23.05458641052246,0.9999857703239278
01_person_walk,7,2478724693,baseline,final_reconstruction,digital_inprocess,digital_wire,True,,False,True,0.00015226006507873535,9.974609383789357e-06,2.0988304150204584e-10,1.000000091375876,92.2693099975586,92.26986694335938,1.0000060360893648
01_person_walk,7,2478724693,baseline,post_deserialize_latent_raw,digital_inprocess,digital_wire,False,missing_tensor,,,,,,,,,
01_person_walk,7,2478724693,baseline,power_scalar,digital_inprocess,digital_wire,True,,True,True,0.0,0.0,0.0,1.0,64.0,64.0,1.0
01_person_walk,7,2478724693,baseline,pre_serialize_latent,digital_inprocess,digital_wire,False,missing_tensor,,,,,,,,,
01_person_walk,7,2478724693,baseline,receiver_post_norm_latent,digital_inprocess,digital_wire,True,,False,True,0.0002225637435913086,3.5159951949026436e-05,2.0695569702411376e-09,1.0000000596046483,63.999996185302734,64.0,1.0000000596046483
01_person_walk,7,2478724693,baseline,sender_vae_latent_post_norm,digital_inprocess,digital_wire,True,,False,True,0.0002225637435913086,3.5159951949026436e-05,2.0695569702411376e-09,1.0000000596046483,63.999996185302734,64.0,1.0000000596046483
01_person_walk,7,2478724693,baseline,sender_vae_latent_pre_norm,digital_inprocess,digital_wire,True,,True,True,0.0,0.0,0.0,0.9999998384571352,62.22214126586914,62.22214126586914,1.0
01_person_walk,7,2478724693,baseline,uncertainty_post_ablation,digital_inprocess,digital_wire,True,,False,True,0.0018604248762130737,0.0003294524212833494,3.653882743037684e-07,0.9999944249636702,23.054914474487305,23.05458641052246,0.9999857703239278
01_person_walk,7,2478724693,baseline,vae_decode_input,digital_inprocess,digital_wire,True,,False,True,0.0017583370208740234,3.956395812565461e-05,1.0520498250343735e-08,0.999999821186087,64.0,64.00000762939453,1.0000001192092896
01_person_walk,7,2478724693,diffusion_bypass_vae_direct,channel_output,awgn,digital_inprocess,True,,False,True,1.1539363861083984,0.24730294942855835,0.09590576589107513,0.9520472230967515,63.999996185302734,63.999996185302734,1.0
01_person_walk,7,2478724693,diffusion_bypass_vae_direct,cur_snr,awgn,digital_inprocess,True,,False,True,0.0633535385131836,0.0633535385131836,0.004013671074062586,0.9999999808049059,9.936646461486816,10.0,1.0063757464612164
01_person_walk,7,2478724693,diffusion_bypass_vae_direct,cur_step,awgn,digital_inprocess,True,,False,True,0.0012128353118896484,0.0012128353118896484,1.470969436923042e-06,0.9999999542942182,0.0921218991279602,0.09090906381607056,0.9868344517061575
01_person_walk,7,2478724693,diffusion_bypass_vae_direct,diffusion_latent_final,awgn,digital_inprocess,True,,False,True,1.1539363861083984,0.24730294942855835,0.09590576589107513,0.9520472230967515,63.999996185302734,63.999996185302734,1.0
01_person_walk,7,2478724693,diffusion_bypass_vae_direct,diffusion_latent_init,awgn,digital_inprocess,True,,False,True,1.1539363861083984,0.24730294942855835,0.09590576589107513,0.9520472230967515,63.999996185302734,63.999996185302734,1.0
01_person_walk,7,2478724693,diffusion_bypass_vae_direct,edge_mean,awgn,digital_inprocess,True,,True,True,0.0,0.0,0.0,1.0000009766513511,24.62496566772461,24.62496566772461,1.0
01_person_walk,7,2478724693,diffusion_bypass_vae_direct,edge_uncertainty_mean,awgn,digital_inprocess,True,,True,True,0.0,0.0,0.0,1.0000005201676478,23.054914474487305,23.054914474487305,1.0
01_person_walk,7,2478724693,diffusion_bypass_vae_direct,final_reconstruction,awgn,digital_inprocess,True,,False,True,0.1272655427455902,0.009749202989041805,0.00017912016483023763,0.9995211867865806,92.55924987792969,93.2956771850586,1.0079562799839037
01_person_walk,7,2478724693,diffusion_bypass_vae_direct,post_deserialize_latent_raw,awgn,digital_inprocess,False,missing_tensor,,,,,,,,,
01_person_walk,7,2478724693,diffusion_bypass_vae_direct,power_scalar,awgn,digital_inprocess,True,,True,True,0.0,0.0,0.0,1.0,64.0,64.0,1.0
01_person_walk,7,2478724693,diffusion_bypass_vae_direct,pre_serialize_latent,awgn,digital_inprocess,False,missing_tensor,,,,,,,,,
01_person_walk,7,2478724693,diffusion_bypass_vae_direct,receiver_post_norm_latent,awgn,digital_inprocess,True,,False,True,1.1539363861083984,0.24730294942855835,0.09590576589107513,0.9520472230967515,63.999996185302734,63.999996185302734,1.0
01_person_walk,7,2478724693,diffusion_bypass_vae_direct,sender_vae_latent_post_norm,awgn,digital_inprocess,True,,True,True,0.0,0.0,0.0,0.9999999999999964,63.999996185302734,63.999996185302734,1.0
01_person_walk,7,2478724693,diffusion_bypass_vae_direct,sender_vae_latent_pre_norm,awgn,digital_inprocess,True,,True,True,0.0,0.0,0.0,0.9999998384571352,62.22214126586914,62.22214126586914,1.0
01_person_walk,7,2478724693,diffusion_bypass_vae_direct,vae_decode_input,awgn,digital_inprocess,True,,False,True,1.1539363861083984,0.24730294942855835,0.09590576589107513,0.9520472230967515,63.999996185302734,63.999996185302734,1.0
01_person_walk,7,2478724693,diffusion_bypass_vae_direct,channel_output,awgn,digital_wire,False,missing_tensor,,,,,,,,,
01_person_walk,7,2478724693,diffusion_bypass_vae_direct,cur_snr,awgn,digital_wire,True,,False,True,0.0633535385131836,0.0633535385131836,0.004013671074062586,0.9999999808049059,9.936646461486816,10.0,1.0063757464612164
01_person_walk,7,2478724693,diffusion_bypass_vae_direct,cur_step,awgn,digital_wire,True,,False,True,0.0012128353118896484,0.0012128353118896484,1.470969436923042e-06,0.9999999542942182,0.0921218991279602,0.09090906381607056,0.9868344517061575
01_person_walk,7,2478724693,diffusion_bypass_vae_direct,diffusion_latent_final,awgn,digital_wire,True,,False,True,1.153971552848816,0.24730314314365387,0.09590538591146469,0.9520474047689083,63.999996185302734,64.0,1.0000000596046483
01_person_walk,7,2478724693,diffusion_bypass_vae_direct,diffusion_latent_init,awgn,digital_wire,True,,False,True,1.153971552848816,0.24730314314365387,0.09590538591146469,0.9520474047689083,63.999996185302734,64.0,1.0000000596046483
01_person_walk,7,2478724693,diffusion_bypass_vae_direct,edge_mean,awgn,digital_wire,True,,False,True,0.0018535791896283627,0.0004041818901896477,4.557159911655617e-07,0.9999939503394882,24.62496566772461,24.62421417236328,0.9999694823793273
01_person_walk,7,2478724693,diffusion_bypass_vae_direct,edge_uncertainty_mean,awgn,digital_wire,True,,False,True,0.0018604248762130737,0.0003294524212833494,3.653882743037684e-07,0.9999944249636702,23.054914474487305,23.05458641052246,0.9999857703239278
01_person_walk,7,2478724693,diffusion_bypass_vae_direct,final_reconstruction,awgn,digital_wire,True,,False,True,0.12727844715118408,0.009748886339366436,0.00017911668692249805,0.9995212752426152,92.55924987792969,93.29561614990234,1.0079556205667592
01_person_walk,7,2478724693,diffusion_bypass_vae_direct,post_deserialize_latent_raw,awgn,digital_wire,False,missing_tensor,,,,,,,,,
01_person_walk,7,2478724693,diffusion_bypass_vae_direct,power_scalar,awgn,digital_wire,True,,True,True,0.0,0.0,0.0,1.0,64.0,64.0,1.0
01_person_walk,7,2478724693,diffusion_bypass_vae_direct,pre_serialize_latent,awgn,digital_wire,False,missing_tensor,,,,,,,,,
01_person_walk,7,2478724693,diffusion_bypass_vae_direct,receiver_post_norm_latent,awgn,digital_wire,True,,False,True,1.153971552848816,0.24730314314365387,0.09590538591146469,0.9520474047689083,63.999996185302734,64.0,1.0000000596046483
01_person_walk,7,2478724693,diffusion_bypass_vae_direct,sender_vae_latent_post_norm,awgn,digital_wire,True,,False,True,0.0002225637435913086,3.5159951949026436e-05,2.0695569702411376e-09,1.0000000596046483,63.999996185302734,64.0,1.0000000596046483
01_person_walk,7,2478724693,diffusion_bypass_vae_direct,sender_vae_latent_pre_norm,awgn,digital_wire,True,,True,True,0.0,0.0,0.0,0.9999998384571352,62.22214126586914,62.22214126586914,1.0
01_person_walk,7,2478724693,diffusion_bypass_vae_direct,vae_decode_input,awgn,digital_wire,True,,False,True,1.153971552848816,0.24730314314365387,0.09590538591146469,0.9520474047689083,63.999996185302734,64.0,1.0000000596046483
01_person_walk,7,2478724693,diffusion_bypass_vae_direct,channel_output,digital_inprocess,digital_wire,False,missing_tensor,,,,,,,,,
01_person_walk,7,2478724693,diffusion_bypass_vae_direct,cur_snr,digital_inprocess,digital_wire,True,,True,True,0.0,0.0,0.0,1.0,10.0,10.0,1.0
01_person_walk,7,2478724693,diffusion_bypass_vae_direct,cur_step,digital_inprocess,digital_wire,True,,True,True,0.0,0.0,0.0,0.9999999906866799,0.09090906381607056,0.09090906381607056,1.0
01_person_walk,7,2478724693,diffusion_bypass_vae_direct,diffusion_latent_final,digital_inprocess,digital_wire,True,,False,True,0.0002225637435913086,3.5159951949026436e-05,2.0695569702411376e-09,1.0000000596046483,63.999996185302734,64.0,1.0000000596046483
01_person_walk,7,2478724693,diffusion_bypass_vae_direct,diffusion_latent_init,digital_inprocess,digital_wire,True,,False,True,0.0002225637435913086,3.5159951949026436e-05,2.0695569702411376e-09,1.0000000596046483,63.999996185302734,64.0,1.0000000596046483
01_person_walk,7,2478724693,diffusion_bypass_vae_direct,edge_mean,digital_inprocess,digital_wire,True,,False,True,0.0018535791896283627,0.0004041818901896477,4.557159911655617e-07,0.9999939503394882,24.62496566772461,24.62421417236328,0.9999694823793273
01_person_walk,7,2478724693,diffusion_bypass_vae_direct,edge_uncertainty_mean,digital_inprocess,digital_wire,True,,False,True,0.0018604248762130737,0.0003294524212833494,3.653882743037684e-07,0.9999944249636702,23.054914474487305,23.05458641052246,0.9999857703239278
01_person_walk,7,2478724693,diffusion_bypass_vae_direct,final_reconstruction,digital_inprocess,digital_wire,True,,False,True,0.00012382864952087402,8.462934601993766e-06,1.411638722581543e-10,0.9999999381134972,93.2956771850586,93.29561614990234,0.9999993457879498
01_person_walk,7,2478724693,diffusion_bypass_vae_direct,post_deserialize_latent_raw,digital_inprocess,digital_wire,False,missing_tensor,,,,,,,,,
01_person_walk,7,2478724693,diffusion_bypass_vae_direct,power_scalar,digital_inprocess,digital_wire,True,,True,True,0.0,0.0,0.0,1.0,64.0,64.0,1.0
01_person_walk,7,2478724693,diffusion_bypass_vae_direct,pre_serialize_latent,digital_inprocess,digital_wire,False,missing_tensor,,,,,,,,,
01_person_walk,7,2478724693,diffusion_bypass_vae_direct,receiver_post_norm_latent,digital_inprocess,digital_wire,True,,False,True,0.0002225637435913086,3.5159951949026436e-05,2.0695569702411376e-09,1.0000000596046483,63.999996185302734,64.0,1.0000000596046483
01_person_walk,7,2478724693,diffusion_bypass_vae_direct,sender_vae_latent_post_norm,digital_inprocess,digital_wire,True,,False,True,0.0002225637435913086,3.5159951949026436e-05,2.0695569702411376e-09,1.0000000596046483,63.999996185302734,64.0,1.0000000596046483
01_person_walk,7,2478724693,diffusion_bypass_vae_direct,sender_vae_latent_pre_norm,digital_inprocess,digital_wire,True,,True,True,0.0,0.0,0.0,0.9999998384571352,62.22214126586914,62.22214126586914,1.0
01_person_walk,7,2478724693,diffusion_bypass_vae_direct,vae_decode_input,digital_inprocess,digital_wire,True,,False,True,0.0002225637435913086,3.5159951949026436e-05,2.0695569702411376e-09,1.0000000596046483,63.999996185302734,64.0,1.0000000596046483
01_person_walk,8,50416580,baseline,channel_output,awgn,digital_inprocess,True,,False,True,1.1742113828659058,0.24014601111412048,0.09072903543710709,0.9546355578086113,63.999996185302734,64.0,1.0000000596046483
01_person_walk,8,50416580,baseline,controlnet_input_latent,awgn,digital_inprocess,True,,False,True,2.4259190559387207,0.21391309797763824,0.1176566332578659,0.9179922632139392,54.4271354675293,53.96106719970703,0.9914368400280718
01_person_walk,8,50416580,baseline,cur_snr,awgn,digital_inprocess,True,,False,True,0.39552879333496094,0.39552879333496094,0.1564430296421051,1.0000000366955577,10.395528793334961,10.0,0.9619520275304752
01_person_walk,8,50416580,baseline,cur_step,awgn,digital_inprocess,True,,False,True,0.007251560688018799,0.007251560688018799,5.25851319252979e-05,1.0000000030102576,0.08365750312805176,0.09090906381607056,1.0866815338358722
01_person_walk,8,50416580,baseline,diffusion_latent_final,awgn,digital_inprocess,True,,False,True,0.7857158184051514,0.15579457581043243,0.03909272700548172,0.9779519091528341,59.97687530517578,60.45680618286133,1.0080019319986837
01_person_walk,8,50416580,baseline,diffusion_latent_init,awgn,digital_inprocess,True,,False,True,1.1742115020751953,0.24014601111412048,0.09072904288768768,0.954635506315767,64.00000762939453,64.0,0.9999998807907247
01_person_walk,8,50416580,baseline,edge_mean,awgn,digital_inprocess,True,,True,True,0.0,0.0,0.0,1.000000753370536,24.423112869262695,24.423112869262695,1.0
01_person_walk,8,50416580,baseline,edge_post_retransmit,awgn,digital_inprocess,True,,False,True,0.5484077334403992,0.015377813018858433,0.0024391317274421453,0.9640575106841831,23.30950164794922,23.7388858795166,1.0184209957832866
01_person_walk,8,50416580,baseline,edge_uncertainty_mean,awgn,digital_inprocess,True,,True,True,0.0,0.0,0.0,1.0000003145129088,23.168079376220703,23.168079376220703,1.0
01_person_walk,8,50416580,baseline,final_reconstruction,awgn,digital_inprocess,True,,False,True,0.10388612747192383,0.005781753454357386,7.51562329242006e-05,0.9997835716468583,92.14289855957031,92.25149536132812,1.0011785694118098
01_person_walk,8,50416580,baseline,post_deserialize_latent_raw,awgn,digital_inprocess,False,missing_tensor,,,,,,,,,
01_person_walk,8,50416580,baseline,power_scalar,awgn,digital_inprocess,True,,False,True,5.960464477539063e-08,5.960464477539063e-08,3.552713678800501e-15,1.0,63.999996185302734,64.0,1.0000000596046483
01_person_walk,8,50416580,baseline,pre_serialize_latent,awgn,digital_inprocess,False,missing_tensor,,,,,,,,,
01_person_walk,8,50416580,baseline,receiver_post_norm_latent,awgn,digital_inprocess,True,,False,True,1.1742113828659058,0.24014601111412048,0.09072903543710709,0.9546355578086113,63.999996185302734,64.0,1.0000000596046483
01_person_walk,8,50416580,baseline,sender_vae_latent_post_norm,awgn,digital_inprocess,True,,True,True,0.0,0.0,0.0,1.0000002384186217,63.99999237060547,63.99999237060547,1.0
01_person_walk,8,50416580,baseline,sender_vae_latent_pre_norm,awgn,digital_inprocess,True,,True,True,0.0,0.0,0.0,0.9999998429511039,61.84016036987305,61.84016036987305,1.0
01_person_walk,8,50416580,baseline,uncertainty_post_ablation,awgn,digital_inprocess,True,,True,True,0.0,0.0,0.0,1.0000003145129088,23.168079376220703,23.168079376220703,1.0
01_person_walk,8,50416580,baseline,vae_decode_input,awgn,digital_inprocess,True,,False,True,0.828400731086731,0.16560089588165283,0.04409625381231308,0.9779518816413738,63.99999237060547,64.0,1.0000001192093038
01_person_walk,8,50416580,baseline,channel_output,awgn,digital_wire,False,missing_tensor,,,,,,,,,
01_person_walk,8,50416580,baseline,controlnet_input_latent,awgn,digital_wire,True,,False,True,4.093151569366455,0.30535686016082764,0.2067442089319229,0.8606167821895108,54.4271354675293,55.705474853515625,1.0234871700486419
01_person_walk,8,50416580,baseline,cur_snr,awgn,digital_wire,True,,False,True,0.39552879333496094,0.39552879333496094,0.1564430296421051,1.0000000366955577,10.395528793334961,10.0,0.9619520275304752
01_person_walk,8,50416580,baseline,cur_step,awgn,digital_wire,True,,False,True,0.007251560688018799,0.007251560688018799,5.25851319252979e-05,1.0000000030102576,0.08365750312805176,0.09090906381607056,1.0866815338358722
01_person_walk,8,50416580,baseline,diffusion_latent_final,awgn,digital_wire,True,,False,True,0.7857342958450317,0.15579549968242645,0.03909275680780411,0.9779519819533203,59.97687530517578,60.456764221191406,1.0080012323678724
01_person_walk,8,50416580,baseline,diffusion_latent_init,awgn,digital_wire,True,,False,True,1.174223780632019,0.2401462346315384,0.09072917699813843,0.9546354440071982,64.00000762939453,63.999996185302734,0.999999821186087
01_person_walk,8,50416580,baseline,edge_mean,awgn,digital_wire,True,,False,True,0.001844167709350586,0.0003867945051752031,4.275646858786786e-07,0.9999941324069754,24.423112869262695,24.422962188720703,0.9999938304120856
01_person_walk,8,50416580,baseline,edge_post_retransmit,awgn,digital_wire,True,,False,True,0.6407281160354614,0.015127068385481834,0.0022695462685078382,0.968430558749182,23.30950164794922,24.422962188720703,1.047768526225418
01_person_walk,8,50416580,baseline,edge_uncertainty_mean,awgn,digital_wire,True,,False,True,0.0018539903685450554,0.0003170955169480294,3.5086409866380563e-07,0.9999946276169512,23.168079376220703,23.16791343688965,0.9999928375879433
01_person_walk,8,50416580,baseline,final_reconstruction,awgn,digital_wire,True,,False,True,0.10386630892753601,0.005781654734164476,7.515292236348614e-05,0.9997834758747783,92.14289855957031,92.25166320800781,1.0011803910028636
01_person_walk,8,50416580,baseline,post_deserialize_latent_raw,awgn,digital_wire,False,missing_tensor,,,,,,,,,
01_person_walk,8,50416580,baseline,power_scalar,awgn,digital_wire,True,,False,True,5.960464477539063e-08,5.960464477539063e-08,3.552713678800501e-15,1.0,63.999996185302734,64.0,1.0000000596046483
01_person_walk,8,50416580,baseline,pre_serialize_latent,awgn,digital_wire,False,missing_tensor,,,,,,,,,
01_person_walk,8,50416580,baseline,receiver_post_norm_latent,awgn,digital_wire,True,,False,True,1.174223780632019,0.2401462197303772,0.09072915464639664,0.9546355551046761,63.999996185302734,63.999996185302734,1.0
01_person_walk,8,50416580,baseline,sender_vae_latent_post_norm,awgn,digital_wire,True,,False,True,0.00021186470985412598,3.408655902603641e-05,1.960992701555142e-09,1.0000001192093038,63.99999237060547,63.999996185302734,1.0000000596046519
01_person_walk,8,50416580,baseline,sender_vae_latent_pre_norm,awgn,digital_wire,True,,True,True,0.0,0.0,0.0,0.9999998429511039,61.84016036987305,61.84016036987305,1.0
01_person_walk,8,50416580,baseline,uncertainty_post_ablation,awgn,digital_wire,True,,False,True,0.0018539903685450554,0.0003170955169480294,3.5086409866380563e-07,0.9999946276169512,23.168079376220703,23.16791343688965,0.9999928375879433
01_person_walk,8,50416580,baseline,vae_decode_input,awgn,digital_wire,True,,False,True,0.8284209966659546,0.16560156643390656,0.04409632831811905,0.9779520591411627,63.99999237060547,63.999996185302734,1.0000000596046519
01_person_walk,8,50416580,baseline,channel_output,digital_inprocess,digital_wire,False,missing_tensor,,,,,,,,,
01_person_walk,8,50416580,baseline,controlnet_input_latent,digital_inprocess,digital_wire,True,,False,True,2.561668872833252,0.3056567311286926,0.21186205744743347,0.8561601932653514,53.96106719970703,55.705474853515625,1.0323271525997184
01_person_walk,8,50416580,baseline,cur_snr,digital_inprocess,digital_wire,True,,True,True,0.0,0.0,0.0,1.0,10.0,10.0,1.0
01_person_walk,8,50416580,baseline,cur_step,digital_inprocess,digital_wire,True,,True,True,0.0,0.0,0.0,0.9999999906866799,0.09090906381607056,0.09090906381607056,1.0
01_person_walk,8,50416580,baseline,diffusion_latent_final,digital_inprocess,digital_wire,True,,False,True,0.001718759536743164,4.446204184205271e-05,1.2739476140666284e-08,1.0000000197687506,60.45680618286133,60.456764221191406,0.9999993059231446
01_person_walk,8,50416580,baseline,diffusion_latent_init,digital_inprocess,digital_wire,True,,False,True,0.00021189451217651367,3.4086504456354305e-05,1.9610242318890414e-09,1.000000178813945,64.0,63.999996185302734,0.9999999403953552
01_person_walk,8,50416580,baseline,edge_mean,digital_inprocess,digital_wire,True,,False,True,0.001844167709350586,0.0003867945051752031,4.275646858786786e-07,0.9999941324069754,24.423112869262695,24.422962188720703,0.9999938304120856
01_person_walk,8,50416580,baseline,edge_post_retransmit,digital_inprocess,digital_wire,True,,False,True,0.6447103023529053,0.014767095446586609,0.002351535717025399,0.967177359698398,23.7388858795166,24.422962188720703,1.0288166981667142
01_person_walk,8,50416580,baseline,edge_uncertainty_mean,digital_inprocess,digital_wire,True,,False,True,0.0018539903685450554,0.0003170955169480294,3.5086409866380563e-07,0.9999946276169512,23.168079376220703,23.16791343688965,0.9999928375879433
01_person_walk,8,50416580,baseline,final_reconstruction,digital_inprocess,digital_wire,True,,False,True,0.0002531111240386963,9.392362699145451e-06,2.0031180880675237e-10,1.0000001866246322,92.25149536132812,92.25166320800781,1.0000018194467095
01_person_walk,8,50416580,baseline,post_deserialize_latent_raw,digital_inprocess,digital_wire,False,missing_tensor,,,,,,,,,
01_person_walk,8,50416580,baseline,power_scalar,digital_inprocess,digital_wire,True,,True,True,0.0,0.0,0.0,1.0,64.0,64.0,1.0
01_person_walk,8,50416580,baseline,pre_serialize_latent,digital_inprocess,digital_wire,False,missing_tensor,,,,,,,,,
01_person_walk,8,50416580,baseline,receiver_post_norm_latent,digital_inprocess,digital_wire,True,,False,True,0.00021189451217651367,3.4086504456354305e-05,1.9610242318890414e-09,1.000000178813945,64.0,63.999996185302734,0.9999999403953552
01_person_walk,8,50416580,baseline,sender_vae_latent_post_norm,digital_inprocess,digital_wire,True,,False,True,0.00021186470985412598,3.408655902603641e-05,1.960992701555142e-09,1.0000001192093038,63.99999237060547,63.999996185302734,1.0000000596046519
01_person_walk,8,50416580,baseline,sender_vae_latent_pre_norm,digital_inprocess,digital_wire,True,,True,True,0.0,0.0,0.0,0.9999998429511039,61.84016036987305,61.84016036987305,1.0
01_person_walk,8,50416580,baseline,uncertainty_post_ablation,digital_inprocess,digital_wire,True,,False,True,0.0018539903685450554,0.0003170955169480294,3.5086409866380563e-07,0.9999946276169512,23.168079376220703,23.16791343688965,0.9999928375879433
01_person_walk,8,50416580,baseline,vae_decode_input,digital_inprocess,digital_wire,True,,False,True,0.001817464828491211,4.70647937618196e-05,1.4275972404220738e-08,1.0000000596046483,64.0,63.999996185302734,0.9999999403953552
01_person_walk,8,50416580,diffusion_bypass_vae_direct,channel_output,awgn,digital_inprocess,True,,False,True,1.1742113828659058,0.24014601111412048,0.09072903543710709,0.9546355578086113,63.999996185302734,64.0,1.0000000596046483
01_person_walk,8,50416580,diffusion_bypass_vae_direct,cur_snr,awgn,digital_inprocess,True,,False,True,0.39552879333496094,0.39552879333496094,0.1564430296421051,1.0000000366955577,10.395528793334961,10.0,0.9619520275304752
01_person_walk,8,50416580,diffusion_bypass_vae_direct,cur_step,awgn,digital_inprocess,True,,False,True,0.007251560688018799,0.007251560688018799,5.25851319252979e-05,1.0000000030102576,0.08365750312805176,0.09090906381607056,1.0866815338358722
01_person_walk,8,50416580,diffusion_bypass_vae_direct,diffusion_latent_final,awgn,digital_inprocess,True,,False,True,1.1742115020751953,0.24014601111412048,0.09072904288768768,0.954635506315767,64.00000762939453,64.0,0.9999998807907247
01_person_walk,8,50416580,diffusion_bypass_vae_direct,diffusion_latent_init,awgn,digital_inprocess,True,,False,True,1.1742115020751953,0.24014601111412048,0.09072904288768768,0.954635506315767,64.00000762939453,64.0,0.9999998807907247
01_person_walk,8,50416580,diffusion_bypass_vae_direct,edge_mean,awgn,digital_inprocess,True,,True,True,0.0,0.0,0.0,1.000000753370536,24.423112869262695,24.423112869262695,1.0
01_person_walk,8,50416580,diffusion_bypass_vae_direct,edge_uncertainty_mean,awgn,digital_inprocess,True,,True,True,0.0,0.0,0.0,1.0000003145129088,23.168079376220703,23.168079376220703,1.0
01_person_walk,8,50416580,diffusion_bypass_vae_direct,final_reconstruction,awgn,digital_inprocess,True,,False,True,0.11739766597747803,0.00865295808762312,0.00014469586312770844,0.9995923783290875,92.9150390625,93.14945220947266,1.0025228762678018
01_person_walk,8,50416580,diffusion_bypass_vae_direct,post_deserialize_latent_raw,awgn,digital_inprocess,False,missing_tensor,,,,,,,,,
01_person_walk,8,50416580,diffusion_bypass_vae_direct,power_scalar,awgn,digital_inprocess,True,,False,True,5.960464477539063e-08,5.960464477539063e-08,3.552713678800501e-15,1.0,63.999996185302734,64.0,1.0000000596046483
01_person_walk,8,50416580,diffusion_bypass_vae_direct,pre_serialize_latent,awgn,digital_inprocess,False,missing_tensor,,,,,,,,,
01_person_walk,8,50416580,diffusion_bypass_vae_direct,receiver_post_norm_latent,awgn,digital_inprocess,True,,False,True,1.1742113828659058,0.24014601111412048,0.09072903543710709,0.9546355578086113,63.999996185302734,64.0,1.0000000596046483
01_person_walk,8,50416580,diffusion_bypass_vae_direct,sender_vae_latent_post_norm,awgn,digital_inprocess,True,,True,True,0.0,0.0,0.0,1.0000002384186217,63.99999237060547,63.99999237060547,1.0
01_person_walk,8,50416580,diffusion_bypass_vae_direct,sender_vae_latent_pre_norm,awgn,digital_inprocess,True,,True,True,0.0,0.0,0.0,0.9999998429511039,61.84016036987305,61.84016036987305,1.0
01_person_walk,8,50416580,diffusion_bypass_vae_direct,vae_decode_input,awgn,digital_inprocess,True,,False,True,1.1742115020751953,0.24014601111412048,0.09072904288768768,0.954635506315767,64.00000762939453,64.0,0.9999998807907247
01_person_walk,8,50416580,diffusion_bypass_vae_direct,channel_output,awgn,digital_wire,False,missing_tensor,,,,,,,,,
01_person_walk,8,50416580,diffusion_bypass_vae_direct,cur_snr,awgn,digital_wire,True,,False,True,0.39552879333496094,0.39552879333496094,0.1564430296421051,1.0000000366955577,10.395528793334961,10.0,0.9619520275304752
01_person_walk,8,50416580,diffusion_bypass_vae_direct,cur_step,awgn,digital_wire,True,,False,True,0.007251560688018799,0.007251560688018799,5.25851319252979e-05,1.0000000030102576,0.08365750312805176,0.09090906381607056,1.0866815338358722
01_person_walk,8,50416580,diffusion_bypass_vae_direct,diffusion_latent_final,awgn,digital_wire,True,,False,True,1.174223780632019,0.2401462346315384,0.09072917699813843,0.9546354440071982,64.00000762939453,63.999996185302734,0.999999821186087
01_person_walk,8,50416580,diffusion_bypass_vae_direct,diffusion_latent_init,awgn,digital_wire,True,,False,True,1.174223780632019,0.2401462346315384,0.09072917699813843,0.9546354440071982,64.00000762939453,63.999996185302734,0.999999821186087
01_person_walk,8,50416580,diffusion_bypass_vae_direct,edge_mean,awgn,digital_wire,True,,False,True,0.001844167709350586,0.0003867945051752031,4.275646858786786e-07,0.9999941324069754,24.423112869262695,24.422962188720703,0.9999938304120856
01_person_walk,8,50416580,diffusion_bypass_vae_direct,edge_uncertainty_mean,awgn,digital_wire,True,,False,True,0.0018539903685450554,0.0003170955169480294,3.5086409866380563e-07,0.9999946276169512,23.168079376220703,23.16791343688965,0.9999928375879433
01_person_walk,8,50416580,diffusion_bypass_vae_direct,final_reconstruction,awgn,digital_wire,True,,False,True,0.1174243688583374,0.008652386255562305,0.00014468170411419123,0.9995923232732319,92.9150390625,93.14929962158203,1.0025212340375216
01_person_walk,8,50416580,diffusion_bypass_vae_direct,post_deserialize_latent_raw,awgn,digital_wire,False,missing_tensor,,,,,,,,,
01_person_walk,8,50416580,diffusion_bypass_vae_direct,power_scalar,awgn,digital_wire,True,,False,True,5.960464477539063e-08,5.960464477539063e-08,3.552713678800501e-15,1.0,63.999996185302734,64.0,1.0000000596046483
01_person_walk,8,50416580,diffusion_bypass_vae_direct,pre_serialize_latent,awgn,digital_wire,False,missing_tensor,,,,,,,,,
01_person_walk,8,50416580,diffusion_bypass_vae_direct,receiver_post_norm_latent,awgn,digital_wire,True,,False,True,1.174223780632019,0.2401462197303772,0.09072915464639664,0.9546355551046761,63.999996185302734,63.999996185302734,1.0
01_person_walk,8,50416580,diffusion_bypass_vae_direct,sender_vae_latent_post_norm,awgn,digital_wire,True,,False,True,0.00021186470985412598,3.408655902603641e-05,1.960992701555142e-09,1.0000001192093038,63.99999237060547,63.999996185302734,1.0000000596046519
01_person_walk,8,50416580,diffusion_bypass_vae_direct,sender_vae_latent_pre_norm,awgn,digital_wire,True,,True,True,0.0,0.0,0.0,0.9999998429511039,61.84016036987305,61.84016036987305,1.0
01_person_walk,8,50416580,diffusion_bypass_vae_direct,vae_decode_input,awgn,digital_wire,True,,False,True,1.174223780632019,0.2401462346315384,0.09072917699813843,0.9546354440071982,64.00000762939453,63.999996185302734,0.999999821186087
01_person_walk,8,50416580,diffusion_bypass_vae_direct,channel_output,digital_inprocess,digital_wire,False,missing_tensor,,,,,,,,,
01_person_walk,8,50416580,diffusion_bypass_vae_direct,cur_snr,digital_inprocess,digital_wire,True,,True,True,0.0,0.0,0.0,1.0,10.0,10.0,1.0
01_person_walk,8,50416580,diffusion_bypass_vae_direct,cur_step,digital_inprocess,digital_wire,True,,True,True,0.0,0.0,0.0,0.9999999906866799,0.09090906381607056,0.09090906381607056,1.0
01_person_walk,8,50416580,diffusion_bypass_vae_direct,diffusion_latent_final,digital_inprocess,digital_wire,True,,False,True,0.00021189451217651367,3.4086504456354305e-05,1.9610242318890414e-09,1.000000178813945,64.0,63.999996185302734,0.9999999403953552
01_person_walk,8,50416580,diffusion_bypass_vae_direct,diffusion_latent_init,digital_inprocess,digital_wire,True,,False,True,0.00021189451217651367,3.4086504456354305e-05,1.9610242318890414e-09,1.000000178813945,64.0,63.999996185302734,0.9999999403953552
01_person_walk,8,50416580,diffusion_bypass_vae_direct,edge_mean,digital_inprocess,digital_wire,True,,False,True,0.001844167709350586,0.0003867945051752031,4.275646858786786e-07,0.9999941324069754,24.423112869262695,24.422962188720703,0.9999938304120856
01_person_walk,8,50416580,diffusion_bypass_vae_direct,edge_uncertainty_mean,digital_inprocess,digital_wire,True,,False,True,0.0018539903685450554,0.0003170955169480294,3.5086409866380563e-07,0.9999946276169512,23.168079376220703,23.16791343688965,0.9999928375879433
01_person_walk,8,50416580,diffusion_bypass_vae_direct,final_reconstruction,digital_inprocess,digital_wire,True,,False,True,0.00014138221740722656,8.543557669327129e-06,1.4625994859684965e-10,1.000000046927243,93.14945220947266,93.14929962158203,0.9999983619024374
01_person_walk,8,50416580,diffusion_bypass_vae_direct,post_deserialize_latent_raw,digital_inprocess,digital_wire,False,missing_tensor,,,,,,,,,
01_person_walk,8,50416580,diffusion_bypass_vae_direct,power_scalar,digital_inprocess,digital_wire,True,,True,True,0.0,0.0,0.0,1.0,64.0,64.0,1.0
01_person_walk,8,50416580,diffusion_bypass_vae_direct,pre_serialize_latent,digital_inprocess,digital_wire,False,missing_tensor,,,,,,,,,
01_person_walk,8,50416580,diffusion_bypass_vae_direct,receiver_post_norm_latent,digital_inprocess,digital_wire,True,,False,True,0.00021189451217651367,3.4086504456354305e-05,1.9610242318890414e-09,1.000000178813945,64.0,63.999996185302734,0.9999999403953552
01_person_walk,8,50416580,diffusion_bypass_vae_direct,sender_vae_latent_post_norm,digital_inprocess,digital_wire,True,,False,True,0.00021186470985412598,3.408655902603641e-05,1.960992701555142e-09,1.0000001192093038,63.99999237060547,63.999996185302734,1.0000000596046519
01_person_walk,8,50416580,diffusion_bypass_vae_direct,sender_vae_latent_pre_norm,digital_inprocess,digital_wire,True,,True,True,0.0,0.0,0.0,0.9999998429511039,61.84016036987305,61.84016036987305,1.0
01_person_walk,8,50416580,diffusion_bypass_vae_direct,vae_decode_input,digital_inprocess,digital_wire,True,,False,True,0.00021189451217651367,3.4086504456354305e-05,1.9610242318890414e-09,1.000000178813945,64.0,63.999996185302734,0.9999999403953552
01_person_walk,9,1946581842,baseline,channel_output,awgn,digital_inprocess,True,,False,True,1.258577585220337,0.24375540018081665,0.09211593866348267,0.9539422365392588,64.0,63.999996185302734,0.9999999403953552
01_person_walk,9,1946581842,baseline,controlnet_input_latent,awgn,digital_inprocess,True,,False,True,3.02933406829834,0.2333337366580963,0.14847292006015778,0.8978834322376157,54.8044319152832,54.31156921386719,0.9910068823963383
01_person_walk,9,1946581842,baseline,cur_snr,awgn,digital_inprocess,True,,False,True,0.3035774230957031,0.3035774230957031,0.09215924888849258,1.0,10.303577423095703,10.0,0.9705366970490048
01_person_walk,9,1946581842,baseline,cur_step,awgn,digital_inprocess,True,,False,True,0.005614101886749268,0.005614101886749268,3.151813871227205e-05,0.9999999977549515,0.08529496192932129,0.09090906381607056,1.0658198533625154
01_person_walk,9,1946581842,baseline,diffusion_latent_final,awgn,digital_inprocess,True,,False,True,0.9045284390449524,0.15713225305080414,0.03954663872718811,0.9777475295320218,59.978721618652344,60.5572509765625,1.0096455766694807
01_person_walk,9,1946581842,baseline,diffusion_latent_init,awgn,digital_inprocess,True,,False,True,1.258577585220337,0.24375540018081665,0.09211593866348267,0.9539422365392588,64.0,63.999996185302734,0.9999999403953552
01_person_walk,9,1946581842,baseline,edge_mean,awgn,digital_inprocess,True,,True,True,0.0,0.0,0.0,1.0000010332866505,24.264188766479492,24.264188766479492,1.0
01_person_walk,9,1946581842,baseline,edge_post_retransmit,awgn,digital_inprocess,True,,False,True,0.6315234303474426,0.01528787799179554,0.002546363975852728,0.9624199824480831,23.278108596801758,23.728666305541992,1.0193554260161042
01_person_walk,9,1946581842,baseline,edge_uncertainty_mean,awgn,digital_inprocess,True,,True,True,0.0,0.0,0.0,1.0000007582363584,22.89015769958496,22.89015769958496,1.0
01_person_walk,9,1946581842,baseline,final_reconstruction,awgn,digital_inprocess,True,,False,True,0.11980876326560974,0.0070197400636971,9.745478018885478e-05,0.9997957733002848,93.28103637695312,92.15057373046875,0.987881109704698
01_person_walk,9,1946581842,baseline,post_deserialize_latent_raw,awgn,digital_inprocess,False,missing_tensor,,,,,,,,,
01_person_walk,9,1946581842,baseline,power_scalar,awgn,digital_inprocess,True,,True,True,0.0,0.0,0.0,1.0,64.0,64.0,1.0
01_person_walk,9,1946581842,baseline,pre_serialize_latent,awgn,digital_inprocess,False,missing_tensor,,,,,,,,,
01_person_walk,9,1946581842,baseline,receiver_post_norm_latent,awgn,digital_inprocess,True,,False,True,1.258577585220337,0.24375540018081665,0.09211593866348267,0.9539422365392588,64.0,63.999996185302734,0.9999999403953552
01_person_walk,9,1946581842,baseline,sender_vae_latent_post_norm,awgn,digital_inprocess,True,,True,True,0.0,0.0,0.0,1.0000001788139627,63.99999237060547,63.99999237060547,1.0
01_person_walk,9,1946581842,baseline,sender_vae_latent_pre_norm,awgn,digital_inprocess,True,,True,True,0.0,0.0,0.0,0.9999999676119458,61.95041275024414,61.95041275024414,1.0
01_person_walk,9,1946581842,baseline,uncertainty_post_ablation,awgn,digital_inprocess,True,,True,True,0.0,0.0,0.0,1.0000007582363584,22.89015769958496,22.89015769958496,1.0
01_person_walk,9,1946581842,baseline,vae_decode_input,awgn,digital_inprocess,True,,False,True,0.971183180809021,0.16677451133728027,0.044504910707473755,0.9777476178257237,63.999996185302734,64.0,1.0000000596046483
01_person_walk,9,1946581842,baseline,channel_output,awgn,digital_wire,False,missing_tensor,,,,,,,,,
01_person_walk,9,1946581842,baseline,controlnet_input_latent,awgn,digital_wire,True,,False,True,2.764244318008423,0.3180379867553711,0.2305915355682373,0.846612382055336,54.8044319152832,56.08123779296875,1.0232974931600283
01_person_walk,9,1946581842,baseline,cur_snr,awgn,digital_wire,True,,False,True,0.3035774230957031,0.3035774230957031,0.09215924888849258,1.0,10.303577423095703,10.0,0.9705366970490048
01_person_walk,9,1946581842,baseline,cur_step,awgn,digital_wire,True,,False,True,0.005614101886749268,0.005614101886749268,3.151813871227205e-05,0.9999999977549515,0.08529496192932129,0.09090906381607056,1.0658198533625154
01_person_walk,9,1946581842,baseline,diffusion_latent_final,awgn,digital_wire,True,,False,True,0.9045282602310181,0.15713077783584595,0.039545938372612,0.977748151356945,59.978721618652344,60.5572624206543,1.0096457674720103
01_person_walk,9,1946581842,baseline,diffusion_latent_init,awgn,digital_wire,True,,False,True,1.2586209774017334,0.24375540018081665,0.09211589395999908,0.9539421769346105,64.0,63.999996185302734,0.9999999403953552
01_person_walk,9,1946581842,baseline,edge_mean,awgn,digital_wire,True,,False,True,0.0018440485000610352,0.00043167552212253213,4.805555136044859e-07,0.9999933347592248,24.264188766479492,24.2635555267334,0.9999739022906479
01_person_walk,9,1946581842,baseline,edge_post_retransmit,awgn,digital_wire,True,,False,True,0.6331374645233154,0.015972072258591652,0.0025084991939365864,0.9644763967050531,23.278108596801758,24.2635555267334,1.0423336340164266
01_person_walk,9,1946581842,baseline,edge_uncertainty_mean,awgn,digital_wire,True,,False,True,0.0018516778945922852,0.0003464081382844597,3.8466700402750575e-07,0.9999941884520553,22.89015769958496,22.891427993774414,1.0000554952135379
01_person_walk,9,1946581842,baseline,final_reconstruction,awgn,digital_wire,True,,False,True,0.11986204981803894,0.007019435986876488,9.744127601152286e-05,0.9997961660677819,93.28103637695312,92.15055847167969,0.9878809461260152
01_person_walk,9,1946581842,baseline,post_deserialize_latent_raw,awgn,digital_wire,False,missing_tensor,,,,,,,,,
01_person_walk,9,1946581842,baseline,power_scalar,awgn,digital_wire,True,,True,True,0.0,0.0,0.0,1.0,64.0,64.0,1.0
01_person_walk,9,1946581842,baseline,pre_serialize_latent,awgn,digital_wire,False,missing_tensor,,,,,,,,,
01_person_walk,9,1946581842,baseline,receiver_post_norm_latent,awgn,digital_wire,True,,False,True,1.2586209774017334,0.24375540018081665,0.09211589395999908,0.9539421769346105,64.0,63.999996185302734,0.9999999403953552
01_person_walk,9,1946581842,baseline,sender_vae_latent_post_norm,awgn,digital_wire,True,,False,True,0.0002415180206298828,3.7390986108221114e-05,2.372912089043666e-09,1.0000001788139592,63.99999237060547,63.999996185302734,1.0000000596046519
01_person_walk,9,1946581842,baseline,sender_vae_latent_pre_norm,awgn,digital_wire,True,,True,True,0.0,0.0,0.0,0.9999999676119458,61.95041275024414,61.95041275024414,1.0
01_person_walk,9,1946581842,baseline,uncertainty_post_ablation,awgn,digital_wire,True,,False,True,0.0018516778945922852,0.0003464081382844597,3.8466700402750575e-07,0.9999941884520553,22.89015769958496,22.891427993774414,1.0000554952135379
01_person_walk,9,1946581842,baseline,vae_decode_input,awgn,digital_wire,True,,False,True,0.9711832404136658,0.1667727679014206,0.04450409859418869,0.9777479754536137,63.999996185302734,64.0,1.0000000596046483
01_person_walk,9,1946581842,baseline,channel_output,digital_inprocess,digital_wire,False,missing_tensor,,,,,,,,,
01_person_walk,9,1946581842,baseline,controlnet_input_latent,digital_inprocess,digital_wire,True,,False,True,3.1146578788757324,0.3073253035545349,0.22661817073822021,0.8481386208480568,54.31156921386719,56.08123779296875,1.0325836392635424
01_person_walk,9,1946581842,baseline,cur_snr,digital_inprocess,digital_wire,True,,True,True,0.0,0.0,0.0,1.0,10.0,10.0,1.0
01_person_walk,9,1946581842,baseline,cur_step,digital_inprocess,digital_wire,True,,True,True,0.0,0.0,0.0,0.9999999906866799,0.09090906381607056,0.09090906381607056,1.0
01_person_walk,9,1946581842,baseline,diffusion_latent_final,digital_inprocess,digital_wire,True,,False,True,0.0017161369323730469,4.208157770335674e-05,1.0230285951706719e-08,0.9999996828409174,60.5572509765625,60.5572624206543,1.0000001889797112
01_person_walk,9,1946581842,baseline,diffusion_latent_init,digital_inprocess,digital_wire,True,,False,True,0.0002416372299194336,3.73906186723616e-05,2.372909646553012e-09,1.000000238418604,63.999996185302734,63.999996185302734,1.0
01_person_walk,9,1946581842,baseline,edge_mean,digital_inprocess,digital_wire,True,,False,True,0.0018440485000610352,0.00043167552212253213,4.805555136044859e-07,0.9999933347592248,24.264188766479492,24.2635555267334,0.9999739022906479
01_person_walk,9,1946581842,baseline,edge_post_retransmit,digital_inprocess,digital_wire,True,,False,True,0.6658264398574829,0.015474921092391014,0.00263979472219944,0.9626880549767297,23.728666305541992,24.2635555267334,1.0225418999240796
01_person_walk,9,1946581842,baseline,edge_uncertainty_mean,digital_inprocess,digital_wire,True,,False,True,0.0018516778945922852,0.0003464081382844597,3.8466700402750575e-07,0.9999941884520553,22.89015769958496,22.891427993774414,1.0000554952135379
01_person_walk,9,1946581842,baseline,final_reconstruction,digital_inprocess,digital_wire,True,,False,True,0.0002155900001525879,9.313747796113603e-06,2.044099750575512e-10,0.9999998531734575,92.15057373046875,92.15055847167969,0.9999998344146059
01_person_walk,9,1946581842,baseline,post_deserialize_latent_raw,digital_inprocess,digital_wire,False,missing_tensor,,,,,,,,,
01_person_walk,9,1946581842,baseline,power_scalar,digital_inprocess,digital_wire,True,,True,True,0.0,0.0,0.0,1.0,64.0,64.0,1.0
01_person_walk,9,1946581842,baseline,pre_serialize_latent,digital_inprocess,digital_wire,False,missing_tensor,,,,,,,,,
01_person_walk,9,1946581842,baseline,receiver_post_norm_latent,digital_inprocess,digital_wire,True,,False,True,0.0002416372299194336,3.73906186723616e-05,2.372909646553012e-09,1.000000238418604,63.999996185302734,63.999996185302734,1.0
01_person_walk,9,1946581842,baseline,sender_vae_latent_post_norm,digital_inprocess,digital_wire,True,,False,True,0.0002415180206298828,3.7390986108221114e-05,2.372912089043666e-09,1.0000001788139592,63.99999237060547,63.999996185302734,1.0000000596046519
01_person_walk,9,1946581842,baseline,sender_vae_latent_pre_norm,digital_inprocess,digital_wire,True,,True,True,0.0,0.0,0.0,0.9999999676119458,61.95041275024414,61.95041275024414,1.0
01_person_walk,9,1946581842,baseline,uncertainty_post_ablation,digital_inprocess,digital_wire,True,,False,True,0.0018516778945922852,0.0003464081382844597,3.8466700402750575e-07,0.9999941884520553,22.89015769958496,22.891427993774414,1.0000554952135379
01_person_walk,9,1946581842,baseline,vae_decode_input,digital_inprocess,digital_wire,True,,False,True,0.0018124580383300781,4.448367690201849e-05,1.1426203094799803e-08,1.0,64.0,64.0,1.0
01_person_walk,9,1946581842,diffusion_bypass_vae_direct,channel_output,awgn,digital_inprocess,True,,False,True,1.258577585220337,0.24375540018081665,0.09211593866348267,0.9539422365392588,64.0,63.999996185302734,0.9999999403953552
01_person_walk,9,1946581842,diffusion_bypass_vae_direct,cur_snr,awgn,digital_inprocess,True,,False,True,0.3035774230957031,0.3035774230957031,0.09215924888849258,1.0,10.303577423095703,10.0,0.9705366970490048
01_person_walk,9,1946581842,diffusion_bypass_vae_direct,cur_step,awgn,digital_inprocess,True,,False,True,0.005614101886749268,0.005614101886749268,3.151813871227205e-05,0.9999999977549515,0.08529496192932129,0.09090906381607056,1.0658198533625154
01_person_walk,9,1946581842,diffusion_bypass_vae_direct,diffusion_latent_final,awgn,digital_inprocess,True,,False,True,1.258577585220337,0.24375540018081665,0.09211593866348267,0.9539422365392588,64.0,63.999996185302734,0.9999999403953552
01_person_walk,9,1946581842,diffusion_bypass_vae_direct,diffusion_latent_init,awgn,digital_inprocess,True,,False,True,1.258577585220337,0.24375540018081665,0.09211593866348267,0.9539422365392588,64.0,63.999996185302734,0.9999999403953552
01_person_walk,9,1946581842,diffusion_bypass_vae_direct,edge_mean,awgn,digital_inprocess,True,,True,True,0.0,0.0,0.0,1.0000010332866505,24.264188766479492,24.264188766479492,1.0
01_person_walk,9,1946581842,diffusion_bypass_vae_direct,edge_uncertainty_mean,awgn,digital_inprocess,True,,True,True,0.0,0.0,0.0,1.0000007582363584,22.89015769958496,22.89015769958496,1.0
01_person_walk,9,1946581842,diffusion_bypass_vae_direct,final_reconstruction,awgn,digital_inprocess,True,,False,True,0.12475809454917908,0.009038633666932583,0.00016005327051971108,0.9996192468353434,93.87984466552734,92.77330780029297,0.9882132648474578
01_person_walk,9,1946581842,diffusion_bypass_vae_direct,post_deserialize_latent_raw,awgn,digital_inprocess,False,missing_tensor,,,,,,,,,
01_person_walk,9,1946581842,diffusion_bypass_vae_direct,power_scalar,awgn,digital_inprocess,True,,True,True,0.0,0.0,0.0,1.0,64.0,64.0,1.0
01_person_walk,9,1946581842,diffusion_bypass_vae_direct,pre_serialize_latent,awgn,digital_inprocess,False,missing_tensor,,,,,,,,,
01_person_walk,9,1946581842,diffusion_bypass_vae_direct,receiver_post_norm_latent,awgn,digital_inprocess,True,,False,True,1.258577585220337,0.24375540018081665,0.09211593866348267,0.9539422365392588,64.0,63.999996185302734,0.9999999403953552
01_person_walk,9,1946581842,diffusion_bypass_vae_direct,sender_vae_latent_post_norm,awgn,digital_inprocess,True,,True,True,0.0,0.0,0.0,1.0000001788139627,63.99999237060547,63.99999237060547,1.0
01_person_walk,9,1946581842,diffusion_bypass_vae_direct,sender_vae_latent_pre_norm,awgn,digital_inprocess,True,,True,True,0.0,0.0,0.0,0.9999999676119458,61.95041275024414,61.95041275024414,1.0
01_person_walk,9,1946581842,diffusion_bypass_vae_direct,vae_decode_input,awgn,digital_inprocess,True,,False,True,1.258577585220337,0.24375540018081665,0.09211593866348267,0.9539422365392588,64.0,63.999996185302734,0.9999999403953552
01_person_walk,9,1946581842,diffusion_bypass_vae_direct,channel_output,awgn,digital_wire,False,missing_tensor,,,,,,,,,
01_person_walk,9,1946581842,diffusion_bypass_vae_direct,cur_snr,awgn,digital_wire,True,,False,True,0.3035774230957031,0.3035774230957031,0.09215924888849258,1.0,10.303577423095703,10.0,0.9705366970490048
01_person_walk,9,1946581842,diffusion_bypass_vae_direct,cur_step,awgn,digital_wire,True,,False,True,0.005614101886749268,0.005614101886749268,3.151813871227205e-05,0.9999999977549515,0.08529496192932129,0.09090906381607056,1.0658198533625154
01_person_walk,9,1946581842,diffusion_bypass_vae_direct,diffusion_latent_final,awgn,digital_wire,True,,False,True,1.2586209774017334,0.24375540018081665,0.09211589395999908,0.9539421769346105,64.0,63.999996185302734,0.9999999403953552
01_person_walk,9,1946581842,diffusion_bypass_vae_direct,diffusion_latent_init,awgn,digital_wire,True,,False,True,1.2586209774017334,0.24375540018081665,0.09211589395999908,0.9539421769346105,64.0,63.999996185302734,0.9999999403953552
01_person_walk,9,1946581842,diffusion_bypass_vae_direct,edge_mean,awgn,digital_wire,True,,False,True,0.0018440485000610352,0.00043167552212253213,4.805555136044859e-07,0.9999933347592248,24.264188766479492,24.2635555267334,0.9999739022906479
01_person_walk,9,1946581842,diffusion_bypass_vae_direct,edge_uncertainty_mean,awgn,digital_wire,True,,False,True,0.0018516778945922852,0.0003464081382844597,3.8466700402750575e-07,0.9999941884520553,22.89015769958496,22.891427993774414,1.0000554952135379
01_person_walk,9,1946581842,diffusion_bypass_vae_direct,final_reconstruction,awgn,digital_wire,True,,False,True,0.12474486231803894,0.009038458578288555,0.00016003988275770098,0.9996188509157629,93.87984466552734,92.77340698242188,0.9882143213269318
01_person_walk,9,1946581842,diffusion_bypass_vae_direct,post_deserialize_latent_raw,awgn,digital_wire,False,missing_tensor,,,,,,,,,
01_person_walk,9,1946581842,diffusion_bypass_vae_direct,power_scalar,awgn,digital_wire,True,,True,True,0.0,0.0,0.0,1.0,64.0,64.0,1.0
01_person_walk,9,1946581842,diffusion_bypass_vae_direct,pre_serialize_latent,awgn,digital_wire,False,missing_tensor,,,,,,,,,
01_person_walk,9,1946581842,diffusion_bypass_vae_direct,receiver_post_norm_latent,awgn,digital_wire,True,,False,True,1.2586209774017334,0.24375540018081665,0.09211589395999908,0.9539421769346105,64.0,63.999996185302734,0.9999999403953552
01_person_walk,9,1946581842,diffusion_bypass_vae_direct,sender_vae_latent_post_norm,awgn,digital_wire,True,,False,True,0.0002415180206298828,3.7390986108221114e-05,2.372912089043666e-09,1.0000001788139592,63.99999237060547,63.999996185302734,1.0000000596046519
01_person_walk,9,1946581842,diffusion_bypass_vae_direct,sender_vae_latent_pre_norm,awgn,digital_wire,True,,True,True,0.0,0.0,0.0,0.9999999676119458,61.95041275024414,61.95041275024414,1.0
01_person_walk,9,1946581842,diffusion_bypass_vae_direct,vae_decode_input,awgn,digital_wire,True,,False,True,1.2586209774017334,0.24375540018081665,0.09211589395999908,0.9539421769346105,64.0,63.999996185302734,0.9999999403953552
01_person_walk,9,1946581842,diffusion_bypass_vae_direct,channel_output,digital_inprocess,digital_wire,False,missing_tensor,,,,,,,,,
01_person_walk,9,1946581842,diffusion_bypass_vae_direct,cur_snr,digital_inprocess,digital_wire,True,,True,True,0.0,0.0,0.0,1.0,10.0,10.0,1.0
01_person_walk,9,1946581842,diffusion_bypass_vae_direct,cur_step,digital_inprocess,digital_wire,True,,True,True,0.0,0.0,0.0,0.9999999906866799,0.09090906381607056,0.09090906381607056,1.0
01_person_walk,9,1946581842,diffusion_bypass_vae_direct,diffusion_latent_final,digital_inprocess,digital_wire,True,,False,True,0.0002416372299194336,3.73906186723616e-05,2.372909646553012e-09,1.000000238418604,63.999996185302734,63.999996185302734,1.0
01_person_walk,9,1946581842,diffusion_bypass_vae_direct,diffusion_latent_init,digital_inprocess,digital_wire,True,,False,True,0.0002416372299194336,3.73906186723616e-05,2.372909646553012e-09,1.000000238418604,63.999996185302734,63.999996185302734,1.0
01_person_walk,9,1946581842,diffusion_bypass_vae_direct,edge_mean,digital_inprocess,digital_wire,True,,False,True,0.0018440485000610352,0.00043167552212253213,4.805555136044859e-07,0.9999933347592248,24.264188766479492,24.2635555267334,0.9999739022906479
01_person_walk,9,1946581842,diffusion_bypass_vae_direct,edge_uncertainty_mean,digital_inprocess,digital_wire,True,,False,True,0.0018516778945922852,0.0003464081382844597,3.8466700402750575e-07,0.9999941884520553,22.89015769958496,22.891427993774414,1.0000554952135379
01_person_walk,9,1946581842,diffusion_bypass_vae_direct,final_reconstruction,digital_inprocess,digital_wire,True,,False,True,0.000183790922164917,8.733305548958015e-06,1.583077974265379e-10,1.0000004150625839,92.77330780029297,92.77340698242188,1.000001069080442
01_person_walk,9,1946581842,diffusion_bypass_vae_direct,post_deserialize_latent_raw,digital_inprocess,digital_wire,False,missing_tensor,,,,,,,,,
01_person_walk,9,1946581842,diffusion_bypass_vae_direct,power_scalar,digital_inprocess,digital_wire,True,,True,True,0.0,0.0,0.0,1.0,64.0,64.0,1.0
01_person_walk,9,1946581842,diffusion_bypass_vae_direct,pre_serialize_latent,digital_inprocess,digital_wire,False,missing_tensor,,,,,,,,,
01_person_walk,9,1946581842,diffusion_bypass_vae_direct,receiver_post_norm_latent,digital_inprocess,digital_wire,True,,False,True,0.0002416372299194336,3.73906186723616e-05,2.372909646553012e-09,1.000000238418604,63.999996185302734,63.999996185302734,1.0
01_person_walk,9,1946581842,diffusion_bypass_vae_direct,sender_vae_latent_post_norm,digital_inprocess,digital_wire,True,,False,True,0.0002415180206298828,3.7390986108221114e-05,2.372912089043666e-09,1.0000001788139592,63.99999237060547,63.999996185302734,1.0000000596046519
01_person_walk,9,1946581842,diffusion_bypass_vae_direct,sender_vae_latent_pre_norm,digital_inprocess,digital_wire,True,,True,True,0.0,0.0,0.0,0.9999999676119458,61.95041275024414,61.95041275024414,1.0
01_person_walk,9,1946581842,diffusion_bypass_vae_direct,vae_decode_input,digital_inprocess,digital_wire,True,,False,True,0.0002416372299194336,3.73906186723616e-05,2.372909646553012e-09,1.000000238418604,63.999996185302734,63.999996185302734,1.0
01_person_walk,10,1623539384,baseline,channel_output,awgn,digital_inprocess,True,,False,True,1.0859631299972534,0.24644778668880463,0.09558197110891342,0.9522091660873523,63.999996185302734,63.99999237060547,0.9999999403953517
01_person_walk,10,1623539384,baseline,controlnet_input_latent,awgn,digital_inprocess,True,,False,True,2.4034647941589355,0.2633160650730133,0.16726073622703552,0.8900227638336436,55.58964920043945,56.01597213745117,1.0076691064459595
01_person_walk,10,1623539384,baseline,cur_snr,awgn,digital_inprocess,True,,False,True,0.24126720428466797,0.24126720428466797,0.0582098625600338,0.9999999804549559,9.758732795715332,10.0,1.024723210414225
01_person_walk,10,1623539384,baseline,cur_step,awgn,digital_inprocess,True,,False,True,0.004696786403656006,0.004696786403656006,2.2059803086449392e-05,1.0000000155263458,0.09560585021972656,0.09090906381607056,0.9508734413965088
01_person_walk,10,1623539384,baseline,diffusion_latent_final,awgn,digital_inprocess,True,,False,True,0.8797454833984375,0.15806111693382263,0.03996405750513077,0.9777214844043172,60.123382568359375,60.88653564453125,1.0126931161150852
01_person_walk,10,1623539384,baseline,diffusion_latent_init,awgn,digital_inprocess,True,,False,True,1.0859631299972534,0.24644778668880463,0.09558197855949402,0.952209228540567,64.0,63.99999237060547,0.9999998807907104
01_person_walk,10,1623539384,baseline,edge_mean,awgn,digital_inprocess,True,,True,True,0.0,0.0,0.0,1.0000007411417642,25.466142654418945,25.466142654418945,1.0
01_person_walk,10,1623539384,baseline,edge_post_retransmit,awgn,digital_inprocess,True,,False,True,0.618110179901123,0.01957073248922825,0.003390532685443759,0.9542559583586446,24.60796546936035,24.672027587890625,1.0026033082096948
01_person_walk,10,1623539384,baseline,edge_uncertainty_mean,awgn,digital_inprocess,True,,True,True,0.0,0.0,0.0,1.0000008714193782,23.24163246154785,23.24163246154785,1.0
01_person_walk,10,1623539384,baseline,final_reconstruction,awgn,digital_inprocess,True,,False,True,0.10093885660171509,0.007694054860621691,0.00010111545998370275,0.9997082869265929,92.14282989501953,91.97598266601562,0.9981892543435664
01_person_walk,10,1623539384,baseline,post_deserialize_latent_raw,awgn,digital_inprocess,False,missing_tensor,,,,,,,,,
01_person_walk,10,1623539384,baseline,power_scalar,awgn,digital_inprocess,True,,False,True,1.1920928955078125e-07,1.1920928955078125e-07,1.4210854715202004e-14,1.0,63.999996185302734,64.0,1.0000000596046483
01_person_walk,10,1623539384,baseline,pre_serialize_latent,awgn,digital_inprocess,False,missing_tensor,,,,,,,,,
01_person_walk,10,1623539384,baseline,receiver_post_norm_latent,awgn,digital_inprocess,True,,False,True,1.0859631299972534,0.24644778668880463,0.09558197110891342,0.9522091660873523,63.999996185302734,63.99999237060547,0.9999999403953517
01_person_walk,10,1623539384,baseline,sender_vae_latent_post_norm,awgn,digital_inprocess,True,,True,True,0.0,0.0,0.0,1.0000002384186217,63.99999237060547,63.99999237060547,1.0
01_person_walk,10,1623539384,baseline,sender_vae_latent_pre_norm,awgn,digital_inprocess,True,,True,True,0.0,0.0,0.0,0.9999999700210053,62.256465911865234,62.256465911865234,1.0
01_person_walk,10,1623539384,baseline,uncertainty_post_ablation,awgn,digital_inprocess,True,,True,True,0.0,0.0,0.0,1.0000008714193782,23.24163246154785,23.24163246154785,1.0
01_person_walk,10,1623539384,baseline,vae_decode_input,awgn,digital_inprocess,True,,False,True,0.9194559454917908,0.16708022356033325,0.0445571094751358,0.9777213957641845,64.0,64.00000762939453,1.0000001192092896
01_person_walk,10,1623539384,baseline,channel_output,awgn,digital_wire,False,missing_tensor,,,,,,,,,
01_person_walk,10,1623539384,baseline,controlnet_input_latent,awgn,digital_wire,True,,False,True,2.9577279090881348,0.3412192463874817,0.23316627740859985,0.8512504200045601,55.58964920043945,57.52314376831055,1.0347815572805559
01_person_walk,10,1623539384,baseline,cur_snr,awgn,digital_wire,True,,False,True,0.24126720428466797,0.24126720428466797,0.0582098625600338,0.9999999804549559,9.758732795715332,10.0,1.024723210414225
01_person_walk,10,1623539384,baseline,cur_step,awgn,digital_wire,True,,False,True,0.004696786403656006,0.004696786403656006,2.2059803086449392e-05,1.0000000155263458,0.09560585021972656,0.09090906381607056,0.9508734413965088
01_person_walk,10,1623539384,baseline,diffusion_latent_final,awgn,digital_wire,True,,False,True,0.8797659873962402,0.15806415677070618,0.0399654395878315,0.9777206761575097,60.123382568359375,60.886436462402344,1.0126914664718902
01_person_walk,10,1623539384,baseline,diffusion_latent_init,awgn,digital_wire,True,,False,True,1.0859475135803223,0.24644681811332703,0.09558150172233582,0.9522093534469604,64.0,64.0,1.0
01_person_walk,10,1623539384,baseline,edge_mean,awgn,digital_wire,True,,False,True,0.0018399416003376245,0.000479602487757802,5.403542218118673e-07,0.9999930430127801,25.466142654418945,25.46468734741211,0.9999428532610304
01_person_walk,10,1623539384,baseline,edge_post_retransmit,awgn,digital_wire,True,,False,True,0.6595737338066101,0.017552543431520462,0.0028751883655786514,0.9629981269277649,24.60796546936035,25.46468734741211,1.0348148195802076
01_person_walk,10,1623539384,baseline,edge_uncertainty_mean,awgn,digital_wire,True,,False,True,0.0018378025852143764,0.00038929772563278675,4.294844018204458e-07,0.9999932989650328,23.24163246154785,23.241952896118164,1.0000137870939505
01_person_walk,10,1623539384,baseline,final_reconstruction,awgn,digital_wire,True,,False,True,0.10092884302139282,0.007694263011217117,0.00010112023301189765,0.9997081750369303,92.14282989501953,91.97573852539062,0.9981866047546046
01_person_walk,10,1623539384,baseline,post_deserialize_latent_raw,awgn,digital_wire,False,missing_tensor,,,,,,,,,
01_person_walk,10,1623539384,baseline,power_scalar,awgn,digital_wire,True,,False,True,1.1920928955078125e-07,1.1920928955078125e-07,1.4210854715202004e-14,1.0,63.999996185302734,64.0,1.0000000596046483
01_person_walk,10,1623539384,baseline,pre_serialize_latent,awgn,digital_wire,False,missing_tensor,,,,,,,,,
01_person_walk,10,1623539384,baseline,receiver_post_norm_latent,awgn,digital_wire,True,,False,True,1.0859475135803223,0.24644678831100464,0.09558149427175522,0.9522092909937674,63.999996185302734,64.0,1.0000000596046483
01_person_walk,10,1623539384,baseline,sender_vae_latent_post_norm,awgn,digital_wire,True,,False,True,0.0002734661102294922,3.6741243093274534e-05,2.2882675754232196e-09,1.0000001788139592,63.99999237060547,63.999996185302734,1.0000000596046519
01_person_walk,10,1623539384,baseline,sender_vae_latent_pre_norm,awgn,digital_wire,True,,True,True,0.0,0.0,0.0,0.9999999700210053,62.256465911865234,62.256465911865234,1.0
01_person_walk,10,1623539384,baseline,uncertainty_post_ablation,awgn,digital_wire,True,,False,True,0.0018378025852143764,0.00038929772563278675,4.294844018204458e-07,0.9999932989650328,23.24163246154785,23.241952896118164,1.0000137870939505
01_person_walk,10,1623539384,baseline,vae_decode_input,awgn,digital_wire,True,,False,True,0.9194796681404114,0.16708418726921082,0.04455876350402832,0.9777206182479858,64.0,64.0,1.0
01_person_walk,10,1623539384,baseline,channel_output,digital_inprocess,digital_wire,False,missing_tensor,,,,,,,,,
01_person_walk,10,1623539384,baseline,controlnet_input_latent,digital_inprocess,digital_wire,True,,False,True,2.9747419357299805,0.35514289140701294,0.257036417722702,0.8369832842464496,56.01597213745117,57.52314376831055,1.0269061050509147
01_person_walk,10,1623539384,baseline,cur_snr,digital_inprocess,digital_wire,True,,True,True,0.0,0.0,0.0,1.0,10.0,10.0,1.0
01_person_walk,10,1623539384,baseline,cur_step,digital_inprocess,digital_wire,True,,True,True,0.0,0.0,0.0,0.9999999906866799,0.09090906381607056,0.09090906381607056,1.0
01_person_walk,10,1623539384,baseline,diffusion_latent_final,digital_inprocess,digital_wire,True,,False,True,0.0016772747039794922,4.518077548709698e-05,1.3144390464958633e-08,0.999999835529864,60.88653564453125,60.886436462402344,0.9999983710334664
01_person_walk,10,1623539384,baseline,diffusion_latent_init,digital_inprocess,digital_wire,True,,False,True,0.00027370452880859375,3.6740577343152836e-05,2.2882471473195665e-09,1.0000002384186075,63.99999237060547,64.0,1.0000001192093038
01_person_walk,10,1623539384,baseline,edge_mean,digital_inprocess,digital_wire,True,,False,True,0.0018399416003376245,0.000479602487757802,5.403542218118673e-07,0.9999930430127801,25.466142654418945,25.46468734741211,0.9999428532610304
01_person_walk,10,1623539384,baseline,edge_post_retransmit,digital_inprocess,digital_wire,True,,False,True,0.6655477285385132,0.019429225474596024,0.003264236729592085,0.957937593678808,24.672027587890625,25.46468734741211,1.0321278726159715
01_person_walk,10,1623539384,baseline,edge_uncertainty_mean,digital_inprocess,digital_wire,True,,False,True,0.0018378025852143764,0.00038929772563278675,4.294844018204458e-07,0.9999932989650328,23.24163246154785,23.241952896118164,1.0000137870939505
01_person_walk,10,1623539384,baseline,final_reconstruction,digital_inprocess,digital_wire,True,,False,True,0.00013449788093566895,9.20631100598257e-06,1.8396133227849276e-10,0.9999994982238025,91.97598266601562,91.97573852539062,0.9999973456046033
01_person_walk,10,1623539384,baseline,post_deserialize_latent_raw,digital_inprocess,digital_wire,False,missing_tensor,,,,,,,,,
01_person_walk,10,1623539384,baseline,power_scalar,digital_inprocess,digital_wire,True,,True,True,0.0,0.0,0.0,1.0,64.0,64.0,1.0
01_person_walk,10,1623539384,baseline,pre_serialize_latent,digital_inprocess,digital_wire,False,missing_tensor,,,,,,,,,
01_person_walk,10,1623539384,baseline,receiver_post_norm_latent,digital_inprocess,digital_wire,True,,False,True,0.00027370452880859375,3.6740577343152836e-05,2.2882471473195665e-09,1.0000002384186075,63.99999237060547,64.0,1.0000001192093038
01_person_walk,10,1623539384,baseline,sender_vae_latent_post_norm,digital_inprocess,digital_wire,True,,False,True,0.0002734661102294922,3.6741243093274534e-05,2.2882675754232196e-09,1.0000001788139592,63.99999237060547,63.999996185302734,1.0000000596046519
01_person_walk,10,1623539384,baseline,sender_vae_latent_pre_norm,digital_inprocess,digital_wire,True,,True,True,0.0,0.0,0.0,0.9999999700210053,62.256465911865234,62.256465911865234,1.0
01_person_walk,10,1623539384,baseline,uncertainty_post_ablation,digital_inprocess,digital_wire,True,,False,True,0.0018378025852143764,0.00038929772563278675,4.294844018204458e-07,0.9999932989650328,23.24163246154785,23.241952896118164,1.0000137870939505
01_person_walk,10,1623539384,baseline,vae_decode_input,digital_inprocess,digital_wire,True,,False,True,0.0017597675323486328,4.756178168463521e-05,1.4520321833799699e-08,0.9999998807907247,64.00000762939453,64.0,0.9999998807907247
01_person_walk,10,1623539384,diffusion_bypass_vae_direct,channel_output,awgn,digital_inprocess,True,,False,True,1.0859631299972534,0.24644778668880463,0.09558197110891342,0.9522091660873523,63.999996185302734,63.99999237060547,0.9999999403953517
01_person_walk,10,1623539384,diffusion_bypass_vae_direct,cur_snr,awgn,digital_inprocess,True,,False,True,0.24126720428466797,0.24126720428466797,0.0582098625600338,0.9999999804549559,9.758732795715332,10.0,1.024723210414225
01_person_walk,10,1623539384,diffusion_bypass_vae_direct,cur_step,awgn,digital_inprocess,True,,False,True,0.004696786403656006,0.004696786403656006,2.2059803086449392e-05,1.0000000155263458,0.09560585021972656,0.09090906381607056,0.9508734413965088
01_person_walk,10,1623539384,diffusion_bypass_vae_direct,diffusion_latent_final,awgn,digital_inprocess,True,,False,True,1.0859631299972534,0.24644778668880463,0.09558197855949402,0.952209228540567,64.0,63.99999237060547,0.9999998807907104
01_person_walk,10,1623539384,diffusion_bypass_vae_direct,diffusion_latent_init,awgn,digital_inprocess,True,,False,True,1.0859631299972534,0.24644778668880463,0.09558197855949402,0.952209228540567,64.0,63.99999237060547,0.9999998807907104
01_person_walk,10,1623539384,diffusion_bypass_vae_direct,edge_mean,awgn,digital_inprocess,True,,True,True,0.0,0.0,0.0,1.0000007411417642,25.466142654418945,25.466142654418945,1.0
01_person_walk,10,1623539384,diffusion_bypass_vae_direct,edge_uncertainty_mean,awgn,digital_inprocess,True,,True,True,0.0,0.0,0.0,1.0000008714193782,23.24163246154785,23.24163246154785,1.0
01_person_walk,10,1623539384,diffusion_bypass_vae_direct,final_reconstruction,awgn,digital_inprocess,True,,False,True,0.09736251831054688,0.008482497185468674,0.00013338505232241005,0.9996166143801651,92.41402435302734,92.29969024658203,0.9987628056753751
01_person_walk,10,1623539384,diffusion_bypass_vae_direct,post_deserialize_latent_raw,awgn,digital_inprocess,False,missing_tensor,,,,,,,,,
01_person_walk,10,1623539384,diffusion_bypass_vae_direct,power_scalar,awgn,digital_inprocess,True,,False,True,1.1920928955078125e-07,1.1920928955078125e-07,1.4210854715202004e-14,1.0,63.999996185302734,64.0,1.0000000596046483
01_person_walk,10,1623539384,diffusion_bypass_vae_direct,pre_serialize_latent,awgn,digital_inprocess,False,missing_tensor,,,,,,,,,
01_person_walk,10,1623539384,diffusion_bypass_vae_direct,receiver_post_norm_latent,awgn,digital_inprocess,True,,False,True,1.0859631299972534,0.24644778668880463,0.09558197110891342,0.9522091660873523,63.999996185302734,63.99999237060547,0.9999999403953517
01_person_walk,10,1623539384,diffusion_bypass_vae_direct,sender_vae_latent_post_norm,awgn,digital_inprocess,True,,True,True,0.0,0.0,0.0,1.0000002384186217,63.99999237060547,63.99999237060547,1.0
01_person_walk,10,1623539384,diffusion_bypass_vae_direct,sender_vae_latent_pre_norm,awgn,digital_inprocess,True,,True,True,0.0,0.0,0.0,0.9999999700210053,62.256465911865234,62.256465911865234,1.0
01_person_walk,10,1623539384,diffusion_bypass_vae_direct,vae_decode_input,awgn,digital_inprocess,True,,False,True,1.0859631299972534,0.24644778668880463,0.09558197855949402,0.952209228540567,64.0,63.99999237060547,0.9999998807907104
01_person_walk,10,1623539384,diffusion_bypass_vae_direct,channel_output,awgn,digital_wire,False,missing_tensor,,,,,,,,,
01_person_walk,10,1623539384,diffusion_bypass_vae_direct,cur_snr,awgn,digital_wire,True,,False,True,0.24126720428466797,0.24126720428466797,0.0582098625600338,0.9999999804549559,9.758732795715332,10.0,1.024723210414225
01_person_walk,10,1623539384,diffusion_bypass_vae_direct,cur_step,awgn,digital_wire,True,,False,True,0.004696786403656006,0.004696786403656006,2.2059803086449392e-05,1.0000000155263458,0.09560585021972656,0.09090906381607056,0.9508734413965088
01_person_walk,10,1623539384,diffusion_bypass_vae_direct,diffusion_latent_final,awgn,digital_wire,True,,False,True,1.0859475135803223,0.24644681811332703,0.09558150172233582,0.9522093534469604,64.0,64.0,1.0
01_person_walk,10,1623539384,diffusion_bypass_vae_direct,diffusion_latent_init,awgn,digital_wire,True,,False,True,1.0859475135803223,0.24644681811332703,0.09558150172233582,0.9522093534469604,64.0,64.0,1.0
01_person_walk,10,1623539384,diffusion_bypass_vae_direct,edge_mean,awgn,digital_wire,True,,False,True,0.0018399416003376245,0.000479602487757802,5.403542218118673e-07,0.9999930430127801,25.466142654418945,25.46468734741211,0.9999428532610304
01_person_walk,10,1623539384,diffusion_bypass_vae_direct,edge_uncertainty_mean,awgn,digital_wire,True,,False,True,0.0018378025852143764,0.00038929772563278675,4.294844018204458e-07,0.9999932989650328,23.24163246154785,23.241952896118164,1.0000137870939505
01_person_walk,10,1623539384,diffusion_bypass_vae_direct,final_reconstruction,awgn,digital_wire,True,,False,True,0.09739643335342407,0.008482390083372593,0.00013337617565412074,0.9996161634348855,92.41402435302734,92.29977416992188,0.998763713798795
01_person_walk,10,1623539384,diffusion_bypass_vae_direct,post_deserialize_latent_raw,awgn,digital_wire,False,missing_tensor,,,,,,,,,
01_person_walk,10,1623539384,diffusion_bypass_vae_direct,power_scalar,awgn,digital_wire,True,,False,True,1.1920928955078125e-07,1.1920928955078125e-07,1.4210854715202004e-14,1.0,63.999996185302734,64.0,1.0000000596046483
01_person_walk,10,1623539384,diffusion_bypass_vae_direct,pre_serialize_latent,awgn,digital_wire,False,missing_tensor,,,,,,,,,
01_person_walk,10,1623539384,diffusion_bypass_vae_direct,receiver_post_norm_latent,awgn,digital_wire,True,,False,True,1.0859475135803223,0.24644678831100464,0.09558149427175522,0.9522092909937674,63.999996185302734,64.0,1.0000000596046483
01_person_walk,10,1623539384,diffusion_bypass_vae_direct,sender_vae_latent_post_norm,awgn,digital_wire,True,,False,True,0.0002734661102294922,3.6741243093274534e-05,2.2882675754232196e-09,1.0000001788139592,63.99999237060547,63.999996185302734,1.0000000596046519
01_person_walk,10,1623539384,diffusion_bypass_vae_direct,sender_vae_latent_pre_norm,awgn,digital_wire,True,,True,True,0.0,0.0,0.0,0.9999999700210053,62.256465911865234,62.256465911865234,1.0
01_person_walk,10,1623539384,diffusion_bypass_vae_direct,vae_decode_input,awgn,digital_wire,True,,False,True,1.0859475135803223,0.24644681811332703,0.09558150172233582,0.9522093534469604,64.0,64.0,1.0
01_person_walk,10,1623539384,diffusion_bypass_vae_direct,channel_output,digital_inprocess,digital_wire,False,missing_tensor,,,,,,,,,
01_person_walk,10,1623539384,diffusion_bypass_vae_direct,cur_snr,digital_inprocess,digital_wire,True,,True,True,0.0,0.0,0.0,1.0,10.0,10.0,1.0
01_person_walk,10,1623539384,diffusion_bypass_vae_direct,cur_step,digital_inprocess,digital_wire,True,,True,True,0.0,0.0,0.0,0.9999999906866799,0.09090906381607056,0.09090906381607056,1.0
01_person_walk,10,1623539384,diffusion_bypass_vae_direct,diffusion_latent_final,digital_inprocess,digital_wire,True,,False,True,0.00027370452880859375,3.6740577343152836e-05,2.2882471473195665e-09,1.0000002384186075,63.99999237060547,64.0,1.0000001192093038
01_person_walk,10,1623539384,diffusion_bypass_vae_direct,diffusion_latent_init,digital_inprocess,digital_wire,True,,False,True,0.00027370452880859375,3.6740577343152836e-05,2.2882471473195665e-09,1.0000002384186075,63.99999237060547,64.0,1.0000001192093038
01_person_walk,10,1623539384,diffusion_bypass_vae_direct,edge_mean,digital_inprocess,digital_wire,True,,False,True,0.0018399416003376245,0.000479602487757802,5.403542218118673e-07,0.9999930430127801,25.466142654418945,25.46468734741211,0.9999428532610304
01_person_walk,10,1623539384,diffusion_bypass_vae_direct,edge_uncertainty_mean,digital_inprocess,digital_wire,True,,False,True,0.0018378025852143764,0.00038929772563278675,4.294844018204458e-07,0.9999932989650328,23.24163246154785,23.241952896118164,1.0000137870939505
01_person_walk,10,1623539384,diffusion_bypass_vae_direct,final_reconstruction,digital_inprocess,digital_wire,True,,False,True,0.00011235475540161133,8.78827540873317e-06,1.6173377914707743e-10,0.9999992733256897,92.29969024658203,92.29977416992188,1.0000009092483368
01_person_walk,10,1623539384,diffusion_bypass_vae_direct,post_deserialize_latent_raw,digital_inprocess,digital_wire,False,missing_tensor,,,,,,,,,
01_person_walk,10,1623539384,diffusion_bypass_vae_direct,power_scalar,digital_inprocess,digital_wire,True,,True,True,0.0,0.0,0.0,1.0,64.0,64.0,1.0
01_person_walk,10,1623539384,diffusion_bypass_vae_direct,pre_serialize_latent,digital_inprocess,digital_wire,False,missing_tensor,,,,,,,,,
01_person_walk,10,1623539384,diffusion_bypass_vae_direct,receiver_post_norm_latent,digital_inprocess,digital_wire,True,,False,True,0.00027370452880859375,3.6740577343152836e-05,2.2882471473195665e-09,1.0000002384186075,63.99999237060547,64.0,1.0000001192093038
01_person_walk,10,1623539384,diffusion_bypass_vae_direct,sender_vae_latent_post_norm,digital_inprocess,digital_wire,True,,False,True,0.0002734661102294922,3.6741243093274534e-05,2.2882675754232196e-09,1.0000001788139592,63.99999237060547,63.999996185302734,1.0000000596046519
01_person_walk,10,1623539384,diffusion_bypass_vae_direct,sender_vae_latent_pre_norm,digital_inprocess,digital_wire,True,,True,True,0.0,0.0,0.0,0.9999999700210053,62.256465911865234,62.256465911865234,1.0
01_person_walk,10,1623539384,diffusion_bypass_vae_direct,vae_decode_input,digital_inprocess,digital_wire,True,,False,True,0.00027370452880859375,3.6740577343152836e-05,2.2882471473195665e-09,1.0000002384186075,63.99999237060547,64.0,1.0000001192093038
01_person_walk,11,398593582,baseline,channel_output,awgn,digital_inprocess,True,,False,True,1.1887876987457275,0.24912358820438385,0.09899269044399261,0.9505035936232098,64.00000762939453,64.0,0.9999998807907247
01_person_walk,11,398593582,baseline,controlnet_input_latent,awgn,digital_inprocess,True,,False,True,3.1291282176971436,0.26182153820991516,0.15299120545387268,0.9021549663657993,56.5522575378418,56.624446868896484,1.001276506618792
01_person_walk,11,398593582,baseline,cur_snr,awgn,digital_inprocess,True,,False,True,0.22314453125,0.22314453125,0.04979348182678223,1.0,9.77685546875,10.0,1.0228237526844128
01_person_walk,11,398593582,baseline,cur_step,awgn,digital_inprocess,True,,False,True,0.00433659553527832,0.00433659553527832,1.8806060325005092e-05,1.000000043792366,0.09524565935134888,0.09090906381607056,0.9544693630679674
01_person_walk,11,398593582,baseline,diffusion_latent_final,awgn,digital_inprocess,True,,False,True,0.9687542915344238,0.16181844472885132,0.042729347944259644,0.9764366565795414,60.634281158447266,61.15460205078125,1.0085812989350744
01_person_walk,11,398593582,baseline,diffusion_latent_init,awgn,digital_inprocess,True,,False,True,1.1887876987457275,0.24912358820438385,0.09899269044399261,0.9505035936232098,64.00000762939453,64.0,0.9999998807907247
01_person_walk,11,398593582,baseline,edge_mean,awgn,digital_inprocess,True,,True,True,0.0,0.0,0.0,1.0000010312969991,26.09943389892578,26.09943389892578,1.0
01_person_walk,11,398593582,baseline,edge_post_retransmit,awgn,digital_inprocess,True,,False,True,0.56448894739151,0.020088862627744675,0.0034199890214949846,0.9567533283278834,25.21583366394043,25.616859436035156,1.0159037284842265
01_person_walk,11,398593582,baseline,edge_uncertainty_mean,awgn,digital_inprocess,True,,True,True,0.0,0.0,0.0,1.0000010460181659,23.10204315185547,23.10204315185547,1.0
01_person_walk,11,398593582,baseline,final_reconstruction,awgn,digital_inprocess,True,,False,True,0.11077648401260376,0.006328729912638664,0.00010019226465374231,0.9997562017975158,92.32752227783203,93.18130493164062,1.009247325529211
01_person_walk,11,398593582,baseline,post_deserialize_latent_raw,awgn,digital_inprocess,False,missing_tensor,,,,,,,,,
01_person_walk,11,398593582,baseline,power_scalar,awgn,digital_inprocess,True,,True,True,0.0,0.0,0.0,1.0,64.0,64.0,1.0
01_person_walk,11,398593582,baseline,pre_serialize_latent,awgn,digital_inprocess,False,missing_tensor,,,,,,,,,
01_person_walk,11,398593582,baseline,receiver_post_norm_latent,awgn,digital_inprocess,True,,False,True,1.1887876987457275,0.24912358820438385,0.09899269044399261,0.9505035936232098,64.00000762939453,64.0,0.9999998807907247
01_person_walk,11,398593582,baseline,sender_vae_latent_post_norm,awgn,digital_inprocess,True,,True,True,0.0,0.0,0.0,1.0,64.0,64.0,1.0
01_person_walk,11,398593582,baseline,sender_vae_latent_pre_norm,awgn,digital_inprocess,True,,True,True,0.0,0.0,0.0,1.000000006111487,62.381103515625,62.381103515625,1.0
01_person_walk,11,398593582,baseline,uncertainty_post_ablation,awgn,digital_inprocess,True,,True,True,0.0,0.0,0.0,1.0000010460181659,23.10204315185547,23.10204315185547,1.0
01_person_walk,11,398593582,baseline,vae_decode_input,awgn,digital_inprocess,True,,False,True,0.9797134399414062,0.16993743181228638,0.0471266433596611,0.9764366731903954,64.0,63.999996185302734,0.9999999403953552
01_person_walk,11,398593582,baseline,channel_output,awgn,digital_wire,False,missing_tensor,,,,,,,,,
01_person_walk,11,398593582,baseline,controlnet_input_latent,awgn,digital_wire,True,,False,True,3.078282117843628,0.3481186628341675,0.2360258400440216,0.8534282029710147,56.5522575378418,58.16028594970703,1.0284343805512843
01_person_walk,11,398593582,baseline,cur_snr,awgn,digital_wire,True,,False,True,0.22314453125,0.22314453125,0.04979348182678223,1.0,9.77685546875,10.0,1.0228237526844128
01_person_walk,11,398593582,baseline,cur_step,awgn,digital_wire,True,,False,True,0.00433659553527832,0.00433659553527832,1.8806060325005092e-05,1.000000043792366,0.09524565935134888,0.09090906381607056,0.9544693630679674
01_person_walk,11,398593582,baseline,diffusion_latent_final,awgn,digital_wire,True,,False,True,0.9687595367431641,0.16182099282741547,0.04273078218102455,0.9764359155922915,60.634281158447266,61.15479278564453,1.008584444595576
01_person_walk,11,398593582,baseline,diffusion_latent_init,awgn,digital_wire,True,,False,True,1.1888045072555542,0.24912308156490326,0.09899313747882843,0.9505034148092968,64.00000762939453,64.0,0.9999998807907247
01_person_walk,11,398593582,baseline,edge_mean,awgn,digital_wire,True,,False,True,0.0018632713472470641,0.0004991722526028752,5.680829531229392e-07,0.9999930115637979,26.09943389892578,26.098859786987305,0.9999780028968942
01_person_walk,11,398593582,baseline,edge_post_retransmit,awgn,digital_wire,True,,False,True,0.7729427814483643,0.020867327228188515,0.0037759877741336823,0.9535894627142244,25.21583366394043,26.098859786987305,1.0350187162088413
01_person_walk,11,398593582,baseline,edge_uncertainty_mean,awgn,digital_wire,True,,False,True,0.0018379947869107127,0.0004115731571801007,4.553230610326864e-07,0.9999926859890348,23.10204315185547,23.10210418701172,1.000002641980878
01_person_walk,11,398593582,baseline,final_reconstruction,awgn,digital_wire,True,,False,True,0.11080163717269897,0.006330559030175209,0.00010023530194303021,0.9997563580909594,92.32752227783203,93.18199920654297,1.0092548452252368
01_person_walk,11,398593582,baseline,post_deserialize_latent_raw,awgn,digital_wire,False,missing_tensor,,,,,,,,,
01_person_walk,11,398593582,baseline,power_scalar,awgn,digital_wire,True,,True,True,0.0,0.0,0.0,1.0,64.0,64.0,1.0
01_person_walk,11,398593582,baseline,pre_serialize_latent,awgn,digital_wire,False,missing_tensor,,,,,,,,,
01_person_walk,11,398593582,baseline,receiver_post_norm_latent,awgn,digital_wire,True,,False,True,1.1888045072555542,0.24912308156490326,0.09899313747882843,0.9505034148092968,64.00000762939453,64.0,0.9999998807907247
01_person_walk,11,398593582,baseline,sender_vae_latent_post_norm,awgn,digital_wire,True,,False,True,0.00021922588348388672,3.6906687455484644e-05,2.2778681163515557e-09,1.0,64.0,64.0,1.0
01_person_walk,11,398593582,baseline,sender_vae_latent_pre_norm,awgn,digital_wire,True,,True,True,0.0,0.0,0.0,1.000000006111487,62.381103515625,62.381103515625,1.0
01_person_walk,11,398593582,baseline,uncertainty_post_ablation,awgn,digital_wire,True,,False,True,0.0018379947869107127,0.0004115731571801007,4.553230610326864e-07,0.9999926859890348,23.10204315185547,23.10210418701172,1.000002641980878
01_person_walk,11,398593582,baseline,vae_decode_input,awgn,digital_wire,True,,False,True,0.979703426361084,0.16993972659111023,0.04712802544236183,0.9764358997344971,64.0,64.0,1.0
01_person_walk,11,398593582,baseline,channel_output,digital_inprocess,digital_wire,False,missing_tensor,,,,,,,,,
01_person_walk,11,398593582,baseline,controlnet_input_latent,digital_inprocess,digital_wire,True,,False,True,3.8855390548706055,0.34992843866348267,0.24537542462348938,0.8477664968850853,56.624446868896484,58.16028594970703,1.0271232509231658
01_person_walk,11,398593582,baseline,cur_snr,digital_inprocess,digital_wire,True,,True,True,0.0,0.0,0.0,1.0,10.0,10.0,1.0
01_person_walk,11,398593582,baseline,cur_step,digital_inprocess,digital_wire,True,,True,True,0.0,0.0,0.0,0.9999999906866799,0.09090906381607056,0.09090906381607056,1.0
01_person_walk,11,398593582,baseline,diffusion_latent_final,digital_inprocess,digital_wire,True,,False,True,0.001870870590209961,4.009106123703532e-05,1.0525143423478767e-08,0.999999857769057,61.15460205078125,61.15479278564453,1.0000031188963199
01_person_walk,11,398593582,baseline,diffusion_latent_init,digital_inprocess,digital_wire,True,,False,True,0.00021922588348388672,3.6906687455484644e-05,2.2778681163515557e-09,1.0,64.0,64.0,1.0
01_person_walk,11,398593582,baseline,edge_mean,digital_inprocess,digital_wire,True,,False,True,0.0018632713472470641,0.0004991722526028752,5.680829531229392e-07,0.9999930115637979,26.09943389892578,26.098859786987305,0.9999780028968942
01_person_walk,11,398593582,baseline,edge_post_retransmit,digital_inprocess,digital_wire,True,,False,True,0.7336887121200562,0.021376337856054306,0.003931501880288124,0.9520010162274354,25.616859436035156,26.098859786987305,1.0188157471900758
01_person_walk,11,398593582,baseline,edge_uncertainty_mean,digital_inprocess,digital_wire,True,,False,True,0.0018379947869107127,0.0004115731571801007,4.553230610326864e-07,0.9999926859890348,23.10204315185547,23.10210418701172,1.000002641980878
01_person_walk,11,398593582,baseline,final_reconstruction,digital_inprocess,digital_wire,True,,False,True,0.0002962350845336914,1.0517768714635167e-05,2.629053086344868e-10,1.0000002284304133,93.18130493164062,93.18199920654297,1.000007450796089
01_person_walk,11,398593582,baseline,post_deserialize_latent_raw,digital_inprocess,digital_wire,False,missing_tensor,,,,,,,,,
01_person_walk,11,398593582,baseline,power_scalar,digital_inprocess,digital_wire,True,,True,True,0.0,0.0,0.0,1.0,64.0,64.0,1.0
01_person_walk,11,398593582,baseline,pre_serialize_latent,digital_inprocess,digital_wire,False,missing_tensor,,,,,,,,,
01_person_walk,11,398593582,baseline,receiver_post_norm_latent,digital_inprocess,digital_wire,True,,False,True,0.00021922588348388672,3.6906687455484644e-05,2.2778681163515557e-09,1.0,64.0,64.0,1.0
01_person_walk,11,398593582,baseline,sender_vae_latent_post_norm,digital_inprocess,digital_wire,True,,False,True,0.00021922588348388672,3.6906687455484644e-05,2.2778681163515557e-09,1.0,64.0,64.0,1.0
01_person_walk,11,398593582,baseline,sender_vae_latent_pre_norm,digital_inprocess,digital_wire,True,,True,True,0.0,0.0,0.0,1.000000006111487,62.381103515625,62.381103515625,1.0
01_person_walk,11,398593582,baseline,uncertainty_post_ablation,digital_inprocess,digital_wire,True,,False,True,0.0018379947869107127,0.0004115731571801007,4.553230610326864e-07,0.9999926859890348,23.10204315185547,23.10210418701172,1.000002641980878
01_person_walk,11,398593582,baseline,vae_decode_input,digital_inprocess,digital_wire,True,,False,True,0.0019478797912597656,4.216366869513877e-05,1.1517639286751091e-08,1.0000000596046483,63.999996185302734,64.0,1.0000000596046483
01_person_walk,11,398593582,diffusion_bypass_vae_direct,channel_output,awgn,digital_inprocess,True,,False,True,1.1887876987457275,0.24912358820438385,0.09899269044399261,0.9505035936232098,64.00000762939453,64.0,0.9999998807907247
01_person_walk,11,398593582,diffusion_bypass_vae_direct,cur_snr,awgn,digital_inprocess,True,,False,True,0.22314453125,0.22314453125,0.04979348182678223,1.0,9.77685546875,10.0,1.0228237526844128
01_person_walk,11,398593582,diffusion_bypass_vae_direct,cur_step,awgn,digital_inprocess,True,,False,True,0.00433659553527832,0.00433659553527832,1.8806060325005092e-05,1.000000043792366,0.09524565935134888,0.09090906381607056,0.9544693630679674
01_person_walk,11,398593582,diffusion_bypass_vae_direct,diffusion_latent_final,awgn,digital_inprocess,True,,False,True,1.1887876987457275,0.24912358820438385,0.09899269044399261,0.9505035936232098,64.00000762939453,64.0,0.9999998807907247
01_person_walk,11,398593582,diffusion_bypass_vae_direct,diffusion_latent_init,awgn,digital_inprocess,True,,False,True,1.1887876987457275,0.24912358820438385,0.09899269044399261,0.9505035936232098,64.00000762939453,64.0,0.9999998807907247
01_person_walk,11,398593582,diffusion_bypass_vae_direct,edge_mean,awgn,digital_inprocess,True,,True,True,0.0,0.0,0.0,1.0000010312969991,26.09943389892578,26.09943389892578,1.0
01_person_walk,11,398593582,diffusion_bypass_vae_direct,edge_uncertainty_mean,awgn,digital_inprocess,True,,True,True,0.0,0.0,0.0,1.0000010460181659,23.10204315185547,23.10204315185547,1.0
01_person_walk,11,398593582,diffusion_bypass_vae_direct,final_reconstruction,awgn,digital_inprocess,True,,False,True,0.11577066779136658,0.008722194470465183,0.0001529903820483014,0.9996002648579385,92.60701751708984,93.3888931274414,1.0084429412728606
01_person_walk,11,398593582,diffusion_bypass_vae_direct,post_deserialize_latent_raw,awgn,digital_inprocess,False,missing_tensor,,,,,,,,,
01_person_walk,11,398593582,diffusion_bypass_vae_direct,power_scalar,awgn,digital_inprocess,True,,True,True,0.0,0.0,0.0,1.0,64.0,64.0,1.0
01_person_walk,11,398593582,diffusion_bypass_vae_direct,pre_serialize_latent,awgn,digital_inprocess,False,missing_tensor,,,,,,,,,
01_person_walk,11,398593582,diffusion_bypass_vae_direct,receiver_post_norm_latent,awgn,digital_inprocess,True,,False,True,1.1887876987457275,0.24912358820438385,0.09899269044399261,0.9505035936232098,64.00000762939453,64.0,0.9999998807907247
01_person_walk,11,398593582,diffusion_bypass_vae_direct,sender_vae_latent_post_norm,awgn,digital_inprocess,True,,True,True,0.0,0.0,0.0,1.0,64.0,64.0,1.0
01_person_walk,11,398593582,diffusion_bypass_vae_direct,sender_vae_latent_pre_norm,awgn,digital_inprocess,True,,True,True,0.0,0.0,0.0,1.000000006111487,62.381103515625,62.381103515625,1.0
01_person_walk,11,398593582,diffusion_bypass_vae_direct,vae_decode_input,awgn,digital_inprocess,True,,False,True,1.1887876987457275,0.24912358820438385,0.09899269044399261,0.9505035936232098,64.00000762939453,64.0,0.9999998807907247
01_person_walk,11,398593582,diffusion_bypass_vae_direct,channel_output,awgn,digital_wire,False,missing_tensor,,,,,,,,,
01_person_walk,11,398593582,diffusion_bypass_vae_direct,cur_snr,awgn,digital_wire,True,,False,True,0.22314453125,0.22314453125,0.04979348182678223,1.0,9.77685546875,10.0,1.0228237526844128
01_person_walk,11,398593582,diffusion_bypass_vae_direct,cur_step,awgn,digital_wire,True,,False,True,0.00433659553527832,0.00433659553527832,1.8806060325005092e-05,1.000000043792366,0.09524565935134888,0.09090906381607056,0.9544693630679674
01_person_walk,11,398593582,diffusion_bypass_vae_direct,diffusion_latent_final,awgn,digital_wire,True,,False,True,1.1888045072555542,0.24912308156490326,0.09899313747882843,0.9505034148092968,64.00000762939453,64.0,0.9999998807907247
01_person_walk,11,398593582,diffusion_bypass_vae_direct,diffusion_latent_init,awgn,digital_wire,True,,False,True,1.1888045072555542,0.24912308156490326,0.09899313747882843,0.9505034148092968,64.00000762939453,64.0,0.9999998807907247
01_person_walk,11,398593582,diffusion_bypass_vae_direct,edge_mean,awgn,digital_wire,True,,False,True,0.0018632713472470641,0.0004991722526028752,5.680829531229392e-07,0.9999930115637979,26.09943389892578,26.098859786987305,0.9999780028968942
01_person_walk,11,398593582,diffusion_bypass_vae_direct,edge_uncertainty_mean,awgn,digital_wire,True,,False,True,0.0018379947869107127,0.0004115731571801007,4.553230610326864e-07,0.9999926859890348,23.10204315185547,23.10210418701172,1.000002641980878
01_person_walk,11,398593582,diffusion_bypass_vae_direct,final_reconstruction,awgn,digital_wire,True,,False,True,0.11572596430778503,0.008722546510398388,0.00015299870574381202,0.9996003233807601,92.60701751708984,93.3891830444336,1.00844607188866
01_person_walk,11,398593582,diffusion_bypass_vae_direct,post_deserialize_latent_raw,awgn,digital_wire,False,missing_tensor,,,,,,,,,
01_person_walk,11,398593582,diffusion_bypass_vae_direct,power_scalar,awgn,digital_wire,True,,True,True,0.0,0.0,0.0,1.0,64.0,64.0,1.0
01_person_walk,11,398593582,diffusion_bypass_vae_direct,pre_serialize_latent,awgn,digital_wire,False,missing_tensor,,,,,,,,,
01_person_walk,11,398593582,diffusion_bypass_vae_direct,receiver_post_norm_latent,awgn,digital_wire,True,,False,True,1.1888045072555542,0.24912308156490326,0.09899313747882843,0.9505034148092968,64.00000762939453,64.0,0.9999998807907247
01_person_walk,11,398593582,diffusion_bypass_vae_direct,sender_vae_latent_post_norm,awgn,digital_wire,True,,False,True,0.00021922588348388672,3.6906687455484644e-05,2.2778681163515557e-09,1.0,64.0,64.0,1.0
01_person_walk,11,398593582,diffusion_bypass_vae_direct,sender_vae_latent_pre_norm,awgn,digital_wire,True,,True,True,0.0,0.0,0.0,1.000000006111487,62.381103515625,62.381103515625,1.0
01_person_walk,11,398593582,diffusion_bypass_vae_direct,vae_decode_input,awgn,digital_wire,True,,False,True,1.1888045072555542,0.24912308156490326,0.09899313747882843,0.9505034148092968,64.00000762939453,64.0,0.9999998807907247
01_person_walk,11,398593582,diffusion_bypass_vae_direct,channel_output,digital_inprocess,digital_wire,False,missing_tensor,,,,,,,,,
01_person_walk,11,398593582,diffusion_bypass_vae_direct,cur_snr,digital_inprocess,digital_wire,True,,True,True,0.0,0.0,0.0,1.0,10.0,10.0,1.0
01_person_walk,11,398593582,diffusion_bypass_vae_direct,cur_step,digital_inprocess,digital_wire,True,,True,True,0.0,0.0,0.0,0.9999999906866799,0.09090906381607056,0.09090906381607056,1.0
01_person_walk,11,398593582,diffusion_bypass_vae_direct,diffusion_latent_final,digital_inprocess,digital_wire,True,,False,True,0.00021922588348388672,3.6906687455484644e-05,2.2778681163515557e-09,1.0,64.0,64.0,1.0
01_person_walk,11,398593582,diffusion_bypass_vae_direct,diffusion_latent_init,digital_inprocess,digital_wire,True,,False,True,0.00021922588348388672,3.6906687455484644e-05,2.2778681163515557e-09,1.0,64.0,64.0,1.0
01_person_walk,11,398593582,diffusion_bypass_vae_direct,edge_mean,digital_inprocess,digital_wire,True,,False,True,0.0018632713472470641,0.0004991722526028752,5.680829531229392e-07,0.9999930115637979,26.09943389892578,26.098859786987305,0.9999780028968942
01_person_walk,11,398593582,diffusion_bypass_vae_direct,edge_uncertainty_mean,digital_inprocess,digital_wire,True,,False,True,0.0018379947869107127,0.0004115731571801007,4.553230610326864e-07,0.9999926859890348,23.10204315185547,23.10210418701172,1.000002641980878
01_person_walk,11,398593582,diffusion_bypass_vae_direct,final_reconstruction,digital_inprocess,digital_wire,True,,False,True,0.00019919872283935547,8.80040261108661e-06,1.6075747677479768e-10,0.9999996939784593,93.3888931274414,93.3891830444336,1.0000031044054862
01_person_walk,11,398593582,diffusion_bypass_vae_direct,post_deserialize_latent_raw,digital_inprocess,digital_wire,False,missing_tensor,,,,,,,,,
01_person_walk,11,398593582,diffusion_bypass_vae_direct,power_scalar,digital_inprocess,digital_wire,True,,True,True,0.0,0.0,0.0,1.0,64.0,64.0,1.0
01_person_walk,11,398593582,diffusion_bypass_vae_direct,pre_serialize_latent,digital_inprocess,digital_wire,False,missing_tensor,,,,,,,,,
01_person_walk,11,398593582,diffusion_bypass_vae_direct,receiver_post_norm_latent,digital_inprocess,digital_wire,True,,False,True,0.00021922588348388672,3.6906687455484644e-05,2.2778681163515557e-09,1.0,64.0,64.0,1.0
01_person_walk,11,398593582,diffusion_bypass_vae_direct,sender_vae_latent_post_norm,digital_inprocess,digital_wire,True,,False,True,0.00021922588348388672,3.6906687455484644e-05,2.2778681163515557e-09,1.0,64.0,64.0,1.0
01_person_walk,11,398593582,diffusion_bypass_vae_direct,sender_vae_latent_pre_norm,digital_inprocess,digital_wire,True,,True,True,0.0,0.0,0.0,1.000000006111487,62.381103515625,62.381103515625,1.0
01_person_walk,11,398593582,diffusion_bypass_vae_direct,vae_decode_input,digital_inprocess,digital_wire,True,,False,True,0.00021922588348388672,3.6906687455484644e-05,2.2778681163515557e-09,1.0,64.0,64.0,1.0
01_person_walk,12,2395692948,baseline,channel_output,awgn,digital_inprocess,True,,False,True,1.2315468788146973,0.23788005113601685,0.08958139270544052,0.9552094882976399,63.99999237060547,64.0,1.0000001192093038
01_person_walk,12,2395692948,baseline,controlnet_input_latent,awgn,digital_inprocess,True,,False,True,2.4622769355773926,0.27208012342453003,0.15308445692062378,0.9022862519218556,56.85963821411133,56.4107666015625,0.9921056196161757
01_person_walk,12,2395692948,baseline,cur_snr,awgn,digital_inprocess,True,,False,True,1.397409439086914,1.397409439086914,1.9527531862258911,0.9999999665301376,11.397409439086914,10.0,0.8773923630141285
01_person_walk,12,2395692948,baseline,cur_step,awgn,digital_inprocess,True,,False,True,0.023321449756622314,0.023321449756622314,0.000543889997061342,0.9999999879847876,0.06758761405944824,0.09090906381607056,1.3450550826680965
01_person_walk,12,2395692948,baseline,diffusion_latent_final,awgn,digital_inprocess,True,,False,True,0.8723478317260742,0.15335050225257874,0.0383867509663105,0.9787174606856949,60.54356384277344,60.94870376586914,1.0066917091988146
01_person_walk,12,2395692948,baseline,diffusion_latent_init,awgn,digital_inprocess,True,,False,True,1.2315471172332764,0.23788005113601685,0.08958140760660172,0.9552094313627143,63.999996185302734,64.0,1.0000000596046483
01_person_walk,12,2395692948,baseline,edge_mean,awgn,digital_inprocess,True,,True,True,0.0,0.0,0.0,1.0000012212763971,25.684663772583008,25.684663772583008,1.0
01_person_walk,12,2395692948,baseline,edge_post_retransmit,awgn,digital_inprocess,True,,False,True,0.5428257584571838,0.019310923293232918,0.002894827863201499,0.9619755677675152,25.0689754486084,24.85240936279297,0.9913611911958911
01_person_walk,12,2395692948,baseline,edge_uncertainty_mean,awgn,digital_inprocess,True,,True,True,0.0,0.0,0.0,1.0000009317184666,22.337196350097656,22.337196350097656,1.0
01_person_walk,12,2395692948,baseline,final_reconstruction,awgn,digital_inprocess,True,,False,True,0.08303326368331909,0.00737081840634346,0.00010280233254889026,0.9997159248103976,93.49065399169922,93.74881744384766,1.0027613824604473
01_person_walk,12,2395692948,baseline,post_deserialize_latent_raw,awgn,digital_inprocess,False,missing_tensor,,,,,,,,,
01_person_walk,12,2395692948,baseline,power_scalar,awgn,digital_inprocess,True,,False,True,5.960464477539063e-08,5.960464477539063e-08,3.552713678800501e-15,1.0,63.999996185302734,64.0,1.0000000596046483
01_person_walk,12,2395692948,baseline,pre_serialize_latent,awgn,digital_inprocess,False,missing_tensor,,,,,,,,,
01_person_walk,12,2395692948,baseline,receiver_post_norm_latent,awgn,digital_inprocess,True,,False,True,1.2315468788146973,0.23788005113601685,0.08958139270544052,0.9552094882976399,63.99999237060547,64.0,1.0000001192093038
01_person_walk,12,2395692948,baseline,sender_vae_latent_post_norm,awgn,digital_inprocess,True,,True,True,0.0,0.0,0.0,1.0,64.0,64.0,1.0
01_person_walk,12,2395692948,baseline,sender_vae_latent_pre_norm,awgn,digital_inprocess,True,,True,True,0.0,0.0,0.0,0.9999999051178119,62.19698715209961,62.19698715209961,1.0
01_person_walk,12,2395692948,baseline,uncertainty_post_ablation,awgn,digital_inprocess,True,,True,True,0.0,0.0,0.0,1.0000009317184666,22.337196350097656,22.337196350097656,1.0
01_person_walk,12,2395692948,baseline,vae_decode_input,awgn,digital_inprocess,True,,False,True,0.9226908087730408,0.16142340004444122,0.0425652451813221,0.978717385454022,63.999996185302734,64.0,1.0000000596046483
01_person_walk,12,2395692948,baseline,channel_output,awgn,digital_wire,False,missing_tensor,,,,,,,,,
01_person_walk,12,2395692948,baseline,controlnet_input_latent,awgn,digital_wire,True,,False,True,2.8666186332702637,0.35806649923324585,0.25077199935913086,0.8438642727757723,56.85963821411133,57.80008316040039,1.0165397631048532
01_person_walk,12,2395692948,baseline,cur_snr,awgn,digital_wire,True,,False,True,1.397409439086914,1.397409439086914,1.9527531862258911,0.9999999665301376,11.397409439086914,10.0,0.8773923630141285
01_person_walk,12,2395692948,baseline,cur_step,awgn,digital_wire,True,,False,True,0.023321449756622314,0.023321449756622314,0.000543889997061342,0.9999999879847876,0.06758761405944824,0.09090906381607056,1.3450550826680965
01_person_walk,12,2395692948,baseline,diffusion_latent_final,awgn,digital_wire,True,,False,True,0.8723031282424927,0.15334844589233398,0.03838614374399185,0.9787176001910521,60.54356384277344,60.94855499267578,1.0066892519071733
01_person_walk,12,2395692948,baseline,diffusion_latent_init,awgn,digital_wire,True,,False,True,1.231544017791748,0.23788005113601685,0.08958131074905396,0.9552094313627143,63.999996185302734,64.0,1.0000000596046483
01_person_walk,12,2395692948,baseline,edge_mean,awgn,digital_wire,True,,False,True,0.0018461588770151138,0.0005023367702960968,5.671262783835118e-07,0.9999931086485455,25.684663772583008,25.685014724731445,1.0000136638794086
01_person_walk,12,2395692948,baseline,edge_post_retransmit,awgn,digital_wire,True,,False,True,0.761967658996582,0.021633237600326538,0.003941696137189865,0.9501464432953146,25.0689754486084,25.685014724731445,1.0245737715682053
01_person_walk,12,2395692948,baseline,edge_uncertainty_mean,awgn,digital_wire,True,,False,True,0.0018538683652877808,0.00041352451080456376,4.59943038322308e-07,0.9999927304910465,22.337196350097656,22.33928680419922,1.0000935862347629
01_person_walk,12,2395692948,baseline,final_reconstruction,awgn,digital_wire,True,,False,True,0.08302873373031616,0.007370909210294485,0.00010280147398589179,0.9997158522820715,93.49065399169922,93.74885559082031,1.0027617904902453
01_person_walk,12,2395692948,baseline,post_deserialize_latent_raw,awgn,digital_wire,False,missing_tensor,,,,,,,,,
01_person_walk,12,2395692948,baseline,power_scalar,awgn,digital_wire,True,,False,True,5.960464477539063e-08,5.960464477539063e-08,3.552713678800501e-15,1.0,63.999996185302734,64.0,1.0000000596046483
01_person_walk,12,2395692948,baseline,pre_serialize_latent,awgn,digital_wire,False,missing_tensor,,,,,,,,,
01_person_walk,12,2395692948,baseline,receiver_post_norm_latent,awgn,digital_wire,True,,False,True,1.231543779373169,0.23788002133369446,0.08958129584789276,0.955209428692988,63.99999237060547,64.0,1.0000001192093038
01_person_walk,12,2395692948,baseline,sender_vae_latent_post_norm,awgn,digital_wire,True,,False,True,0.0001996755599975586,3.305868085590191e-05,1.8416110858510137e-09,1.0,64.0,64.0,1.0
01_person_walk,12,2395692948,baseline,sender_vae_latent_pre_norm,awgn,digital_wire,True,,True,True,0.0,0.0,0.0,0.9999999051178119,62.19698715209961,62.19698715209961,1.0
01_person_walk,12,2395692948,baseline,uncertainty_post_ablation,awgn,digital_wire,True,,False,True,0.0018538683652877808,0.00041352451080456376,4.59943038322308e-07,0.9999927304910465,22.337196350097656,22.33928680419922,1.0000935862347629
01_person_walk,12,2395692948,baseline,vae_decode_input,awgn,digital_wire,True,,False,True,0.9226436614990234,0.1614217907190323,0.042564719915390015,0.978717743081912,63.999996185302734,64.0,1.0000000596046483
01_person_walk,12,2395692948,baseline,channel_output,digital_inprocess,digital_wire,False,missing_tensor,,,,,,,,,
01_person_walk,12,2395692948,baseline,controlnet_input_latent,digital_inprocess,digital_wire,True,,False,True,2.71859073638916,0.3517044186592102,0.24387237429618835,0.8471158472958348,56.4107666015625,57.80008316040039,1.024628570794842
01_person_walk,12,2395692948,baseline,cur_snr,digital_inprocess,digital_wire,True,,True,True,0.0,0.0,0.0,1.0,10.0,10.0,1.0
01_person_walk,12,2395692948,baseline,cur_step,digital_inprocess,digital_wire,True,,True,True,0.0,0.0,0.0,0.9999999906866799,0.09090906381607056,0.09090906381607056,1.0
01_person_walk,12,2395692948,baseline,diffusion_latent_final,digital_inprocess,digital_wire,True,,False,True,0.0013155937194824219,3.857679257635027e-05,8.688822106250882e-09,1.0000001121580198,60.94870376586914,60.94855499267578,0.9999975590425363
01_person_walk,12,2395692948,baseline,diffusion_latent_init,digital_inprocess,digital_wire,True,,False,True,0.0001996755599975586,3.305868085590191e-05,1.8416110858510137e-09,1.0,64.0,64.0,1.0
01_person_walk,12,2395692948,baseline,edge_mean,digital_inprocess,digital_wire,True,,False,True,0.0018461588770151138,0.0005023367702960968,5.671262783835118e-07,0.9999931086485455,25.684663772583008,25.685014724731445,1.0000136638794086
01_person_walk,12,2395692948,baseline,edge_post_retransmit,digital_inprocess,digital_wire,True,,False,True,0.6567703485488892,0.02020762674510479,0.0034275134094059467,0.9565564228454103,24.85240936279297,25.685014724731445,1.033501997725218
01_person_walk,12,2395692948,baseline,edge_uncertainty_mean,digital_inprocess,digital_wire,True,,False,True,0.0018538683652877808,0.00041352451080456376,4.59943038322308e-07,0.9999927304910465,22.337196350097656,22.33928680419922,1.0000935862347629
01_person_walk,12,2395692948,baseline,final_reconstruction,digital_inprocess,digital_wire,True,,False,True,0.00018608570098876953,8.856309250404593e-06,1.705173779953384e-10,0.9999998208051153,93.74881744384766,93.74885559082031,1.0000004069061743
01_person_walk,12,2395692948,baseline,post_deserialize_latent_raw,digital_inprocess,digital_wire,False,missing_tensor,,,,,,,,,
01_person_walk,12,2395692948,baseline,power_scalar,digital_inprocess,digital_wire,True,,True,True,0.0,0.0,0.0,1.0,64.0,64.0,1.0
01_person_walk,12,2395692948,baseline,pre_serialize_latent,digital_inprocess,digital_wire,False,missing_tensor,,,,,,,,,
01_person_walk,12,2395692948,baseline,receiver_post_norm_latent,digital_inprocess,digital_wire,True,,False,True,0.0001996755599975586,3.305868085590191e-05,1.8416110858510137e-09,1.0,64.0,64.0,1.0
01_person_walk,12,2395692948,baseline,sender_vae_latent_post_norm,digital_inprocess,digital_wire,True,,False,True,0.0001996755599975586,3.305868085590191e-05,1.8416110858510137e-09,1.0,64.0,64.0,1.0
01_person_walk,12,2395692948,baseline,sender_vae_latent_pre_norm,digital_inprocess,digital_wire,True,,True,True,0.0,0.0,0.0,0.9999999051178119,62.19698715209961,62.19698715209961,1.0
01_person_walk,12,2395692948,baseline,uncertainty_post_ablation,digital_inprocess,digital_wire,True,,False,True,0.0018538683652877808,0.00041352451080456376,4.59943038322308e-07,0.9999927304910465,22.337196350097656,22.33928680419922,1.0000935862347629
01_person_walk,12,2395692948,baseline,vae_decode_input,digital_inprocess,digital_wire,True,,False,True,0.0013871192932128906,4.063238520757295e-05,9.574658399458258e-09,1.0,64.0,64.0,1.0
01_person_walk,12,2395692948,diffusion_bypass_vae_direct,channel_output,awgn,digital_inprocess,True,,False,True,1.2315468788146973,0.23788005113601685,0.08958139270544052,0.9552094882976399,63.99999237060547,64.0,1.0000001192093038
01_person_walk,12,2395692948,diffusion_bypass_vae_direct,cur_snr,awgn,digital_inprocess,True,,False,True,1.397409439086914,1.397409439086914,1.9527531862258911,0.9999999665301376,11.397409439086914,10.0,0.8773923630141285
01_person_walk,12,2395692948,diffusion_bypass_vae_direct,cur_step,awgn,digital_inprocess,True,,False,True,0.023321449756622314,0.023321449756622314,0.000543889997061342,0.9999999879847876,0.06758761405944824,0.09090906381607056,1.3450550826680965
01_person_walk,12,2395692948,diffusion_bypass_vae_direct,diffusion_latent_final,awgn,digital_inprocess,True,,False,True,1.2315471172332764,0.23788005113601685,0.08958140760660172,0.9552094313627143,63.999996185302734,64.0,1.0000000596046483
01_person_walk,12,2395692948,diffusion_bypass_vae_direct,diffusion_latent_init,awgn,digital_inprocess,True,,False,True,1.2315471172332764,0.23788005113601685,0.08958140760660172,0.9552094313627143,63.999996185302734,64.0,1.0000000596046483
01_person_walk,12,2395692948,diffusion_bypass_vae_direct,edge_mean,awgn,digital_inprocess,True,,True,True,0.0,0.0,0.0,1.0000012212763971,25.684663772583008,25.684663772583008,1.0
01_person_walk,12,2395692948,diffusion_bypass_vae_direct,edge_uncertainty_mean,awgn,digital_inprocess,True,,True,True,0.0,0.0,0.0,1.0000009317184666,22.337196350097656,22.337196350097656,1.0
01_person_walk,12,2395692948,diffusion_bypass_vae_direct,final_reconstruction,awgn,digital_inprocess,True,,False,True,0.0937751829624176,0.00906952004879713,0.00014902232214808464,0.9995901341560366,93.75684356689453,94.06434631347656,1.0032797898786197
01_person_walk,12,2395692948,diffusion_bypass_vae_direct,post_deserialize_latent_raw,awgn,digital_inprocess,False,missing_tensor,,,,,,,,,
01_person_walk,12,2395692948,diffusion_bypass_vae_direct,power_scalar,awgn,digital_inprocess,True,,False,True,5.960464477539063e-08,5.960464477539063e-08,3.552713678800501e-15,1.0,63.999996185302734,64.0,1.0000000596046483
01_person_walk,12,2395692948,diffusion_bypass_vae_direct,pre_serialize_latent,awgn,digital_inprocess,False,missing_tensor,,,,,,,,,
01_person_walk,12,2395692948,diffusion_bypass_vae_direct,receiver_post_norm_latent,awgn,digital_inprocess,True,,False,True,1.2315468788146973,0.23788005113601685,0.08958139270544052,0.9552094882976399,63.99999237060547,64.0,1.0000001192093038
01_person_walk,12,2395692948,diffusion_bypass_vae_direct,sender_vae_latent_post_norm,awgn,digital_inprocess,True,,True,True,0.0,0.0,0.0,1.0,64.0,64.0,1.0
01_person_walk,12,2395692948,diffusion_bypass_vae_direct,sender_vae_latent_pre_norm,awgn,digital_inprocess,True,,True,True,0.0,0.0,0.0,0.9999999051178119,62.19698715209961,62.19698715209961,1.0
01_person_walk,12,2395692948,diffusion_bypass_vae_direct,vae_decode_input,awgn,digital_inprocess,True,,False,True,1.2315468788146973,0.23788003623485565,0.08958139270544052,0.9552095452325723,63.9999885559082,64.0,1.0000001788139663
01_person_walk,12,2395692948,diffusion_bypass_vae_direct,channel_output,awgn,digital_wire,False,missing_tensor,,,,,,,,,
01_person_walk,12,2395692948,diffusion_bypass_vae_direct,cur_snr,awgn,digital_wire,True,,False,True,1.397409439086914,1.397409439086914,1.9527531862258911,0.9999999665301376,11.397409439086914,10.0,0.8773923630141285
01_person_walk,12,2395692948,diffusion_bypass_vae_direct,cur_step,awgn,digital_wire,True,,False,True,0.023321449756622314,0.023321449756622314,0.000543889997061342,0.9999999879847876,0.06758761405944824,0.09090906381607056,1.3450550826680965
01_person_walk,12,2395692948,diffusion_bypass_vae_direct,diffusion_latent_final,awgn,digital_wire,True,,False,True,1.231544017791748,0.23788005113601685,0.08958131074905396,0.9552094313627143,63.999996185302734,64.0,1.0000000596046483
01_person_walk,12,2395692948,diffusion_bypass_vae_direct,diffusion_latent_init,awgn,digital_wire,True,,False,True,1.231544017791748,0.23788005113601685,0.08958131074905396,0.9552094313627143,63.999996185302734,64.0,1.0000000596046483
01_person_walk,12,2395692948,diffusion_bypass_vae_direct,edge_mean,awgn,digital_wire,True,,False,True,0.0018461588770151138,0.0005023367702960968,5.671262783835118e-07,0.9999931086485455,25.684663772583008,25.685014724731445,1.0000136638794086
01_person_walk,12,2395692948,diffusion_bypass_vae_direct,edge_uncertainty_mean,awgn,digital_wire,True,,False,True,0.0018538683652877808,0.00041352451080456376,4.59943038322308e-07,0.9999927304910465,22.337196350097656,22.33928680419922,1.0000935862347629
01_person_walk,12,2395692948,diffusion_bypass_vae_direct,final_reconstruction,awgn,digital_wire,True,,False,True,0.09378114342689514,0.009069870226085186,0.0001490381982875988,0.9995897170373897,93.75684356689453,94.06412506103516,1.0032774300248428
01_person_walk,12,2395692948,diffusion_bypass_vae_direct,post_deserialize_latent_raw,awgn,digital_wire,False,missing_tensor,,,,,,,,,
01_person_walk,12,2395692948,diffusion_bypass_vae_direct,power_scalar,awgn,digital_wire,True,,False,True,5.960464477539063e-08,5.960464477539063e-08,3.552713678800501e-15,1.0,63.999996185302734,64.0,1.0000000596046483
01_person_walk,12,2395692948,diffusion_bypass_vae_direct,pre_serialize_latent,awgn,digital_wire,False,missing_tensor,,,,,,,,,
01_person_walk,12,2395692948,diffusion_bypass_vae_direct,receiver_post_norm_latent,awgn,digital_wire,True,,False,True,1.231543779373169,0.23788002133369446,0.08958129584789276,0.955209428692988,63.99999237060547,64.0,1.0000001192093038
01_person_walk,12,2395692948,diffusion_bypass_vae_direct,sender_vae_latent_post_norm,awgn,digital_wire,True,,False,True,0.0001996755599975586,3.305868085590191e-05,1.8416110858510137e-09,1.0,64.0,64.0,1.0
01_person_walk,12,2395692948,diffusion_bypass_vae_direct,sender_vae_latent_pre_norm,awgn,digital_wire,True,,True,True,0.0,0.0,0.0,0.9999999051178119,62.19698715209961,62.19698715209961,1.0
01_person_walk,12,2395692948,diffusion_bypass_vae_direct,vae_decode_input,awgn,digital_wire,True,,False,True,1.231543779373169,0.23788002133369446,0.08958129584789276,0.9552094856279169,63.9999885559082,64.0,1.0000001788139663
01_person_walk,12,2395692948,diffusion_bypass_vae_direct,channel_output,digital_inprocess,digital_wire,False,missing_tensor,,,,,,,,,
01_person_walk,12,2395692948,diffusion_bypass_vae_direct,cur_snr,digital_inprocess,digital_wire,True,,True,True,0.0,0.0,0.0,1.0,10.0,10.0,1.0
01_person_walk,12,2395692948,diffusion_bypass_vae_direct,cur_step,digital_inprocess,digital_wire,True,,True,True,0.0,0.0,0.0,0.9999999906866799,0.09090906381607056,0.09090906381607056,1.0
01_person_walk,12,2395692948,diffusion_bypass_vae_direct,diffusion_latent_final,digital_inprocess,digital_wire,True,,False,True,0.0001996755599975586,3.305868085590191e-05,1.8416110858510137e-09,1.0,64.0,64.0,1.0
01_person_walk,12,2395692948,diffusion_bypass_vae_direct,diffusion_latent_init,digital_inprocess,digital_wire,True,,False,True,0.0001996755599975586,3.305868085590191e-05,1.8416110858510137e-09,1.0,64.0,64.0,1.0
01_person_walk,12,2395692948,diffusion_bypass_vae_direct,edge_mean,digital_inprocess,digital_wire,True,,False,True,0.0018461588770151138,0.0005023367702960968,5.671262783835118e-07,0.9999931086485455,25.684663772583008,25.685014724731445,1.0000136638794086
01_person_walk,12,2395692948,diffusion_bypass_vae_direct,edge_uncertainty_mean,digital_inprocess,digital_wire,True,,False,True,0.0018538683652877808,0.00041352451080456376,4.59943038322308e-07,0.9999927304910465,22.337196350097656,22.33928680419922,1.0000935862347629
01_person_walk,12,2395692948,diffusion_bypass_vae_direct,final_reconstruction,digital_inprocess,digital_wire,True,,False,True,0.00015309453010559082,8.824105862004217e-06,1.6508756861544072e-10,0.9999995181395093,94.06434631347656,94.06412506103516,0.9999976478607455
01_person_walk,12,2395692948,diffusion_bypass_vae_direct,post_deserialize_latent_raw,digital_inprocess,digital_wire,False,missing_tensor,,,,,,,,,
01_person_walk,12,2395692948,diffusion_bypass_vae_direct,power_scalar,digital_inprocess,digital_wire,True,,True,True,0.0,0.0,0.0,1.0,64.0,64.0,1.0
01_person_walk,12,2395692948,diffusion_bypass_vae_direct,pre_serialize_latent,digital_inprocess,digital_wire,False,missing_tensor,,,,,,,,,
01_person_walk,12,2395692948,diffusion_bypass_vae_direct,receiver_post_norm_latent,digital_inprocess,digital_wire,True,,False,True,0.0001996755599975586,3.305868085590191e-05,1.8416110858510137e-09,1.0,64.0,64.0,1.0
01_person_walk,12,2395692948,diffusion_bypass_vae_direct,sender_vae_latent_post_norm,digital_inprocess,digital_wire,True,,False,True,0.0001996755599975586,3.305868085590191e-05,1.8416110858510137e-09,1.0,64.0,64.0,1.0
01_person_walk,12,2395692948,diffusion_bypass_vae_direct,sender_vae_latent_pre_norm,digital_inprocess,digital_wire,True,,True,True,0.0,0.0,0.0,0.9999999051178119,62.19698715209961,62.19698715209961,1.0
01_person_walk,12,2395692948,diffusion_bypass_vae_direct,vae_decode_input,digital_inprocess,digital_wire,True,,False,True,0.0001996755599975586,3.305868085590191e-05,1.8416110858510137e-09,1.0,64.0,64.0,1.0
01_person_walk,13,4190924546,baseline,channel_output,awgn,digital_inprocess,True,,False,True,1.0619083642959595,0.24482987821102142,0.09401267021894455,0.9529937505722046,64.0,64.0,1.0
01_person_walk,13,4190924546,baseline,controlnet_input_latent,awgn,digital_inprocess,True,,False,True,2.944251537322998,0.3084876537322998,0.18812814354896545,0.8827936774791573,57.39865493774414,57.26920700073242,0.9977447566122913
01_person_walk,13,4190924546,baseline,cur_snr,awgn,digital_inprocess,True,,False,True,0.4237070083618164,0.4237070083618164,0.1795276254415512,0.9999999817018204,10.423707008361816,10.0,0.9593516003450671
01_person_walk,13,4190924546,baseline,cur_step,awgn,digital_inprocess,True,,False,True,0.0077475905418396,0.0077475905418396,6.0025158745702356e-05,0.9999999900516351,0.08316147327423096,0.09090906381607056,1.093163218937829
01_person_walk,13,4190924546,baseline,diffusion_latent_final,awgn,digital_inprocess,True,,False,True,0.7285783290863037,0.15391257405281067,0.038970381021499634,0.9781558676952496,60.03151321411133,60.69460678100586,1.0110457579926315
01_person_walk,13,4190924546,baseline,diffusion_latent_init,awgn,digital_inprocess,True,,False,True,1.0619083642959595,0.24482987821102142,0.09401267021894455,0.9529937505722046,64.0,64.0,1.0
01_person_walk,13,4190924546,baseline,edge_mean,awgn,digital_inprocess,True,,True,True,0.0,0.0,0.0,1.0000014318429506,23.946128845214844,23.946128845214844,1.0
01_person_walk,13,4190924546,baseline,edge_post_retransmit,awgn,digital_inprocess,True,,False,True,0.6075611114501953,0.019004566594958305,0.002785117831081152,0.9581330849457413,23.591022491455078,22.66399574279785,0.9607042573507356
01_person_walk,13,4190924546,baseline,edge_uncertainty_mean,awgn,digital_inprocess,True,,True,True,0.0,0.0,0.0,1.0000011426597375,19.830469131469727,19.830469131469727,1.0
01_person_walk,13,4190924546,baseline,final_reconstruction,awgn,digital_inprocess,True,,False,True,0.08862793445587158,0.005698955152183771,6.2154394981917e-05,0.9998393754992996,97.00961303710938,96.78548431396484,0.9976896235730907
01_person_walk,13,4190924546,baseline,post_deserialize_latent_raw,awgn,digital_inprocess,False,missing_tensor,,,,,,,,,
01_person_walk,13,4190924546,baseline,power_scalar,awgn,digital_inprocess,True,,True,True,0.0,0.0,0.0,1.0,64.0,64.0,1.0
01_person_walk,13,4190924546,baseline,pre_serialize_latent,awgn,digital_inprocess,False,missing_tensor,,,,,,,,,
01_person_walk,13,4190924546,baseline,receiver_post_norm_latent,awgn,digital_inprocess,True,,False,True,1.0619083642959595,0.24482987821102142,0.09401267021894455,0.9529937505722046,64.0,64.0,1.0
01_person_walk,13,4190924546,baseline,sender_vae_latent_post_norm,awgn,digital_inprocess,True,,True,True,0.0,0.0,0.0,1.0000001192092896,64.0,64.0,1.0
01_person_walk,13,4190924546,baseline,sender_vae_latent_pre_norm,awgn,digital_inprocess,True,,True,True,0.0,0.0,0.0,1.0000001134776266,61.483829498291016,61.483829498291016,1.0
01_person_walk,13,4190924546,baseline,uncertainty_post_ablation,awgn,digital_inprocess,True,,True,True,0.0,0.0,0.0,1.0000011426597375,19.830469131469727,19.830469131469727,1.0
01_person_walk,13,4190924546,baseline,vae_decode_input,awgn,digital_inprocess,True,,False,True,0.769121527671814,0.16307532787322998,0.043688513338565826,0.9781558487601065,63.999996185302734,63.999996185302734,1.0
01_person_walk,13,4190924546,baseline,channel_output,awgn,digital_wire,False,missing_tensor,,,,,,,,,
01_person_walk,13,4190924546,baseline,controlnet_input_latent,awgn,digital_wire,True,,False,True,2.7323389053344727,0.3751581609249115,0.26908278465270996,0.8365479737107039,57.39865493774414,58.65452575683594,1.0218797952748884
01_person_walk,13,4190924546,baseline,cur_snr,awgn,digital_wire,True,,False,True,0.4237070083618164,0.4237070083618164,0.1795276254415512,0.9999999817018204,10.423707008361816,10.0,0.9593516003450671
01_person_walk,13,4190924546,baseline,cur_step,awgn,digital_wire,True,,False,True,0.0077475905418396,0.0077475905418396,6.0025158745702356e-05,0.9999999900516351,0.08316147327423096,0.09090906381607056,1.093163218937829
01_person_walk,13,4190924546,baseline,diffusion_latent_final,awgn,digital_wire,True,,False,True,0.7285540103912354,0.15391011536121368,0.03896886855363846,0.978156653687969,60.03151321411133,60.69431686401367,1.0110409285792672
01_person_walk,13,4190924546,baseline,diffusion_latent_init,awgn,digital_wire,True,,False,True,1.0619059801101685,0.24482958018779755,0.09401246160268784,0.9529937477704136,64.0,63.999996185302734,0.9999999403953552
01_person_walk,13,4190924546,baseline,edge_mean,awgn,digital_wire,True,,False,True,0.0018425043672323227,0.0005634197150357068,6.324138439595117e-07,0.9999916101405772,23.946128845214844,23.94638442993164,1.0000106733208716
01_person_walk,13,4190924546,baseline,edge_post_retransmit,awgn,digital_wire,True,,False,True,0.7146773338317871,0.022205086424946785,0.0036485472228378057,0.9472045113888317,23.591022491455078,23.94638442993164,1.015063439433593
01_person_walk,13,4190924546,baseline,edge_uncertainty_mean,awgn,digital_wire,True,,False,True,0.0018551796674728394,0.0004611541808117181,5.132148430675443e-07,0.9999898601962952,19.830469131469727,19.830265045166016,0.9999897084480273
01_person_walk,13,4190924546,baseline,final_reconstruction,awgn,digital_wire,True,,False,True,0.08863982558250427,0.005698759108781815,6.214748282218352e-05,0.9998395777103679,97.00961303710938,96.78529357910156,0.9976876574291457
01_person_walk,13,4190924546,baseline,post_deserialize_latent_raw,awgn,digital_wire,False,missing_tensor,,,,,,,,,
01_person_walk,13,4190924546,baseline,power_scalar,awgn,digital_wire,True,,True,True,0.0,0.0,0.0,1.0,64.0,64.0,1.0
01_person_walk,13,4190924546,baseline,pre_serialize_latent,awgn,digital_wire,False,missing_tensor,,,,,,,,,
01_person_walk,13,4190924546,baseline,receiver_post_norm_latent,awgn,digital_wire,True,,False,True,1.0619059801101685,0.24482958018779755,0.09401246160268784,0.9529937477704136,64.0,63.999996185302734,0.9999999403953552
01_person_walk,13,4190924546,baseline,sender_vae_latent_post_norm,awgn,digital_wire,True,,False,True,0.000232696533203125,3.768655733438209e-05,2.3867812171118885e-09,1.0000000596046483,64.0,63.999996185302734,0.9999999403953552
01_person_walk,13,4190924546,baseline,sender_vae_latent_pre_norm,awgn,digital_wire,True,,True,True,0.0,0.0,0.0,1.0000001134776266,61.483829498291016,61.483829498291016,1.0
01_person_walk,13,4190924546,baseline,uncertainty_post_ablation,awgn,digital_wire,True,,False,True,0.0018551796674728394,0.0004611541808117181,5.132148430675443e-07,0.9999898601962952,19.830469131469727,19.830265045166016,0.9999897084480273
01_person_walk,13,4190924546,baseline,vae_decode_input,awgn,digital_wire,True,,False,True,0.7691552639007568,0.16307422518730164,0.0436871238052845,0.9781565653179028,63.999996185302734,64.0,1.0000000596046483
01_person_walk,13,4190924546,baseline,channel_output,digital_inprocess,digital_wire,False,missing_tensor,,,,,,,,,
01_person_walk,13,4190924546,baseline,controlnet_input_latent,digital_inprocess,digital_wire,True,,False,True,3.6893110275268555,0.3803144097328186,0.2737123966217041,0.8334067566926616,57.26920700073242,58.65452575683594,1.0241895920801871
01_person_walk,13,4190924546,baseline,cur_snr,digital_inprocess,digital_wire,True,,True,True,0.0,0.0,0.0,1.0,10.0,10.0,1.0
01_person_walk,13,4190924546,baseline,cur_step,digital_inprocess,digital_wire,True,,True,True,0.0,0.0,0.0,0.9999999906866799,0.09090906381607056,0.09090906381607056,1.0
01_person_walk,13,4190924546,baseline,diffusion_latent_final,digital_inprocess,digital_wire,True,,False,True,0.0016818046569824219,4.6662673412356526e-05,1.2552317407710234e-08,1.000000113830631,60.69460678100586,60.69431686401367,0.9999952233483738
01_person_walk,13,4190924546,baseline,diffusion_latent_init,digital_inprocess,digital_wire,True,,False,True,0.000232696533203125,3.768655733438209e-05,2.3867812171118885e-09,1.0000000596046483,64.0,63.999996185302734,0.9999999403953552
01_person_walk,13,4190924546,baseline,edge_mean,digital_inprocess,digital_wire,True,,False,True,0.0018425043672323227,0.0005634197150357068,6.324138439595117e-07,0.9999916101405772,23.946128845214844,23.94638442993164,1.0000106733208716
01_person_walk,13,4190924546,baseline,edge_post_retransmit,digital_inprocess,digital_wire,True,,False,True,0.6735244393348694,0.02141193300485611,0.003348486963659525,0.9509729034542072,22.66399574279785,23.94638442993164,1.056582638899467
01_person_walk,13,4190924546,baseline,edge_uncertainty_mean,digital_inprocess,digital_wire,True,,False,True,0.0018551796674728394,0.0004611541808117181,5.132148430675443e-07,0.9999898601962952,19.830469131469727,19.830265045166016,0.9999897084480273
01_person_walk,13,4190924546,baseline,final_reconstruction,digital_inprocess,digital_wire,True,,False,True,0.00015032291412353516,8.335199709108565e-06,1.5724738178235498e-10,1.0000002721111783,96.78548431396484,96.78529357910156,0.9999980293030031
01_person_walk,13,4190924546,baseline,post_deserialize_latent_raw,digital_inprocess,digital_wire,False,missing_tensor,,,,,,,,,
01_person_walk,13,4190924546,baseline,power_scalar,digital_inprocess,digital_wire,True,,True,True,0.0,0.0,0.0,1.0,64.0,64.0,1.0
01_person_walk,13,4190924546,baseline,pre_serialize_latent,digital_inprocess,digital_wire,False,missing_tensor,,,,,,,,,
01_person_walk,13,4190924546,baseline,receiver_post_norm_latent,digital_inprocess,digital_wire,True,,False,True,0.000232696533203125,3.768655733438209e-05,2.3867812171118885e-09,1.0000000596046483,64.0,63.999996185302734,0.9999999403953552
01_person_walk,13,4190924546,baseline,sender_vae_latent_post_norm,digital_inprocess,digital_wire,True,,False,True,0.000232696533203125,3.768655733438209e-05,2.3867812171118885e-09,1.0000000596046483,64.0,63.999996185302734,0.9999999403953552
01_person_walk,13,4190924546,baseline,sender_vae_latent_pre_norm,digital_inprocess,digital_wire,True,,True,True,0.0,0.0,0.0,1.0000001134776266,61.483829498291016,61.483829498291016,1.0
01_person_walk,13,4190924546,baseline,uncertainty_post_ablation,digital_inprocess,digital_wire,True,,False,True,0.0018551796674728394,0.0004611541808117181,5.132148430675443e-07,0.9999898601962952,19.830469131469727,19.830265045166016,0.9999897084480273
01_person_walk,13,4190924546,baseline,vae_decode_input,digital_inprocess,digital_wire,True,,False,True,0.001789093017578125,4.954813630320132e-05,1.3934162268469663e-08,1.0000000596046483,63.999996185302734,64.0,1.0000000596046483
01_person_walk,13,4190924546,diffusion_bypass_vae_direct,channel_output,awgn,digital_inprocess,True,,False,True,1.0619083642959595,0.24482987821102142,0.09401267021894455,0.9529937505722046,64.0,64.0,1.0
01_person_walk,13,4190924546,diffusion_bypass_vae_direct,cur_snr,awgn,digital_inprocess,True,,False,True,0.4237070083618164,0.4237070083618164,0.1795276254415512,0.9999999817018204,10.423707008361816,10.0,0.9593516003450671
01_person_walk,13,4190924546,diffusion_bypass_vae_direct,cur_step,awgn,digital_inprocess,True,,False,True,0.0077475905418396,0.0077475905418396,6.0025158745702356e-05,0.9999999900516351,0.08316147327423096,0.09090906381607056,1.093163218937829
01_person_walk,13,4190924546,diffusion_bypass_vae_direct,diffusion_latent_final,awgn,digital_inprocess,True,,False,True,1.0619083642959595,0.24482987821102142,0.09401267021894455,0.9529937505722046,64.0,64.0,1.0
01_person_walk,13,4190924546,diffusion_bypass_vae_direct,diffusion_latent_init,awgn,digital_inprocess,True,,False,True,1.0619083642959595,0.24482987821102142,0.09401267021894455,0.9529937505722046,64.0,64.0,1.0
01_person_walk,13,4190924546,diffusion_bypass_vae_direct,edge_mean,awgn,digital_inprocess,True,,True,True,0.0,0.0,0.0,1.0000014318429506,23.946128845214844,23.946128845214844,1.0
01_person_walk,13,4190924546,diffusion_bypass_vae_direct,edge_uncertainty_mean,awgn,digital_inprocess,True,,True,True,0.0,0.0,0.0,1.0000011426597375,19.830469131469727,19.830469131469727,1.0
01_person_walk,13,4190924546,diffusion_bypass_vae_direct,final_reconstruction,awgn,digital_inprocess,True,,False,True,0.09430369734764099,0.007435551378875971,9.988531382987276e-05,0.9997413773471874,97.38627624511719,97.26612091064453,0.9987661984921753
01_person_walk,13,4190924546,diffusion_bypass_vae_direct,post_deserialize_latent_raw,awgn,digital_inprocess,False,missing_tensor,,,,,,,,,
01_person_walk,13,4190924546,diffusion_bypass_vae_direct,power_scalar,awgn,digital_inprocess,True,,True,True,0.0,0.0,0.0,1.0,64.0,64.0,1.0
01_person_walk,13,4190924546,diffusion_bypass_vae_direct,pre_serialize_latent,awgn,digital_inprocess,False,missing_tensor,,,,,,,,,
01_person_walk,13,4190924546,diffusion_bypass_vae_direct,receiver_post_norm_latent,awgn,digital_inprocess,True,,False,True,1.0619083642959595,0.24482987821102142,0.09401267021894455,0.9529937505722046,64.0,64.0,1.0
01_person_walk,13,4190924546,diffusion_bypass_vae_direct,sender_vae_latent_post_norm,awgn,digital_inprocess,True,,True,True,0.0,0.0,0.0,1.0000001192092896,64.0,64.0,1.0
01_person_walk,13,4190924546,diffusion_bypass_vae_direct,sender_vae_latent_pre_norm,awgn,digital_inprocess,True,,True,True,0.0,0.0,0.0,1.0000001134776266,61.483829498291016,61.483829498291016,1.0
01_person_walk,13,4190924546,diffusion_bypass_vae_direct,vae_decode_input,awgn,digital_inprocess,True,,False,True,1.0619083642959595,0.24482987821102142,0.09401267021894455,0.9529937505722046,64.0,64.0,1.0
01_person_walk,13,4190924546,diffusion_bypass_vae_direct,channel_output,awgn,digital_wire,False,missing_tensor,,,,,,,,,
01_person_walk,13,4190924546,diffusion_bypass_vae_direct,cur_snr,awgn,digital_wire,True,,False,True,0.4237070083618164,0.4237070083618164,0.1795276254415512,0.9999999817018204,10.423707008361816,10.0,0.9593516003450671
01_person_walk,13,4190924546,diffusion_bypass_vae_direct,cur_step,awgn,digital_wire,True,,False,True,0.0077475905418396,0.0077475905418396,6.0025158745702356e-05,0.9999999900516351,0.08316147327423096,0.09090906381607056,1.093163218937829
01_person_walk,13,4190924546,diffusion_bypass_vae_direct,diffusion_latent_final,awgn,digital_wire,True,,False,True,1.0619059801101685,0.24482958018779755,0.09401246160268784,0.9529937477704136,64.0,63.999996185302734,0.9999999403953552
01_person_walk,13,4190924546,diffusion_bypass_vae_direct,diffusion_latent_init,awgn,digital_wire,True,,False,True,1.0619059801101685,0.24482958018779755,0.09401246160268784,0.9529937477704136,64.0,63.999996185302734,0.9999999403953552
01_person_walk,13,4190924546,diffusion_bypass_vae_direct,edge_mean,awgn,digital_wire,True,,False,True,0.0018425043672323227,0.0005634197150357068,6.324138439595117e-07,0.9999916101405772,23.946128845214844,23.94638442993164,1.0000106733208716
01_person_walk,13,4190924546,diffusion_bypass_vae_direct,edge_uncertainty_mean,awgn,digital_wire,True,,False,True,0.0018551796674728394,0.0004611541808117181,5.132148430675443e-07,0.9999898601962952,19.830469131469727,19.830265045166016,0.9999897084480273
01_person_walk,13,4190924546,diffusion_bypass_vae_direct,final_reconstruction,awgn,digital_wire,True,,False,True,0.09432205557823181,0.007435739506036043,9.989048703573644e-05,0.9997411289380318,97.38627624511719,97.2662353515625,0.9987673736158414
01_person_walk,13,4190924546,diffusion_bypass_vae_direct,post_deserialize_latent_raw,awgn,digital_wire,False,missing_tensor,,,,,,,,,
01_person_walk,13,4190924546,diffusion_bypass_vae_direct,power_scalar,awgn,digital_wire,True,,True,True,0.0,0.0,0.0,1.0,64.0,64.0,1.0
01_person_walk,13,4190924546,diffusion_bypass_vae_direct,pre_serialize_latent,awgn,digital_wire,False,missing_tensor,,,,,,,,,
01_person_walk,13,4190924546,diffusion_bypass_vae_direct,receiver_post_norm_latent,awgn,digital_wire,True,,False,True,1.0619059801101685,0.24482958018779755,0.09401246160268784,0.9529937477704136,64.0,63.999996185302734,0.9999999403953552
01_person_walk,13,4190924546,diffusion_bypass_vae_direct,sender_vae_latent_post_norm,awgn,digital_wire,True,,False,True,0.000232696533203125,3.768655733438209e-05,2.3867812171118885e-09,1.0000000596046483,64.0,63.999996185302734,0.9999999403953552
01_person_walk,13,4190924546,diffusion_bypass_vae_direct,sender_vae_latent_pre_norm,awgn,digital_wire,True,,True,True,0.0,0.0,0.0,1.0000001134776266,61.483829498291016,61.483829498291016,1.0
01_person_walk,13,4190924546,diffusion_bypass_vae_direct,vae_decode_input,awgn,digital_wire,True,,False,True,1.0619059801101685,0.24482958018779755,0.09401246160268784,0.9529937477704136,64.0,63.999996185302734,0.9999999403953552
01_person_walk,13,4190924546,diffusion_bypass_vae_direct,channel_output,digital_inprocess,digital_wire,False,missing_tensor,,,,,,,,,
01_person_walk,13,4190924546,diffusion_bypass_vae_direct,cur_snr,digital_inprocess,digital_wire,True,,True,True,0.0,0.0,0.0,1.0,10.0,10.0,1.0
01_person_walk,13,4190924546,diffusion_bypass_vae_direct,cur_step,digital_inprocess,digital_wire,True,,True,True,0.0,0.0,0.0,0.9999999906866799,0.09090906381607056,0.09090906381607056,1.0
01_person_walk,13,4190924546,diffusion_bypass_vae_direct,diffusion_latent_final,digital_inprocess,digital_wire,True,,False,True,0.000232696533203125,3.768655733438209e-05,2.3867812171118885e-09,1.0000000596046483,64.0,63.999996185302734,0.9999999403953552
01_person_walk,13,4190924546,diffusion_bypass_vae_direct,diffusion_latent_init,digital_inprocess,digital_wire,True,,False,True,0.000232696533203125,3.768655733438209e-05,2.3867812171118885e-09,1.0000000596046483,64.0,63.999996185302734,0.9999999403953552
01_person_walk,13,4190924546,diffusion_bypass_vae_direct,edge_mean,digital_inprocess,digital_wire,True,,False,True,0.0018425043672323227,0.0005634197150357068,6.324138439595117e-07,0.9999916101405772,23.946128845214844,23.94638442993164,1.0000106733208716
01_person_walk,13,4190924546,diffusion_bypass_vae_direct,edge_uncertainty_mean,digital_inprocess,digital_wire,True,,False,True,0.0018551796674728394,0.0004611541808117181,5.132148430675443e-07,0.9999898601962952,19.830469131469727,19.830265045166016,0.9999897084480273
01_person_walk,13,4190924546,diffusion_bypass_vae_direct,final_reconstruction,digital_inprocess,digital_wire,True,,False,True,0.00020265579223632812,8.140222234942485e-06,1.44075126828902e-10,0.9999997487526375,97.26612091064453,97.2662353515625,1.0000011765753265
01_person_walk,13,4190924546,diffusion_bypass_vae_direct,post_deserialize_latent_raw,digital_inprocess,digital_wire,False,missing_tensor,,,,,,,,,
01_person_walk,13,4190924546,diffusion_bypass_vae_direct,power_scalar,digital_inprocess,digital_wire,True,,True,True,0.0,0.0,0.0,1.0,64.0,64.0,1.0
01_person_walk,13,4190924546,diffusion_bypass_vae_direct,pre_serialize_latent,digital_inprocess,digital_wire,False,missing_tensor,,,,,,,,,
01_person_walk,13,4190924546,diffusion_bypass_vae_direct,receiver_post_norm_latent,digital_inprocess,digital_wire,True,,False,True,0.000232696533203125,3.768655733438209e-05,2.3867812171118885e-09,1.0000000596046483,64.0,63.999996185302734,0.9999999403953552
01_person_walk,13,4190924546,diffusion_bypass_vae_direct,sender_vae_latent_post_norm,digital_inprocess,digital_wire,True,,False,True,0.000232696533203125,3.768655733438209e-05,2.3867812171118885e-09,1.0000000596046483,64.0,63.999996185302734,0.9999999403953552
01_person_walk,13,4190924546,diffusion_bypass_vae_direct,sender_vae_latent_pre_norm,digital_inprocess,digital_wire,True,,True,True,0.0,0.0,0.0,1.0000001134776266,61.483829498291016,61.483829498291016,1.0
01_person_walk,13,4190924546,diffusion_bypass_vae_direct,vae_decode_input,digital_inprocess,digital_wire,True,,False,True,0.000232696533203125,3.768655733438209e-05,2.3867812171118885e-09,1.0000000596046483,64.0,63.999996185302734,0.9999999403953552
01_person_walk,14,1739127457,baseline,channel_output,awgn,digital_inprocess,True,,False,True,1.1004292964935303,0.2435864806175232,0.09201137721538544,0.9539943310018976,64.0,63.999996185302734,0.9999999403953552
01_person_walk,14,1739127457,baseline,controlnet_input_latent,awgn,digital_inprocess,True,,False,True,3.328828811645508,0.3179403841495514,0.18941588699817657,0.8844310952448675,58.196250915527344,57.65630340576172,0.990721953712287
01_person_walk,14,1739127457,baseline,cur_snr,awgn,digital_inprocess,True,,False,True,0.28550243377685547,0.28550243377685547,0.08151163905858994,1.0000000185440492,10.285502433776855,10.0,0.9722422472198066
01_person_walk,14,1739127457,baseline,cur_step,awgn,digital_inprocess,True,,False,True,0.005288839340209961,0.005288839340209961,2.7971822419203818e-05,1.0000000206503803,0.0856202244758606,0.09090906381607056,1.0617709118679206
01_person_walk,14,1739127457,baseline,diffusion_latent_final,awgn,digital_inprocess,True,,False,True,0.7966119050979614,0.1534406840801239,0.037508271634578705,0.9793152574513498,60.710418701171875,61.10765838623047,1.0065431880319238
01_person_walk,14,1739127457,baseline,diffusion_latent_init,awgn,digital_inprocess,True,,False,True,1.1004295349121094,0.2435864806175232,0.09201139956712723,0.9539942768815659,64.00000762939453,63.999996185302734,0.999999821186087
01_person_walk,14,1739127457,baseline,edge_mean,awgn,digital_inprocess,True,,True,True,0.0,0.0,0.0,1.0000008166252452,24.721433639526367,24.721433639526367,1.0
01_person_walk,14,1739127457,baseline,edge_post_retransmit,awgn,digital_inprocess,True,,False,True,0.38225439190864563,0.021068952977657318,0.0024235425516963005,0.9642343962354968,23.216266632080078,23.74217414855957,1.022652544649569
01_person_walk,14,1739127457,baseline,edge_uncertainty_mean,awgn,digital_inprocess,True,,True,True,0.0,0.0,0.0,1.000001368170435,20.594789505004883,20.594789505004883,1.0
01_person_walk,14,1739127457,baseline,final_reconstruction,awgn,digital_inprocess,True,,False,True,0.07880252599716187,0.005282443482428789,5.126596079207957e-05,0.9999003380661214,100.24696350097656,99.52928924560547,0.9928409377171399
01_person_walk,14,1739127457,baseline,post_deserialize_latent_raw,awgn,digital_inprocess,False,missing_tensor,,,,,,,,,
01_person_walk,14,1739127457,baseline,power_scalar,awgn,digital_inprocess,True,,False,True,5.960464477539063e-08,5.960464477539063e-08,3.552713678800501e-15,1.0,63.999996185302734,64.0,1.0000000596046483
01_person_walk,14,1739127457,baseline,pre_serialize_latent,awgn,digital_inprocess,False,missing_tensor,,,,,,,,,
01_person_walk,14,1739127457,baseline,receiver_post_norm_latent,awgn,digital_inprocess,True,,False,True,1.1004292964935303,0.2435864806175232,0.09201137721538544,0.9539943310018976,64.0,63.999996185302734,0.9999999403953552
01_person_walk,14,1739127457,baseline,sender_vae_latent_post_norm,awgn,digital_inprocess,True,,True,True,0.0,0.0,0.0,1.0000001192093002,63.999996185302734,63.999996185302734,1.0
01_person_walk,14,1739127457,baseline,sender_vae_latent_pre_norm,awgn,digital_inprocess,True,,True,True,0.0,0.0,0.0,1.0000000286511592,61.359256744384766,61.359256744384766,1.0
01_person_walk,14,1739127457,baseline,uncertainty_post_ablation,awgn,digital_inprocess,True,,True,True,0.0,0.0,0.0,1.000001368170435,20.594789505004883,20.594789505004883,1.0
01_person_walk,14,1739127457,baseline,vae_decode_input,awgn,digital_inprocess,True,,False,True,0.8493293523788452,0.16108229756355286,0.04136965051293373,0.9793152200767529,64.0,63.999996185302734,0.9999999403953552
01_person_walk,14,1739127457,baseline,channel_output,awgn,digital_wire,False,missing_tensor,,,,,,,,,
01_person_walk,14,1739127457,baseline,controlnet_input_latent,awgn,digital_wire,True,,False,True,3.041275978088379,0.39210423827171326,0.2906622886657715,0.8276831057631169,58.196250915527344,59.29958724975586,1.018958890252742
01_person_walk,14,1739127457,baseline,cur_snr,awgn,digital_wire,True,,False,True,0.28550243377685547,0.28550243377685547,0.08151163905858994,1.0000000185440492,10.285502433776855,10.0,0.9722422472198066
01_person_walk,14,1739127457,baseline,cur_step,awgn,digital_wire,True,,False,True,0.005288839340209961,0.005288839340209961,2.7971822419203818e-05,1.0000000206503803,0.0856202244758606,0.09090906381607056,1.0617709118679206
01_person_walk,14,1739127457,baseline,diffusion_latent_final,awgn,digital_wire,True,,False,True,0.7966312170028687,0.15344023704528809,0.03750796616077423,0.9793154120616281,60.710418701171875,61.107730865478516,1.006544381883813
01_person_walk,14,1739127457,baseline,diffusion_latent_init,awgn,digital_wire,True,,False,True,1.1003692150115967,0.243587464094162,0.09201221913099289,0.9539939192537186,64.00000762939453,63.999996185302734,0.999999821186087
01_person_walk,14,1739127457,baseline,edge_mean,awgn,digital_wire,True,,False,True,0.0018301233649253845,0.0006198358023539186,7.011392995082133e-07,0.9999900491461906,24.721433639526367,24.721460342407227,1.0000010801509835
01_person_walk,14,1739127457,baseline,edge_post_retransmit,awgn,digital_wire,True,,False,True,0.6975509524345398,0.024002453312277794,0.0035596650559455156,0.9511657930378811,23.216266632080078,24.721460342407227,1.0648335813066208
01_person_walk,14,1739127457,baseline,edge_uncertainty_mean,awgn,digital_wire,True,,False,True,0.0018373727798461914,0.0005031308392062783,5.649584409184172e-07,0.9999894468399471,20.594789505004883,20.592681884765625,0.9998976624529837
01_person_walk,14,1739127457,baseline,final_reconstruction,awgn,digital_wire,True,,False,True,0.07882270216941833,0.005281612742692232,5.1251528930151835e-05,0.999900018518444,100.24696350097656,99.52935028076172,0.9928415465650703
01_person_walk,14,1739127457,baseline,post_deserialize_latent_raw,awgn,digital_wire,False,missing_tensor,,,,,,,,,
01_person_walk,14,1739127457,baseline,power_scalar,awgn,digital_wire,True,,False,True,5.960464477539063e-08,5.960464477539063e-08,3.552713678800501e-15,1.0,63.999996185302734,64.0,1.0000000596046483
01_person_walk,14,1739127457,baseline,pre_serialize_latent,awgn,digital_wire,False,missing_tensor,,,,,,,,,
01_person_walk,14,1739127457,baseline,receiver_post_norm_latent,awgn,digital_wire,True,,False,True,1.1003690958023071,0.243587464094162,0.09201221168041229,0.9539939733740076,64.0,63.999996185302734,0.9999999403953552
01_person_walk,14,1739127457,baseline,sender_vae_latent_post_norm,awgn,digital_wire,True,,False,True,0.00022795796394348145,3.551863846951164e-05,2.1177939402150514e-09,1.0000002384186253,63.999996185302734,63.9999885559082,0.9999998807907033
01_person_walk,14,1739127457,baseline,sender_vae_latent_pre_norm,awgn,digital_wire,True,,True,True,0.0,0.0,0.0,1.0000000286511592,61.359256744384766,61.359256744384766,1.0
01_person_walk,14,1739127457,baseline,uncertainty_post_ablation,awgn,digital_wire,True,,False,True,0.0018373727798461914,0.0005031308392062783,5.649584409184172e-07,0.9999894468399471,20.594789505004883,20.592681884765625,0.9998976624529837
01_person_walk,14,1739127457,baseline,vae_decode_input,awgn,digital_wire,True,,False,True,0.849351167678833,0.16108161211013794,0.041369251906871796,0.9793155193328857,64.0,64.0,1.0
01_person_walk,14,1739127457,baseline,channel_output,digital_inprocess,digital_wire,False,missing_tensor,,,,,,,,,
01_person_walk,14,1739127457,baseline,controlnet_input_latent,digital_inprocess,digital_wire,True,,False,True,3.2112386226654053,0.38337671756744385,0.27558887004852295,0.8353154110312203,57.65630340576172,59.29958724975586,1.0285013736040165
01_person_walk,14,1739127457,baseline,cur_snr,digital_inprocess,digital_wire,True,,True,True,0.0,0.0,0.0,1.0,10.0,10.0,1.0
01_person_walk,14,1739127457,baseline,cur_step,digital_inprocess,digital_wire,True,,True,True,0.0,0.0,0.0,0.9999999906866799,0.09090906381607056,0.09090906381607056,1.0
01_person_walk,14,1739127457,baseline,diffusion_latent_final,digital_inprocess,digital_wire,True,,False,True,0.0017194747924804688,3.844746242975816e-05,9.239027320973037e-09,0.9999998821307172,61.10765838623047,61.107730865478516,1.000001186091072
01_person_walk,14,1739127457,baseline,diffusion_latent_init,digital_inprocess,digital_wire,True,,False,True,0.00022792816162109375,3.5518460208550096e-05,2.1177526399185354e-09,1.0000001192093002,63.999996185302734,63.999996185302734,1.0
01_person_walk,14,1739127457,baseline,edge_mean,digital_inprocess,digital_wire,True,,False,True,0.0018301233649253845,0.0006198358023539186,7.011392995082133e-07,0.9999900491461906,24.721433639526367,24.721460342407227,1.0000010801509835
01_person_walk,14,1739127457,baseline,edge_post_retransmit,digital_inprocess,digital_wire,True,,False,True,0.6161653995513916,0.023331506177783012,0.003308636602014303,0.9546379250839085,23.74217414855957,24.721460342407227,1.0412466940778071
01_person_walk,14,1739127457,baseline,edge_uncertainty_mean,digital_inprocess,digital_wire,True,,False,True,0.0018373727798461914,0.0005031308392062783,5.649584409184172e-07,0.9999894468399471,20.594789505004883,20.592681884765625,0.9998976624529837
01_person_walk,14,1739127457,baseline,final_reconstruction,digital_inprocess,digital_wire,True,,False,True,0.0001792311668395996,7.685394848522265e-06,1.2905010393637895e-10,1.00000004491975,99.52928924560547,99.52935028076172,1.0000006132381403
01_person_walk,14,1739127457,baseline,post_deserialize_latent_raw,digital_inprocess,digital_wire,False,missing_tensor,,,,,,,,,
01_person_walk,14,1739127457,baseline,power_scalar,digital_inprocess,digital_wire,True,,True,True,0.0,0.0,0.0,1.0,64.0,64.0,1.0
01_person_walk,14,1739127457,baseline,pre_serialize_latent,digital_inprocess,digital_wire,False,missing_tensor,,,,,,,,,
01_person_walk,14,1739127457,baseline,receiver_post_norm_latent,digital_inprocess,digital_wire,True,,False,True,0.00022792816162109375,3.5518460208550096e-05,2.1177526399185354e-09,1.0000001192093002,63.999996185302734,63.999996185302734,1.0
01_person_walk,14,1739127457,baseline,sender_vae_latent_post_norm,digital_inprocess,digital_wire,True,,False,True,0.00022795796394348145,3.551863846951164e-05,2.1177939402150514e-09,1.0000002384186253,63.999996185302734,63.9999885559082,0.9999998807907033
01_person_walk,14,1739127457,baseline,sender_vae_latent_pre_norm,digital_inprocess,digital_wire,True,,True,True,0.0,0.0,0.0,1.0000000286511592,61.359256744384766,61.359256744384766,1.0
01_person_walk,14,1739127457,baseline,uncertainty_post_ablation,digital_inprocess,digital_wire,True,,False,True,0.0018373727798461914,0.0005031308392062783,5.649584409184172e-07,0.9999894468399471,20.594789505004883,20.592681884765625,0.9998976624529837
01_person_walk,14,1739127457,baseline,vae_decode_input,digital_inprocess,digital_wire,True,,False,True,0.001798391342163086,4.026413807878271e-05,1.0133025085679037e-08,1.0000000596046483,63.999996185302734,64.0,1.0000000596046483
01_person_walk,14,1739127457,diffusion_bypass_vae_direct,channel_output,awgn,digital_inprocess,True,,False,True,1.1004292964935303,0.2435864806175232,0.09201137721538544,0.9539943310018976,64.0,63.999996185302734,0.9999999403953552
01_person_walk,14,1739127457,diffusion_bypass_vae_direct,cur_snr,awgn,digital_inprocess,True,,False,True,0.28550243377685547,0.28550243377685547,0.08151163905858994,1.0000000185440492,10.285502433776855,10.0,0.9722422472198066
01_person_walk,14,1739127457,diffusion_bypass_vae_direct,cur_step,awgn,digital_inprocess,True,,False,True,0.005288839340209961,0.005288839340209961,2.7971822419203818e-05,1.0000000206503803,0.0856202244758606,0.09090906381607056,1.0617709118679206
01_person_walk,14,1739127457,diffusion_bypass_vae_direct,diffusion_latent_final,awgn,digital_inprocess,True,,False,True,1.1004295349121094,0.2435864806175232,0.09201139956712723,0.9539942768815659,64.00000762939453,63.999996185302734,0.999999821186087
01_person_walk,14,1739127457,diffusion_bypass_vae_direct,diffusion_latent_init,awgn,digital_inprocess,True,,False,True,1.1004295349121094,0.2435864806175232,0.09201139956712723,0.9539942768815659,64.00000762939453,63.999996185302734,0.999999821186087
01_person_walk,14,1739127457,diffusion_bypass_vae_direct,edge_mean,awgn,digital_inprocess,True,,True,True,0.0,0.0,0.0,1.0000008166252452,24.721433639526367,24.721433639526367,1.0
01_person_walk,14,1739127457,diffusion_bypass_vae_direct,edge_uncertainty_mean,awgn,digital_inprocess,True,,True,True,0.0,0.0,0.0,1.000001368170435,20.594789505004883,20.594789505004883,1.0
01_person_walk,14,1739127457,diffusion_bypass_vae_direct,final_reconstruction,awgn,digital_inprocess,True,,False,True,0.07509386539459229,0.006832609418779612,8.17144536995329e-05,0.9998204539951306,100.91219329833984,100.29017639160156,0.9938360579984687
01_person_walk,14,1739127457,diffusion_bypass_vae_direct,post_deserialize_latent_raw,awgn,digital_inprocess,False,missing_tensor,,,,,,,,,
01_person_walk,14,1739127457,diffusion_bypass_vae_direct,power_scalar,awgn,digital_inprocess,True,,False,True,5.960464477539063e-08,5.960464477539063e-08,3.552713678800501e-15,1.0,63.999996185302734,64.0,1.0000000596046483
01_person_walk,14,1739127457,diffusion_bypass_vae_direct,pre_serialize_latent,awgn,digital_inprocess,False,missing_tensor,,,,,,,,,
01_person_walk,14,1739127457,diffusion_bypass_vae_direct,receiver_post_norm_latent,awgn,digital_inprocess,True,,False,True,1.1004292964935303,0.2435864806175232,0.09201137721538544,0.9539943310018976,64.0,63.999996185302734,0.9999999403953552
01_person_walk,14,1739127457,diffusion_bypass_vae_direct,sender_vae_latent_post_norm,awgn,digital_inprocess,True,,True,True,0.0,0.0,0.0,1.0000001192093002,63.999996185302734,63.999996185302734,1.0
01_person_walk,14,1739127457,diffusion_bypass_vae_direct,sender_vae_latent_pre_norm,awgn,digital_inprocess,True,,True,True,0.0,0.0,0.0,1.0000000286511592,61.359256744384766,61.359256744384766,1.0
01_person_walk,14,1739127457,diffusion_bypass_vae_direct,vae_decode_input,awgn,digital_inprocess,True,,False,True,1.1004295349121094,0.2435864806175232,0.09201139956712723,0.9539942768815659,64.00000762939453,63.999996185302734,0.999999821186087
01_person_walk,14,1739127457,diffusion_bypass_vae_direct,channel_output,awgn,digital_wire,False,missing_tensor,,,,,,,,,
01_person_walk,14,1739127457,diffusion_bypass_vae_direct,cur_snr,awgn,digital_wire,True,,False,True,0.28550243377685547,0.28550243377685547,0.08151163905858994,1.0000000185440492,10.285502433776855,10.0,0.9722422472198066
01_person_walk,14,1739127457,diffusion_bypass_vae_direct,cur_step,awgn,digital_wire,True,,False,True,0.005288839340209961,0.005288839340209961,2.7971822419203818e-05,1.0000000206503803,0.0856202244758606,0.09090906381607056,1.0617709118679206
01_person_walk,14,1739127457,diffusion_bypass_vae_direct,diffusion_latent_final,awgn,digital_wire,True,,False,True,1.1003692150115967,0.243587464094162,0.09201221913099289,0.9539939192537186,64.00000762939453,63.999996185302734,0.999999821186087
01_person_walk,14,1739127457,diffusion_bypass_vae_direct,diffusion_latent_init,awgn,digital_wire,True,,False,True,1.1003692150115967,0.243587464094162,0.09201221913099289,0.9539939192537186,64.00000762939453,63.999996185302734,0.999999821186087
01_person_walk,14,1739127457,diffusion_bypass_vae_direct,edge_mean,awgn,digital_wire,True,,False,True,0.0018301233649253845,0.0006198358023539186,7.011392995082133e-07,0.9999900491461906,24.721433639526367,24.721460342407227,1.0000010801509835
01_person_walk,14,1739127457,diffusion_bypass_vae_direct,edge_uncertainty_mean,awgn,digital_wire,True,,False,True,0.0018373727798461914,0.0005031308392062783,5.649584409184172e-07,0.9999894468399471,20.594789505004883,20.592681884765625,0.9998976624529837
01_person_walk,14,1739127457,diffusion_bypass_vae_direct,final_reconstruction,awgn,digital_wire,True,,False,True,0.07509094476699829,0.0068326969631016254,8.17132240626961e-05,0.9998207559627728,100.91219329833984,100.29000091552734,0.9938343190998432
01_person_walk,14,1739127457,diffusion_bypass_vae_direct,post_deserialize_latent_raw,awgn,digital_wire,False,missing_tensor,,,,,,,,,
01_person_walk,14,1739127457,diffusion_bypass_vae_direct,power_scalar,awgn,digital_wire,True,,False,True,5.960464477539063e-08,5.960464477539063e-08,3.552713678800501e-15,1.0,63.999996185302734,64.0,1.0000000596046483
01_person_walk,14,1739127457,diffusion_bypass_vae_direct,pre_serialize_latent,awgn,digital_wire,False,missing_tensor,,,,,,,,,
01_person_walk,14,1739127457,diffusion_bypass_vae_direct,receiver_post_norm_latent,awgn,digital_wire,True,,False,True,1.1003690958023071,0.243587464094162,0.09201221168041229,0.9539939733740076,64.0,63.999996185302734,0.9999999403953552
01_person_walk,14,1739127457,diffusion_bypass_vae_direct,sender_vae_latent_post_norm,awgn,digital_wire,True,,False,True,0.00022795796394348145,3.551863846951164e-05,2.1177939402150514e-09,1.0000002384186253,63.999996185302734,63.9999885559082,0.9999998807907033
01_person_walk,14,1739127457,diffusion_bypass_vae_direct,sender_vae_latent_pre_norm,awgn,digital_wire,True,,True,True,0.0,0.0,0.0,1.0000000286511592,61.359256744384766,61.359256744384766,1.0
01_person_walk,14,1739127457,diffusion_bypass_vae_direct,vae_decode_input,awgn,digital_wire,True,,False,True,1.1003692150115967,0.243587464094162,0.09201221913099289,0.9539939192537186,64.00000762939453,63.999996185302734,0.999999821186087
01_person_walk,14,1739127457,diffusion_bypass_vae_direct,channel_output,digital_inprocess,digital_wire,False,missing_tensor,,,,,,,,,
01_person_walk,14,1739127457,diffusion_bypass_vae_direct,cur_snr,digital_inprocess,digital_wire,True,,True,True,0.0,0.0,0.0,1.0,10.0,10.0,1.0
01_person_walk,14,1739127457,diffusion_bypass_vae_direct,cur_step,digital_inprocess,digital_wire,True,,True,True,0.0,0.0,0.0,0.9999999906866799,0.09090906381607056,0.09090906381607056,1.0
01_person_walk,14,1739127457,diffusion_bypass_vae_direct,diffusion_latent_final,digital_inprocess,digital_wire,True,,False,True,0.00022792816162109375,3.5518460208550096e-05,2.1177526399185354e-09,1.0000001192093002,63.999996185302734,63.999996185302734,1.0
01_person_walk,14,1739127457,diffusion_bypass_vae_direct,diffusion_latent_init,digital_inprocess,digital_wire,True,,False,True,0.00022792816162109375,3.5518460208550096e-05,2.1177526399185354e-09,1.0000001192093002,63.999996185302734,63.999996185302734,1.0
01_person_walk,14,1739127457,diffusion_bypass_vae_direct,edge_mean,digital_inprocess,digital_wire,True,,False,True,0.0018301233649253845,0.0006198358023539186,7.011392995082133e-07,0.9999900491461906,24.721433639526367,24.721460342407227,1.0000010801509835
01_person_walk,14,1739127457,diffusion_bypass_vae_direct,edge_uncertainty_mean,digital_inprocess,digital_wire,True,,False,True,0.0018373727798461914,0.0005031308392062783,5.649584409184172e-07,0.9999894468399471,20.594789505004883,20.592681884765625,0.9998976624529837
01_person_walk,14,1739127457,diffusion_bypass_vae_direct,final_reconstruction,digital_inprocess,digital_wire,True,,False,True,0.00019693374633789062,7.866635314712767e-06,1.3029395617980555e-10,1.00000045368206,100.29017639160156,100.29000091552734,0.9999982503164264
01_person_walk,14,1739127457,diffusion_bypass_vae_direct,post_deserialize_latent_raw,digital_inprocess,digital_wire,False,missing_tensor,,,,,,,,,
01_person_walk,14,1739127457,diffusion_bypass_vae_direct,power_scalar,digital_inprocess,digital_wire,True,,True,True,0.0,0.0,0.0,1.0,64.0,64.0,1.0
01_person_walk,14,1739127457,diffusion_bypass_vae_direct,pre_serialize_latent,digital_inprocess,digital_wire,False,missing_tensor,,,,,,,,,
01_person_walk,14,1739127457,diffusion_bypass_vae_direct,receiver_post_norm_latent,digital_inprocess,digital_wire,True,,False,True,0.00022792816162109375,3.5518460208550096e-05,2.1177526399185354e-09,1.0000001192093002,63.999996185302734,63.999996185302734,1.0
01_person_walk,14,1739127457,diffusion_bypass_vae_direct,sender_vae_latent_post_norm,digital_inprocess,digital_wire,True,,False,True,0.00022795796394348145,3.551863846951164e-05,2.1177939402150514e-09,1.0000002384186253,63.999996185302734,63.9999885559082,0.9999998807907033
01_person_walk,14,1739127457,diffusion_bypass_vae_direct,sender_vae_latent_pre_norm,digital_inprocess,digital_wire,True,,True,True,0.0,0.0,0.0,1.0000000286511592,61.359256744384766,61.359256744384766,1.0
01_person_walk,14,1739127457,diffusion_bypass_vae_direct,vae_decode_input,digital_inprocess,digital_wire,True,,False,True,0.00022792816162109375,3.5518460208550096e-05,2.1177526399185354e-09,1.0000001192093002,63.999996185302734,63.999996185302734,1.0
01_person_walk,15,279956023,baseline,channel_output,awgn,digital_inprocess,True,,False,True,1.179664969444275,0.2408917397260666,0.09044887870550156,0.9547756287321824,63.999996185302734,64.0,1.0000000596046483
01_person_walk,15,279956023,baseline,controlnet_input_latent,awgn,digital_inprocess,True,,False,True,2.6199023723602295,0.3251970708370209,0.19995933771133423,0.8760378658593436,57.5368537902832,57.41549301147461,0.9978907296660512
01_person_walk,15,279956023,baseline,cur_snr,awgn,digital_inprocess,True,,False,True,0.8363256454467773,0.8363256454467773,0.699440598487854,1.0000000176014334,10.836325645446777,10.0,0.9228220272433225
01_person_walk,15,279956023,baseline,cur_step,awgn,digital_inprocess,True,,False,True,0.014710605144500732,0.014710605144500732,0.0002164019097108394,1.0000000291320108,0.07619845867156982,0.09090906381607056,1.193056465983207
01_person_walk,15,279956023,baseline,diffusion_latent_final,awgn,digital_inprocess,True,,False,True,0.8560741543769836,0.1583370864391327,0.04032096639275551,0.9781422604364236,61.60129165649414,61.29445266723633,0.995018952021837
01_person_walk,15,279956023,baseline,diffusion_latent_init,awgn,digital_inprocess,True,,False,True,1.179664969444275,0.2408917397260666,0.09044887870550156,0.9547756287321824,63.999996185302734,64.0,1.0000000596046483
01_person_walk,15,279956023,baseline,edge_mean,awgn,digital_inprocess,True,,True,True,0.0,0.0,0.0,1.000001693448375,24.066946029663086,24.066946029663086,1.0
01_person_walk,15,279956023,baseline,edge_post_retransmit,awgn,digital_inprocess,True,,False,True,0.4950341284275055,0.02043008990585804,0.0024477553088217974,0.960300311389493,22.321231842041016,22.587339401245117,1.0119217237241764
01_person_walk,15,279956023,baseline,edge_uncertainty_mean,awgn,digital_inprocess,True,,True,True,0.0,0.0,0.0,1.0000012478740492,19.484582901000977,19.484582901000977,1.0
01_person_walk,15,279956023,baseline,final_reconstruction,awgn,digital_inprocess,True,,False,True,0.06626620888710022,0.005662418901920319,6.304919224930927e-05,0.9998586147493453,102.71381378173828,103.03889465332031,1.0031649187155371
01_person_walk,15,279956023,baseline,post_deserialize_latent_raw,awgn,digital_inprocess,False,missing_tensor,,,,,,,,,
01_person_walk,15,279956023,baseline,power_scalar,awgn,digital_inprocess,True,,True,True,0.0,0.0,0.0,1.0,64.0,64.0,1.0
01_person_walk,15,279956023,baseline,pre_serialize_latent,awgn,digital_inprocess,False,missing_tensor,,,,,,,,,
01_person_walk,15,279956023,baseline,receiver_post_norm_latent,awgn,digital_inprocess,True,,False,True,1.179664969444275,0.2408917397260666,0.09044887870550156,0.9547756287321824,63.999996185302734,64.0,1.0000000596046483
01_person_walk,15,279956023,baseline,sender_vae_latent_post_norm,awgn,digital_inprocess,True,,True,True,0.0,0.0,0.0,1.0,64.0,64.0,1.0
01_person_walk,15,279956023,baseline,sender_vae_latent_pre_norm,awgn,digital_inprocess,True,,True,True,0.0,0.0,0.0,0.9999997831779528,60.64738082885742,60.64738082885742,1.0
01_person_walk,15,279956023,baseline,uncertainty_post_ablation,awgn,digital_inprocess,True,,True,True,0.0,0.0,0.0,1.0000012478740492,19.484582901000977,19.484582901000977,1.0
01_person_walk,15,279956023,baseline,vae_decode_input,awgn,digital_inprocess,True,,False,True,0.8927987217903137,0.16490578651428223,0.04371517524123192,0.9781424973180887,64.0,63.99999237060547,0.9999998807907104
01_person_walk,15,279956023,baseline,channel_output,awgn,digital_wire,False,missing_tensor,,,,,,,,,
01_person_walk,15,279956023,baseline,controlnet_input_latent,awgn,digital_wire,True,,False,True,3.915978193283081,0.4228045642375946,0.33999550342559814,0.7949942881885758,57.5368537902832,58.94810104370117,1.024527709814684
01_person_walk,15,279956023,baseline,cur_snr,awgn,digital_wire,True,,False,True,0.8363256454467773,0.8363256454467773,0.699440598487854,1.0000000176014334,10.836325645446777,10.0,0.9228220272433225
01_person_walk,15,279956023,baseline,cur_step,awgn,digital_wire,True,,False,True,0.014710605144500732,0.014710605144500732,0.0002164019097108394,1.0000000291320108,0.07619845867156982,0.09090906381607056,1.193056465983207
01_person_walk,15,279956023,baseline,diffusion_latent_final,awgn,digital_wire,True,,False,True,0.8558955192565918,0.15833589434623718,0.04032018035650253,0.9781427222967289,61.60129165649414,61.29413604736328,0.9950138121966071
01_person_walk,15,279956023,baseline,diffusion_latent_init,awgn,digital_wire,True,,False,True,1.179652452468872,0.24089215695858002,0.0904490277171135,0.9547755664319442,63.999996185302734,63.999996185302734,1.0
01_person_walk,15,279956023,baseline,edge_mean,awgn,digital_wire,True,,False,True,0.0018750578165054321,0.0006539880996569991,7.647888651263202e-07,0.999990455540686,24.066946029663086,24.067995071411133,1.0000435884863312
01_person_walk,15,279956023,baseline,edge_post_retransmit,awgn,digital_wire,True,,False,True,0.6251899003982544,0.025334574282169342,0.004023831803351641,0.9414830122641522,22.321231842041016,24.067995071411133,1.0782556823804037
01_person_walk,15,279956023,baseline,edge_uncertainty_mean,awgn,digital_wire,True,,False,True,0.0018758871592581272,0.0005171929951757193,5.902802513446659e-07,0.9999879302393623,19.484582901000977,19.48448371887207,0.9999949097124937
01_person_walk,15,279956023,baseline,final_reconstruction,awgn,digital_wire,True,,False,True,0.06619861721992493,0.005662070121616125,6.30458234809339e-05,0.9998586373030647,102.71381378173828,103.03874969482422,1.0031635074302314
01_person_walk,15,279956023,baseline,post_deserialize_latent_raw,awgn,digital_wire,False,missing_tensor,,,,,,,,,
01_person_walk,15,279956023,baseline,power_scalar,awgn,digital_wire,True,,False,True,1.1920928955078125e-07,1.1920928955078125e-07,1.4210854715202004e-14,1.0000001192092896,64.0,64.0,1.0
01_person_walk,15,279956023,baseline,pre_serialize_latent,awgn,digital_wire,False,missing_tensor,,,,,,,,,
01_person_walk,15,279956023,baseline,receiver_post_norm_latent,awgn,digital_wire,True,,False,True,1.1796523332595825,0.24089215695858002,0.09044904261827469,0.9547754553094303,63.999996185302734,64.00000762939453,1.000000178813945
01_person_walk,15,279956023,baseline,sender_vae_latent_post_norm,awgn,digital_wire,True,,False,True,0.00027179718017578125,3.7163772503845394e-05,2.273983890077602e-09,1.0,64.0,63.999996185302734,0.9999999403953552
01_person_walk,15,279956023,baseline,sender_vae_latent_pre_norm,awgn,digital_wire,True,,True,True,0.0,0.0,0.0,0.9999997831779528,60.64738082885742,60.64738082885742,1.0
01_person_walk,15,279956023,baseline,uncertainty_post_ablation,awgn,digital_wire,True,,False,True,0.0018758871592581272,0.0005171929951757193,5.902802513446659e-07,0.9999879302393623,19.484582901000977,19.48448371887207,0.9999949097124937
01_person_walk,15,279956023,baseline,vae_decode_input,awgn,digital_wire,True,,False,True,0.8926157355308533,0.16490484774112701,0.0437145009636879,0.978142854946,64.0,63.99999237060547,0.9999998807907104
01_person_walk,15,279956023,baseline,channel_output,digital_inprocess,digital_wire,False,missing_tensor,,,,,,,,,
01_person_walk,15,279956023,baseline,controlnet_input_latent,digital_inprocess,digital_wire,True,,False,True,3.3296070098876953,0.42112916707992554,0.34109261631965637,0.793949749474595,57.41549301147461,58.94810104370117,1.0266932834996343
01_person_walk,15,279956023,baseline,cur_snr,digital_inprocess,digital_wire,True,,True,True,0.0,0.0,0.0,1.0,10.0,10.0,1.0
01_person_walk,15,279956023,baseline,cur_step,digital_inprocess,digital_wire,True,,True,True,0.0,0.0,0.0,0.9999999906866799,0.09090906381607056,0.09090906381607056,1.0
01_person_walk,15,279956023,baseline,diffusion_latent_final,digital_inprocess,digital_wire,True,,False,True,0.0016684532165527344,4.2371284507680684e-05,1.1068796545998794e-08,0.9999997288305301,61.29445266723633,61.29413604736328,0.9999948344448923
01_person_walk,15,279956023,baseline,diffusion_latent_init,digital_inprocess,digital_wire,True,,False,True,0.00027179718017578125,3.716329956660047e-05,2.2740278549093773e-09,1.0,64.0,63.999996185302734,0.9999999403953552
01_person_walk,15,279956023,baseline,edge_mean,digital_inprocess,digital_wire,True,,False,True,0.0018750578165054321,0.0006539880996569991,7.647888651263202e-07,0.999990455540686,24.066946029663086,24.067995071411133,1.0000435884863312
01_person_walk,15,279956023,baseline,edge_post_retransmit,digital_inprocess,digital_wire,True,,False,True,0.7470800280570984,0.02350730635225773,0.003435189137235284,0.9502528454549917,22.587339401245117,24.067995071411133,1.0655524603346773
01_person_walk,15,279956023,baseline,edge_uncertainty_mean,digital_inprocess,digital_wire,True,,False,True,0.0018758871592581272,0.0005171929951757193,5.902802513446659e-07,0.9999879302393623,19.484582901000977,19.48448371887207,0.9999949097124937
01_person_walk,15,279956023,baseline,final_reconstruction,digital_inprocess,digital_wire,True,,False,True,0.00019910931587219238,7.0874648372409865e-06,1.1512431979943116e-10,0.999999830017658,103.03889465332031,103.03874969482422,0.9999985931672056
01_person_walk,15,279956023,baseline,post_deserialize_latent_raw,digital_inprocess,digital_wire,False,missing_tensor,,,,,,,,,
01_person_walk,15,279956023,baseline,power_scalar,digital_inprocess,digital_wire,True,,False,True,1.1920928955078125e-07,1.1920928955078125e-07,1.4210854715202004e-14,1.0000001192092896,64.0,64.0,1.0
01_person_walk,15,279956023,baseline,pre_serialize_latent,digital_inprocess,digital_wire,False,missing_tensor,,,,,,,,,
01_person_walk,15,279956023,baseline,receiver_post_norm_latent,digital_inprocess,digital_wire,True,,False,True,0.00027191638946533203,3.716492938110605e-05,2.2740367366935743e-09,0.9999998807907247,64.0,64.00000762939453,1.0000001192092896
01_person_walk,15,279956023,baseline,sender_vae_latent_post_norm,digital_inprocess,digital_wire,True,,False,True,0.00027179718017578125,3.7163772503845394e-05,2.273983890077602e-09,1.0,64.0,63.999996185302734,0.9999999403953552
01_person_walk,15,279956023,baseline,sender_vae_latent_pre_norm,digital_inprocess,digital_wire,True,,True,True,0.0,0.0,0.0,0.9999997831779528,60.64738082885742,60.64738082885742,1.0
01_person_walk,15,279956023,baseline,uncertainty_post_ablation,digital_inprocess,digital_wire,True,,False,True,0.0018758871592581272,0.0005171929951757193,5.902802513446659e-07,0.9999879302393623,19.484582901000977,19.48448371887207,0.9999949097124937
01_person_walk,15,279956023,baseline,vae_decode_input,digital_inprocess,digital_wire,True,,False,True,0.0017271041870117188,4.4621152483159676e-05,1.2041676988872041e-08,1.0000001788139627,63.99999237060547,63.99999237060547,1.0
01_person_walk,15,279956023,diffusion_bypass_vae_direct,channel_output,awgn,digital_inprocess,True,,False,True,1.179664969444275,0.2408917397260666,0.09044887870550156,0.9547756287321824,63.999996185302734,64.0,1.0000000596046483
01_person_walk,15,279956023,diffusion_bypass_vae_direct,cur_snr,awgn,digital_inprocess,True,,False,True,0.8363256454467773,0.8363256454467773,0.699440598487854,1.0000000176014334,10.836325645446777,10.0,0.9228220272433225
01_person_walk,15,279956023,diffusion_bypass_vae_direct,cur_step,awgn,digital_inprocess,True,,False,True,0.014710605144500732,0.014710605144500732,0.0002164019097108394,1.0000000291320108,0.07619845867156982,0.09090906381607056,1.193056465983207
01_person_walk,15,279956023,diffusion_bypass_vae_direct,diffusion_latent_final,awgn,digital_inprocess,True,,False,True,1.179664969444275,0.2408917397260666,0.09044887870550156,0.9547756287321824,63.999996185302734,64.0,1.0000000596046483
01_person_walk,15,279956023,diffusion_bypass_vae_direct,diffusion_latent_init,awgn,digital_inprocess,True,,False,True,1.179664969444275,0.2408917397260666,0.09044887870550156,0.9547756287321824,63.999996185302734,64.0,1.0000000596046483
01_person_walk,15,279956023,diffusion_bypass_vae_direct,edge_mean,awgn,digital_inprocess,True,,True,True,0.0,0.0,0.0,1.000001693448375,24.066946029663086,24.066946029663086,1.0
01_person_walk,15,279956023,diffusion_bypass_vae_direct,edge_uncertainty_mean,awgn,digital_inprocess,True,,True,True,0.0,0.0,0.0,1.0000012478740492,19.484582901000977,19.484582901000977,1.0
01_person_walk,15,279956023,diffusion_bypass_vae_direct,final_reconstruction,awgn,digital_inprocess,True,,False,True,0.0930728018283844,0.007887483574450016,0.00010685802408261225,0.9997806648907978,103.24913787841797,103.98527526855469,1.0071297194849564
01_person_walk,15,279956023,diffusion_bypass_vae_direct,post_deserialize_latent_raw,awgn,digital_inprocess,False,missing_tensor,,,,,,,,,
01_person_walk,15,279956023,diffusion_bypass_vae_direct,power_scalar,awgn,digital_inprocess,True,,True,True,0.0,0.0,0.0,1.0,64.0,64.0,1.0
01_person_walk,15,279956023,diffusion_bypass_vae_direct,pre_serialize_latent,awgn,digital_inprocess,False,missing_tensor,,,,,,,,,
01_person_walk,15,279956023,diffusion_bypass_vae_direct,receiver_post_norm_latent,awgn,digital_inprocess,True,,False,True,1.179664969444275,0.2408917397260666,0.09044887870550156,0.9547756287321824,63.999996185302734,64.0,1.0000000596046483
01_person_walk,15,279956023,diffusion_bypass_vae_direct,sender_vae_latent_post_norm,awgn,digital_inprocess,True,,True,True,0.0,0.0,0.0,1.0,64.0,64.0,1.0
01_person_walk,15,279956023,diffusion_bypass_vae_direct,sender_vae_latent_pre_norm,awgn,digital_inprocess,True,,True,True,0.0,0.0,0.0,0.9999997831779528,60.64738082885742,60.64738082885742,1.0
01_person_walk,15,279956023,diffusion_bypass_vae_direct,vae_decode_input,awgn,digital_inprocess,True,,False,True,1.179664969444275,0.2408917397260666,0.09044887870550156,0.9547756287321824,63.999996185302734,64.0,1.0000000596046483
01_person_walk,15,279956023,diffusion_bypass_vae_direct,channel_output,awgn,digital_wire,False,missing_tensor,,,,,,,,,
01_person_walk,15,279956023,diffusion_bypass_vae_direct,cur_snr,awgn,digital_wire,True,,False,True,0.8363256454467773,0.8363256454467773,0.699440598487854,1.0000000176014334,10.836325645446777,10.0,0.9228220272433225
01_person_walk,15,279956023,diffusion_bypass_vae_direct,cur_step,awgn,digital_wire,True,,False,True,0.014710605144500732,0.014710605144500732,0.0002164019097108394,1.0000000291320108,0.07619845867156982,0.09090906381607056,1.193056465983207
01_person_walk,15,279956023,diffusion_bypass_vae_direct,diffusion_latent_final,awgn,digital_wire,True,,False,True,1.179652452468872,0.24089215695858002,0.0904490277171135,0.9547755664319442,63.999996185302734,63.999996185302734,1.0
01_person_walk,15,279956023,diffusion_bypass_vae_direct,diffusion_latent_init,awgn,digital_wire,True,,False,True,1.179652452468872,0.24089215695858002,0.0904490277171135,0.9547755664319442,63.999996185302734,63.999996185302734,1.0
01_person_walk,15,279956023,diffusion_bypass_vae_direct,edge_mean,awgn,digital_wire,True,,False,True,0.0018750578165054321,0.0006539880996569991,7.647888651263202e-07,0.999990455540686,24.066946029663086,24.067995071411133,1.0000435884863312
01_person_walk,15,279956023,diffusion_bypass_vae_direct,edge_uncertainty_mean,awgn,digital_wire,True,,False,True,0.0018758871592581272,0.0005171929951757193,5.902802513446659e-07,0.9999879302393623,19.484582901000977,19.48448371887207,0.9999949097124937
01_person_walk,15,279956023,diffusion_bypass_vae_direct,final_reconstruction,awgn,digital_wire,True,,False,True,0.09312412142753601,0.007887585088610649,0.00010685457527870312,0.999780732371472,103.24913787841797,103.98534393310547,1.0071303845224784
01_person_walk,15,279956023,diffusion_bypass_vae_direct,post_deserialize_latent_raw,awgn,digital_wire,False,missing_tensor,,,,,,,,,
01_person_walk,15,279956023,diffusion_bypass_vae_direct,power_scalar,awgn,digital_wire,True,,False,True,1.1920928955078125e-07,1.1920928955078125e-07,1.4210854715202004e-14,1.0000001192092896,64.0,64.0,1.0
01_person_walk,15,279956023,diffusion_bypass_vae_direct,pre_serialize_latent,awgn,digital_wire,False,missing_tensor,,,,,,,,,
01_person_walk,15,279956023,diffusion_bypass_vae_direct,receiver_post_norm_latent,awgn,digital_wire,True,,False,True,1.1796523332595825,0.24089215695858002,0.09044904261827469,0.9547754553094303,63.999996185302734,64.00000762939453,1.000000178813945
01_person_walk,15,279956023,diffusion_bypass_vae_direct,sender_vae_latent_post_norm,awgn,digital_wire,True,,False,True,0.00027179718017578125,3.7163772503845394e-05,2.273983890077602e-09,1.0,64.0,63.999996185302734,0.9999999403953552
01_person_walk,15,279956023,diffusion_bypass_vae_direct,sender_vae_latent_pre_norm,awgn,digital_wire,True,,True,True,0.0,0.0,0.0,0.9999997831779528,60.64738082885742,60.64738082885742,1.0
01_person_walk,15,279956023,diffusion_bypass_vae_direct,vae_decode_input,awgn,digital_wire,True,,False,True,1.179652452468872,0.2408921718597412,0.09044904261827469,0.954775569127534,63.999996185302734,64.0,1.0000000596046483
01_person_walk,15,279956023,diffusion_bypass_vae_direct,channel_output,digital_inprocess,digital_wire,False,missing_tensor,,,,,,,,,
01_person_walk,15,279956023,diffusion_bypass_vae_direct,cur_snr,digital_inprocess,digital_wire,True,,True,True,0.0,0.0,0.0,1.0,10.0,10.0,1.0
01_person_walk,15,279956023,diffusion_bypass_vae_direct,cur_step,digital_inprocess,digital_wire,True,,True,True,0.0,0.0,0.0,0.9999999906866799,0.09090906381607056,0.09090906381607056,1.0
01_person_walk,15,279956023,diffusion_bypass_vae_direct,diffusion_latent_final,digital_inprocess,digital_wire,True,,False,True,0.00027179718017578125,3.716329956660047e-05,2.2740278549093773e-09,1.0,64.0,63.999996185302734,0.9999999403953552
01_person_walk,15,279956023,diffusion_bypass_vae_direct,diffusion_latent_init,digital_inprocess,digital_wire,True,,False,True,0.00027179718017578125,3.716329956660047e-05,2.2740278549093773e-09,1.0,64.0,63.999996185302734,0.9999999403953552
01_person_walk,15,279956023,diffusion_bypass_vae_direct,edge_mean,digital_inprocess,digital_wire,True,,False,True,0.0018750578165054321,0.0006539880996569991,7.647888651263202e-07,0.999990455540686,24.066946029663086,24.067995071411133,1.0000435884863312
01_person_walk,15,279956023,diffusion_bypass_vae_direct,edge_uncertainty_mean,digital_inprocess,digital_wire,True,,False,True,0.0018758871592581272,0.0005171929951757193,5.902802513446659e-07,0.9999879302393623,19.484582901000977,19.48448371887207,0.9999949097124937
01_person_walk,15,279956023,diffusion_bypass_vae_direct,final_reconstruction,digital_inprocess,digital_wire,True,,False,True,0.0002002418041229248,7.226865363918478e-06,1.1395587945495222e-10,1.0000000647113918,103.98527526855469,103.98534393310547,1.0000006603295573
01_person_walk,15,279956023,diffusion_bypass_vae_direct,post_deserialize_latent_raw,digital_inprocess,digital_wire,False,missing_tensor,,,,,,,,,
01_person_walk,15,279956023,diffusion_bypass_vae_direct,power_scalar,digital_inprocess,digital_wire,True,,False,True,1.1920928955078125e-07,1.1920928955078125e-07,1.4210854715202004e-14,1.0000001192092896,64.0,64.0,1.0
01_person_walk,15,279956023,diffusion_bypass_vae_direct,pre_serialize_latent,digital_inprocess,digital_wire,False,missing_tensor,,,,,,,,,
01_person_walk,15,279956023,diffusion_bypass_vae_direct,receiver_post_norm_latent,digital_inprocess,digital_wire,True,,False,True,0.00027191638946533203,3.716492938110605e-05,2.2740367366935743e-09,0.9999998807907247,64.0,64.00000762939453,1.0000001192092896
01_person_walk,15,279956023,diffusion_bypass_vae_direct,sender_vae_latent_post_norm,digital_inprocess,digital_wire,True,,False,True,0.00027179718017578125,3.7163772503845394e-05,2.273983890077602e-09,1.0,64.0,63.999996185302734,0.9999999403953552
01_person_walk,15,279956023,diffusion_bypass_vae_direct,sender_vae_latent_pre_norm,digital_inprocess,digital_wire,True,,True,True,0.0,0.0,0.0,0.9999997831779528,60.64738082885742,60.64738082885742,1.0
01_person_walk,15,279956023,diffusion_bypass_vae_direct,vae_decode_input,digital_inprocess,digital_wire,True,,False,True,0.00027191638946533203,3.716445644386113e-05,2.274076038588646e-09,1.0,64.0,64.0,1.0
01_person_walk,16,2309397389,baseline,channel_output,awgn,digital_inprocess,True,,False,True,1.2133376598358154,0.23869873583316803,0.09022021293640137,0.954890010052324,64.0,63.999996185302734,0.9999999403953552
01_person_walk,16,2309397389,baseline,controlnet_input_latent,awgn,digital_inprocess,True,,False,True,2.6279306411743164,0.32047832012176514,0.2007448375225067,0.8735082716749409,57.04787063598633,56.97311782836914,0.9986896477154393
01_person_walk,16,2309397389,baseline,cur_snr,awgn,digital_inprocess,True,,False,True,0.5046606063842773,0.5046606063842773,0.254682332277298,1.0000000181571658,10.504660606384277,10.0,0.9519584091962413
01_person_walk,16,2309397389,baseline,cur_step,awgn,digital_inprocess,True,,False,True,0.009157836437225342,0.009157836437225342,8.386596891796216e-05,1.0000000075232982,0.08175122737884521,0.09090906381607056,1.112020782205346
01_person_walk,16,2309397389,baseline,diffusion_latent_final,awgn,digital_inprocess,True,,False,True,0.8116774559020996,0.1578434407711029,0.03975740820169449,0.9783466208067554,61.291831970214844,61.34892272949219,1.0009314578703585
01_person_walk,16,2309397389,baseline,diffusion_latent_init,awgn,digital_inprocess,True,,False,True,1.2133376598358154,0.23869873583316803,0.09022021293640137,0.954890010052324,64.0,63.999996185302734,0.9999999403953552
01_person_walk,16,2309397389,baseline,edge_mean,awgn,digital_inprocess,True,,True,True,0.0,0.0,0.0,1.0000018447583516,22.85195541381836,22.85195541381836,1.0
01_person_walk,16,2309397389,baseline,edge_post_retransmit,awgn,digital_inprocess,True,,False,True,0.5431362390518188,0.01724606566131115,0.0018166227964684367,0.9685551011540763,21.873428344726562,21.56699562072754,0.9859906403710647
01_person_walk,16,2309397389,baseline,edge_uncertainty_mean,awgn,digital_inprocess,True,,True,True,0.0,0.0,0.0,1.0000009903773255,18.353567123413086,18.353567123413086,1.0
01_person_walk,16,2309397389,baseline,final_reconstruction,awgn,digital_inprocess,True,,False,True,0.08018296957015991,0.0036106526385992765,2.5706473024911247e-05,0.9999452348802632,105.13995361328125,105.39034271240234,1.0023814838271858
01_person_walk,16,2309397389,baseline,post_deserialize_latent_raw,awgn,digital_inprocess,False,missing_tensor,,,,,,,,,
01_person_walk,16,2309397389,baseline,power_scalar,awgn,digital_inprocess,True,,True,True,0.0,0.0,0.0,1.0,64.0,64.0,1.0
01_person_walk,16,2309397389,baseline,pre_serialize_latent,awgn,digital_inprocess,False,missing_tensor,,,,,,,,,
01_person_walk,16,2309397389,baseline,receiver_post_norm_latent,awgn,digital_inprocess,True,,False,True,1.2133376598358154,0.23869873583316803,0.09022021293640137,0.954890010052324,64.0,63.999996185302734,0.9999999403953552
01_person_walk,16,2309397389,baseline,sender_vae_latent_post_norm,awgn,digital_inprocess,True,,True,True,0.0,0.0,0.0,1.0000001192093002,63.999996185302734,63.999996185302734,1.0
01_person_walk,16,2309397389,baseline,sender_vae_latent_pre_norm,awgn,digital_inprocess,True,,True,True,0.0,0.0,0.0,1.00000018818132,61.20085144042969,61.20085144042969,1.0
01_person_walk,16,2309397389,baseline,uncertainty_post_ablation,awgn,digital_inprocess,True,,True,True,0.0,0.0,0.0,1.0000009903773255,18.353567123413086,18.353567123413086,1.0
01_person_walk,16,2309397389,baseline,vae_decode_input,awgn,digital_inprocess,True,,False,True,0.8469289541244507,0.1647459864616394,0.04330715909600258,0.9783464087041442,64.00000762939453,63.999996185302734,0.999999821186087
01_person_walk,16,2309397389,baseline,channel_output,awgn,digital_wire,False,missing_tensor,,,,,,,,,
01_person_walk,16,2309397389,baseline,controlnet_input_latent,awgn,digital_wire,True,,False,True,2.7558393478393555,0.418742299079895,0.3282431364059448,0.7989759331144629,57.04787063598633,58.523983001708984,1.0258749774402887
01_person_walk,16,2309397389,baseline,cur_snr,awgn,digital_wire,True,,False,True,0.5046606063842773,0.5046606063842773,0.254682332277298,1.0000000181571658,10.504660606384277,10.0,0.9519584091962413
01_person_walk,16,2309397389,baseline,cur_step,awgn,digital_wire,True,,False,True,0.009157836437225342,0.009157836437225342,8.386596891796216e-05,1.0000000075232982,0.08175122737884521,0.09090906381607056,1.112020782205346
01_person_walk,16,2309397389,baseline,diffusion_latent_final,awgn,digital_wire,True,,False,True,0.8116230964660645,0.15784147381782532,0.03975626081228256,0.9783472460947408,61.291831970214844,61.348960876464844,1.000932080253006
01_person_walk,16,2309397389,baseline,diffusion_latent_init,awgn,digital_wire,True,,False,True,1.2132768630981445,0.23869845271110535,0.09021998941898346,0.9548900127410889,64.0,64.0,1.0
01_person_walk,16,2309397389,baseline,edge_mean,awgn,digital_wire,True,,False,True,0.0018624941585585475,0.0006199493072926998,7.047977419460949e-07,0.9999901372613097,22.85195541381836,22.851667404174805,0.9999873967177715
01_person_walk,16,2309397389,baseline,edge_post_retransmit,awgn,digital_wire,True,,False,True,0.6814584732055664,0.01998159848153591,0.0025081546045839787,0.959851919157564,21.873428344726562,22.851667404174805,1.0447227130576486
01_person_walk,16,2309397389,baseline,edge_uncertainty_mean,awgn,digital_wire,True,,False,True,0.001861572265625,0.00047041423385962844,5.146307557879481e-07,0.9999877398522685,18.353567123413086,18.353168487548828,0.9999782801968916
01_person_walk,16,2309397389,baseline,final_reconstruction,awgn,digital_wire,True,,False,True,0.08018684387207031,0.003611205378547311,2.571287586761173e-05,0.9999453923175676,105.13995361328125,105.39041900634766,1.002382209468987
01_person_walk,16,2309397389,baseline,post_deserialize_latent_raw,awgn,digital_wire,False,missing_tensor,,,,,,,,,
01_person_walk,16,2309397389,baseline,power_scalar,awgn,digital_wire,True,,True,True,0.0,0.0,0.0,1.0,64.0,64.0,1.0
01_person_walk,16,2309397389,baseline,pre_serialize_latent,awgn,digital_wire,False,missing_tensor,,,,,,,,,
01_person_walk,16,2309397389,baseline,receiver_post_norm_latent,awgn,digital_wire,True,,False,True,1.2132768630981445,0.23869845271110535,0.09021998941898346,0.9548900127410889,64.0,64.0,1.0
01_person_walk,16,2309397389,baseline,sender_vae_latent_post_norm,awgn,digital_wire,True,,False,True,0.00021599233150482178,3.965718860854395e-05,2.6366806515909502e-09,1.0000000596046483,63.999996185302734,64.0,1.0000000596046483
01_person_walk,16,2309397389,baseline,sender_vae_latent_pre_norm,awgn,digital_wire,True,,True,True,0.0,0.0,0.0,1.00000018818132,61.20085144042969,61.20085144042969,1.0
01_person_walk,16,2309397389,baseline,uncertainty_post_ablation,awgn,digital_wire,True,,False,True,0.001861572265625,0.00047041423385962844,5.146307557879481e-07,0.9999877398522685,18.353567123413086,18.353168487548828,0.9999782801968916
01_person_walk,16,2309397389,baseline,vae_decode_input,awgn,digital_wire,True,,False,True,0.8468718528747559,0.16474400460720062,0.043305881321430206,0.9783469464365308,64.00000762939453,64.0,0.9999998807907247
01_person_walk,16,2309397389,baseline,channel_output,digital_inprocess,digital_wire,False,missing_tensor,,,,,,,,,
01_person_walk,16,2309397389,baseline,controlnet_input_latent,digital_inprocess,digital_wire,True,,False,True,3.604055404663086,0.42373961210250854,0.34244653582572937,0.7900220261526302,56.97311782836914,58.523983001708984,1.027220998822845
01_person_walk,16,2309397389,baseline,cur_snr,digital_inprocess,digital_wire,True,,True,True,0.0,0.0,0.0,1.0,10.0,10.0,1.0
01_person_walk,16,2309397389,baseline,cur_step,digital_inprocess,digital_wire,True,,True,True,0.0,0.0,0.0,0.9999999906866799,0.09090906381607056,0.09090906381607056,1.0
01_person_walk,16,2309397389,baseline,diffusion_latent_final,digital_inprocess,digital_wire,True,,False,True,0.0014317035675048828,4.504062599153258e-05,1.0169992847863796e-08,1.0000001208625504,61.34892272949219,61.348960876464844,1.0000006218034638
01_person_walk,16,2309397389,baseline,diffusion_latent_init,digital_inprocess,digital_wire,True,,False,True,0.00021599233150482178,3.965718860854395e-05,2.6366806515909502e-09,1.0000000596046483,63.999996185302734,64.0,1.0000000596046483
01_person_walk,16,2309397389,baseline,edge_mean,digital_inprocess,digital_wire,True,,False,True,0.0018624941585585475,0.0006199493072926998,7.047977419460949e-07,0.9999901372613097,22.85195541381836,22.851667404174805,0.9999873967177715
01_person_walk,16,2309397389,baseline,edge_post_retransmit,digital_inprocess,digital_wire,True,,False,True,0.6150988936424255,0.021359343081712723,0.0030205342918634415,0.9514681354181777,21.56699562072754,22.851667404174805,1.059566562076574
01_person_walk,16,2309397389,baseline,edge_uncertainty_mean,digital_inprocess,digital_wire,True,,False,True,0.001861572265625,0.00047041423385962844,5.146307557879481e-07,0.9999877398522685,18.353567123413086,18.353168487548828,0.9999782801968916
01_person_walk,16,2309397389,baseline,final_reconstruction,digital_inprocess,digital_wire,True,,False,True,0.0002270340919494629,6.583839876839193e-06,9.266668682395007e-11,0.9999998633033613,105.39034271240234,105.39041900634766,1.0000007239178026
01_person_walk,16,2309397389,baseline,post_deserialize_latent_raw,digital_inprocess,digital_wire,False,missing_tensor,,,,,,,,,
01_person_walk,16,2309397389,baseline,power_scalar,digital_inprocess,digital_wire,True,,True,True,0.0,0.0,0.0,1.0,64.0,64.0,1.0
01_person_walk,16,2309397389,baseline,pre_serialize_latent,digital_inprocess,digital_wire,False,missing_tensor,,,,,,,,,
01_person_walk,16,2309397389,baseline,receiver_post_norm_latent,digital_inprocess,digital_wire,True,,False,True,0.00021599233150482178,3.965718860854395e-05,2.6366806515909502e-09,1.0000000596046483,63.999996185302734,64.0,1.0000000596046483
01_person_walk,16,2309397389,baseline,sender_vae_latent_post_norm,digital_inprocess,digital_wire,True,,False,True,0.00021599233150482178,3.965718860854395e-05,2.6366806515909502e-09,1.0000000596046483,63.999996185302734,64.0,1.0000000596046483
01_person_walk,16,2309397389,baseline,sender_vae_latent_pre_norm,digital_inprocess,digital_wire,True,,True,True,0.0,0.0,0.0,1.00000018818132,61.20085144042969,61.20085144042969,1.0
01_person_walk,16,2309397389,baseline,uncertainty_post_ablation,digital_inprocess,digital_wire,True,,False,True,0.001861572265625,0.00047041423385962844,5.146307557879481e-07,0.9999877398522685,18.353567123413086,18.353168487548828,0.9999782801968916
01_person_walk,16,2309397389,baseline,vae_decode_input,digital_inprocess,digital_wire,True,,False,True,0.0014951229095458984,4.698066913988441e-05,1.1067426086697196e-08,1.0000000596046483,63.999996185302734,64.0,1.0000000596046483
01_person_walk,16,2309397389,diffusion_bypass_vae_direct,channel_output,awgn,digital_inprocess,True,,False,True,1.2133376598358154,0.23869873583316803,0.09022021293640137,0.954890010052324,64.0,63.999996185302734,0.9999999403953552
01_person_walk,16,2309397389,diffusion_bypass_vae_direct,cur_snr,awgn,digital_inprocess,True,,False,True,0.5046606063842773,0.5046606063842773,0.254682332277298,1.0000000181571658,10.504660606384277,10.0,0.9519584091962413
01_person_walk,16,2309397389,diffusion_bypass_vae_direct,cur_step,awgn,digital_inprocess,True,,False,True,0.009157836437225342,0.009157836437225342,8.386596891796216e-05,1.0000000075232982,0.08175122737884521,0.09090906381607056,1.112020782205346
01_person_walk,16,2309397389,diffusion_bypass_vae_direct,diffusion_latent_final,awgn,digital_inprocess,True,,False,True,1.2133376598358154,0.23869873583316803,0.09022021293640137,0.954890010052324,64.0,63.999996185302734,0.9999999403953552
01_person_walk,16,2309397389,diffusion_bypass_vae_direct,diffusion_latent_init,awgn,digital_inprocess,True,,False,True,1.2133376598358154,0.23869873583316803,0.09022021293640137,0.954890010052324,64.0,63.999996185302734,0.9999999403953552
01_person_walk,16,2309397389,diffusion_bypass_vae_direct,edge_mean,awgn,digital_inprocess,True,,True,True,0.0,0.0,0.0,1.0000018447583516,22.85195541381836,22.85195541381836,1.0
01_person_walk,16,2309397389,diffusion_bypass_vae_direct,edge_uncertainty_mean,awgn,digital_inprocess,True,,True,True,0.0,0.0,0.0,1.0000009903773255,18.353567123413086,18.353567123413086,1.0
01_person_walk,16,2309397389,diffusion_bypass_vae_direct,final_reconstruction,awgn,digital_inprocess,True,,False,True,0.08671674132347107,0.006067065987735987,6.849476631032303e-05,0.9998620533846118,105.81820678710938,106.33397674560547,1.0048741135779569
01_person_walk,16,2309397389,diffusion_bypass_vae_direct,post_deserialize_latent_raw,awgn,digital_inprocess,False,missing_tensor,,,,,,,,,
01_person_walk,16,2309397389,diffusion_bypass_vae_direct,power_scalar,awgn,digital_inprocess,True,,True,True,0.0,0.0,0.0,1.0,64.0,64.0,1.0
01_person_walk,16,2309397389,diffusion_bypass_vae_direct,pre_serialize_latent,awgn,digital_inprocess,False,missing_tensor,,,,,,,,,
01_person_walk,16,2309397389,diffusion_bypass_vae_direct,receiver_post_norm_latent,awgn,digital_inprocess,True,,False,True,1.2133376598358154,0.23869873583316803,0.09022021293640137,0.954890010052324,64.0,63.999996185302734,0.9999999403953552
01_person_walk,16,2309397389,diffusion_bypass_vae_direct,sender_vae_latent_post_norm,awgn,digital_inprocess,True,,True,True,0.0,0.0,0.0,1.0000001192093002,63.999996185302734,63.999996185302734,1.0
01_person_walk,16,2309397389,diffusion_bypass_vae_direct,sender_vae_latent_pre_norm,awgn,digital_inprocess,True,,True,True,0.0,0.0,0.0,1.00000018818132,61.20085144042969,61.20085144042969,1.0
01_person_walk,16,2309397389,diffusion_bypass_vae_direct,vae_decode_input,awgn,digital_inprocess,True,,False,True,1.2133376598358154,0.23869873583316803,0.09022021293640137,0.954890010052324,64.0,63.999996185302734,0.9999999403953552
01_person_walk,16,2309397389,diffusion_bypass_vae_direct,channel_output,awgn,digital_wire,False,missing_tensor,,,,,,,,,
01_person_walk,16,2309397389,diffusion_bypass_vae_direct,cur_snr,awgn,digital_wire,True,,False,True,0.5046606063842773,0.5046606063842773,0.254682332277298,1.0000000181571658,10.504660606384277,10.0,0.9519584091962413
01_person_walk,16,2309397389,diffusion_bypass_vae_direct,cur_step,awgn,digital_wire,True,,False,True,0.009157836437225342,0.009157836437225342,8.386596891796216e-05,1.0000000075232982,0.08175122737884521,0.09090906381607056,1.112020782205346
01_person_walk,16,2309397389,diffusion_bypass_vae_direct,diffusion_latent_final,awgn,digital_wire,True,,False,True,1.2132768630981445,0.23869845271110535,0.09021998941898346,0.9548900127410889,64.0,64.0,1.0
01_person_walk,16,2309397389,diffusion_bypass_vae_direct,diffusion_latent_init,awgn,digital_wire,True,,False,True,1.2132768630981445,0.23869845271110535,0.09021998941898346,0.9548900127410889,64.0,64.0,1.0
01_person_walk,16,2309397389,diffusion_bypass_vae_direct,edge_mean,awgn,digital_wire,True,,False,True,0.0018624941585585475,0.0006199493072926998,7.047977419460949e-07,0.9999901372613097,22.85195541381836,22.851667404174805,0.9999873967177715
01_person_walk,16,2309397389,diffusion_bypass_vae_direct,edge_uncertainty_mean,awgn,digital_wire,True,,False,True,0.001861572265625,0.00047041423385962844,5.146307557879481e-07,0.9999877398522685,18.353567123413086,18.353168487548828,0.9999782801968916
01_person_walk,16,2309397389,diffusion_bypass_vae_direct,final_reconstruction,awgn,digital_wire,True,,False,True,0.08673116564750671,0.006067047361284494,6.84970073052682e-05,0.9998621898413846,105.81820678710938,106.33386993408203,1.004873104190946
01_person_walk,16,2309397389,diffusion_bypass_vae_direct,post_deserialize_latent_raw,awgn,digital_wire,False,missing_tensor,,,,,,,,,
01_person_walk,16,2309397389,diffusion_bypass_vae_direct,power_scalar,awgn,digital_wire,True,,True,True,0.0,0.0,0.0,1.0,64.0,64.0,1.0
01_person_walk,16,2309397389,diffusion_bypass_vae_direct,pre_serialize_latent,awgn,digital_wire,False,missing_tensor,,,,,,,,,
01_person_walk,16,2309397389,diffusion_bypass_vae_direct,receiver_post_norm_latent,awgn,digital_wire,True,,False,True,1.2132768630981445,0.23869845271110535,0.09021998941898346,0.9548900127410889,64.0,64.0,1.0
01_person_walk,16,2309397389,diffusion_bypass_vae_direct,sender_vae_latent_post_norm,awgn,digital_wire,True,,False,True,0.00021599233150482178,3.965718860854395e-05,2.6366806515909502e-09,1.0000000596046483,63.999996185302734,64.0,1.0000000596046483
01_person_walk,16,2309397389,diffusion_bypass_vae_direct,sender_vae_latent_pre_norm,awgn,digital_wire,True,,True,True,0.0,0.0,0.0,1.00000018818132,61.20085144042969,61.20085144042969,1.0
01_person_walk,16,2309397389,diffusion_bypass_vae_direct,vae_decode_input,awgn,digital_wire,True,,False,True,1.2132768630981445,0.23869845271110535,0.09021998941898346,0.9548900127410889,64.0,64.0,1.0
01_person_walk,16,2309397389,diffusion_bypass_vae_direct,channel_output,digital_inprocess,digital_wire,False,missing_tensor,,,,,,,,,
01_person_walk,16,2309397389,diffusion_bypass_vae_direct,cur_snr,digital_inprocess,digital_wire,True,,True,True,0.0,0.0,0.0,1.0,10.0,10.0,1.0
01_person_walk,16,2309397389,diffusion_bypass_vae_direct,cur_step,digital_inprocess,digital_wire,True,,True,True,0.0,0.0,0.0,0.9999999906866799,0.09090906381607056,0.09090906381607056,1.0
01_person_walk,16,2309397389,diffusion_bypass_vae_direct,diffusion_latent_final,digital_inprocess,digital_wire,True,,False,True,0.00021599233150482178,3.965718860854395e-05,2.6366806515909502e-09,1.0000000596046483,63.999996185302734,64.0,1.0000000596046483
01_person_walk,16,2309397389,diffusion_bypass_vae_direct,diffusion_latent_init,digital_inprocess,digital_wire,True,,False,True,0.00021599233150482178,3.965718860854395e-05,2.6366806515909502e-09,1.0000000596046483,63.999996185302734,64.0,1.0000000596046483
01_person_walk,16,2309397389,diffusion_bypass_vae_direct,edge_mean,digital_inprocess,digital_wire,True,,False,True,0.0018624941585585475,0.0006199493072926998,7.047977419460949e-07,0.9999901372613097,22.85195541381836,22.851667404174805,0.9999873967177715
01_person_walk,16,2309397389,diffusion_bypass_vae_direct,edge_uncertainty_mean,digital_inprocess,digital_wire,True,,False,True,0.001861572265625,0.00047041423385962844,5.146307557879481e-07,0.9999877398522685,18.353567123413086,18.353168487548828,0.9999782801968916
01_person_walk,16,2309397389,diffusion_bypass_vae_direct,final_reconstruction,digital_inprocess,digital_wire,True,,False,True,0.00011348724365234375,6.652513093285961e-06,8.628917719244455e-11,1.0000003514420788,106.33397674560547,106.33386993408203,0.9999989955089924
01_person_walk,16,2309397389,diffusion_bypass_vae_direct,post_deserialize_latent_raw,digital_inprocess,digital_wire,False,missing_tensor,,,,,,,,,
01_person_walk,16,2309397389,diffusion_bypass_vae_direct,power_scalar,digital_inprocess,digital_wire,True,,True,True,0.0,0.0,0.0,1.0,64.0,64.0,1.0
01_person_walk,16,2309397389,diffusion_bypass_vae_direct,pre_serialize_latent,digital_inprocess,digital_wire,False,missing_tensor,,,,,,,,,
01_person_walk,16,2309397389,diffusion_bypass_vae_direct,receiver_post_norm_latent,digital_inprocess,digital_wire,True,,False,True,0.00021599233150482178,3.965718860854395e-05,2.6366806515909502e-09,1.0000000596046483,63.999996185302734,64.0,1.0000000596046483
01_person_walk,16,2309397389,diffusion_bypass_vae_direct,sender_vae_latent_post_norm,digital_inprocess,digital_wire,True,,False,True,0.00021599233150482178,3.965718860854395e-05,2.6366806515909502e-09,1.0000000596046483,63.999996185302734,64.0,1.0000000596046483
01_person_walk,16,2309397389,diffusion_bypass_vae_direct,sender_vae_latent_pre_norm,digital_inprocess,digital_wire,True,,True,True,0.0,0.0,0.0,1.00000018818132,61.20085144042969,61.20085144042969,1.0
01_person_walk,16,2309397389,diffusion_bypass_vae_direct,vae_decode_input,digital_inprocess,digital_wire,True,,False,True,0.00021599233150482178,3.965718860854395e-05,2.6366806515909502e-09,1.0000000596046483,63.999996185302734,64.0,1.0000000596046483
01_person_walk,17,4272007963,baseline,channel_output,awgn,digital_inprocess,True,,False,True,1.14756441116333,0.23903809487819672,0.08996663987636566,0.955016726853454,63.999996185302734,63.999996185302734,1.0
01_person_walk,17,4272007963,baseline,controlnet_input_latent,awgn,digital_inprocess,True,,False,True,3.3213939666748047,0.3446076512336731,0.2348860651254654,0.8532925959210762,57.60614013671875,56.88983154296875,0.9875654124360709
01_person_walk,17,4272007963,baseline,cur_snr,awgn,digital_inprocess,True,,False,True,0.33782005310058594,0.33782005310058594,0.11412239074707031,1.000000036900403,10.337820053100586,10.0,0.9673219255737321
01_person_walk,17,4272007963,baseline,cur_step,awgn,digital_inprocess,True,,False,True,0.006227254867553711,0.006227254867553711,3.877870403812267e-05,1.0000000120776715,0.08468180894851685,0.09090906381607056,1.0735371025356772
01_person_walk,17,4272007963,baseline,diffusion_latent_final,awgn,digital_inprocess,True,,False,True,0.8381662964820862,0.15485569834709167,0.038838665932416916,0.9790758088978775,61.34722900390625,61.862205505371094,1.008394454155901
01_person_walk,17,4272007963,baseline,diffusion_latent_init,awgn,digital_inprocess,True,,False,True,1.1475645303726196,0.23903809487819672,0.08996663987636566,0.9550168460627577,63.999996185302734,63.999996185302734,1.0
01_person_walk,17,4272007963,baseline,edge_mean,awgn,digital_inprocess,True,,True,True,0.0,0.0,0.0,1.0000016247549246,22.492429733276367,22.492429733276367,1.0
01_person_walk,17,4272007963,baseline,edge_post_retransmit,awgn,digital_inprocess,True,,False,True,0.5941402912139893,0.018911121413111687,0.002353993011638522,0.9568262060456717,21.36081314086914,20.570547103881836,0.9630039347390148
01_person_walk,17,4272007963,baseline,edge_uncertainty_mean,awgn,digital_inprocess,True,,True,True,0.0,0.0,0.0,1.0000012070595141,17.25112533569336,17.25112533569336,1.0
01_person_walk,17,4272007963,baseline,final_reconstruction,awgn,digital_inprocess,True,,False,True,0.06211814284324646,0.003189457580447197,2.105889689119067e-05,0.9999548017915755,107.02107238769531,107.05486297607422,1.0003157377105745
01_person_walk,17,4272007963,baseline,post_deserialize_latent_raw,awgn,digital_inprocess,False,missing_tensor,,,,,,,,,
01_person_walk,17,4272007963,baseline,power_scalar,awgn,digital_inprocess,True,,False,True,5.960464477539063e-08,5.960464477539063e-08,3.552713678800501e-15,1.0,63.999996185302734,64.0,1.0000000596046483
01_person_walk,17,4272007963,baseline,pre_serialize_latent,awgn,digital_inprocess,False,missing_tensor,,,,,,,,,
01_person_walk,17,4272007963,baseline,receiver_post_norm_latent,awgn,digital_inprocess,True,,False,True,1.14756441116333,0.23903809487819672,0.08996663987636566,0.955016726853454,63.999996185302734,63.999996185302734,1.0
01_person_walk,17,4272007963,baseline,sender_vae_latent_post_norm,awgn,digital_inprocess,True,,True,True,0.0,0.0,0.0,1.0000001192093002,63.999996185302734,63.999996185302734,1.0
01_person_walk,17,4272007963,baseline,sender_vae_latent_pre_norm,awgn,digital_inprocess,True,,True,True,0.0,0.0,0.0,0.9999999558600049,61.55326843261719,61.55326843261719,1.0
01_person_walk,17,4272007963,baseline,uncertainty_post_ablation,awgn,digital_inprocess,True,,True,True,0.0,0.0,0.0,1.0000012070595141,17.25112533569336,17.25112533569336,1.0
01_person_walk,17,4272007963,baseline,vae_decode_input,awgn,digital_inprocess,True,,False,True,0.8606494665145874,0.16084788739681244,0.04184844344854355,0.9790756727366837,64.00000762939453,64.0,0.9999998807907247
01_person_walk,17,4272007963,baseline,channel_output,awgn,digital_wire,False,missing_tensor,,,,,,,,,
01_person_walk,17,4272007963,baseline,controlnet_input_latent,awgn,digital_wire,True,,False,True,4.090217590332031,0.4301251173019409,0.35635945200920105,0.7836889690793584,57.60614013671875,58.53479766845703,1.0161208081210487
01_person_walk,17,4272007963,baseline,cur_snr,awgn,digital_wire,True,,False,True,0.33782005310058594,0.33782005310058594,0.11412239074707031,1.000000036900403,10.337820053100586,10.0,0.9673219255737321
01_person_walk,17,4272007963,baseline,cur_step,awgn,digital_wire,True,,False,True,0.006227254867553711,0.006227254867553711,3.877870403812267e-05,1.0000000120776715,0.08468180894851685,0.09090906381607056,1.0735371025356772
01_person_walk,17,4272007963,baseline,diffusion_latent_final,awgn,digital_wire,True,,False,True,0.8381933569908142,0.15485751628875732,0.038838911801576614,0.9790757297624739,61.34722900390625,61.86212921142578,1.0083932105146387
01_person_walk,17,4272007963,baseline,diffusion_latent_init,awgn,digital_wire,True,,False,True,1.147587537765503,0.23903688788414001,0.08996611088514328,0.9550170275579112,63.999996185302734,64.0,1.0000000596046483
01_person_walk,17,4272007963,baseline,edge_mean,awgn,digital_wire,True,,False,True,0.0018715264741331339,0.0006385213346220553,7.229440370792872e-07,0.9999885557603245,22.492429733276367,22.49390411376953,1.0000655500766547
01_person_walk,17,4272007963,baseline,edge_post_retransmit,awgn,digital_wire,True,,False,True,0.8338841795921326,0.02227812260389328,0.0031441941391676664,0.9477300954262362,21.36081314086914,22.49390411376953,1.053045310842239
01_person_walk,17,4272007963,baseline,edge_uncertainty_mean,awgn,digital_wire,True,,False,True,0.0018665662501007318,0.0004801536269951612,5.277005357129383e-07,0.9999858195347646,17.25112533569336,17.25144386291504,1.0000184641416419
01_person_walk,17,4272007963,baseline,final_reconstruction,awgn,digital_wire,True,,False,True,0.06210273504257202,0.003189745591953397,2.1058849597466178e-05,0.9999547305353266,107.02107238769531,107.05533599853516,1.00032015761079
01_person_walk,17,4272007963,baseline,post_deserialize_latent_raw,awgn,digital_wire,False,missing_tensor,,,,,,,,,
01_person_walk,17,4272007963,baseline,power_scalar,awgn,digital_wire,True,,False,True,5.960464477539063e-08,5.960464477539063e-08,3.552713678800501e-15,1.0,63.999996185302734,64.0,1.0000000596046483
01_person_walk,17,4272007963,baseline,pre_serialize_latent,awgn,digital_wire,False,missing_tensor,,,,,,,,,
01_person_walk,17,4272007963,baseline,receiver_post_norm_latent,awgn,digital_wire,True,,False,True,1.1475874185562134,0.23903687298297882,0.08996611088514328,0.9550169083486145,63.999996185302734,64.0,1.0000000596046483
01_person_walk,17,4272007963,baseline,sender_vae_latent_post_norm,awgn,digital_wire,True,,False,True,0.0007097721099853516,4.103313040104695e-05,3.0473112921924894e-09,1.0000000596046483,63.999996185302734,64.0,1.0000000596046483
01_person_walk,17,4272007963,baseline,sender_vae_latent_pre_norm,awgn,digital_wire,True,,True,True,0.0,0.0,0.0,0.9999999558600049,61.55326843261719,61.55326843261719,1.0
01_person_walk,17,4272007963,baseline,uncertainty_post_ablation,awgn,digital_wire,True,,False,True,0.0018665662501007318,0.0004801536269951612,5.277005357129383e-07,0.9999858195347646,17.25112533569336,17.25144386291504,1.0000184641416419
01_person_walk,17,4272007963,baseline,vae_decode_input,awgn,digital_wire,True,,False,True,0.8606792688369751,0.16084986925125122,0.04184877127408981,0.9790755510330339,64.00000762939453,63.99999237060547,0.9999997615814493
01_person_walk,17,4272007963,baseline,channel_output,digital_inprocess,digital_wire,False,missing_tensor,,,,,,,,,
01_person_walk,17,4272007963,baseline,controlnet_input_latent,digital_inprocess,digital_wire,True,,False,True,3.382922410964966,0.42279383540153503,0.33752188086509705,0.7928274753301927,56.88983154296875,58.53479766845703,1.0289149410513871
01_person_walk,17,4272007963,baseline,cur_snr,digital_inprocess,digital_wire,True,,True,True,0.0,0.0,0.0,1.0,10.0,10.0,1.0
01_person_walk,17,4272007963,baseline,cur_step,digital_inprocess,digital_wire,True,,True,True,0.0,0.0,0.0,0.9999999906866799,0.09090906381607056,0.09090906381607056,1.0
01_person_walk,17,4272007963,baseline,diffusion_latent_final,digital_inprocess,digital_wire,True,,False,True,0.0013556480407714844,4.478769551496953e-05,1.0553810270153008e-08,1.0000001234356222,61.862205505371094,61.86212921142578,0.9999987667115213
01_person_walk,17,4272007963,baseline,diffusion_latent_init,digital_inprocess,digital_wire,True,,False,True,0.0007097721099853516,4.103313040104695e-05,3.0473112921924894e-09,1.0000000596046483,63.999996185302734,64.0,1.0000000596046483
01_person_walk,17,4272007963,baseline,edge_mean,digital_inprocess,digital_wire,True,,False,True,0.0018715264741331339,0.0006385213346220553,7.229440370792872e-07,0.9999885557603245,22.492429733276367,22.49390411376953,1.0000655500766547
01_person_walk,17,4272007963,baseline,edge_post_retransmit,digital_inprocess,digital_wire,True,,False,True,0.866369366645813,0.021266115829348564,0.0031499769538640976,0.9482296829614454,20.570547103881836,22.49390411376953,1.093500527729024
01_person_walk,17,4272007963,baseline,edge_uncertainty_mean,digital_inprocess,digital_wire,True,,False,True,0.0018665662501007318,0.0004801536269951612,5.277005357129383e-07,0.9999858195347646,17.25112533569336,17.25144386291504,1.0000184641416419
01_person_walk,17,4272007963,baseline,final_reconstruction,digital_inprocess,digital_wire,True,,False,True,0.0001989305019378662,6.580714853043901e-06,9.217263757799188e-11,0.9999993703049229,107.05486297607422,107.05533599853516,1.0000044185051271
01_person_walk,17,4272007963,baseline,post_deserialize_latent_raw,digital_inprocess,digital_wire,False,missing_tensor,,,,,,,,,
01_person_walk,17,4272007963,baseline,power_scalar,digital_inprocess,digital_wire,True,,True,True,0.0,0.0,0.0,1.0,64.0,64.0,1.0
01_person_walk,17,4272007963,baseline,pre_serialize_latent,digital_inprocess,digital_wire,False,missing_tensor,,,,,,,,,
01_person_walk,17,4272007963,baseline,receiver_post_norm_latent,digital_inprocess,digital_wire,True,,False,True,0.0007097721099853516,4.103313040104695e-05,3.0473112921924894e-09,1.0000000596046483,63.999996185302734,64.0,1.0000000596046483
01_person_walk,17,4272007963,baseline,sender_vae_latent_post_norm,digital_inprocess,digital_wire,True,,False,True,0.0007097721099853516,4.103313040104695e-05,3.0473112921924894e-09,1.0000000596046483,63.999996185302734,64.0,1.0000000596046483
01_person_walk,17,4272007963,baseline,sender_vae_latent_pre_norm,digital_inprocess,digital_wire,True,,True,True,0.0,0.0,0.0,0.9999999558600049,61.55326843261719,61.55326843261719,1.0
01_person_walk,17,4272007963,baseline,uncertainty_post_ablation,digital_inprocess,digital_wire,True,,False,True,0.0018665662501007318,0.0004801536269951612,5.277005357129383e-07,0.9999858195347646,17.25112533569336,17.25144386291504,1.0000184641416419
01_person_walk,17,4272007963,baseline,vae_decode_input,digital_inprocess,digital_wire,True,,False,True,0.0014002323150634766,4.63675896753557e-05,1.1294336133005345e-08,1.0000001192093038,64.0,63.99999237060547,0.9999998807907104
01_person_walk,17,4272007963,diffusion_bypass_vae_direct,channel_output,awgn,digital_inprocess,True,,False,True,1.14756441116333,0.23903809487819672,0.08996663987636566,0.955016726853454,63.999996185302734,63.999996185302734,1.0
01_person_walk,17,4272007963,diffusion_bypass_vae_direct,cur_snr,awgn,digital_inprocess,True,,False,True,0.33782005310058594,0.33782005310058594,0.11412239074707031,1.000000036900403,10.337820053100586,10.0,0.9673219255737321
01_person_walk,17,4272007963,diffusion_bypass_vae_direct,cur_step,awgn,digital_inprocess,True,,False,True,0.006227254867553711,0.006227254867553711,3.877870403812267e-05,1.0000000120776715,0.08468180894851685,0.09090906381607056,1.0735371025356772
01_person_walk,17,4272007963,diffusion_bypass_vae_direct,diffusion_latent_final,awgn,digital_inprocess,True,,False,True,1.1475645303726196,0.23903809487819672,0.08996663987636566,0.9550168460627577,63.999996185302734,63.999996185302734,1.0
01_person_walk,17,4272007963,diffusion_bypass_vae_direct,diffusion_latent_init,awgn,digital_inprocess,True,,False,True,1.1475645303726196,0.23903809487819672,0.08996663987636566,0.9550168460627577,63.999996185302734,63.999996185302734,1.0
01_person_walk,17,4272007963,diffusion_bypass_vae_direct,edge_mean,awgn,digital_inprocess,True,,True,True,0.0,0.0,0.0,1.0000016247549246,22.492429733276367,22.492429733276367,1.0
01_person_walk,17,4272007963,diffusion_bypass_vae_direct,edge_uncertainty_mean,awgn,digital_inprocess,True,,True,True,0.0,0.0,0.0,1.0000012070595141,17.25112533569336,17.25112533569336,1.0
01_person_walk,17,4272007963,diffusion_bypass_vae_direct,final_reconstruction,awgn,digital_inprocess,True,,False,True,0.06839457154273987,0.005537360906600952,5.320366472005844e-05,0.9998880075781617,107.73719787597656,107.92205810546875,1.0017158440458511
01_person_walk,17,4272007963,diffusion_bypass_vae_direct,post_deserialize_latent_raw,awgn,digital_inprocess,False,missing_tensor,,,,,,,,,
01_person_walk,17,4272007963,diffusion_bypass_vae_direct,power_scalar,awgn,digital_inprocess,True,,False,True,5.960464477539063e-08,5.960464477539063e-08,3.552713678800501e-15,1.0,63.999996185302734,64.0,1.0000000596046483
01_person_walk,17,4272007963,diffusion_bypass_vae_direct,pre_serialize_latent,awgn,digital_inprocess,False,missing_tensor,,,,,,,,,
01_person_walk,17,4272007963,diffusion_bypass_vae_direct,receiver_post_norm_latent,awgn,digital_inprocess,True,,False,True,1.14756441116333,0.23903809487819672,0.08996663987636566,0.955016726853454,63.999996185302734,63.999996185302734,1.0
01_person_walk,17,4272007963,diffusion_bypass_vae_direct,sender_vae_latent_post_norm,awgn,digital_inprocess,True,,True,True,0.0,0.0,0.0,1.0000001192093002,63.999996185302734,63.999996185302734,1.0
01_person_walk,17,4272007963,diffusion_bypass_vae_direct,sender_vae_latent_pre_norm,awgn,digital_inprocess,True,,True,True,0.0,0.0,0.0,0.9999999558600049,61.55326843261719,61.55326843261719,1.0
01_person_walk,17,4272007963,diffusion_bypass_vae_direct,vae_decode_input,awgn,digital_inprocess,True,,False,True,1.1475645303726196,0.23903809487819672,0.08996663987636566,0.9550168460627577,63.999996185302734,63.999996185302734,1.0
01_person_walk,17,4272007963,diffusion_bypass_vae_direct,channel_output,awgn,digital_wire,False,missing_tensor,,,,,,,,,
01_person_walk,17,4272007963,diffusion_bypass_vae_direct,cur_snr,awgn,digital_wire,True,,False,True,0.33782005310058594,0.33782005310058594,0.11412239074707031,1.000000036900403,10.337820053100586,10.0,0.9673219255737321
01_person_walk,17,4272007963,diffusion_bypass_vae_direct,cur_step,awgn,digital_wire,True,,False,True,0.006227254867553711,0.006227254867553711,3.877870403812267e-05,1.0000000120776715,0.08468180894851685,0.09090906381607056,1.0735371025356772
01_person_walk,17,4272007963,diffusion_bypass_vae_direct,diffusion_latent_final,awgn,digital_wire,True,,False,True,1.147587537765503,0.23903688788414001,0.08996611088514328,0.9550170275579112,63.999996185302734,64.0,1.0000000596046483
01_person_walk,17,4272007963,diffusion_bypass_vae_direct,diffusion_latent_init,awgn,digital_wire,True,,False,True,1.147587537765503,0.23903688788414001,0.08996611088514328,0.9550170275579112,63.999996185302734,64.0,1.0000000596046483
01_person_walk,17,4272007963,diffusion_bypass_vae_direct,edge_mean,awgn,digital_wire,True,,False,True,0.0018715264741331339,0.0006385213346220553,7.229440370792872e-07,0.9999885557603245,22.492429733276367,22.49390411376953,1.0000655500766547
01_person_walk,17,4272007963,diffusion_bypass_vae_direct,edge_uncertainty_mean,awgn,digital_wire,True,,False,True,0.0018665662501007318,0.0004801536269951612,5.277005357129383e-07,0.9999858195347646,17.25112533569336,17.25144386291504,1.0000184641416419
01_person_walk,17,4272007963,diffusion_bypass_vae_direct,final_reconstruction,awgn,digital_wire,True,,False,True,0.06839913129806519,0.0055375914089381695,5.3207273595035076e-05,0.9998880732945343,107.73719787597656,107.92195129394531,1.0017148526378181
01_person_walk,17,4272007963,diffusion_bypass_vae_direct,post_deserialize_latent_raw,awgn,digital_wire,False,missing_tensor,,,,,,,,,
01_person_walk,17,4272007963,diffusion_bypass_vae_direct,power_scalar,awgn,digital_wire,True,,False,True,5.960464477539063e-08,5.960464477539063e-08,3.552713678800501e-15,1.0,63.999996185302734,64.0,1.0000000596046483
01_person_walk,17,4272007963,diffusion_bypass_vae_direct,pre_serialize_latent,awgn,digital_wire,False,missing_tensor,,,,,,,,,
01_person_walk,17,4272007963,diffusion_bypass_vae_direct,receiver_post_norm_latent,awgn,digital_wire,True,,False,True,1.1475874185562134,0.23903687298297882,0.08996611088514328,0.9550169083486145,63.999996185302734,64.0,1.0000000596046483
01_person_walk,17,4272007963,diffusion_bypass_vae_direct,sender_vae_latent_post_norm,awgn,digital_wire,True,,False,True,0.0007097721099853516,4.103313040104695e-05,3.0473112921924894e-09,1.0000000596046483,63.999996185302734,64.0,1.0000000596046483
01_person_walk,17,4272007963,diffusion_bypass_vae_direct,sender_vae_latent_pre_norm,awgn,digital_wire,True,,True,True,0.0,0.0,0.0,0.9999999558600049,61.55326843261719,61.55326843261719,1.0
01_person_walk,17,4272007963,diffusion_bypass_vae_direct,vae_decode_input,awgn,digital_wire,True,,False,True,1.147587537765503,0.23903688788414001,0.08996611088514328,0.9550170275579112,63.999996185302734,64.0,1.0000000596046483
01_person_walk,17,4272007963,diffusion_bypass_vae_direct,channel_output,digital_inprocess,digital_wire,False,missing_tensor,,,,,,,,,
01_person_walk,17,4272007963,diffusion_bypass_vae_direct,cur_snr,digital_inprocess,digital_wire,True,,True,True,0.0,0.0,0.0,1.0,10.0,10.0,1.0
01_person_walk,17,4272007963,diffusion_bypass_vae_direct,cur_step,digital_inprocess,digital_wire,True,,True,True,0.0,0.0,0.0,0.9999999906866799,0.09090906381607056,0.09090906381607056,1.0
01_person_walk,17,4272007963,diffusion_bypass_vae_direct,diffusion_latent_final,digital_inprocess,digital_wire,True,,False,True,0.0007097721099853516,4.103313040104695e-05,3.0473112921924894e-09,1.0000000596046483,63.999996185302734,64.0,1.0000000596046483
01_person_walk,17,4272007963,diffusion_bypass_vae_direct,diffusion_latent_init,digital_inprocess,digital_wire,True,,False,True,0.0007097721099853516,4.103313040104695e-05,3.0473112921924894e-09,1.0000000596046483,63.999996185302734,64.0,1.0000000596046483
01_person_walk,17,4272007963,diffusion_bypass_vae_direct,edge_mean,digital_inprocess,digital_wire,True,,False,True,0.0018715264741331339,0.0006385213346220553,7.229440370792872e-07,0.9999885557603245,22.492429733276367,22.49390411376953,1.0000655500766547
01_person_walk,17,4272007963,diffusion_bypass_vae_direct,edge_uncertainty_mean,digital_inprocess,digital_wire,True,,False,True,0.0018665662501007318,0.0004801536269951612,5.277005357129383e-07,0.9999858195347646,17.25112533569336,17.25144386291504,1.0000184641416419
01_person_walk,17,4272007963,diffusion_bypass_vae_direct,final_reconstruction,digital_inprocess,digital_wire,True,,False,True,0.00025460124015808105,6.343896529870108e-06,8.569065595986913e-11,0.9999995877513397,107.92205810546875,107.92195129394531,0.9999990102901547
01_person_walk,17,4272007963,diffusion_bypass_vae_direct,post_deserialize_latent_raw,digital_inprocess,digital_wire,False,missing_tensor,,,,,,,,,
01_person_walk,17,4272007963,diffusion_bypass_vae_direct,power_scalar,digital_inprocess,digital_wire,True,,True,True,0.0,0.0,0.0,1.0,64.0,64.0,1.0
01_person_walk,17,4272007963,diffusion_bypass_vae_direct,pre_serialize_latent,digital_inprocess,digital_wire,False,missing_tensor,,,,,,,,,
01_person_walk,17,4272007963,diffusion_bypass_vae_direct,receiver_post_norm_latent,digital_inprocess,digital_wire,True,,False,True,0.0007097721099853516,4.103313040104695e-05,3.0473112921924894e-09,1.0000000596046483,63.999996185302734,64.0,1.0000000596046483
01_person_walk,17,4272007963,diffusion_bypass_vae_direct,sender_vae_latent_post_norm,digital_inprocess,digital_wire,True,,False,True,0.0007097721099853516,4.103313040104695e-05,3.0473112921924894e-09,1.0000000596046483,63.999996185302734,64.0,1.0000000596046483
01_person_walk,17,4272007963,diffusion_bypass_vae_direct,sender_vae_latent_pre_norm,digital_inprocess,digital_wire,True,,True,True,0.0,0.0,0.0,0.9999999558600049,61.55326843261719,61.55326843261719,1.0
01_person_walk,17,4272007963,diffusion_bypass_vae_direct,vae_decode_input,digital_inprocess,digital_wire,True,,False,True,0.0007097721099853516,4.103313040104695e-05,3.0473112921924894e-09,1.0000000596046483,63.999996185302734,64.0,1.0000000596046483
01_person_walk,18,1847506570,baseline,channel_output,awgn,digital_inprocess,True,,False,True,1.2205498218536377,0.23867540061473846,0.08908116817474365,0.9554596463667714,63.9999885559082,64.0,1.0000001788139663
01_person_walk,18,1847506570,baseline,controlnet_input_latent,awgn,digital_inprocess,True,,False,True,2.662604331970215,0.3429282307624817,0.22040803730487823,0.8600285847276522,56.76156997680664,56.814971923828125,1.0009408116625969
01_person_walk,18,1847506570,baseline,cur_snr,awgn,digital_inprocess,True,,False,True,1.2133970260620117,1.2133970260620117,1.4723323583602905,1.0000000170095522,11.213397026062012,10.0,0.8917904161208372
01_person_walk,18,1847506570,baseline,cur_step,awgn,digital_inprocess,True,,False,True,0.020601868629455566,0.020601868629455566,0.00042443699203431606,0.9999999734845536,0.07030719518661499,0.09090906381607056,1.2930264615843718
01_person_walk,18,1847506570,baseline,diffusion_latent_final,awgn,digital_inprocess,True,,False,True,0.8064606189727783,0.16804851591587067,0.044996000826358795,0.9752091716573575,60.5431022644043,61.23681640625,1.0114581862491305
01_person_walk,18,1847506570,baseline,diffusion_latent_init,awgn,digital_inprocess,True,,False,True,1.2205498218536377,0.23867540061473846,0.08908116817474365,0.9554596463667714,63.9999885559082,64.0,1.0000001788139663
01_person_walk,18,1847506570,baseline,edge_mean,awgn,digital_inprocess,True,,True,True,0.0,0.0,0.0,1.0000015897211996,20.67984962463379,20.67984962463379,1.0
01_person_walk,18,1847506570,baseline,edge_post_retransmit,awgn,digital_inprocess,True,,False,True,0.4325665235519409,0.01821925677359104,0.001831625122576952,0.9593840240424822,19.158714294433594,19.273229598999023,1.0059771915174236
01_person_walk,18,1847506570,baseline,edge_uncertainty_mean,awgn,digital_inprocess,True,,True,True,0.0,0.0,0.0,1.0000007277215488,14.699613571166992,14.699613571166992,1.0
01_person_walk,18,1847506570,baseline,final_reconstruction,awgn,digital_inprocess,True,,False,True,0.03535524010658264,0.003377733752131462,2.0809400666621514e-05,0.9999565772554054,107.72599792480469,107.86165618896484,1.0012592899279045
01_person_walk,18,1847506570,baseline,post_deserialize_latent_raw,awgn,digital_inprocess,False,missing_tensor,,,,,,,,,
01_person_walk,18,1847506570,baseline,power_scalar,awgn,digital_inprocess,True,,True,True,0.0,0.0,0.0,1.0,64.0,64.0,1.0
01_person_walk,18,1847506570,baseline,pre_serialize_latent,awgn,digital_inprocess,False,missing_tensor,,,,,,,,,
01_person_walk,18,1847506570,baseline,receiver_post_norm_latent,awgn,digital_inprocess,True,,False,True,1.2205498218536377,0.23867540061473846,0.08908116817474365,0.9554596463667714,63.9999885559082,64.0,1.0000001788139663
01_person_walk,18,1847506570,baseline,sender_vae_latent_post_norm,awgn,digital_inprocess,True,,True,True,0.0,0.0,0.0,1.0000001192092896,64.0,64.0,1.0
01_person_walk,18,1847506570,baseline,sender_vae_latent_pre_norm,awgn,digital_inprocess,True,,True,True,0.0,0.0,0.0,0.9999999245869456,60.737735748291016,60.737735748291016,1.0
01_person_walk,18,1847506570,baseline,uncertainty_post_ablation,awgn,digital_inprocess,True,,True,True,0.0,0.0,0.0,1.0000007277215488,14.699613571166992,14.699613571166992,1.0
01_person_walk,18,1847506570,baseline,vae_decode_input,awgn,digital_inprocess,True,,False,True,0.8461201786994934,0.17634814977645874,0.049581654369831085,0.97520911693573,64.0,64.0,1.0
01_person_walk,18,1847506570,baseline,channel_output,awgn,digital_wire,False,missing_tensor,,,,,,,,,
01_person_walk,18,1847506570,baseline,controlnet_input_latent,awgn,digital_wire,True,,False,True,3.458153247833252,0.45358845591545105,0.35713091492652893,0.779909952086266,56.76156997680664,58.4346923828125,1.0294763236233515
01_person_walk,18,1847506570,baseline,cur_snr,awgn,digital_wire,True,,False,True,1.2133970260620117,1.2133970260620117,1.4723323583602905,1.0000000170095522,11.213397026062012,10.0,0.8917904161208372
01_person_walk,18,1847506570,baseline,cur_step,awgn,digital_wire,True,,False,True,0.020601868629455566,0.020601868629455566,0.00042443699203431606,0.9999999734845536,0.07030719518661499,0.09090906381607056,1.2930264615843718
01_person_walk,18,1847506570,baseline,diffusion_latent_final,awgn,digital_wire,True,,False,True,0.8064672350883484,0.1680494099855423,0.04499594867229462,0.9752089578709561,60.5431022644043,61.2367057800293,1.0114563590183385
01_person_walk,18,1847506570,baseline,diffusion_latent_init,awgn,digital_wire,True,,False,True,1.2204171419143677,0.23867619037628174,0.08908174186944962,0.9554594026384754,63.9999885559082,63.99999237060547,1.0000000596046554
01_person_walk,18,1847506570,baseline,edge_mean,awgn,digital_wire,True,,False,True,0.0018643219955265522,0.0006451578810811043,7.362559699686244e-07,0.9999859829048131,20.67984962463379,20.680532455444336,1.0000330191380953
01_person_walk,18,1847506570,baseline,edge_post_retransmit,awgn,digital_wire,True,,False,True,0.6176007390022278,0.02016037330031395,0.002291750395670533,0.955538749604356,19.158714294433594,20.680532455444336,1.0794321653125176
01_person_walk,18,1847506570,baseline,edge_uncertainty_mean,awgn,digital_wire,True,,False,True,0.0018700622022151947,0.00048084097215905786,5.235014555182715e-07,0.9999800421517427,14.699613571166992,14.700552940368652,1.0000639043466764
01_person_walk,18,1847506570,baseline,final_reconstruction,awgn,digital_wire,True,,False,True,0.03536176681518555,0.0033779225777834654,2.08111378015019e-05,0.9999565897202056,107.72599792480469,107.86151885986328,1.0012580151279098
01_person_walk,18,1847506570,baseline,post_deserialize_latent_raw,awgn,digital_wire,False,missing_tensor,,,,,,,,,
01_person_walk,18,1847506570,baseline,power_scalar,awgn,digital_wire,True,,False,True,1.1920928955078125e-07,1.1920928955078125e-07,1.4210854715202004e-14,1.0000001192092896,64.0,64.0,1.0
01_person_walk,18,1847506570,baseline,pre_serialize_latent,awgn,digital_wire,False,missing_tensor,,,,,,,,,
01_person_walk,18,1847506570,baseline,receiver_post_norm_latent,awgn,digital_wire,True,,False,True,1.2204172611236572,0.23867619037628174,0.08908174186944962,0.9554594052933126,63.9999885559082,63.999996185302734,1.0000001192093109
01_person_walk,18,1847506570,baseline,sender_vae_latent_post_norm,awgn,digital_wire,True,,False,True,0.0003582574427127838,4.2328767449362203e-05,3.125913972112926e-09,1.0000001192093038,64.0,63.99999237060547,0.9999998807907104
01_person_walk,18,1847506570,baseline,sender_vae_latent_pre_norm,awgn,digital_wire,True,,True,True,0.0,0.0,0.0,0.9999999245869456,60.737735748291016,60.737735748291016,1.0
01_person_walk,18,1847506570,baseline,uncertainty_post_ablation,awgn,digital_wire,True,,False,True,0.0018700622022151947,0.00048084097215905786,5.235014555182715e-07,0.9999800421517427,14.699613571166992,14.700552940368652,1.0000639043466764
01_person_walk,18,1847506570,baseline,vae_decode_input,awgn,digital_wire,True,,False,True,0.8461281657218933,0.17634910345077515,0.04958174005150795,0.9752091750627264,64.0,63.999996185302734,0.9999999403953552
01_person_walk,18,1847506570,baseline,channel_output,digital_inprocess,digital_wire,False,missing_tensor,,,,,,,,,
01_person_walk,18,1847506570,baseline,controlnet_input_latent,digital_inprocess,digital_wire,True,,False,True,2.7104485034942627,0.4381772577762604,0.34180396795272827,0.7895451095847438,56.814971923828125,58.4346923828125,1.0285086906521037
01_person_walk,18,1847506570,baseline,cur_snr,digital_inprocess,digital_wire,True,,True,True,0.0,0.0,0.0,1.0,10.0,10.0,1.0
01_person_walk,18,1847506570,baseline,cur_step,digital_inprocess,digital_wire,True,,True,True,0.0,0.0,0.0,0.9999999906866799,0.09090906381607056,0.09090906381607056,1.0
01_person_walk,18,1847506570,baseline,diffusion_latent_final,digital_inprocess,digital_wire,True,,False,True,0.0011615753173828125,4.430203989613801e-05,9.441610160365599e-09,1.000000002344983,61.23681640625,61.2367057800293,0.9999981934687792
01_person_walk,18,1847506570,baseline,diffusion_latent_init,digital_inprocess,digital_wire,True,,False,True,0.0003582574427127838,4.232776700519025e-05,3.1257962884723156e-09,1.0000001192093038,64.0,63.99999237060547,0.9999998807907104
01_person_walk,18,1847506570,baseline,edge_mean,digital_inprocess,digital_wire,True,,False,True,0.0018643219955265522,0.0006451578810811043,7.362559699686244e-07,0.9999859829048131,20.67984962463379,20.680532455444336,1.0000330191380953
01_person_walk,18,1847506570,baseline,edge_post_retransmit,digital_inprocess,digital_wire,True,,False,True,0.6195969581604004,0.020878557115793228,0.002535419538617134,0.9503743898603756,19.273229598999023,20.680532455444336,1.073018528068508
01_person_walk,18,1847506570,baseline,edge_uncertainty_mean,digital_inprocess,digital_wire,True,,False,True,0.0018700622022151947,0.00048084097215905786,5.235014555182715e-07,0.9999800421517427,14.699613571166992,14.700552940368652,1.0000639043466764
01_person_walk,18,1847506570,baseline,final_reconstruction,digital_inprocess,digital_wire,True,,False,True,0.0001239180564880371,5.879959189769579e-06,7.02565020049839e-11,0.9999998327252706,107.86165618896484,107.86151885986328,0.9999987268033292
01_person_walk,18,1847506570,baseline,post_deserialize_latent_raw,digital_inprocess,digital_wire,False,missing_tensor,,,,,,,,,
01_person_walk,18,1847506570,baseline,power_scalar,digital_inprocess,digital_wire,True,,False,True,1.1920928955078125e-07,1.1920928955078125e-07,1.4210854715202004e-14,1.0000001192092896,64.0,64.0,1.0
01_person_walk,18,1847506570,baseline,pre_serialize_latent,digital_inprocess,digital_wire,False,missing_tensor,,,,,,,,,
01_person_walk,18,1847506570,baseline,receiver_post_norm_latent,digital_inprocess,digital_wire,True,,False,True,0.0003582565113902092,4.23289202444721e-05,3.125854020069596e-09,1.0000000596046483,64.0,63.999996185302734,0.9999999403953552
01_person_walk,18,1847506570,baseline,sender_vae_latent_post_norm,digital_inprocess,digital_wire,True,,False,True,0.0003582574427127838,4.2328767449362203e-05,3.125913972112926e-09,1.0000001192093038,64.0,63.99999237060547,0.9999998807907104
01_person_walk,18,1847506570,baseline,sender_vae_latent_pre_norm,digital_inprocess,digital_wire,True,,True,True,0.0,0.0,0.0,0.9999999245869456,60.737735748291016,60.737735748291016,1.0
01_person_walk,18,1847506570,baseline,uncertainty_post_ablation,digital_inprocess,digital_wire,True,,False,True,0.0018700622022151947,0.00048084097215905786,5.235014555182715e-07,0.9999800421517427,14.699613571166992,14.700552940368652,1.0000639043466764
01_person_walk,18,1847506570,baseline,vae_decode_input,digital_inprocess,digital_wire,True,,False,True,0.0012087821960449219,4.631087722373195e-05,1.0309136655450857e-08,0.9999999403953517,64.0,63.999996185302734,0.9999999403953552
01_person_walk,18,1847506570,diffusion_bypass_vae_direct,channel_output,awgn,digital_inprocess,True,,False,True,1.2205498218536377,0.23867540061473846,0.08908116817474365,0.9554596463667714,63.9999885559082,64.0,1.0000001788139663
01_person_walk,18,1847506570,diffusion_bypass_vae_direct,cur_snr,awgn,digital_inprocess,True,,False,True,1.2133970260620117,1.2133970260620117,1.4723323583602905,1.0000000170095522,11.213397026062012,10.0,0.8917904161208372
01_person_walk,18,1847506570,diffusion_bypass_vae_direct,cur_step,awgn,digital_inprocess,True,,False,True,0.020601868629455566,0.020601868629455566,0.00042443699203431606,0.9999999734845536,0.07030719518661499,0.09090906381607056,1.2930264615843718
01_person_walk,18,1847506570,diffusion_bypass_vae_direct,diffusion_latent_final,awgn,digital_inprocess,True,,False,True,1.2205498218536377,0.23867540061473846,0.08908116817474365,0.9554596463667714,63.9999885559082,64.0,1.0000001788139663
01_person_walk,18,1847506570,diffusion_bypass_vae_direct,diffusion_latent_init,awgn,digital_inprocess,True,,False,True,1.2205498218536377,0.23867540061473846,0.08908116817474365,0.9554596463667714,63.9999885559082,64.0,1.0000001788139663
01_person_walk,18,1847506570,diffusion_bypass_vae_direct,edge_mean,awgn,digital_inprocess,True,,True,True,0.0,0.0,0.0,1.0000015897211996,20.67984962463379,20.67984962463379,1.0
01_person_walk,18,1847506570,diffusion_bypass_vae_direct,edge_uncertainty_mean,awgn,digital_inprocess,True,,True,True,0.0,0.0,0.0,1.0000007277215488,14.699613571166992,14.699613571166992,1.0
01_person_walk,18,1847506570,diffusion_bypass_vae_direct,final_reconstruction,awgn,digital_inprocess,True,,False,True,0.04922372102737427,0.005729536060243845,5.4958636610535905e-05,0.999888030382045,108.54090118408203,108.78984069824219,1.0022935088196656
01_person_walk,18,1847506570,diffusion_bypass_vae_direct,post_deserialize_latent_raw,awgn,digital_inprocess,False,missing_tensor,,,,,,,,,
01_person_walk,18,1847506570,diffusion_bypass_vae_direct,power_scalar,awgn,digital_inprocess,True,,True,True,0.0,0.0,0.0,1.0,64.0,64.0,1.0
01_person_walk,18,1847506570,diffusion_bypass_vae_direct,pre_serialize_latent,awgn,digital_inprocess,False,missing_tensor,,,,,,,,,
01_person_walk,18,1847506570,diffusion_bypass_vae_direct,receiver_post_norm_latent,awgn,digital_inprocess,True,,False,True,1.2205498218536377,0.23867540061473846,0.08908116817474365,0.9554596463667714,63.9999885559082,64.0,1.0000001788139663
01_person_walk,18,1847506570,diffusion_bypass_vae_direct,sender_vae_latent_post_norm,awgn,digital_inprocess,True,,True,True,0.0,0.0,0.0,1.0000001192092896,64.0,64.0,1.0
01_person_walk,18,1847506570,diffusion_bypass_vae_direct,sender_vae_latent_pre_norm,awgn,digital_inprocess,True,,True,True,0.0,0.0,0.0,0.9999999245869456,60.737735748291016,60.737735748291016,1.0
01_person_walk,18,1847506570,diffusion_bypass_vae_direct,vae_decode_input,awgn,digital_inprocess,True,,False,True,1.2205498218536377,0.23867540061473846,0.08908116817474365,0.9554596463667714,63.9999885559082,64.0,1.0000001788139663
01_person_walk,18,1847506570,diffusion_bypass_vae_direct,channel_output,awgn,digital_wire,False,missing_tensor,,,,,,,,,
01_person_walk,18,1847506570,diffusion_bypass_vae_direct,cur_snr,awgn,digital_wire,True,,False,True,1.2133970260620117,1.2133970260620117,1.4723323583602905,1.0000000170095522,11.213397026062012,10.0,0.8917904161208372
01_person_walk,18,1847506570,diffusion_bypass_vae_direct,cur_step,awgn,digital_wire,True,,False,True,0.020601868629455566,0.020601868629455566,0.00042443699203431606,0.9999999734845536,0.07030719518661499,0.09090906381607056,1.2930264615843718
01_person_walk,18,1847506570,diffusion_bypass_vae_direct,diffusion_latent_final,awgn,digital_wire,True,,False,True,1.2204171419143677,0.23867619037628174,0.08908174186944962,0.9554594026384754,63.9999885559082,63.99999237060547,1.0000000596046554
01_person_walk,18,1847506570,diffusion_bypass_vae_direct,diffusion_latent_init,awgn,digital_wire,True,,False,True,1.2204171419143677,0.23867619037628174,0.08908174186944962,0.9554594026384754,63.9999885559082,63.99999237060547,1.0000000596046554
01_person_walk,18,1847506570,diffusion_bypass_vae_direct,edge_mean,awgn,digital_wire,True,,False,True,0.0018643219955265522,0.0006451578810811043,7.362559699686244e-07,0.9999859829048131,20.67984962463379,20.680532455444336,1.0000330191380953
01_person_walk,18,1847506570,diffusion_bypass_vae_direct,edge_uncertainty_mean,awgn,digital_wire,True,,False,True,0.0018700622022151947,0.00048084097215905786,5.235014555182715e-07,0.9999800421517427,14.699613571166992,14.700552940368652,1.0000639043466764
01_person_walk,18,1847506570,diffusion_bypass_vae_direct,final_reconstruction,awgn,digital_wire,True,,False,True,0.04921567440032959,0.005729133728891611,5.49491960555315e-05,0.9998881617588008,108.54090118408203,108.78961944580078,1.0022914703950812
01_person_walk,18,1847506570,diffusion_bypass_vae_direct,post_deserialize_latent_raw,awgn,digital_wire,False,missing_tensor,,,,,,,,,
01_person_walk,18,1847506570,diffusion_bypass_vae_direct,power_scalar,awgn,digital_wire,True,,False,True,1.1920928955078125e-07,1.1920928955078125e-07,1.4210854715202004e-14,1.0000001192092896,64.0,64.0,1.0
01_person_walk,18,1847506570,diffusion_bypass_vae_direct,pre_serialize_latent,awgn,digital_wire,False,missing_tensor,,,,,,,,,
01_person_walk,18,1847506570,diffusion_bypass_vae_direct,receiver_post_norm_latent,awgn,digital_wire,True,,False,True,1.2204172611236572,0.23867619037628174,0.08908174186944962,0.9554594052933126,63.9999885559082,63.999996185302734,1.0000001192093109
01_person_walk,18,1847506570,diffusion_bypass_vae_direct,sender_vae_latent_post_norm,awgn,digital_wire,True,,False,True,0.0003582574427127838,4.2328767449362203e-05,3.125913972112926e-09,1.0000001192093038,64.0,63.99999237060547,0.9999998807907104
01_person_walk,18,1847506570,diffusion_bypass_vae_direct,sender_vae_latent_pre_norm,awgn,digital_wire,True,,True,True,0.0,0.0,0.0,0.9999999245869456,60.737735748291016,60.737735748291016,1.0
01_person_walk,18,1847506570,diffusion_bypass_vae_direct,vae_decode_input,awgn,digital_wire,True,,False,True,1.2204172611236572,0.23867619037628174,0.08908174186944962,0.9554593456886536,63.9999885559082,63.999996185302734,1.0000001192093109
01_person_walk,18,1847506570,diffusion_bypass_vae_direct,channel_output,digital_inprocess,digital_wire,False,missing_tensor,,,,,,,,,
01_person_walk,18,1847506570,diffusion_bypass_vae_direct,cur_snr,digital_inprocess,digital_wire,True,,True,True,0.0,0.0,0.0,1.0,10.0,10.0,1.0
01_person_walk,18,1847506570,diffusion_bypass_vae_direct,cur_step,digital_inprocess,digital_wire,True,,True,True,0.0,0.0,0.0,0.9999999906866799,0.09090906381607056,0.09090906381607056,1.0
01_person_walk,18,1847506570,diffusion_bypass_vae_direct,diffusion_latent_final,digital_inprocess,digital_wire,True,,False,True,0.0003582574427127838,4.232776700519025e-05,3.1257962884723156e-09,1.0000001192093038,64.0,63.99999237060547,0.9999998807907104
01_person_walk,18,1847506570,diffusion_bypass_vae_direct,diffusion_latent_init,digital_inprocess,digital_wire,True,,False,True,0.0003582574427127838,4.232776700519025e-05,3.1257962884723156e-09,1.0000001192093038,64.0,63.99999237060547,0.9999998807907104
01_person_walk,18,1847506570,diffusion_bypass_vae_direct,edge_mean,digital_inprocess,digital_wire,True,,False,True,0.0018643219955265522,0.0006451578810811043,7.362559699686244e-07,0.9999859829048131,20.67984962463379,20.680532455444336,1.0000330191380953
01_person_walk,18,1847506570,diffusion_bypass_vae_direct,edge_uncertainty_mean,digital_inprocess,digital_wire,True,,False,True,0.0018700622022151947,0.00048084097215905786,5.235014555182715e-07,0.9999800421517427,14.699613571166992,14.700552940368652,1.0000639043466764
01_person_walk,18,1847506570,diffusion_bypass_vae_direct,final_reconstruction,digital_inprocess,digital_wire,True,,False,True,0.00011929869651794434,6.0639176808763295e-06,7.05525429745002e-11,0.9999993153049901,108.78984069824219,108.78961944580078,0.9999979662398623
01_person_walk,18,1847506570,diffusion_bypass_vae_direct,post_deserialize_latent_raw,digital_inprocess,digital_wire,False,missing_tensor,,,,,,,,,
01_person_walk,18,1847506570,diffusion_bypass_vae_direct,power_scalar,digital_inprocess,digital_wire,True,,False,True,1.1920928955078125e-07,1.1920928955078125e-07,1.4210854715202004e-14,1.0000001192092896,64.0,64.0,1.0
01_person_walk,18,1847506570,diffusion_bypass_vae_direct,pre_serialize_latent,digital_inprocess,digital_wire,False,missing_tensor,,,,,,,,,
01_person_walk,18,1847506570,diffusion_bypass_vae_direct,receiver_post_norm_latent,digital_inprocess,digital_wire,True,,False,True,0.0003582565113902092,4.23289202444721e-05,3.125854020069596e-09,1.0000000596046483,64.0,63.999996185302734,0.9999999403953552
01_person_walk,18,1847506570,diffusion_bypass_vae_direct,sender_vae_latent_post_norm,digital_inprocess,digital_wire,True,,False,True,0.0003582574427127838,4.2328767449362203e-05,3.125913972112926e-09,1.0000001192093038,64.0,63.99999237060547,0.9999998807907104
01_person_walk,18,1847506570,diffusion_bypass_vae_direct,sender_vae_latent_pre_norm,digital_inprocess,digital_wire,True,,True,True,0.0,0.0,0.0,0.9999999245869456,60.737735748291016,60.737735748291016,1.0
01_person_walk,18,1847506570,diffusion_bypass_vae_direct,vae_decode_input,digital_inprocess,digital_wire,True,,False,True,0.0003582565113902092,4.232778155710548e-05,3.125732339626097e-09,1.0000000596046483,64.0,63.999996185302734,0.9999999403953552
01_person_walk,19,421103132,baseline,channel_output,awgn,digital_inprocess,True,,False,True,1.0941988229751587,0.2485021948814392,0.09608514606952667,0.9519575152321119,63.99999237060547,63.999996185302734,1.0000000596046519
01_person_walk,19,421103132,baseline,controlnet_input_latent,awgn,digital_inprocess,True,,False,True,2.947755813598633,0.31271126866340637,0.1922396570444107,0.8749303472725265,56.27352523803711,55.93087387084961,0.9939109667336801
01_person_walk,19,421103132,baseline,cur_snr,awgn,digital_inprocess,True,,False,True,0.29261016845703125,0.29261016845703125,0.0856207087635994,1.0,10.292610168457031,10.0,0.9715708490200308
01_person_walk,19,421103132,baseline,cur_step,awgn,digital_inprocess,True,,False,True,0.0054168701171875,0.0054168701171875,2.934248186647892e-05,1.0000000147881645,0.08549219369888306,0.09090906381607056,1.0633609910194441
01_person_walk,19,421103132,baseline,diffusion_latent_final,awgn,digital_inprocess,True,,False,True,0.8281129002571106,0.16658185422420502,0.04380074143409729,0.9763573739790641,61.49198913574219,61.68893051147461,1.0032027159716312
01_person_walk,19,421103132,baseline,diffusion_latent_init,awgn,digital_inprocess,True,,False,True,1.0941988229751587,0.2485021948814392,0.09608516097068787,0.9519575180956709,63.999996185302734,63.999996185302734,1.0
01_person_walk,19,421103132,baseline,edge_mean,awgn,digital_inprocess,True,,True,True,0.0,0.0,0.0,1.000001611099428,20.739330291748047,20.739330291748047,1.0
01_person_walk,19,421103132,baseline,edge_post_retransmit,awgn,digital_inprocess,True,,False,True,0.3460639715194702,0.017546387389302254,0.001542897429317236,0.9681233957637231,19.77043342590332,20.009300231933594,1.0120820217182143
01_person_walk,19,421103132,baseline,edge_uncertainty_mean,awgn,digital_inprocess,True,,True,True,0.0,0.0,0.0,1.0000011639823516,13.721609115600586,13.721609115600586,1.0
01_person_walk,19,421103132,baseline,final_reconstruction,awgn,digital_inprocess,True,,False,True,0.03740638494491577,0.0032792987767606974,1.848450119723566e-05,0.9999670866504968,107.95800018310547,108.33377075195312,1.003480710722784
01_person_walk,19,421103132,baseline,post_deserialize_latent_raw,awgn,digital_inprocess,False,missing_tensor,,,,,,,,,
01_person_walk,19,421103132,baseline,power_scalar,awgn,digital_inprocess,True,,False,True,5.960464477539063e-08,5.960464477539063e-08,3.552713678800501e-15,1.0,63.999996185302734,64.0,1.0000000596046483
01_person_walk,19,421103132,baseline,pre_serialize_latent,awgn,digital_inprocess,False,missing_tensor,,,,,,,,,
01_person_walk,19,421103132,baseline,receiver_post_norm_latent,awgn,digital_inprocess,True,,False,True,1.0941988229751587,0.2485021948814392,0.09608514606952667,0.9519575152321119,63.99999237060547,63.999996185302734,1.0000000596046519
01_person_walk,19,421103132,baseline,sender_vae_latent_post_norm,awgn,digital_inprocess,True,,True,True,0.0,0.0,0.0,1.0000001192093002,63.999996185302734,63.999996185302734,1.0
01_person_walk,19,421103132,baseline,sender_vae_latent_pre_norm,awgn,digital_inprocess,True,,True,True,0.0,0.0,0.0,1.0000001118776514,60.82899856567383,60.82899856567383,1.0
01_person_walk,19,421103132,baseline,uncertainty_post_ablation,awgn,digital_inprocess,True,,True,True,0.0,0.0,0.0,1.0000011639823516,13.721609115600586,13.721609115600586,1.0
01_person_walk,19,421103132,baseline,vae_decode_input,awgn,digital_inprocess,True,,False,True,0.8581730723381042,0.1730148196220398,0.04728483036160469,0.9763575792312622,64.0,64.0,1.0
01_person_walk,19,421103132,baseline,channel_output,awgn,digital_wire,False,missing_tensor,,,,,,,,,
01_person_walk,19,421103132,baseline,controlnet_input_latent,awgn,digital_wire,True,,False,True,3.601318597793579,0.41743507981300354,0.3118615448474884,0.8043142950270051,56.27352523803711,57.88249206542969,1.0285918968215808
01_person_walk,19,421103132,baseline,cur_snr,awgn,digital_wire,True,,False,True,0.29261016845703125,0.29261016845703125,0.0856207087635994,1.0,10.292610168457031,10.0,0.9715708490200308
01_person_walk,19,421103132,baseline,cur_step,awgn,digital_wire,True,,False,True,0.0054168701171875,0.0054168701171875,2.934248186647892e-05,1.0000000147881645,0.08549219369888306,0.09090906381607056,1.0633609910194441
01_person_walk,19,421103132,baseline,diffusion_latent_final,awgn,digital_wire,True,,False,True,0.828224241733551,0.16658282279968262,0.04380108416080475,0.976357323413354,61.49198913574219,61.688758850097656,1.0031999243661007
01_person_walk,19,421103132,baseline,diffusion_latent_init,awgn,digital_wire,True,,False,True,1.0941771268844604,0.2485029250383377,0.09608541429042816,0.9519574613545811,63.999996185302734,64.0,1.0000000596046483
01_person_walk,19,421103132,baseline,edge_mean,awgn,digital_wire,True,,False,True,0.001861470751464367,0.000652140995953232,7.462618327735981e-07,0.9999859559430568,20.739330291748047,20.740358352661133,1.0000495705935835
01_person_walk,19,421103132,baseline,edge_post_retransmit,awgn,digital_wire,True,,False,True,0.5343635678291321,0.019466351717710495,0.0019982841331511736,0.9612250415318153,19.77043342590332,20.740358352661133,1.0490593658653438
01_person_walk,19,421103132,baseline,edge_uncertainty_mean,awgn,digital_wire,True,,False,True,0.0018600225448608398,0.0004855422012042254,5.287057547320728e-07,0.9999773804559586,13.721609115600586,13.723567962646484,1.0001427563654812
01_person_walk,19,421103132,baseline,final_reconstruction,awgn,digital_wire,True,,False,True,0.03742751479148865,0.0032790235709398985,1.8484633983462118e-05,0.9999673492736431,107.95800018310547,108.33353424072266,1.0034785199520206
01_person_walk,19,421103132,baseline,post_deserialize_latent_raw,awgn,digital_wire,False,missing_tensor,,,,,,,,,
01_person_walk,19,421103132,baseline,power_scalar,awgn,digital_wire,True,,False,True,5.960464477539063e-08,5.960464477539063e-08,3.552713678800501e-15,1.0,63.999996185302734,64.0,1.0000000596046483
01_person_walk,19,421103132,baseline,pre_serialize_latent,awgn,digital_wire,False,missing_tensor,,,,,,,,,
01_person_walk,19,421103132,baseline,receiver_post_norm_latent,awgn,digital_wire,True,,False,True,1.0941771268844604,0.24850289523601532,0.09608539193868637,0.9519573392817187,63.99999237060547,64.0,1.0000001192093038
01_person_walk,19,421103132,baseline,sender_vae_latent_post_norm,awgn,digital_wire,True,,False,True,0.0003523826599121094,4.027173054055311e-05,2.735046189528134e-09,1.0000000596046483,63.999996185302734,64.0,1.0000000596046483
01_person_walk,19,421103132,baseline,sender_vae_latent_pre_norm,awgn,digital_wire,True,,True,True,0.0,0.0,0.0,1.0000001118776514,60.82899856567383,60.82899856567383,1.0
01_person_walk,19,421103132,baseline,uncertainty_post_ablation,awgn,digital_wire,True,,False,True,0.0018600225448608398,0.0004855422012042254,5.287057547320728e-07,0.9999773804559586,13.721609115600586,13.723567962646484,1.0001427563654812
01_person_walk,19,421103132,baseline,vae_decode_input,awgn,digital_wire,True,,False,True,0.8582915663719177,0.17301635444164276,0.04728534445166588,0.9763574600219727,64.0,64.0,1.0
01_person_walk,19,421103132,baseline,channel_output,digital_inprocess,digital_wire,False,missing_tensor,,,,,,,,,
01_person_walk,19,421103132,baseline,controlnet_input_latent,digital_inprocess,digital_wire,True,,False,True,2.757051944732666,0.4303402602672577,0.3286280035972595,0.7926972781478848,55.93087387084961,57.88249206542969,1.0348933971438847
01_person_walk,19,421103132,baseline,cur_snr,digital_inprocess,digital_wire,True,,True,True,0.0,0.0,0.0,1.0,10.0,10.0,1.0
01_person_walk,19,421103132,baseline,cur_step,digital_inprocess,digital_wire,True,,True,True,0.0,0.0,0.0,0.9999999906866799,0.09090906381607056,0.09090906381607056,1.0
01_person_walk,19,421103132,baseline,diffusion_latent_final,digital_inprocess,digital_wire,True,,False,True,0.0012562274932861328,4.2387906432850286e-05,9.039994530724016e-09,0.9999999657579952,61.68893051147461,61.688758850097656,0.9999972173066459
01_person_walk,19,421103132,baseline,diffusion_latent_init,digital_inprocess,digital_wire,True,,False,True,0.0003523826599121094,4.027173054055311e-05,2.735046189528134e-09,1.0000000596046483,63.999996185302734,64.0,1.0000000596046483
01_person_walk,19,421103132,baseline,edge_mean,digital_inprocess,digital_wire,True,,False,True,0.001861470751464367,0.000652140995953232,7.462618327735981e-07,0.9999859559430568,20.739330291748047,20.740358352661133,1.0000495705935835
01_person_walk,19,421103132,baseline,edge_post_retransmit,digital_inprocess,digital_wire,True,,False,True,0.6317756175994873,0.020141229033470154,0.0022544958628714085,0.95614088737713,20.009300231933594,20.740358352661133,1.0365359164115502
01_person_walk,19,421103132,baseline,edge_uncertainty_mean,digital_inprocess,digital_wire,True,,False,True,0.0018600225448608398,0.0004855422012042254,5.287057547320728e-07,0.9999773804559586,13.721609115600586,13.723567962646484,1.0001427563654812
01_person_walk,19,421103132,baseline,final_reconstruction,digital_inprocess,digital_wire,True,,False,True,0.00015589594841003418,5.8824648476729635e-06,7.49939207955741e-11,1.0000004502053963,108.33377075195312,108.33353424072266,0.9999978168282261
01_person_walk,19,421103132,baseline,post_deserialize_latent_raw,digital_inprocess,digital_wire,False,missing_tensor,,,,,,,,,
01_person_walk,19,421103132,baseline,power_scalar,digital_inprocess,digital_wire,True,,True,True,0.0,0.0,0.0,1.0,64.0,64.0,1.0
01_person_walk,19,421103132,baseline,pre_serialize_latent,digital_inprocess,digital_wire,False,missing_tensor,,,,,,,,,
01_person_walk,19,421103132,baseline,receiver_post_norm_latent,digital_inprocess,digital_wire,True,,False,True,0.0003523826599121094,4.027173054055311e-05,2.735046189528134e-09,1.0000000596046483,63.999996185302734,64.0,1.0000000596046483
01_person_walk,19,421103132,baseline,sender_vae_latent_post_norm,digital_inprocess,digital_wire,True,,False,True,0.0003523826599121094,4.027173054055311e-05,2.735046189528134e-09,1.0000000596046483,63.999996185302734,64.0,1.0000000596046483
01_person_walk,19,421103132,baseline,sender_vae_latent_pre_norm,digital_inprocess,digital_wire,True,,True,True,0.0,0.0,0.0,1.0000001118776514,60.82899856567383,60.82899856567383,1.0
01_person_walk,19,421103132,baseline,uncertainty_post_ablation,digital_inprocess,digital_wire,True,,False,True,0.0018600225448608398,0.0004855422012042254,5.287057547320728e-07,0.9999773804559586,13.721609115600586,13.723567962646484,1.0001427563654812
01_person_walk,19,421103132,baseline,vae_decode_input,digital_inprocess,digital_wire,True,,False,True,0.0012972354888916016,4.4129676098236814e-05,9.723553517915207e-09,1.0,64.0,64.0,1.0
01_person_walk,19,421103132,diffusion_bypass_vae_direct,channel_output,awgn,digital_inprocess,True,,False,True,1.0941988229751587,0.2485021948814392,0.09608514606952667,0.9519575152321119,63.99999237060547,63.999996185302734,1.0000000596046519
01_person_walk,19,421103132,diffusion_bypass_vae_direct,cur_snr,awgn,digital_inprocess,True,,False,True,0.29261016845703125,0.29261016845703125,0.0856207087635994,1.0,10.292610168457031,10.0,0.9715708490200308
01_person_walk,19,421103132,diffusion_bypass_vae_direct,cur_step,awgn,digital_inprocess,True,,False,True,0.0054168701171875,0.0054168701171875,2.934248186647892e-05,1.0000000147881645,0.08549219369888306,0.09090906381607056,1.0633609910194441
01_person_walk,19,421103132,diffusion_bypass_vae_direct,diffusion_latent_final,awgn,digital_inprocess,True,,False,True,1.0941988229751587,0.2485021948814392,0.09608516097068787,0.9519575180956709,63.999996185302734,63.999996185302734,1.0
01_person_walk,19,421103132,diffusion_bypass_vae_direct,diffusion_latent_init,awgn,digital_inprocess,True,,False,True,1.0941988229751587,0.2485021948814392,0.09608516097068787,0.9519575180956709,63.999996185302734,63.999996185302734,1.0
01_person_walk,19,421103132,diffusion_bypass_vae_direct,edge_mean,awgn,digital_inprocess,True,,True,True,0.0,0.0,0.0,1.000001611099428,20.739330291748047,20.739330291748047,1.0
01_person_walk,19,421103132,diffusion_bypass_vae_direct,edge_uncertainty_mean,awgn,digital_inprocess,True,,True,True,0.0,0.0,0.0,1.0000011639823516,13.721609115600586,13.721609115600586,1.0
01_person_walk,19,421103132,diffusion_bypass_vae_direct,final_reconstruction,awgn,digital_inprocess,True,,False,True,0.047152966260910034,0.004987501073628664,4.393085328047164e-05,0.9999115351322434,109.0234603881836,109.24961853027344,1.0020743988613514
01_person_walk,19,421103132,diffusion_bypass_vae_direct,post_deserialize_latent_raw,awgn,digital_inprocess,False,missing_tensor,,,,,,,,,
01_person_walk,19,421103132,diffusion_bypass_vae_direct,power_scalar,awgn,digital_inprocess,True,,False,True,5.960464477539063e-08,5.960464477539063e-08,3.552713678800501e-15,1.0,63.999996185302734,64.0,1.0000000596046483
01_person_walk,19,421103132,diffusion_bypass_vae_direct,pre_serialize_latent,awgn,digital_inprocess,False,missing_tensor,,,,,,,,,
01_person_walk,19,421103132,diffusion_bypass_vae_direct,receiver_post_norm_latent,awgn,digital_inprocess,True,,False,True,1.0941988229751587,0.2485021948814392,0.09608514606952667,0.9519575152321119,63.99999237060547,63.999996185302734,1.0000000596046519
01_person_walk,19,421103132,diffusion_bypass_vae_direct,sender_vae_latent_post_norm,awgn,digital_inprocess,True,,True,True,0.0,0.0,0.0,1.0000001192093002,63.999996185302734,63.999996185302734,1.0
01_person_walk,19,421103132,diffusion_bypass_vae_direct,sender_vae_latent_pre_norm,awgn,digital_inprocess,True,,True,True,0.0,0.0,0.0,1.0000001118776514,60.82899856567383,60.82899856567383,1.0
01_person_walk,19,421103132,diffusion_bypass_vae_direct,vae_decode_input,awgn,digital_inprocess,True,,False,True,1.0941988229751587,0.2485021948814392,0.09608516097068787,0.9519575180956709,63.999996185302734,63.999996185302734,1.0
01_person_walk,19,421103132,diffusion_bypass_vae_direct,channel_output,awgn,digital_wire,False,missing_tensor,,,,,,,,,
01_person_walk,19,421103132,diffusion_bypass_vae_direct,cur_snr,awgn,digital_wire,True,,False,True,0.29261016845703125,0.29261016845703125,0.0856207087635994,1.0,10.292610168457031,10.0,0.9715708490200308
01_person_walk,19,421103132,diffusion_bypass_vae_direct,cur_step,awgn,digital_wire,True,,False,True,0.0054168701171875,0.0054168701171875,2.934248186647892e-05,1.0000000147881645,0.08549219369888306,0.09090906381607056,1.0633609910194441
01_person_walk,19,421103132,diffusion_bypass_vae_direct,diffusion_latent_final,awgn,digital_wire,True,,False,True,1.0941771268844604,0.2485029250383377,0.09608541429042816,0.9519574613545811,63.999996185302734,64.0,1.0000000596046483
01_person_walk,19,421103132,diffusion_bypass_vae_direct,diffusion_latent_init,awgn,digital_wire,True,,False,True,1.0941771268844604,0.2485029250383377,0.09608541429042816,0.9519574613545811,63.999996185302734,64.0,1.0000000596046483
01_person_walk,19,421103132,diffusion_bypass_vae_direct,edge_mean,awgn,digital_wire,True,,False,True,0.001861470751464367,0.000652140995953232,7.462618327735981e-07,0.9999859559430568,20.739330291748047,20.740358352661133,1.0000495705935835
01_person_walk,19,421103132,diffusion_bypass_vae_direct,edge_uncertainty_mean,awgn,digital_wire,True,,False,True,0.0018600225448608398,0.0004855422012042254,5.287057547320728e-07,0.9999773804559586,13.721609115600586,13.723567962646484,1.0001427563654812
01_person_walk,19,421103132,diffusion_bypass_vae_direct,final_reconstruction,awgn,digital_wire,True,,False,True,0.04715791344642639,0.004987467546015978,4.3929630919592455e-05,0.9999117599194899,109.0234603881836,109.2496566772461,1.0020747487582684
01_person_walk,19,421103132,diffusion_bypass_vae_direct,post_deserialize_latent_raw,awgn,digital_wire,False,missing_tensor,,,,,,,,,
01_person_walk,19,421103132,diffusion_bypass_vae_direct,power_scalar,awgn,digital_wire,True,,False,True,5.960464477539063e-08,5.960464477539063e-08,3.552713678800501e-15,1.0,63.999996185302734,64.0,1.0000000596046483
01_person_walk,19,421103132,diffusion_bypass_vae_direct,pre_serialize_latent,awgn,digital_wire,False,missing_tensor,,,,,,,,,
01_person_walk,19,421103132,diffusion_bypass_vae_direct,receiver_post_norm_latent,awgn,digital_wire,True,,False,True,1.0941771268844604,0.24850289523601532,0.09608539193868637,0.9519573392817187,63.99999237060547,64.0,1.0000001192093038
01_person_walk,19,421103132,diffusion_bypass_vae_direct,sender_vae_latent_post_norm,awgn,digital_wire,True,,False,True,0.0003523826599121094,4.027173054055311e-05,2.735046189528134e-09,1.0000000596046483,63.999996185302734,64.0,1.0000000596046483
01_person_walk,19,421103132,diffusion_bypass_vae_direct,sender_vae_latent_pre_norm,awgn,digital_wire,True,,True,True,0.0,0.0,0.0,1.0000001118776514,60.82899856567383,60.82899856567383,1.0
01_person_walk,19,421103132,diffusion_bypass_vae_direct,vae_decode_input,awgn,digital_wire,True,,False,True,1.0941771268844604,0.2485029250383377,0.09608541429042816,0.9519574613545811,63.999996185302734,64.0,1.0000000596046483
01_person_walk,19,421103132,diffusion_bypass_vae_direct,channel_output,digital_inprocess,digital_wire,False,missing_tensor,,,,,,,,,
01_person_walk,19,421103132,diffusion_bypass_vae_direct,cur_snr,digital_inprocess,digital_wire,True,,True,True,0.0,0.0,0.0,1.0,10.0,10.0,1.0
01_person_walk,19,421103132,diffusion_bypass_vae_direct,cur_step,digital_inprocess,digital_wire,True,,True,True,0.0,0.0,0.0,0.9999999906866799,0.09090906381607056,0.09090906381607056,1.0
01_person_walk,19,421103132,diffusion_bypass_vae_direct,diffusion_latent_final,digital_inprocess,digital_wire,True,,False,True,0.0003523826599121094,4.027173054055311e-05,2.735046189528134e-09,1.0000000596046483,63.999996185302734,64.0,1.0000000596046483
01_person_walk,19,421103132,diffusion_bypass_vae_direct,diffusion_latent_init,digital_inprocess,digital_wire,True,,False,True,0.0003523826599121094,4.027173054055311e-05,2.735046189528134e-09,1.0000000596046483,63.999996185302734,64.0,1.0000000596046483
01_person_walk,19,421103132,diffusion_bypass_vae_direct,edge_mean,digital_inprocess,digital_wire,True,,False,True,0.001861470751464367,0.000652140995953232,7.462618327735981e-07,0.9999859559430568,20.739330291748047,20.740358352661133,1.0000495705935835
01_person_walk,19,421103132,diffusion_bypass_vae_direct,edge_uncertainty_mean,digital_inprocess,digital_wire,True,,False,True,0.0018600225448608398,0.0004855422012042254,5.287057547320728e-07,0.9999773804559586,13.721609115600586,13.723567962646484,1.0001427563654812
01_person_walk,19,421103132,diffusion_bypass_vae_direct,final_reconstruction,digital_inprocess,digital_wire,True,,False,True,0.00019815564155578613,6.304580438154517e-06,9.097587266859719e-11,0.9999999250405323,109.24961853027344,109.2496566772461,1.0000003491725937
01_person_walk,19,421103132,diffusion_bypass_vae_direct,post_deserialize_latent_raw,digital_inprocess,digital_wire,False,missing_tensor,,,,,,,,,
01_person_walk,19,421103132,diffusion_bypass_vae_direct,power_scalar,digital_inprocess,digital_wire,True,,True,True,0.0,0.0,0.0,1.0,64.0,64.0,1.0
01_person_walk,19,421103132,diffusion_bypass_vae_direct,pre_serialize_latent,digital_inprocess,digital_wire,False,missing_tensor,,,,,,,,,
01_person_walk,19,421103132,diffusion_bypass_vae_direct,receiver_post_norm_latent,digital_inprocess,digital_wire,True,,False,True,0.0003523826599121094,4.027173054055311e-05,2.735046189528134e-09,1.0000000596046483,63.999996185302734,64.0,1.0000000596046483
01_person_walk,19,421103132,diffusion_bypass_vae_direct,sender_vae_latent_post_norm,digital_inprocess,digital_wire,True,,False,True,0.0003523826599121094,4.027173054055311e-05,2.735046189528134e-09,1.0000000596046483,63.999996185302734,64.0,1.0000000596046483
01_person_walk,19,421103132,diffusion_bypass_vae_direct,sender_vae_latent_pre_norm,digital_inprocess,digital_wire,True,,True,True,0.0,0.0,0.0,1.0000001118776514,60.82899856567383,60.82899856567383,1.0
01_person_walk,19,421103132,diffusion_bypass_vae_direct,vae_decode_input,digital_inprocess,digital_wire,True,,False,True,0.0003523826599121094,4.027173054055311e-05,2.735046189528134e-09,1.0000000596046483,63.999996185302734,64.0,1.0000000596046483
