video,config,frame_index,selector,decision,force_reason,visual_transmitted,reason,psss_backend_kind,latent_elements,analog_channel_symbols,source_packet_bits,estimated_digital_channel_symbols,estimated_wire_bytes,digital_symbols_status,wire_bytes_status
01_person_walk,fixed_awgn,0,fixed,keyframe,first_frame,True,,,32768,32768,2107152,unavailable,263394.0,unavailable,exact
01_person_walk,fixed_awgn,1,fixed,reuse,,False,,,0,,5168,unavailable,646.0,unavailable,exact
01_person_walk,fixed_awgn,10,fixed,reuse,,False,,,0,,5176,unavailable,647.0,unavailable,exact
01_person_walk,fixed_awgn,11,fixed,reuse,,False,,,0,,5176,unavailable,647.0,unavailable,exact
01_person_walk,fixed_awgn,12,fixed,reuse,,False,,,0,,5176,unavailable,647.0,unavailable,exact
01_person_walk,fixed_awgn,13,fixed,reuse,,False,,,0,,5176,unavailable,647.0,unavailable,exact
01_person_walk,fixed_awgn,14,fixed,reuse,,False,,,0,,5176,unavailable,647.0,unavailable,exact
01_person_walk,fixed_awgn,15,fixed,reuse,,False,,,0,,5176,unavailable,647.0,unavailable,exact
01_person_walk,fixed_awgn,16,fixed,keyframe,selected,True,,,32768,32768,2107160,unavailable,263395.0,unavailable,exact
01_person_walk,fixed_awgn,17,fixed,reuse,,False,,,0,,5176,unavailable,647.0,unavailable,exact
01_person_walk,fixed_awgn,18,fixed,reuse,,False,,,0,,5176,unavailable,647.0,unavailable,exact
01_person_walk,fixed_awgn,19,fixed,reuse,,False,,,0,,5176,unavailable,647.0,unavailable,exact
01_person_walk,fixed_awgn,2,fixed,reuse,,False,,,0,,5168,unavailable,646.0,unavailable,exact
01_person_walk,fixed_awgn,20,fixed,reuse,,False,,,0,,5176,unavailable,647.0,unavailable,exact
01_person_walk,fixed_awgn,21,fixed,reuse,,False,,,0,,5176,unavailable,647.0,unavailable,exact
01_person_walk,fixed_awgn,22,fixed,reuse,,False,,,0,,5176,unavailable,647.0,unavailable,exact
01_person_walk,fixed_awgn,23,fixed,reuse,,False,,,0,,5176,unavailable,647.0,unavailable,exact
01_person_walk,fixed_awgn,24,fixed,reuse,,False,,,0,,5176,unavailable,647.0,unavailable,exact
01_person_walk,fixed_awgn,25,fixed,reuse,,False,,,0,,5176,unavailable,647.0,unavailable,exact
01_person_walk,fixed_awgn,26,fixed,reuse,,False,,,0,,5176,unavailable,647.0,unavailable,exact
01_person_walk,fixed_awgn,27,fixed,reuse,,False,,,0,,5176,unavailable,647.0,unavailable,exact
01_person_walk,fixed_awgn,28,fixed,reuse,,False,,,0,,5176,unavailable,647.0,unavailable,exact
01_person_walk,fixed_awgn,29,fixed,reuse,,False,,,0,,5176,unavailable,647.0,unavailable,exact
01_person_walk,fixed_awgn,3,fixed,reuse,,False,,,0,,5168,unavailable,646.0,unavailable,exact
01_person_walk,fixed_awgn,30,fixed,reuse,,False,,,0,,5176,unavailable,647.0,unavailable,exact
01_person_walk,fixed_awgn,31,fixed,reuse,,False,,,0,,5176,unavailable,647.0,unavailable,exact
01_person_walk,fixed_awgn,32,fixed,keyframe,selected,True,,,32768,32768,2107160,unavailable,263395.0,unavailable,exact
01_person_walk,fixed_awgn,33,fixed,reuse,,False,,,0,,5176,unavailable,647.0,unavailable,exact
01_person_walk,fixed_awgn,34,fixed,reuse,,False,,,0,,5176,unavailable,647.0,unavailable,exact
01_person_walk,fixed_awgn,35,fixed,reuse,,False,,,0,,5176,unavailable,647.0,unavailable,exact
01_person_walk,fixed_awgn,36,fixed,reuse,,False,,,0,,5176,unavailable,647.0,unavailable,exact
01_person_walk,fixed_awgn,37,fixed,reuse,,False,,,0,,5176,unavailable,647.0,unavailable,exact
01_person_walk,fixed_awgn,38,fixed,reuse,,False,,,0,,5176,unavailable,647.0,unavailable,exact
01_person_walk,fixed_awgn,39,fixed,reuse,,False,,,0,,5176,unavailable,647.0,unavailable,exact
01_person_walk,fixed_awgn,4,fixed,reuse,,False,,,0,,5168,unavailable,646.0,unavailable,exact
01_person_walk,fixed_awgn,40,fixed,reuse,,False,,,0,,5176,unavailable,647.0,unavailable,exact
01_person_walk,fixed_awgn,41,fixed,reuse,,False,,,0,,5176,unavailable,647.0,unavailable,exact
01_person_walk,fixed_awgn,42,fixed,reuse,,False,,,0,,5176,unavailable,647.0,unavailable,exact
01_person_walk,fixed_awgn,43,fixed,reuse,,False,,,0,,5176,unavailable,647.0,unavailable,exact
01_person_walk,fixed_awgn,44,fixed,reuse,,False,,,0,,5176,unavailable,647.0,unavailable,exact
01_person_walk,fixed_awgn,45,fixed,reuse,,False,,,0,,5176,unavailable,647.0,unavailable,exact
01_person_walk,fixed_awgn,46,fixed,reuse,,False,,,0,,5176,unavailable,647.0,unavailable,exact
01_person_walk,fixed_awgn,47,fixed,reuse,,False,,,0,,5176,unavailable,647.0,unavailable,exact
01_person_walk,fixed_awgn,48,fixed,keyframe,selected,True,,,32768,32768,2107160,unavailable,263395.0,unavailable,exact
01_person_walk,fixed_awgn,49,fixed,reuse,,False,,,0,,5176,unavailable,647.0,unavailable,exact
01_person_walk,fixed_awgn,5,fixed,reuse,,False,,,0,,5168,unavailable,646.0,unavailable,exact
01_person_walk,fixed_awgn,50,fixed,reuse,,False,,,0,,5176,unavailable,647.0,unavailable,exact
01_person_walk,fixed_awgn,51,fixed,reuse,,False,,,0,,5176,unavailable,647.0,unavailable,exact
01_person_walk,fixed_awgn,52,fixed,reuse,,False,,,0,,5176,unavailable,647.0,unavailable,exact
01_person_walk,fixed_awgn,53,fixed,reuse,,False,,,0,,5176,unavailable,647.0,unavailable,exact
01_person_walk,fixed_awgn,54,fixed,reuse,,False,,,0,,5176,unavailable,647.0,unavailable,exact
01_person_walk,fixed_awgn,55,fixed,reuse,,False,,,0,,5176,unavailable,647.0,unavailable,exact
01_person_walk,fixed_awgn,56,fixed,reuse,,False,,,0,,5176,unavailable,647.0,unavailable,exact
01_person_walk,fixed_awgn,57,fixed,reuse,,False,,,0,,5176,unavailable,647.0,unavailable,exact
01_person_walk,fixed_awgn,58,fixed,reuse,,False,,,0,,5176,unavailable,647.0,unavailable,exact
01_person_walk,fixed_awgn,59,fixed,reuse,,False,,,0,,5176,unavailable,647.0,unavailable,exact
01_person_walk,fixed_awgn,6,fixed,reuse,,False,,,0,,5168,unavailable,646.0,unavailable,exact
01_person_walk,fixed_awgn,60,fixed,reuse,,False,,,0,,5176,unavailable,647.0,unavailable,exact
01_person_walk,fixed_awgn,61,fixed,reuse,,False,,,0,,5176,unavailable,647.0,unavailable,exact
01_person_walk,fixed_awgn,62,fixed,reuse,,False,,,0,,5176,unavailable,647.0,unavailable,exact
01_person_walk,fixed_awgn,63,fixed,reuse,,False,,,0,,5176,unavailable,647.0,unavailable,exact
01_person_walk,fixed_awgn,64,fixed,keyframe,selected,True,,,32768,32768,2107160,unavailable,263395.0,unavailable,exact
01_person_walk,fixed_awgn,65,fixed,reuse,,False,,,0,,5176,unavailable,647.0,unavailable,exact
01_person_walk,fixed_awgn,66,fixed,reuse,,False,,,0,,5176,unavailable,647.0,unavailable,exact
01_person_walk,fixed_awgn,67,fixed,reuse,,False,,,0,,5176,unavailable,647.0,unavailable,exact
01_person_walk,fixed_awgn,68,fixed,reuse,,False,,,0,,5176,unavailable,647.0,unavailable,exact
01_person_walk,fixed_awgn,69,fixed,reuse,,False,,,0,,5176,unavailable,647.0,unavailable,exact
01_person_walk,fixed_awgn,7,fixed,reuse,,False,,,0,,5168,unavailable,646.0,unavailable,exact
01_person_walk,fixed_awgn,70,fixed,reuse,,False,,,0,,5176,unavailable,647.0,unavailable,exact
01_person_walk,fixed_awgn,71,fixed,reuse,,False,,,0,,5176,unavailable,647.0,unavailable,exact
01_person_walk,fixed_awgn,72,fixed,reuse,,False,,,0,,5176,unavailable,647.0,unavailable,exact
01_person_walk,fixed_awgn,73,fixed,reuse,,False,,,0,,5176,unavailable,647.0,unavailable,exact
01_person_walk,fixed_awgn,74,fixed,reuse,,False,,,0,,5176,unavailable,647.0,unavailable,exact
01_person_walk,fixed_awgn,75,fixed,reuse,,False,,,0,,5176,unavailable,647.0,unavailable,exact
01_person_walk,fixed_awgn,76,fixed,reuse,,False,,,0,,5176,unavailable,647.0,unavailable,exact
01_person_walk,fixed_awgn,77,fixed,reuse,,False,,,0,,5176,unavailable,647.0,unavailable,exact
01_person_walk,fixed_awgn,78,fixed,reuse,,False,,,0,,5176,unavailable,647.0,unavailable,exact
01_person_walk,fixed_awgn,79,fixed,reuse,,False,,,0,,5176,unavailable,647.0,unavailable,exact
01_person_walk,fixed_awgn,8,fixed,reuse,,False,,,0,,5168,unavailable,646.0,unavailable,exact
01_person_walk,fixed_awgn,80,fixed,keyframe,selected,True,,,32768,32768,2107160,unavailable,263395.0,unavailable,exact
01_person_walk,fixed_awgn,81,fixed,reuse,,False,,,0,,5176,unavailable,647.0,unavailable,exact
01_person_walk,fixed_awgn,82,fixed,reuse,,False,,,0,,5176,unavailable,647.0,unavailable,exact
01_person_walk,fixed_awgn,83,fixed,reuse,,False,,,0,,5176,unavailable,647.0,unavailable,exact
01_person_walk,fixed_awgn,84,fixed,reuse,,False,,,0,,5176,unavailable,647.0,unavailable,exact
01_person_walk,fixed_awgn,85,fixed,reuse,,False,,,0,,5176,unavailable,647.0,unavailable,exact
01_person_walk,fixed_awgn,86,fixed,reuse,,False,,,0,,5176,unavailable,647.0,unavailable,exact
01_person_walk,fixed_awgn,87,fixed,reuse,,False,,,0,,5176,unavailable,647.0,unavailable,exact
01_person_walk,fixed_awgn,88,fixed,reuse,,False,,,0,,5176,unavailable,647.0,unavailable,exact
01_person_walk,fixed_awgn,89,fixed,reuse,,False,,,0,,5176,unavailable,647.0,unavailable,exact
01_person_walk,fixed_awgn,9,fixed,reuse,,False,,,0,,5168,unavailable,646.0,unavailable,exact
01_person_walk,fixed_awgn,90,fixed,reuse,,False,,,0,,5176,unavailable,647.0,unavailable,exact
01_person_walk,fixed_awgn,91,fixed,reuse,,False,,,0,,5176,unavailable,647.0,unavailable,exact
01_person_walk,fixed_awgn,92,fixed,reuse,,False,,,0,,5176,unavailable,647.0,unavailable,exact
01_person_walk,fixed_awgn,93,fixed,reuse,,False,,,0,,5176,unavailable,647.0,unavailable,exact
01_person_walk,fixed_awgn,94,fixed,reuse,,False,,,0,,5176,unavailable,647.0,unavailable,exact
01_person_walk,fixed_awgn,95,fixed,reuse,,False,,,0,,5176,unavailable,647.0,unavailable,exact
01_person_walk,fixed_awgn,96,fixed,keyframe,selected,True,,,32768,32768,2107160,unavailable,263395.0,unavailable,exact
01_person_walk,fixed_awgn,97,fixed,reuse,,False,,,0,,5176,unavailable,647.0,unavailable,exact
01_person_walk,fixed_awgn,98,fixed,reuse,,False,,,0,,5176,unavailable,647.0,unavailable,exact
01_person_walk,fixed_awgn,99,fixed,reuse,,False,,,0,,5176,unavailable,647.0,unavailable,exact
01_person_walk,fixed_float32,0,fixed,keyframe,first_frame,True,,,32768,,3162264,unavailable,395283.0,unavailable,exact
01_person_walk,fixed_float32,1,fixed,reuse,,False,,,0,,5192,unavailable,649.0,unavailable,exact
01_person_walk,fixed_float32,10,fixed,reuse,,False,,,0,,5200,unavailable,650.0,unavailable,exact
01_person_walk,fixed_float32,11,fixed,reuse,,False,,,0,,5200,unavailable,650.0,unavailable,exact
01_person_walk,fixed_float32,12,fixed,reuse,,False,,,0,,5200,unavailable,650.0,unavailable,exact
01_person_walk,fixed_float32,13,fixed,reuse,,False,,,0,,5200,unavailable,650.0,unavailable,exact
01_person_walk,fixed_float32,14,fixed,reuse,,False,,,0,,5200,unavailable,650.0,unavailable,exact
01_person_walk,fixed_float32,15,fixed,reuse,,False,,,0,,5200,unavailable,650.0,unavailable,exact
01_person_walk,fixed_float32,16,fixed,keyframe,selected,True,,,32768,,3162272,unavailable,395284.0,unavailable,exact
01_person_walk,fixed_float32,17,fixed,reuse,,False,,,0,,5200,unavailable,650.0,unavailable,exact
01_person_walk,fixed_float32,18,fixed,reuse,,False,,,0,,5200,unavailable,650.0,unavailable,exact
01_person_walk,fixed_float32,19,fixed,reuse,,False,,,0,,5200,unavailable,650.0,unavailable,exact
01_person_walk,fixed_float32,2,fixed,reuse,,False,,,0,,5192,unavailable,649.0,unavailable,exact
01_person_walk,fixed_float32,20,fixed,reuse,,False,,,0,,5200,unavailable,650.0,unavailable,exact
01_person_walk,fixed_float32,21,fixed,reuse,,False,,,0,,5200,unavailable,650.0,unavailable,exact
01_person_walk,fixed_float32,22,fixed,reuse,,False,,,0,,5200,unavailable,650.0,unavailable,exact
01_person_walk,fixed_float32,23,fixed,reuse,,False,,,0,,5200,unavailable,650.0,unavailable,exact
01_person_walk,fixed_float32,24,fixed,reuse,,False,,,0,,5200,unavailable,650.0,unavailable,exact
01_person_walk,fixed_float32,25,fixed,reuse,,False,,,0,,5200,unavailable,650.0,unavailable,exact
01_person_walk,fixed_float32,26,fixed,reuse,,False,,,0,,5200,unavailable,650.0,unavailable,exact
01_person_walk,fixed_float32,27,fixed,reuse,,False,,,0,,5200,unavailable,650.0,unavailable,exact
01_person_walk,fixed_float32,28,fixed,reuse,,False,,,0,,5200,unavailable,650.0,unavailable,exact
01_person_walk,fixed_float32,29,fixed,reuse,,False,,,0,,5200,unavailable,650.0,unavailable,exact
01_person_walk,fixed_float32,3,fixed,reuse,,False,,,0,,5192,unavailable,649.0,unavailable,exact
01_person_walk,fixed_float32,30,fixed,reuse,,False,,,0,,5200,unavailable,650.0,unavailable,exact
01_person_walk,fixed_float32,31,fixed,reuse,,False,,,0,,5200,unavailable,650.0,unavailable,exact
01_person_walk,fixed_float32,32,fixed,keyframe,selected,True,,,32768,,3162272,unavailable,395284.0,unavailable,exact
01_person_walk,fixed_float32,33,fixed,reuse,,False,,,0,,5200,unavailable,650.0,unavailable,exact
01_person_walk,fixed_float32,34,fixed,reuse,,False,,,0,,5200,unavailable,650.0,unavailable,exact
01_person_walk,fixed_float32,35,fixed,reuse,,False,,,0,,5200,unavailable,650.0,unavailable,exact
01_person_walk,fixed_float32,36,fixed,reuse,,False,,,0,,5200,unavailable,650.0,unavailable,exact
01_person_walk,fixed_float32,37,fixed,reuse,,False,,,0,,5200,unavailable,650.0,unavailable,exact
01_person_walk,fixed_float32,38,fixed,reuse,,False,,,0,,5200,unavailable,650.0,unavailable,exact
01_person_walk,fixed_float32,39,fixed,reuse,,False,,,0,,5200,unavailable,650.0,unavailable,exact
01_person_walk,fixed_float32,4,fixed,reuse,,False,,,0,,5192,unavailable,649.0,unavailable,exact
01_person_walk,fixed_float32,40,fixed,reuse,,False,,,0,,5200,unavailable,650.0,unavailable,exact
01_person_walk,fixed_float32,41,fixed,reuse,,False,,,0,,5200,unavailable,650.0,unavailable,exact
01_person_walk,fixed_float32,42,fixed,reuse,,False,,,0,,5200,unavailable,650.0,unavailable,exact
01_person_walk,fixed_float32,43,fixed,reuse,,False,,,0,,5200,unavailable,650.0,unavailable,exact
01_person_walk,fixed_float32,44,fixed,reuse,,False,,,0,,5200,unavailable,650.0,unavailable,exact
01_person_walk,fixed_float32,45,fixed,reuse,,False,,,0,,5200,unavailable,650.0,unavailable,exact
01_person_walk,fixed_float32,46,fixed,reuse,,False,,,0,,5200,unavailable,650.0,unavailable,exact
01_person_walk,fixed_float32,47,fixed,reuse,,False,,,0,,5200,unavailable,650.0,unavailable,exact
01_person_walk,fixed_float32,48,fixed,keyframe,selected,True,,,32768,,3162272,unavailable,395284.0,unavailable,exact
01_person_walk,fixed_float32,49,fixed,reuse,,False,,,0,,5200,unavailable,650.0,unavailable,exact
01_person_walk,fixed_float32,5,fixed,reuse,,False,,,0,,5192,unavailable,649.0,unavailable,exact
01_person_walk,fixed_float32,50,fixed,reuse,,False,,,0,,5200,unavailable,650.0,unavailable,exact
01_person_walk,fixed_float32,51,fixed,reuse,,False,,,0,,5200,unavailable,650.0,unavailable,exact
01_person_walk,fixed_float32,52,fixed,reuse,,False,,,0,,5200,unavailable,650.0,unavailable,exact
01_person_walk,fixed_float32,53,fixed,reuse,,False,,,0,,5200,unavailable,650.0,unavailable,exact
01_person_walk,fixed_float32,54,fixed,reuse,,False,,,0,,5200,unavailable,650.0,unavailable,exact
01_person_walk,fixed_float32,55,fixed,reuse,,False,,,0,,5200,unavailable,650.0,unavailable,exact
01_person_walk,fixed_float32,56,fixed,reuse,,False,,,0,,5200,unavailable,650.0,unavailable,exact
01_person_walk,fixed_float32,57,fixed,reuse,,False,,,0,,5200,unavailable,650.0,unavailable,exact
01_person_walk,fixed_float32,58,fixed,reuse,,False,,,0,,5200,unavailable,650.0,unavailable,exact
01_person_walk,fixed_float32,59,fixed,reuse,,False,,,0,,5200,unavailable,650.0,unavailable,exact
01_person_walk,fixed_float32,6,fixed,reuse,,False,,,0,,5192,unavailable,649.0,unavailable,exact
01_person_walk,fixed_float32,60,fixed,reuse,,False,,,0,,5200,unavailable,650.0,unavailable,exact
01_person_walk,fixed_float32,61,fixed,reuse,,False,,,0,,5200,unavailable,650.0,unavailable,exact
01_person_walk,fixed_float32,62,fixed,reuse,,False,,,0,,5200,unavailable,650.0,unavailable,exact
01_person_walk,fixed_float32,63,fixed,reuse,,False,,,0,,5200,unavailable,650.0,unavailable,exact
01_person_walk,fixed_float32,64,fixed,keyframe,selected,True,,,32768,,3162272,unavailable,395284.0,unavailable,exact
01_person_walk,fixed_float32,65,fixed,reuse,,False,,,0,,5200,unavailable,650.0,unavailable,exact
01_person_walk,fixed_float32,66,fixed,reuse,,False,,,0,,5200,unavailable,650.0,unavailable,exact
01_person_walk,fixed_float32,67,fixed,reuse,,False,,,0,,5200,unavailable,650.0,unavailable,exact
01_person_walk,fixed_float32,68,fixed,reuse,,False,,,0,,5200,unavailable,650.0,unavailable,exact
01_person_walk,fixed_float32,69,fixed,reuse,,False,,,0,,5200,unavailable,650.0,unavailable,exact
01_person_walk,fixed_float32,7,fixed,reuse,,False,,,0,,5192,unavailable,649.0,unavailable,exact
01_person_walk,fixed_float32,70,fixed,reuse,,False,,,0,,5200,unavailable,650.0,unavailable,exact
01_person_walk,fixed_float32,71,fixed,reuse,,False,,,0,,5200,unavailable,650.0,unavailable,exact
01_person_walk,fixed_float32,72,fixed,reuse,,False,,,0,,5200,unavailable,650.0,unavailable,exact
01_person_walk,fixed_float32,73,fixed,reuse,,False,,,0,,5200,unavailable,650.0,unavailable,exact
01_person_walk,fixed_float32,74,fixed,reuse,,False,,,0,,5200,unavailable,650.0,unavailable,exact
01_person_walk,fixed_float32,75,fixed,reuse,,False,,,0,,5200,unavailable,650.0,unavailable,exact
01_person_walk,fixed_float32,76,fixed,reuse,,False,,,0,,5200,unavailable,650.0,unavailable,exact
01_person_walk,fixed_float32,77,fixed,reuse,,False,,,0,,5200,unavailable,650.0,unavailable,exact
01_person_walk,fixed_float32,78,fixed,reuse,,False,,,0,,5200,unavailable,650.0,unavailable,exact
01_person_walk,fixed_float32,79,fixed,reuse,,False,,,0,,5200,unavailable,650.0,unavailable,exact
01_person_walk,fixed_float32,8,fixed,reuse,,False,,,0,,5192,unavailable,649.0,unavailable,exact
01_person_walk,fixed_float32,80,fixed,keyframe,selected,True,,,32768,,3162272,unavailable,395284.0,unavailable,exact
01_person_walk,fixed_float32,81,fixed,reuse,,False,,,0,,5200,unavailable,650.0,unavailable,exact
01_person_walk,fixed_float32,82,fixed,reuse,,False,,,0,,5200,unavailable,650.0,unavailable,exact
01_person_walk,fixed_float32,83,fixed,reuse,,False,,,0,,5200,unavailable,650.0,unavailable,exact
01_person_walk,fixed_float32,84,fixed,reuse,,False,,,0,,5200,unavailable,650.0,unavailable,exact
01_person_walk,fixed_float32,85,fixed,reuse,,False,,,0,,5200,unavailable,650.0,unavailable,exact
01_person_walk,fixed_float32,86,fixed,reuse,,False,,,0,,5200,unavailable,650.0,unavailable,exact
01_person_walk,fixed_float32,87,fixed,reuse,,False,,,0,,5200,unavailable,650.0,unavailable,exact
01_person_walk,fixed_float32,88,fixed,reuse,,False,,,0,,5200,unavailable,650.0,unavailable,exact
01_person_walk,fixed_float32,89,fixed,reuse,,False,,,0,,5200,unavailable,650.0,unavailable,exact
01_person_walk,fixed_float32,9,fixed,reuse,,False,,,0,,5192,unavailable,649.0,unavailable,exact
01_person_walk,fixed_float32,90,fixed,reuse,,False,,,0,,5200,unavailable,650.0,unavailable,exact
01_person_walk,fixed_float32,91,fixed,reuse,,False,,,0,,5200,unavailable,650.0,unavailable,exact
01_person_walk,fixed_float32,92,fixed,reuse,,False,,,0,,5200,unavailable,650.0,unavailable,exact
01_person_walk,fixed_float32,93,fixed,reuse,,False,,,0,,5200,unavailable,650.0,unavailable,exact
01_person_walk,fixed_float32,94,fixed,reuse,,False,,,0,,5200,unavailable,650.0,unavailable,exact
01_person_walk,fixed_float32,95,fixed,reuse,,False,,,0,,5200,unavailable,650.0,unavailable,exact
01_person_walk,fixed_float32,96,fixed,keyframe,selected,True,,,32768,,3162272,unavailable,395284.0,unavailable,exact
01_person_walk,fixed_float32,97,fixed,reuse,,False,,,0,,5200,unavailable,650.0,unavailable,exact
01_person_walk,fixed_float32,98,fixed,reuse,,False,,,0,,5200,unavailable,650.0,unavailable,exact
01_person_walk,fixed_float32,99,fixed,reuse,,False,,,0,,5200,unavailable,650.0,unavailable,exact
01_person_walk,fixed_int16,0,fixed,keyframe,first_frame,True,,,32768,,2637960,unavailable,329745.0,unavailable,exact
01_person_walk,fixed_int16,1,fixed,reuse,,False,,,0,,5176,unavailable,647.0,unavailable,exact
01_person_walk,fixed_int16,10,fixed,reuse,,False,,,0,,5184,unavailable,648.0,unavailable,exact
01_person_walk,fixed_int16,11,fixed,reuse,,False,,,0,,5184,unavailable,648.0,unavailable,exact
01_person_walk,fixed_int16,12,fixed,reuse,,False,,,0,,5184,unavailable,648.0,unavailable,exact
01_person_walk,fixed_int16,13,fixed,reuse,,False,,,0,,5184,unavailable,648.0,unavailable,exact
01_person_walk,fixed_int16,14,fixed,reuse,,False,,,0,,5184,unavailable,648.0,unavailable,exact
01_person_walk,fixed_int16,15,fixed,reuse,,False,,,0,,5184,unavailable,648.0,unavailable,exact
01_person_walk,fixed_int16,16,fixed,keyframe,selected,True,,,32768,,2637968,unavailable,329746.0,unavailable,exact
01_person_walk,fixed_int16,17,fixed,reuse,,False,,,0,,5184,unavailable,648.0,unavailable,exact
01_person_walk,fixed_int16,18,fixed,reuse,,False,,,0,,5184,unavailable,648.0,unavailable,exact
01_person_walk,fixed_int16,19,fixed,reuse,,False,,,0,,5184,unavailable,648.0,unavailable,exact
01_person_walk,fixed_int16,2,fixed,reuse,,False,,,0,,5176,unavailable,647.0,unavailable,exact
01_person_walk,fixed_int16,20,fixed,reuse,,False,,,0,,5184,unavailable,648.0,unavailable,exact
01_person_walk,fixed_int16,21,fixed,reuse,,False,,,0,,5184,unavailable,648.0,unavailable,exact
01_person_walk,fixed_int16,22,fixed,reuse,,False,,,0,,5184,unavailable,648.0,unavailable,exact
01_person_walk,fixed_int16,23,fixed,reuse,,False,,,0,,5184,unavailable,648.0,unavailable,exact
01_person_walk,fixed_int16,24,fixed,reuse,,False,,,0,,5184,unavailable,648.0,unavailable,exact
01_person_walk,fixed_int16,25,fixed,reuse,,False,,,0,,5184,unavailable,648.0,unavailable,exact
01_person_walk,fixed_int16,26,fixed,reuse,,False,,,0,,5184,unavailable,648.0,unavailable,exact
01_person_walk,fixed_int16,27,fixed,reuse,,False,,,0,,5184,unavailable,648.0,unavailable,exact
01_person_walk,fixed_int16,28,fixed,reuse,,False,,,0,,5184,unavailable,648.0,unavailable,exact
01_person_walk,fixed_int16,29,fixed,reuse,,False,,,0,,5184,unavailable,648.0,unavailable,exact
01_person_walk,fixed_int16,3,fixed,reuse,,False,,,0,,5176,unavailable,647.0,unavailable,exact
01_person_walk,fixed_int16,30,fixed,reuse,,False,,,0,,5184,unavailable,648.0,unavailable,exact
01_person_walk,fixed_int16,31,fixed,reuse,,False,,,0,,5184,unavailable,648.0,unavailable,exact
01_person_walk,fixed_int16,32,fixed,keyframe,selected,True,,,32768,,2637968,unavailable,329746.0,unavailable,exact
01_person_walk,fixed_int16,33,fixed,reuse,,False,,,0,,5184,unavailable,648.0,unavailable,exact
01_person_walk,fixed_int16,34,fixed,reuse,,False,,,0,,5184,unavailable,648.0,unavailable,exact
01_person_walk,fixed_int16,35,fixed,reuse,,False,,,0,,5184,unavailable,648.0,unavailable,exact
01_person_walk,fixed_int16,36,fixed,reuse,,False,,,0,,5184,unavailable,648.0,unavailable,exact
01_person_walk,fixed_int16,37,fixed,reuse,,False,,,0,,5184,unavailable,648.0,unavailable,exact
01_person_walk,fixed_int16,38,fixed,reuse,,False,,,0,,5184,unavailable,648.0,unavailable,exact
01_person_walk,fixed_int16,39,fixed,reuse,,False,,,0,,5184,unavailable,648.0,unavailable,exact
01_person_walk,fixed_int16,4,fixed,reuse,,False,,,0,,5176,unavailable,647.0,unavailable,exact
01_person_walk,fixed_int16,40,fixed,reuse,,False,,,0,,5184,unavailable,648.0,unavailable,exact
01_person_walk,fixed_int16,41,fixed,reuse,,False,,,0,,5184,unavailable,648.0,unavailable,exact
01_person_walk,fixed_int16,42,fixed,reuse,,False,,,0,,5184,unavailable,648.0,unavailable,exact
01_person_walk,fixed_int16,43,fixed,reuse,,False,,,0,,5184,unavailable,648.0,unavailable,exact
01_person_walk,fixed_int16,44,fixed,reuse,,False,,,0,,5184,unavailable,648.0,unavailable,exact
01_person_walk,fixed_int16,45,fixed,reuse,,False,,,0,,5184,unavailable,648.0,unavailable,exact
01_person_walk,fixed_int16,46,fixed,reuse,,False,,,0,,5184,unavailable,648.0,unavailable,exact
01_person_walk,fixed_int16,47,fixed,reuse,,False,,,0,,5184,unavailable,648.0,unavailable,exact
01_person_walk,fixed_int16,48,fixed,keyframe,selected,True,,,32768,,2637968,unavailable,329746.0,unavailable,exact
01_person_walk,fixed_int16,49,fixed,reuse,,False,,,0,,5184,unavailable,648.0,unavailable,exact
01_person_walk,fixed_int16,5,fixed,reuse,,False,,,0,,5176,unavailable,647.0,unavailable,exact
01_person_walk,fixed_int16,50,fixed,reuse,,False,,,0,,5184,unavailable,648.0,unavailable,exact
01_person_walk,fixed_int16,51,fixed,reuse,,False,,,0,,5184,unavailable,648.0,unavailable,exact
01_person_walk,fixed_int16,52,fixed,reuse,,False,,,0,,5184,unavailable,648.0,unavailable,exact
01_person_walk,fixed_int16,53,fixed,reuse,,False,,,0,,5184,unavailable,648.0,unavailable,exact
01_person_walk,fixed_int16,54,fixed,reuse,,False,,,0,,5184,unavailable,648.0,unavailable,exact
01_person_walk,fixed_int16,55,fixed,reuse,,False,,,0,,5184,unavailable,648.0,unavailable,exact
01_person_walk,fixed_int16,56,fixed,reuse,,False,,,0,,5184,unavailable,648.0,unavailable,exact
01_person_walk,fixed_int16,57,fixed,reuse,,False,,,0,,5184,unavailable,648.0,unavailable,exact
01_person_walk,fixed_int16,58,fixed,reuse,,False,,,0,,5184,unavailable,648.0,unavailable,exact
01_person_walk,fixed_int16,59,fixed,reuse,,False,,,0,,5184,unavailable,648.0,unavailable,exact
01_person_walk,fixed_int16,6,fixed,reuse,,False,,,0,,5176,unavailable,647.0,unavailable,exact
01_person_walk,fixed_int16,60,fixed,reuse,,False,,,0,,5184,unavailable,648.0,unavailable,exact
01_person_walk,fixed_int16,61,fixed,reuse,,False,,,0,,5184,unavailable,648.0,unavailable,exact
01_person_walk,fixed_int16,62,fixed,reuse,,False,,,0,,5184,unavailable,648.0,unavailable,exact
01_person_walk,fixed_int16,63,fixed,reuse,,False,,,0,,5184,unavailable,648.0,unavailable,exact
01_person_walk,fixed_int16,64,fixed,keyframe,selected,True,,,32768,,2637968,unavailable,329746.0,unavailable,exact
01_person_walk,fixed_int16,65,fixed,reuse,,False,,,0,,5184,unavailable,648.0,unavailable,exact
01_person_walk,fixed_int16,66,fixed,reuse,,False,,,0,,5184,unavailable,648.0,unavailable,exact
01_person_walk,fixed_int16,67,fixed,reuse,,False,,,0,,5184,unavailable,648.0,unavailable,exact
01_person_walk,fixed_int16,68,fixed,reuse,,False,,,0,,5184,unavailable,648.0,unavailable,exact
01_person_walk,fixed_int16,69,fixed,reuse,,False,,,0,,5184,unavailable,648.0,unavailable,exact
01_person_walk,fixed_int16,7,fixed,reuse,,False,,,0,,5176,unavailable,647.0,unavailable,exact
01_person_walk,fixed_int16,70,fixed,reuse,,False,,,0,,5184,unavailable,648.0,unavailable,exact
01_person_walk,fixed_int16,71,fixed,reuse,,False,,,0,,5184,unavailable,648.0,unavailable,exact
01_person_walk,fixed_int16,72,fixed,reuse,,False,,,0,,5184,unavailable,648.0,unavailable,exact
01_person_walk,fixed_int16,73,fixed,reuse,,False,,,0,,5184,unavailable,648.0,unavailable,exact
01_person_walk,fixed_int16,74,fixed,reuse,,False,,,0,,5184,unavailable,648.0,unavailable,exact
01_person_walk,fixed_int16,75,fixed,reuse,,False,,,0,,5184,unavailable,648.0,unavailable,exact
01_person_walk,fixed_int16,76,fixed,reuse,,False,,,0,,5184,unavailable,648.0,unavailable,exact
01_person_walk,fixed_int16,77,fixed,reuse,,False,,,0,,5184,unavailable,648.0,unavailable,exact
01_person_walk,fixed_int16,78,fixed,reuse,,False,,,0,,5184,unavailable,648.0,unavailable,exact
01_person_walk,fixed_int16,79,fixed,reuse,,False,,,0,,5184,unavailable,648.0,unavailable,exact
01_person_walk,fixed_int16,8,fixed,reuse,,False,,,0,,5176,unavailable,647.0,unavailable,exact
01_person_walk,fixed_int16,80,fixed,keyframe,selected,True,,,32768,,2637968,unavailable,329746.0,unavailable,exact
01_person_walk,fixed_int16,81,fixed,reuse,,False,,,0,,5184,unavailable,648.0,unavailable,exact
01_person_walk,fixed_int16,82,fixed,reuse,,False,,,0,,5184,unavailable,648.0,unavailable,exact
01_person_walk,fixed_int16,83,fixed,reuse,,False,,,0,,5184,unavailable,648.0,unavailable,exact
01_person_walk,fixed_int16,84,fixed,reuse,,False,,,0,,5184,unavailable,648.0,unavailable,exact
01_person_walk,fixed_int16,85,fixed,reuse,,False,,,0,,5184,unavailable,648.0,unavailable,exact
01_person_walk,fixed_int16,86,fixed,reuse,,False,,,0,,5184,unavailable,648.0,unavailable,exact
01_person_walk,fixed_int16,87,fixed,reuse,,False,,,0,,5184,unavailable,648.0,unavailable,exact
01_person_walk,fixed_int16,88,fixed,reuse,,False,,,0,,5184,unavailable,648.0,unavailable,exact
01_person_walk,fixed_int16,89,fixed,reuse,,False,,,0,,5184,unavailable,648.0,unavailable,exact
01_person_walk,fixed_int16,9,fixed,reuse,,False,,,0,,5176,unavailable,647.0,unavailable,exact
01_person_walk,fixed_int16,90,fixed,reuse,,False,,,0,,5184,unavailable,648.0,unavailable,exact
01_person_walk,fixed_int16,91,fixed,reuse,,False,,,0,,5184,unavailable,648.0,unavailable,exact
01_person_walk,fixed_int16,92,fixed,reuse,,False,,,0,,5184,unavailable,648.0,unavailable,exact
01_person_walk,fixed_int16,93,fixed,reuse,,False,,,0,,5184,unavailable,648.0,unavailable,exact
01_person_walk,fixed_int16,94,fixed,reuse,,False,,,0,,5184,unavailable,648.0,unavailable,exact
01_person_walk,fixed_int16,95,fixed,reuse,,False,,,0,,5184,unavailable,648.0,unavailable,exact
01_person_walk,fixed_int16,96,fixed,keyframe,selected,True,,,32768,,2637968,unavailable,329746.0,unavailable,exact
01_person_walk,fixed_int16,97,fixed,reuse,,False,,,0,,5184,unavailable,648.0,unavailable,exact
01_person_walk,fixed_int16,98,fixed,reuse,,False,,,0,,5184,unavailable,648.0,unavailable,exact
01_person_walk,fixed_int16,99,fixed,reuse,,False,,,0,,5184,unavailable,648.0,unavailable,exact
01_person_walk,fixed_int4,0,fixed,keyframe,first_frame,True,,,32768,,2244736,unavailable,280592.0,unavailable,exact
01_person_walk,fixed_int4,1,fixed,reuse,,False,,,0,,5168,unavailable,646.0,unavailable,exact
01_person_walk,fixed_int4,10,fixed,reuse,,False,,,0,,5176,unavailable,647.0,unavailable,exact
01_person_walk,fixed_int4,11,fixed,reuse,,False,,,0,,5176,unavailable,647.0,unavailable,exact
01_person_walk,fixed_int4,12,fixed,reuse,,False,,,0,,5176,unavailable,647.0,unavailable,exact
01_person_walk,fixed_int4,13,fixed,reuse,,False,,,0,,5176,unavailable,647.0,unavailable,exact
01_person_walk,fixed_int4,14,fixed,reuse,,False,,,0,,5176,unavailable,647.0,unavailable,exact
01_person_walk,fixed_int4,15,fixed,reuse,,False,,,0,,5176,unavailable,647.0,unavailable,exact
01_person_walk,fixed_int4,16,fixed,keyframe,selected,True,,,32768,,2244744,unavailable,280593.0,unavailable,exact
01_person_walk,fixed_int4,17,fixed,reuse,,False,,,0,,5176,unavailable,647.0,unavailable,exact
01_person_walk,fixed_int4,18,fixed,reuse,,False,,,0,,5176,unavailable,647.0,unavailable,exact
01_person_walk,fixed_int4,19,fixed,reuse,,False,,,0,,5176,unavailable,647.0,unavailable,exact
01_person_walk,fixed_int4,2,fixed,reuse,,False,,,0,,5168,unavailable,646.0,unavailable,exact
01_person_walk,fixed_int4,20,fixed,reuse,,False,,,0,,5176,unavailable,647.0,unavailable,exact
01_person_walk,fixed_int4,21,fixed,reuse,,False,,,0,,5176,unavailable,647.0,unavailable,exact
01_person_walk,fixed_int4,22,fixed,reuse,,False,,,0,,5176,unavailable,647.0,unavailable,exact
01_person_walk,fixed_int4,23,fixed,reuse,,False,,,0,,5176,unavailable,647.0,unavailable,exact
01_person_walk,fixed_int4,24,fixed,reuse,,False,,,0,,5176,unavailable,647.0,unavailable,exact
01_person_walk,fixed_int4,25,fixed,reuse,,False,,,0,,5176,unavailable,647.0,unavailable,exact
01_person_walk,fixed_int4,26,fixed,reuse,,False,,,0,,5176,unavailable,647.0,unavailable,exact
01_person_walk,fixed_int4,27,fixed,reuse,,False,,,0,,5176,unavailable,647.0,unavailable,exact
01_person_walk,fixed_int4,28,fixed,reuse,,False,,,0,,5176,unavailable,647.0,unavailable,exact
01_person_walk,fixed_int4,29,fixed,reuse,,False,,,0,,5176,unavailable,647.0,unavailable,exact
01_person_walk,fixed_int4,3,fixed,reuse,,False,,,0,,5168,unavailable,646.0,unavailable,exact
01_person_walk,fixed_int4,30,fixed,reuse,,False,,,0,,5176,unavailable,647.0,unavailable,exact
01_person_walk,fixed_int4,31,fixed,reuse,,False,,,0,,5176,unavailable,647.0,unavailable,exact
01_person_walk,fixed_int4,32,fixed,keyframe,selected,True,,,32768,,2244744,unavailable,280593.0,unavailable,exact
01_person_walk,fixed_int4,33,fixed,reuse,,False,,,0,,5176,unavailable,647.0,unavailable,exact
01_person_walk,fixed_int4,34,fixed,reuse,,False,,,0,,5176,unavailable,647.0,unavailable,exact
01_person_walk,fixed_int4,35,fixed,reuse,,False,,,0,,5176,unavailable,647.0,unavailable,exact
01_person_walk,fixed_int4,36,fixed,reuse,,False,,,0,,5176,unavailable,647.0,unavailable,exact
01_person_walk,fixed_int4,37,fixed,reuse,,False,,,0,,5176,unavailable,647.0,unavailable,exact
01_person_walk,fixed_int4,38,fixed,reuse,,False,,,0,,5176,unavailable,647.0,unavailable,exact
01_person_walk,fixed_int4,39,fixed,reuse,,False,,,0,,5176,unavailable,647.0,unavailable,exact
01_person_walk,fixed_int4,4,fixed,reuse,,False,,,0,,5168,unavailable,646.0,unavailable,exact
01_person_walk,fixed_int4,40,fixed,reuse,,False,,,0,,5176,unavailable,647.0,unavailable,exact
01_person_walk,fixed_int4,41,fixed,reuse,,False,,,0,,5176,unavailable,647.0,unavailable,exact
01_person_walk,fixed_int4,42,fixed,reuse,,False,,,0,,5176,unavailable,647.0,unavailable,exact
01_person_walk,fixed_int4,43,fixed,reuse,,False,,,0,,5176,unavailable,647.0,unavailable,exact
01_person_walk,fixed_int4,44,fixed,reuse,,False,,,0,,5176,unavailable,647.0,unavailable,exact
01_person_walk,fixed_int4,45,fixed,reuse,,False,,,0,,5176,unavailable,647.0,unavailable,exact
01_person_walk,fixed_int4,46,fixed,reuse,,False,,,0,,5176,unavailable,647.0,unavailable,exact
01_person_walk,fixed_int4,47,fixed,reuse,,False,,,0,,5176,unavailable,647.0,unavailable,exact
01_person_walk,fixed_int4,48,fixed,keyframe,selected,True,,,32768,,2244744,unavailable,280593.0,unavailable,exact
01_person_walk,fixed_int4,49,fixed,reuse,,False,,,0,,5176,unavailable,647.0,unavailable,exact
01_person_walk,fixed_int4,5,fixed,reuse,,False,,,0,,5168,unavailable,646.0,unavailable,exact
01_person_walk,fixed_int4,50,fixed,reuse,,False,,,0,,5176,unavailable,647.0,unavailable,exact
01_person_walk,fixed_int4,51,fixed,reuse,,False,,,0,,5176,unavailable,647.0,unavailable,exact
01_person_walk,fixed_int4,52,fixed,reuse,,False,,,0,,5176,unavailable,647.0,unavailable,exact
01_person_walk,fixed_int4,53,fixed,reuse,,False,,,0,,5176,unavailable,647.0,unavailable,exact
01_person_walk,fixed_int4,54,fixed,reuse,,False,,,0,,5176,unavailable,647.0,unavailable,exact
01_person_walk,fixed_int4,55,fixed,reuse,,False,,,0,,5176,unavailable,647.0,unavailable,exact
01_person_walk,fixed_int4,56,fixed,reuse,,False,,,0,,5176,unavailable,647.0,unavailable,exact
01_person_walk,fixed_int4,57,fixed,reuse,,False,,,0,,5176,unavailable,647.0,unavailable,exact
01_person_walk,fixed_int4,58,fixed,reuse,,False,,,0,,5176,unavailable,647.0,unavailable,exact
01_person_walk,fixed_int4,59,fixed,reuse,,False,,,0,,5176,unavailable,647.0,unavailable,exact
01_person_walk,fixed_int4,6,fixed,reuse,,False,,,0,,5168,unavailable,646.0,unavailable,exact
01_person_walk,fixed_int4,60,fixed,reuse,,False,,,0,,5176,unavailable,647.0,unavailable,exact
01_person_walk,fixed_int4,61,fixed,reuse,,False,,,0,,5176,unavailable,647.0,unavailable,exact
01_person_walk,fixed_int4,62,fixed,reuse,,False,,,0,,5176,unavailable,647.0,unavailable,exact
01_person_walk,fixed_int4,63,fixed,reuse,,False,,,0,,5176,unavailable,647.0,unavailable,exact
01_person_walk,fixed_int4,64,fixed,keyframe,selected,True,,,32768,,2244744,unavailable,280593.0,unavailable,exact
01_person_walk,fixed_int4,65,fixed,reuse,,False,,,0,,5176,unavailable,647.0,unavailable,exact
01_person_walk,fixed_int4,66,fixed,reuse,,False,,,0,,5176,unavailable,647.0,unavailable,exact
01_person_walk,fixed_int4,67,fixed,reuse,,False,,,0,,5176,unavailable,647.0,unavailable,exact
01_person_walk,fixed_int4,68,fixed,reuse,,False,,,0,,5176,unavailable,647.0,unavailable,exact
01_person_walk,fixed_int4,69,fixed,reuse,,False,,,0,,5176,unavailable,647.0,unavailable,exact
01_person_walk,fixed_int4,7,fixed,reuse,,False,,,0,,5168,unavailable,646.0,unavailable,exact
01_person_walk,fixed_int4,70,fixed,reuse,,False,,,0,,5176,unavailable,647.0,unavailable,exact
01_person_walk,fixed_int4,71,fixed,reuse,,False,,,0,,5176,unavailable,647.0,unavailable,exact
01_person_walk,fixed_int4,72,fixed,reuse,,False,,,0,,5176,unavailable,647.0,unavailable,exact
01_person_walk,fixed_int4,73,fixed,reuse,,False,,,0,,5176,unavailable,647.0,unavailable,exact
01_person_walk,fixed_int4,74,fixed,reuse,,False,,,0,,5176,unavailable,647.0,unavailable,exact
01_person_walk,fixed_int4,75,fixed,reuse,,False,,,0,,5176,unavailable,647.0,unavailable,exact
01_person_walk,fixed_int4,76,fixed,reuse,,False,,,0,,5176,unavailable,647.0,unavailable,exact
01_person_walk,fixed_int4,77,fixed,reuse,,False,,,0,,5176,unavailable,647.0,unavailable,exact
01_person_walk,fixed_int4,78,fixed,reuse,,False,,,0,,5176,unavailable,647.0,unavailable,exact
01_person_walk,fixed_int4,79,fixed,reuse,,False,,,0,,5176,unavailable,647.0,unavailable,exact
01_person_walk,fixed_int4,8,fixed,reuse,,False,,,0,,5168,unavailable,646.0,unavailable,exact
01_person_walk,fixed_int4,80,fixed,keyframe,selected,True,,,32768,,2244744,unavailable,280593.0,unavailable,exact
01_person_walk,fixed_int4,81,fixed,reuse,,False,,,0,,5176,unavailable,647.0,unavailable,exact
01_person_walk,fixed_int4,82,fixed,reuse,,False,,,0,,5176,unavailable,647.0,unavailable,exact
01_person_walk,fixed_int4,83,fixed,reuse,,False,,,0,,5176,unavailable,647.0,unavailable,exact
01_person_walk,fixed_int4,84,fixed,reuse,,False,,,0,,5176,unavailable,647.0,unavailable,exact
01_person_walk,fixed_int4,85,fixed,reuse,,False,,,0,,5176,unavailable,647.0,unavailable,exact
01_person_walk,fixed_int4,86,fixed,reuse,,False,,,0,,5176,unavailable,647.0,unavailable,exact
01_person_walk,fixed_int4,87,fixed,reuse,,False,,,0,,5176,unavailable,647.0,unavailable,exact
01_person_walk,fixed_int4,88,fixed,reuse,,False,,,0,,5176,unavailable,647.0,unavailable,exact
01_person_walk,fixed_int4,89,fixed,reuse,,False,,,0,,5176,unavailable,647.0,unavailable,exact
01_person_walk,fixed_int4,9,fixed,reuse,,False,,,0,,5168,unavailable,646.0,unavailable,exact
01_person_walk,fixed_int4,90,fixed,reuse,,False,,,0,,5176,unavailable,647.0,unavailable,exact
01_person_walk,fixed_int4,91,fixed,reuse,,False,,,0,,5176,unavailable,647.0,unavailable,exact
01_person_walk,fixed_int4,92,fixed,reuse,,False,,,0,,5176,unavailable,647.0,unavailable,exact
01_person_walk,fixed_int4,93,fixed,reuse,,False,,,0,,5176,unavailable,647.0,unavailable,exact
01_person_walk,fixed_int4,94,fixed,reuse,,False,,,0,,5176,unavailable,647.0,unavailable,exact
01_person_walk,fixed_int4,95,fixed,reuse,,False,,,0,,5176,unavailable,647.0,unavailable,exact
01_person_walk,fixed_int4,96,fixed,keyframe,selected,True,,,32768,,2244744,unavailable,280593.0,unavailable,exact
01_person_walk,fixed_int4,97,fixed,reuse,,False,,,0,,5176,unavailable,647.0,unavailable,exact
01_person_walk,fixed_int4,98,fixed,reuse,,False,,,0,,5176,unavailable,647.0,unavailable,exact
01_person_walk,fixed_int4,99,fixed,reuse,,False,,,0,,5176,unavailable,647.0,unavailable,exact
01_person_walk,fixed_int6,0,fixed,keyframe,first_frame,True,,,32768,,2310272,unavailable,288784.0,unavailable,exact
01_person_walk,fixed_int6,1,fixed,reuse,,False,,,0,,5168,unavailable,646.0,unavailable,exact
01_person_walk,fixed_int6,10,fixed,reuse,,False,,,0,,5176,unavailable,647.0,unavailable,exact
01_person_walk,fixed_int6,11,fixed,reuse,,False,,,0,,5176,unavailable,647.0,unavailable,exact
01_person_walk,fixed_int6,12,fixed,reuse,,False,,,0,,5176,unavailable,647.0,unavailable,exact
01_person_walk,fixed_int6,13,fixed,reuse,,False,,,0,,5176,unavailable,647.0,unavailable,exact
01_person_walk,fixed_int6,14,fixed,reuse,,False,,,0,,5176,unavailable,647.0,unavailable,exact
01_person_walk,fixed_int6,15,fixed,reuse,,False,,,0,,5176,unavailable,647.0,unavailable,exact
01_person_walk,fixed_int6,16,fixed,keyframe,selected,True,,,32768,,2310280,unavailable,288785.0,unavailable,exact
01_person_walk,fixed_int6,17,fixed,reuse,,False,,,0,,5176,unavailable,647.0,unavailable,exact
01_person_walk,fixed_int6,18,fixed,reuse,,False,,,0,,5176,unavailable,647.0,unavailable,exact
01_person_walk,fixed_int6,19,fixed,reuse,,False,,,0,,5176,unavailable,647.0,unavailable,exact
01_person_walk,fixed_int6,2,fixed,reuse,,False,,,0,,5168,unavailable,646.0,unavailable,exact
01_person_walk,fixed_int6,20,fixed,reuse,,False,,,0,,5176,unavailable,647.0,unavailable,exact
01_person_walk,fixed_int6,21,fixed,reuse,,False,,,0,,5176,unavailable,647.0,unavailable,exact
01_person_walk,fixed_int6,22,fixed,reuse,,False,,,0,,5176,unavailable,647.0,unavailable,exact
01_person_walk,fixed_int6,23,fixed,reuse,,False,,,0,,5176,unavailable,647.0,unavailable,exact
01_person_walk,fixed_int6,24,fixed,reuse,,False,,,0,,5176,unavailable,647.0,unavailable,exact
01_person_walk,fixed_int6,25,fixed,reuse,,False,,,0,,5176,unavailable,647.0,unavailable,exact
01_person_walk,fixed_int6,26,fixed,reuse,,False,,,0,,5176,unavailable,647.0,unavailable,exact
01_person_walk,fixed_int6,27,fixed,reuse,,False,,,0,,5176,unavailable,647.0,unavailable,exact
01_person_walk,fixed_int6,28,fixed,reuse,,False,,,0,,5176,unavailable,647.0,unavailable,exact
01_person_walk,fixed_int6,29,fixed,reuse,,False,,,0,,5176,unavailable,647.0,unavailable,exact
01_person_walk,fixed_int6,3,fixed,reuse,,False,,,0,,5168,unavailable,646.0,unavailable,exact
01_person_walk,fixed_int6,30,fixed,reuse,,False,,,0,,5176,unavailable,647.0,unavailable,exact
01_person_walk,fixed_int6,31,fixed,reuse,,False,,,0,,5176,unavailable,647.0,unavailable,exact
01_person_walk,fixed_int6,32,fixed,keyframe,selected,True,,,32768,,2310280,unavailable,288785.0,unavailable,exact
01_person_walk,fixed_int6,33,fixed,reuse,,False,,,0,,5176,unavailable,647.0,unavailable,exact
01_person_walk,fixed_int6,34,fixed,reuse,,False,,,0,,5176,unavailable,647.0,unavailable,exact
01_person_walk,fixed_int6,35,fixed,reuse,,False,,,0,,5176,unavailable,647.0,unavailable,exact
01_person_walk,fixed_int6,36,fixed,reuse,,False,,,0,,5176,unavailable,647.0,unavailable,exact
01_person_walk,fixed_int6,37,fixed,reuse,,False,,,0,,5176,unavailable,647.0,unavailable,exact
01_person_walk,fixed_int6,38,fixed,reuse,,False,,,0,,5176,unavailable,647.0,unavailable,exact
01_person_walk,fixed_int6,39,fixed,reuse,,False,,,0,,5176,unavailable,647.0,unavailable,exact
01_person_walk,fixed_int6,4,fixed,reuse,,False,,,0,,5168,unavailable,646.0,unavailable,exact
01_person_walk,fixed_int6,40,fixed,reuse,,False,,,0,,5176,unavailable,647.0,unavailable,exact
01_person_walk,fixed_int6,41,fixed,reuse,,False,,,0,,5176,unavailable,647.0,unavailable,exact
01_person_walk,fixed_int6,42,fixed,reuse,,False,,,0,,5176,unavailable,647.0,unavailable,exact
01_person_walk,fixed_int6,43,fixed,reuse,,False,,,0,,5176,unavailable,647.0,unavailable,exact
01_person_walk,fixed_int6,44,fixed,reuse,,False,,,0,,5176,unavailable,647.0,unavailable,exact
01_person_walk,fixed_int6,45,fixed,reuse,,False,,,0,,5176,unavailable,647.0,unavailable,exact
01_person_walk,fixed_int6,46,fixed,reuse,,False,,,0,,5176,unavailable,647.0,unavailable,exact
01_person_walk,fixed_int6,47,fixed,reuse,,False,,,0,,5176,unavailable,647.0,unavailable,exact
01_person_walk,fixed_int6,48,fixed,keyframe,selected,True,,,32768,,2310280,unavailable,288785.0,unavailable,exact
01_person_walk,fixed_int6,49,fixed,reuse,,False,,,0,,5176,unavailable,647.0,unavailable,exact
01_person_walk,fixed_int6,5,fixed,reuse,,False,,,0,,5168,unavailable,646.0,unavailable,exact
01_person_walk,fixed_int6,50,fixed,reuse,,False,,,0,,5176,unavailable,647.0,unavailable,exact
01_person_walk,fixed_int6,51,fixed,reuse,,False,,,0,,5176,unavailable,647.0,unavailable,exact
01_person_walk,fixed_int6,52,fixed,reuse,,False,,,0,,5176,unavailable,647.0,unavailable,exact
01_person_walk,fixed_int6,53,fixed,reuse,,False,,,0,,5176,unavailable,647.0,unavailable,exact
01_person_walk,fixed_int6,54,fixed,reuse,,False,,,0,,5176,unavailable,647.0,unavailable,exact
01_person_walk,fixed_int6,55,fixed,reuse,,False,,,0,,5176,unavailable,647.0,unavailable,exact
01_person_walk,fixed_int6,56,fixed,reuse,,False,,,0,,5176,unavailable,647.0,unavailable,exact
01_person_walk,fixed_int6,57,fixed,reuse,,False,,,0,,5176,unavailable,647.0,unavailable,exact
01_person_walk,fixed_int6,58,fixed,reuse,,False,,,0,,5176,unavailable,647.0,unavailable,exact
01_person_walk,fixed_int6,59,fixed,reuse,,False,,,0,,5176,unavailable,647.0,unavailable,exact
01_person_walk,fixed_int6,6,fixed,reuse,,False,,,0,,5168,unavailable,646.0,unavailable,exact
01_person_walk,fixed_int6,60,fixed,reuse,,False,,,0,,5176,unavailable,647.0,unavailable,exact
01_person_walk,fixed_int6,61,fixed,reuse,,False,,,0,,5176,unavailable,647.0,unavailable,exact
01_person_walk,fixed_int6,62,fixed,reuse,,False,,,0,,5176,unavailable,647.0,unavailable,exact
01_person_walk,fixed_int6,63,fixed,reuse,,False,,,0,,5176,unavailable,647.0,unavailable,exact
01_person_walk,fixed_int6,64,fixed,keyframe,selected,True,,,32768,,2310280,unavailable,288785.0,unavailable,exact
01_person_walk,fixed_int6,65,fixed,reuse,,False,,,0,,5176,unavailable,647.0,unavailable,exact
01_person_walk,fixed_int6,66,fixed,reuse,,False,,,0,,5176,unavailable,647.0,unavailable,exact
01_person_walk,fixed_int6,67,fixed,reuse,,False,,,0,,5176,unavailable,647.0,unavailable,exact
01_person_walk,fixed_int6,68,fixed,reuse,,False,,,0,,5176,unavailable,647.0,unavailable,exact
01_person_walk,fixed_int6,69,fixed,reuse,,False,,,0,,5176,unavailable,647.0,unavailable,exact
01_person_walk,fixed_int6,7,fixed,reuse,,False,,,0,,5168,unavailable,646.0,unavailable,exact
01_person_walk,fixed_int6,70,fixed,reuse,,False,,,0,,5176,unavailable,647.0,unavailable,exact
01_person_walk,fixed_int6,71,fixed,reuse,,False,,,0,,5176,unavailable,647.0,unavailable,exact
01_person_walk,fixed_int6,72,fixed,reuse,,False,,,0,,5176,unavailable,647.0,unavailable,exact
01_person_walk,fixed_int6,73,fixed,reuse,,False,,,0,,5176,unavailable,647.0,unavailable,exact
01_person_walk,fixed_int6,74,fixed,reuse,,False,,,0,,5176,unavailable,647.0,unavailable,exact
01_person_walk,fixed_int6,75,fixed,reuse,,False,,,0,,5176,unavailable,647.0,unavailable,exact
01_person_walk,fixed_int6,76,fixed,reuse,,False,,,0,,5176,unavailable,647.0,unavailable,exact
01_person_walk,fixed_int6,77,fixed,reuse,,False,,,0,,5176,unavailable,647.0,unavailable,exact
01_person_walk,fixed_int6,78,fixed,reuse,,False,,,0,,5176,unavailable,647.0,unavailable,exact
01_person_walk,fixed_int6,79,fixed,reuse,,False,,,0,,5176,unavailable,647.0,unavailable,exact
01_person_walk,fixed_int6,8,fixed,reuse,,False,,,0,,5168,unavailable,646.0,unavailable,exact
01_person_walk,fixed_int6,80,fixed,keyframe,selected,True,,,32768,,2310280,unavailable,288785.0,unavailable,exact
01_person_walk,fixed_int6,81,fixed,reuse,,False,,,0,,5176,unavailable,647.0,unavailable,exact
01_person_walk,fixed_int6,82,fixed,reuse,,False,,,0,,5176,unavailable,647.0,unavailable,exact
01_person_walk,fixed_int6,83,fixed,reuse,,False,,,0,,5176,unavailable,647.0,unavailable,exact
01_person_walk,fixed_int6,84,fixed,reuse,,False,,,0,,5176,unavailable,647.0,unavailable,exact
01_person_walk,fixed_int6,85,fixed,reuse,,False,,,0,,5176,unavailable,647.0,unavailable,exact
01_person_walk,fixed_int6,86,fixed,reuse,,False,,,0,,5176,unavailable,647.0,unavailable,exact
01_person_walk,fixed_int6,87,fixed,reuse,,False,,,0,,5176,unavailable,647.0,unavailable,exact
01_person_walk,fixed_int6,88,fixed,reuse,,False,,,0,,5176,unavailable,647.0,unavailable,exact
01_person_walk,fixed_int6,89,fixed,reuse,,False,,,0,,5176,unavailable,647.0,unavailable,exact
01_person_walk,fixed_int6,9,fixed,reuse,,False,,,0,,5168,unavailable,646.0,unavailable,exact
01_person_walk,fixed_int6,90,fixed,reuse,,False,,,0,,5176,unavailable,647.0,unavailable,exact
01_person_walk,fixed_int6,91,fixed,reuse,,False,,,0,,5176,unavailable,647.0,unavailable,exact
01_person_walk,fixed_int6,92,fixed,reuse,,False,,,0,,5176,unavailable,647.0,unavailable,exact
01_person_walk,fixed_int6,93,fixed,reuse,,False,,,0,,5176,unavailable,647.0,unavailable,exact
01_person_walk,fixed_int6,94,fixed,reuse,,False,,,0,,5176,unavailable,647.0,unavailable,exact
01_person_walk,fixed_int6,95,fixed,reuse,,False,,,0,,5176,unavailable,647.0,unavailable,exact
01_person_walk,fixed_int6,96,fixed,keyframe,selected,True,,,32768,,2310280,unavailable,288785.0,unavailable,exact
01_person_walk,fixed_int6,97,fixed,reuse,,False,,,0,,5176,unavailable,647.0,unavailable,exact
01_person_walk,fixed_int6,98,fixed,reuse,,False,,,0,,5176,unavailable,647.0,unavailable,exact
01_person_walk,fixed_int6,99,fixed,reuse,,False,,,0,,5176,unavailable,647.0,unavailable,exact
01_person_walk,fixed_int8,0,fixed,keyframe,first_frame,True,,,32768,,2375808,unavailable,296976.0,unavailable,exact
01_person_walk,fixed_int8,1,fixed,reuse,,False,,,0,,5168,unavailable,646.0,unavailable,exact
01_person_walk,fixed_int8,10,fixed,reuse,,False,,,0,,5176,unavailable,647.0,unavailable,exact
01_person_walk,fixed_int8,11,fixed,reuse,,False,,,0,,5176,unavailable,647.0,unavailable,exact
01_person_walk,fixed_int8,12,fixed,reuse,,False,,,0,,5176,unavailable,647.0,unavailable,exact
01_person_walk,fixed_int8,13,fixed,reuse,,False,,,0,,5176,unavailable,647.0,unavailable,exact
01_person_walk,fixed_int8,14,fixed,reuse,,False,,,0,,5176,unavailable,647.0,unavailable,exact
01_person_walk,fixed_int8,15,fixed,reuse,,False,,,0,,5176,unavailable,647.0,unavailable,exact
01_person_walk,fixed_int8,16,fixed,keyframe,selected,True,,,32768,,2375816,unavailable,296977.0,unavailable,exact
01_person_walk,fixed_int8,17,fixed,reuse,,False,,,0,,5176,unavailable,647.0,unavailable,exact
01_person_walk,fixed_int8,18,fixed,reuse,,False,,,0,,5176,unavailable,647.0,unavailable,exact
01_person_walk,fixed_int8,19,fixed,reuse,,False,,,0,,5176,unavailable,647.0,unavailable,exact
01_person_walk,fixed_int8,2,fixed,reuse,,False,,,0,,5168,unavailable,646.0,unavailable,exact
01_person_walk,fixed_int8,20,fixed,reuse,,False,,,0,,5176,unavailable,647.0,unavailable,exact
01_person_walk,fixed_int8,21,fixed,reuse,,False,,,0,,5176,unavailable,647.0,unavailable,exact
01_person_walk,fixed_int8,22,fixed,reuse,,False,,,0,,5176,unavailable,647.0,unavailable,exact
01_person_walk,fixed_int8,23,fixed,reuse,,False,,,0,,5176,unavailable,647.0,unavailable,exact
01_person_walk,fixed_int8,24,fixed,reuse,,False,,,0,,5176,unavailable,647.0,unavailable,exact
01_person_walk,fixed_int8,25,fixed,reuse,,False,,,0,,5176,unavailable,647.0,unavailable,exact
01_person_walk,fixed_int8,26,fixed,reuse,,False,,,0,,5176,unavailable,647.0,unavailable,exact
01_person_walk,fixed_int8,27,fixed,reuse,,False,,,0,,5176,unavailable,647.0,unavailable,exact
01_person_walk,fixed_int8,28,fixed,reuse,,False,,,0,,5176,unavailable,647.0,unavailable,exact
01_person_walk,fixed_int8,29,fixed,reuse,,False,,,0,,5176,unavailable,647.0,unavailable,exact
01_person_walk,fixed_int8,3,fixed,reuse,,False,,,0,,5168,unavailable,646.0,unavailable,exact
01_person_walk,fixed_int8,30,fixed,reuse,,False,,,0,,5176,unavailable,647.0,unavailable,exact
01_person_walk,fixed_int8,31,fixed,reuse,,False,,,0,,5176,unavailable,647.0,unavailable,exact
01_person_walk,fixed_int8,32,fixed,keyframe,selected,True,,,32768,,2375816,unavailable,296977.0,unavailable,exact
01_person_walk,fixed_int8,33,fixed,reuse,,False,,,0,,5176,unavailable,647.0,unavailable,exact
01_person_walk,fixed_int8,34,fixed,reuse,,False,,,0,,5176,unavailable,647.0,unavailable,exact
01_person_walk,fixed_int8,35,fixed,reuse,,False,,,0,,5176,unavailable,647.0,unavailable,exact
01_person_walk,fixed_int8,36,fixed,reuse,,False,,,0,,5176,unavailable,647.0,unavailable,exact
01_person_walk,fixed_int8,37,fixed,reuse,,False,,,0,,5176,unavailable,647.0,unavailable,exact
01_person_walk,fixed_int8,38,fixed,reuse,,False,,,0,,5176,unavailable,647.0,unavailable,exact
01_person_walk,fixed_int8,39,fixed,reuse,,False,,,0,,5176,unavailable,647.0,unavailable,exact
01_person_walk,fixed_int8,4,fixed,reuse,,False,,,0,,5168,unavailable,646.0,unavailable,exact
01_person_walk,fixed_int8,40,fixed,reuse,,False,,,0,,5176,unavailable,647.0,unavailable,exact
01_person_walk,fixed_int8,41,fixed,reuse,,False,,,0,,5176,unavailable,647.0,unavailable,exact
01_person_walk,fixed_int8,42,fixed,reuse,,False,,,0,,5176,unavailable,647.0,unavailable,exact
01_person_walk,fixed_int8,43,fixed,reuse,,False,,,0,,5176,unavailable,647.0,unavailable,exact
01_person_walk,fixed_int8,44,fixed,reuse,,False,,,0,,5176,unavailable,647.0,unavailable,exact
01_person_walk,fixed_int8,45,fixed,reuse,,False,,,0,,5176,unavailable,647.0,unavailable,exact
01_person_walk,fixed_int8,46,fixed,reuse,,False,,,0,,5176,unavailable,647.0,unavailable,exact
01_person_walk,fixed_int8,47,fixed,reuse,,False,,,0,,5176,unavailable,647.0,unavailable,exact
01_person_walk,fixed_int8,48,fixed,keyframe,selected,True,,,32768,,2375816,unavailable,296977.0,unavailable,exact
01_person_walk,fixed_int8,49,fixed,reuse,,False,,,0,,5176,unavailable,647.0,unavailable,exact
01_person_walk,fixed_int8,5,fixed,reuse,,False,,,0,,5168,unavailable,646.0,unavailable,exact
01_person_walk,fixed_int8,50,fixed,reuse,,False,,,0,,5176,unavailable,647.0,unavailable,exact
01_person_walk,fixed_int8,51,fixed,reuse,,False,,,0,,5176,unavailable,647.0,unavailable,exact
01_person_walk,fixed_int8,52,fixed,reuse,,False,,,0,,5176,unavailable,647.0,unavailable,exact
01_person_walk,fixed_int8,53,fixed,reuse,,False,,,0,,5176,unavailable,647.0,unavailable,exact
01_person_walk,fixed_int8,54,fixed,reuse,,False,,,0,,5176,unavailable,647.0,unavailable,exact
01_person_walk,fixed_int8,55,fixed,reuse,,False,,,0,,5176,unavailable,647.0,unavailable,exact
01_person_walk,fixed_int8,56,fixed,reuse,,False,,,0,,5176,unavailable,647.0,unavailable,exact
01_person_walk,fixed_int8,57,fixed,reuse,,False,,,0,,5176,unavailable,647.0,unavailable,exact
01_person_walk,fixed_int8,58,fixed,reuse,,False,,,0,,5176,unavailable,647.0,unavailable,exact
01_person_walk,fixed_int8,59,fixed,reuse,,False,,,0,,5176,unavailable,647.0,unavailable,exact
01_person_walk,fixed_int8,6,fixed,reuse,,False,,,0,,5168,unavailable,646.0,unavailable,exact
01_person_walk,fixed_int8,60,fixed,reuse,,False,,,0,,5176,unavailable,647.0,unavailable,exact
01_person_walk,fixed_int8,61,fixed,reuse,,False,,,0,,5176,unavailable,647.0,unavailable,exact
01_person_walk,fixed_int8,62,fixed,reuse,,False,,,0,,5176,unavailable,647.0,unavailable,exact
01_person_walk,fixed_int8,63,fixed,reuse,,False,,,0,,5176,unavailable,647.0,unavailable,exact
01_person_walk,fixed_int8,64,fixed,keyframe,selected,True,,,32768,,2375816,unavailable,296977.0,unavailable,exact
01_person_walk,fixed_int8,65,fixed,reuse,,False,,,0,,5176,unavailable,647.0,unavailable,exact
01_person_walk,fixed_int8,66,fixed,reuse,,False,,,0,,5176,unavailable,647.0,unavailable,exact
01_person_walk,fixed_int8,67,fixed,reuse,,False,,,0,,5176,unavailable,647.0,unavailable,exact
01_person_walk,fixed_int8,68,fixed,reuse,,False,,,0,,5176,unavailable,647.0,unavailable,exact
01_person_walk,fixed_int8,69,fixed,reuse,,False,,,0,,5176,unavailable,647.0,unavailable,exact
01_person_walk,fixed_int8,7,fixed,reuse,,False,,,0,,5168,unavailable,646.0,unavailable,exact
01_person_walk,fixed_int8,70,fixed,reuse,,False,,,0,,5176,unavailable,647.0,unavailable,exact
01_person_walk,fixed_int8,71,fixed,reuse,,False,,,0,,5176,unavailable,647.0,unavailable,exact
01_person_walk,fixed_int8,72,fixed,reuse,,False,,,0,,5176,unavailable,647.0,unavailable,exact
01_person_walk,fixed_int8,73,fixed,reuse,,False,,,0,,5176,unavailable,647.0,unavailable,exact
01_person_walk,fixed_int8,74,fixed,reuse,,False,,,0,,5176,unavailable,647.0,unavailable,exact
01_person_walk,fixed_int8,75,fixed,reuse,,False,,,0,,5176,unavailable,647.0,unavailable,exact
01_person_walk,fixed_int8,76,fixed,reuse,,False,,,0,,5176,unavailable,647.0,unavailable,exact
01_person_walk,fixed_int8,77,fixed,reuse,,False,,,0,,5176,unavailable,647.0,unavailable,exact
01_person_walk,fixed_int8,78,fixed,reuse,,False,,,0,,5176,unavailable,647.0,unavailable,exact
01_person_walk,fixed_int8,79,fixed,reuse,,False,,,0,,5176,unavailable,647.0,unavailable,exact
01_person_walk,fixed_int8,8,fixed,reuse,,False,,,0,,5168,unavailable,646.0,unavailable,exact
01_person_walk,fixed_int8,80,fixed,keyframe,selected,True,,,32768,,2375816,unavailable,296977.0,unavailable,exact
01_person_walk,fixed_int8,81,fixed,reuse,,False,,,0,,5176,unavailable,647.0,unavailable,exact
01_person_walk,fixed_int8,82,fixed,reuse,,False,,,0,,5176,unavailable,647.0,unavailable,exact
01_person_walk,fixed_int8,83,fixed,reuse,,False,,,0,,5176,unavailable,647.0,unavailable,exact
01_person_walk,fixed_int8,84,fixed,reuse,,False,,,0,,5176,unavailable,647.0,unavailable,exact
01_person_walk,fixed_int8,85,fixed,reuse,,False,,,0,,5176,unavailable,647.0,unavailable,exact
01_person_walk,fixed_int8,86,fixed,reuse,,False,,,0,,5176,unavailable,647.0,unavailable,exact
01_person_walk,fixed_int8,87,fixed,reuse,,False,,,0,,5176,unavailable,647.0,unavailable,exact
01_person_walk,fixed_int8,88,fixed,reuse,,False,,,0,,5176,unavailable,647.0,unavailable,exact
01_person_walk,fixed_int8,89,fixed,reuse,,False,,,0,,5176,unavailable,647.0,unavailable,exact
01_person_walk,fixed_int8,9,fixed,reuse,,False,,,0,,5168,unavailable,646.0,unavailable,exact
01_person_walk,fixed_int8,90,fixed,reuse,,False,,,0,,5176,unavailable,647.0,unavailable,exact
01_person_walk,fixed_int8,91,fixed,reuse,,False,,,0,,5176,unavailable,647.0,unavailable,exact
01_person_walk,fixed_int8,92,fixed,reuse,,False,,,0,,5176,unavailable,647.0,unavailable,exact
01_person_walk,fixed_int8,93,fixed,reuse,,False,,,0,,5176,unavailable,647.0,unavailable,exact
01_person_walk,fixed_int8,94,fixed,reuse,,False,,,0,,5176,unavailable,647.0,unavailable,exact
01_person_walk,fixed_int8,95,fixed,reuse,,False,,,0,,5176,unavailable,647.0,unavailable,exact
01_person_walk,fixed_int8,96,fixed,keyframe,selected,True,,,32768,,2375816,unavailable,296977.0,unavailable,exact
01_person_walk,fixed_int8,97,fixed,reuse,,False,,,0,,5176,unavailable,647.0,unavailable,exact
01_person_walk,fixed_int8,98,fixed,reuse,,False,,,0,,5176,unavailable,647.0,unavailable,exact
01_person_walk,fixed_int8,99,fixed,reuse,,False,,,0,,5176,unavailable,647.0,unavailable,exact
02_car_pass,fixed_awgn,0,fixed,keyframe,first_frame,True,,,32768,32768,2106848,unavailable,263356.0,unavailable,exact
02_car_pass,fixed_awgn,1,fixed,reuse,,False,,,0,,4992,unavailable,624.0,unavailable,exact
02_car_pass,fixed_awgn,10,fixed,reuse,,False,,,0,,5000,unavailable,625.0,unavailable,exact
02_car_pass,fixed_awgn,11,fixed,reuse,,False,,,0,,5000,unavailable,625.0,unavailable,exact
02_car_pass,fixed_awgn,12,fixed,reuse,,False,,,0,,5000,unavailable,625.0,unavailable,exact
02_car_pass,fixed_awgn,13,fixed,reuse,,False,,,0,,5000,unavailable,625.0,unavailable,exact
02_car_pass,fixed_awgn,14,fixed,recompute_semantic,selected,True,,,32768,32768,2107176,unavailable,263397.0,unavailable,exact
02_car_pass,fixed_awgn,15,fixed,recompute_semantic,selected,True,,,32768,32768,2107176,unavailable,263397.0,unavailable,exact
02_car_pass,fixed_awgn,16,fixed,keyframe,selected,True,,,32768,32768,2107176,unavailable,263397.0,unavailable,exact
02_car_pass,fixed_awgn,17,fixed,reuse,,False,,,0,,5256,unavailable,657.0,unavailable,exact
02_car_pass,fixed_awgn,18,fixed,reuse,,False,,,0,,5256,unavailable,657.0,unavailable,exact
02_car_pass,fixed_awgn,19,fixed,reuse,,False,,,0,,5256,unavailable,657.0,unavailable,exact
02_car_pass,fixed_awgn,2,fixed,reuse,,False,,,0,,4992,unavailable,624.0,unavailable,exact
02_car_pass,fixed_awgn,20,fixed,reuse,,False,,,0,,5256,unavailable,657.0,unavailable,exact
02_car_pass,fixed_awgn,21,fixed,reuse,,False,,,0,,5256,unavailable,657.0,unavailable,exact
02_car_pass,fixed_awgn,22,fixed,reuse,,False,,,0,,5256,unavailable,657.0,unavailable,exact
02_car_pass,fixed_awgn,23,fixed,reuse,,False,,,0,,5256,unavailable,657.0,unavailable,exact
02_car_pass,fixed_awgn,24,fixed,reuse,,False,,,0,,5256,unavailable,657.0,unavailable,exact
02_car_pass,fixed_awgn,25,fixed,reuse,,False,,,0,,5256,unavailable,657.0,unavailable,exact
02_car_pass,fixed_awgn,26,fixed,reuse,,False,,,0,,5256,unavailable,657.0,unavailable,exact
02_car_pass,fixed_awgn,27,fixed,reuse,,False,,,0,,5256,unavailable,657.0,unavailable,exact
02_car_pass,fixed_awgn,28,fixed,reuse,,False,,,0,,5256,unavailable,657.0,unavailable,exact
02_car_pass,fixed_awgn,29,fixed,reuse,,False,,,0,,5256,unavailable,657.0,unavailable,exact
02_car_pass,fixed_awgn,3,fixed,reuse,,False,,,0,,4992,unavailable,624.0,unavailable,exact
02_car_pass,fixed_awgn,30,fixed,reuse,,False,,,0,,5256,unavailable,657.0,unavailable,exact
02_car_pass,fixed_awgn,31,fixed,reuse,,False,,,0,,5256,unavailable,657.0,unavailable,exact
02_car_pass,fixed_awgn,32,fixed,keyframe,selected,True,,,32768,32768,2107176,unavailable,263397.0,unavailable,exact
02_car_pass,fixed_awgn,33,fixed,reuse,,False,,,0,,5256,unavailable,657.0,unavailable,exact
02_car_pass,fixed_awgn,34,fixed,reuse,,False,,,0,,5256,unavailable,657.0,unavailable,exact
02_car_pass,fixed_awgn,35,fixed,reuse,,False,,,0,,5256,unavailable,657.0,unavailable,exact
02_car_pass,fixed_awgn,36,fixed,reuse,,False,,,0,,5256,unavailable,657.0,unavailable,exact
02_car_pass,fixed_awgn,37,fixed,reuse,,False,,,0,,5256,unavailable,657.0,unavailable,exact
02_car_pass,fixed_awgn,38,fixed,reuse,,False,,,0,,5256,unavailable,657.0,unavailable,exact
02_car_pass,fixed_awgn,39,fixed,reuse,,False,,,0,,5256,unavailable,657.0,unavailable,exact
02_car_pass,fixed_awgn,4,fixed,reuse,,False,,,0,,4992,unavailable,624.0,unavailable,exact
02_car_pass,fixed_awgn,40,fixed,reuse,,False,,,0,,5256,unavailable,657.0,unavailable,exact
02_car_pass,fixed_awgn,41,fixed,reuse,,False,,,0,,5256,unavailable,657.0,unavailable,exact
02_car_pass,fixed_awgn,42,fixed,reuse,,False,,,0,,5256,unavailable,657.0,unavailable,exact
02_car_pass,fixed_awgn,43,fixed,reuse,,False,,,0,,5256,unavailable,657.0,unavailable,exact
02_car_pass,fixed_awgn,44,fixed,reuse,,False,,,0,,5256,unavailable,657.0,unavailable,exact
02_car_pass,fixed_awgn,45,fixed,reuse,,False,,,0,,5256,unavailable,657.0,unavailable,exact
02_car_pass,fixed_awgn,46,fixed,reuse,,False,,,0,,5256,unavailable,657.0,unavailable,exact
02_car_pass,fixed_awgn,47,fixed,reuse,,False,,,0,,5256,unavailable,657.0,unavailable,exact
02_car_pass,fixed_awgn,48,fixed,keyframe,selected,True,,,32768,32768,2107176,unavailable,263397.0,unavailable,exact
02_car_pass,fixed_awgn,49,fixed,reuse,,False,,,0,,5256,unavailable,657.0,unavailable,exact
02_car_pass,fixed_awgn,5,fixed,reuse,,False,,,0,,4992,unavailable,624.0,unavailable,exact
02_car_pass,fixed_awgn,50,fixed,reuse,,False,,,0,,5256,unavailable,657.0,unavailable,exact
02_car_pass,fixed_awgn,51,fixed,reuse,,False,,,0,,5256,unavailable,657.0,unavailable,exact
02_car_pass,fixed_awgn,52,fixed,reuse,,False,,,0,,5256,unavailable,657.0,unavailable,exact
02_car_pass,fixed_awgn,53,fixed,reuse,,False,,,0,,5256,unavailable,657.0,unavailable,exact
02_car_pass,fixed_awgn,54,fixed,reuse,,False,,,0,,5256,unavailable,657.0,unavailable,exact
02_car_pass,fixed_awgn,55,fixed,reuse,,False,,,0,,5256,unavailable,657.0,unavailable,exact
02_car_pass,fixed_awgn,56,fixed,reuse,,False,,,0,,5256,unavailable,657.0,unavailable,exact
02_car_pass,fixed_awgn,57,fixed,reuse,,False,,,0,,5256,unavailable,657.0,unavailable,exact
02_car_pass,fixed_awgn,58,fixed,reuse,,False,,,0,,5256,unavailable,657.0,unavailable,exact
02_car_pass,fixed_awgn,59,fixed,reuse,,False,,,0,,5256,unavailable,657.0,unavailable,exact
02_car_pass,fixed_awgn,6,fixed,reuse,,False,,,0,,4992,unavailable,624.0,unavailable,exact
02_car_pass,fixed_awgn,60,fixed,reuse,,False,,,0,,5256,unavailable,657.0,unavailable,exact
02_car_pass,fixed_awgn,61,fixed,reuse,,False,,,0,,5256,unavailable,657.0,unavailable,exact
02_car_pass,fixed_awgn,62,fixed,reuse,,False,,,0,,5256,unavailable,657.0,unavailable,exact
02_car_pass,fixed_awgn,63,fixed,reuse,,False,,,0,,5256,unavailable,657.0,unavailable,exact
02_car_pass,fixed_awgn,64,fixed,keyframe,selected,True,,,32768,32768,2107176,unavailable,263397.0,unavailable,exact
02_car_pass,fixed_awgn,65,fixed,reuse,,False,,,0,,5256,unavailable,657.0,unavailable,exact
02_car_pass,fixed_awgn,66,fixed,reuse,,False,,,0,,5256,unavailable,657.0,unavailable,exact
02_car_pass,fixed_awgn,67,fixed,reuse,,False,,,0,,5256,unavailable,657.0,unavailable,exact
02_car_pass,fixed_awgn,68,fixed,reuse,,False,,,0,,5256,unavailable,657.0,unavailable,exact
02_car_pass,fixed_awgn,69,fixed,reuse,,False,,,0,,5256,unavailable,657.0,unavailable,exact
02_car_pass,fixed_awgn,7,fixed,reuse,,False,,,0,,4992,unavailable,624.0,unavailable,exact
02_car_pass,fixed_awgn,70,fixed,reuse,,False,,,0,,5256,unavailable,657.0,unavailable,exact
02_car_pass,fixed_awgn,71,fixed,reuse,,False,,,0,,5256,unavailable,657.0,unavailable,exact
02_car_pass,fixed_awgn,72,fixed,reuse,,False,,,0,,5256,unavailable,657.0,unavailable,exact
02_car_pass,fixed_awgn,73,fixed,reuse,,False,,,0,,5256,unavailable,657.0,unavailable,exact
02_car_pass,fixed_awgn,74,fixed,reuse,,False,,,0,,5256,unavailable,657.0,unavailable,exact
02_car_pass,fixed_awgn,75,fixed,reuse,,False,,,0,,5256,unavailable,657.0,unavailable,exact
02_car_pass,fixed_awgn,76,fixed,reuse,,False,,,0,,5256,unavailable,657.0,unavailable,exact
02_car_pass,fixed_awgn,77,fixed,reuse,,False,,,0,,5256,unavailable,657.0,unavailable,exact
02_car_pass,fixed_awgn,78,fixed,reuse,,False,,,0,,5256,unavailable,657.0,unavailable,exact
02_car_pass,fixed_awgn,79,fixed,reuse,,False,,,0,,5256,unavailable,657.0,unavailable,exact
02_car_pass,fixed_awgn,8,fixed,reuse,,False,,,0,,4992,unavailable,624.0,unavailable,exact
02_car_pass,fixed_awgn,80,fixed,keyframe,selected,True,,,32768,32768,2107176,unavailable,263397.0,unavailable,exact
02_car_pass,fixed_awgn,81,fixed,reuse,,False,,,0,,5256,unavailable,657.0,unavailable,exact
02_car_pass,fixed_awgn,82,fixed,reuse,,False,,,0,,5256,unavailable,657.0,unavailable,exact
02_car_pass,fixed_awgn,83,fixed,reuse,,False,,,0,,5256,unavailable,657.0,unavailable,exact
02_car_pass,fixed_awgn,84,fixed,reuse,,False,,,0,,5256,unavailable,657.0,unavailable,exact
02_car_pass,fixed_awgn,85,fixed,reuse,,False,,,0,,5256,unavailable,657.0,unavailable,exact
02_car_pass,fixed_awgn,86,fixed,reuse,,False,,,0,,5256,unavailable,657.0,unavailable,exact
02_car_pass,fixed_awgn,87,fixed,reuse,,False,,,0,,5256,unavailable,657.0,unavailable,exact
02_car_pass,fixed_awgn,88,fixed,reuse,,False,,,0,,5256,unavailable,657.0,unavailable,exact
02_car_pass,fixed_awgn,89,fixed,reuse,,False,,,0,,5256,unavailable,657.0,unavailable,exact
02_car_pass,fixed_awgn,9,fixed,reuse,,False,,,0,,4992,unavailable,624.0,unavailable,exact
02_car_pass,fixed_awgn,90,fixed,reuse,,False,,,0,,5256,unavailable,657.0,unavailable,exact
02_car_pass,fixed_awgn,91,fixed,reuse,,False,,,0,,5256,unavailable,657.0,unavailable,exact
02_car_pass,fixed_awgn,92,fixed,reuse,,False,,,0,,5256,unavailable,657.0,unavailable,exact
02_car_pass,fixed_awgn,93,fixed,reuse,,False,,,0,,5256,unavailable,657.0,unavailable,exact
02_car_pass,fixed_awgn,94,fixed,reuse,,False,,,0,,5256,unavailable,657.0,unavailable,exact
02_car_pass,fixed_awgn,95,fixed,reuse,,False,,,0,,5256,unavailable,657.0,unavailable,exact
02_car_pass,fixed_awgn,96,fixed,keyframe,selected,True,,,32768,32768,2107176,unavailable,263397.0,unavailable,exact
02_car_pass,fixed_awgn,97,fixed,reuse,,False,,,0,,5256,unavailable,657.0,unavailable,exact
02_car_pass,fixed_awgn,98,fixed,reuse,,False,,,0,,5256,unavailable,657.0,unavailable,exact
02_car_pass,fixed_awgn,99,fixed,reuse,,False,,,0,,5256,unavailable,657.0,unavailable,exact
02_car_pass,fixed_float32,0,fixed,keyframe,first_frame,True,,,32768,,3161960,unavailable,395245.0,unavailable,exact
02_car_pass,fixed_float32,1,fixed,reuse,,False,,,0,,5016,unavailable,627.0,unavailable,exact
02_car_pass,fixed_float32,10,fixed,reuse,,False,,,0,,5024,unavailable,628.0,unavailable,exact
02_car_pass,fixed_float32,11,fixed,reuse,,False,,,0,,5024,unavailable,628.0,unavailable,exact
02_car_pass,fixed_float32,12,fixed,reuse,,False,,,0,,5024,unavailable,628.0,unavailable,exact
02_car_pass,fixed_float32,13,fixed,reuse,,False,,,0,,5024,unavailable,628.0,unavailable,exact
02_car_pass,fixed_float32,14,fixed,recompute_semantic,selected,True,,,32768,,3162288,unavailable,395286.0,unavailable,exact
02_car_pass,fixed_float32,15,fixed,recompute_semantic,selected,True,,,32768,,3162288,unavailable,395286.0,unavailable,exact
02_car_pass,fixed_float32,16,fixed,keyframe,selected,True,,,32768,,3162288,unavailable,395286.0,unavailable,exact
02_car_pass,fixed_float32,17,fixed,reuse,,False,,,0,,5280,unavailable,660.0,unavailable,exact
02_car_pass,fixed_float32,18,fixed,reuse,,False,,,0,,5280,unavailable,660.0,unavailable,exact
02_car_pass,fixed_float32,19,fixed,reuse,,False,,,0,,5280,unavailable,660.0,unavailable,exact
02_car_pass,fixed_float32,2,fixed,reuse,,False,,,0,,5016,unavailable,627.0,unavailable,exact
02_car_pass,fixed_float32,20,fixed,reuse,,False,,,0,,5280,unavailable,660.0,unavailable,exact
02_car_pass,fixed_float32,21,fixed,reuse,,False,,,0,,5280,unavailable,660.0,unavailable,exact
02_car_pass,fixed_float32,22,fixed,reuse,,False,,,0,,5280,unavailable,660.0,unavailable,exact
02_car_pass,fixed_float32,23,fixed,reuse,,False,,,0,,5280,unavailable,660.0,unavailable,exact
02_car_pass,fixed_float32,24,fixed,reuse,,False,,,0,,5280,unavailable,660.0,unavailable,exact
02_car_pass,fixed_float32,25,fixed,reuse,,False,,,0,,5280,unavailable,660.0,unavailable,exact
02_car_pass,fixed_float32,26,fixed,reuse,,False,,,0,,5280,unavailable,660.0,unavailable,exact
02_car_pass,fixed_float32,27,fixed,reuse,,False,,,0,,5280,unavailable,660.0,unavailable,exact
02_car_pass,fixed_float32,28,fixed,reuse,,False,,,0,,5280,unavailable,660.0,unavailable,exact
02_car_pass,fixed_float32,29,fixed,reuse,,False,,,0,,5280,unavailable,660.0,unavailable,exact
02_car_pass,fixed_float32,3,fixed,reuse,,False,,,0,,5016,unavailable,627.0,unavailable,exact
02_car_pass,fixed_float32,30,fixed,reuse,,False,,,0,,5280,unavailable,660.0,unavailable,exact
02_car_pass,fixed_float32,31,fixed,reuse,,False,,,0,,5280,unavailable,660.0,unavailable,exact
02_car_pass,fixed_float32,32,fixed,keyframe,selected,True,,,32768,,3162288,unavailable,395286.0,unavailable,exact
02_car_pass,fixed_float32,33,fixed,reuse,,False,,,0,,5280,unavailable,660.0,unavailable,exact
02_car_pass,fixed_float32,34,fixed,reuse,,False,,,0,,5280,unavailable,660.0,unavailable,exact
02_car_pass,fixed_float32,35,fixed,reuse,,False,,,0,,5280,unavailable,660.0,unavailable,exact
02_car_pass,fixed_float32,36,fixed,reuse,,False,,,0,,5280,unavailable,660.0,unavailable,exact
02_car_pass,fixed_float32,37,fixed,reuse,,False,,,0,,5280,unavailable,660.0,unavailable,exact
02_car_pass,fixed_float32,38,fixed,reuse,,False,,,0,,5280,unavailable,660.0,unavailable,exact
02_car_pass,fixed_float32,39,fixed,reuse,,False,,,0,,5280,unavailable,660.0,unavailable,exact
02_car_pass,fixed_float32,4,fixed,reuse,,False,,,0,,5016,unavailable,627.0,unavailable,exact
02_car_pass,fixed_float32,40,fixed,reuse,,False,,,0,,5280,unavailable,660.0,unavailable,exact
02_car_pass,fixed_float32,41,fixed,reuse,,False,,,0,,5280,unavailable,660.0,unavailable,exact
02_car_pass,fixed_float32,42,fixed,reuse,,False,,,0,,5280,unavailable,660.0,unavailable,exact
02_car_pass,fixed_float32,43,fixed,reuse,,False,,,0,,5280,unavailable,660.0,unavailable,exact
02_car_pass,fixed_float32,44,fixed,reuse,,False,,,0,,5280,unavailable,660.0,unavailable,exact
02_car_pass,fixed_float32,45,fixed,reuse,,False,,,0,,5280,unavailable,660.0,unavailable,exact
02_car_pass,fixed_float32,46,fixed,reuse,,False,,,0,,5280,unavailable,660.0,unavailable,exact
02_car_pass,fixed_float32,47,fixed,reuse,,False,,,0,,5280,unavailable,660.0,unavailable,exact
02_car_pass,fixed_float32,48,fixed,keyframe,selected,True,,,32768,,3162288,unavailable,395286.0,unavailable,exact
02_car_pass,fixed_float32,49,fixed,reuse,,False,,,0,,5280,unavailable,660.0,unavailable,exact
02_car_pass,fixed_float32,5,fixed,reuse,,False,,,0,,5016,unavailable,627.0,unavailable,exact
02_car_pass,fixed_float32,50,fixed,reuse,,False,,,0,,5280,unavailable,660.0,unavailable,exact
02_car_pass,fixed_float32,51,fixed,reuse,,False,,,0,,5280,unavailable,660.0,unavailable,exact
02_car_pass,fixed_float32,52,fixed,reuse,,False,,,0,,5280,unavailable,660.0,unavailable,exact
02_car_pass,fixed_float32,53,fixed,reuse,,False,,,0,,5280,unavailable,660.0,unavailable,exact
02_car_pass,fixed_float32,54,fixed,reuse,,False,,,0,,5280,unavailable,660.0,unavailable,exact
02_car_pass,fixed_float32,55,fixed,reuse,,False,,,0,,5280,unavailable,660.0,unavailable,exact
02_car_pass,fixed_float32,56,fixed,reuse,,False,,,0,,5280,unavailable,660.0,unavailable,exact
02_car_pass,fixed_float32,57,fixed,reuse,,False,,,0,,5280,unavailable,660.0,unavailable,exact
02_car_pass,fixed_float32,58,fixed,reuse,,False,,,0,,5280,unavailable,660.0,unavailable,exact
02_car_pass,fixed_float32,59,fixed,reuse,,False,,,0,,5280,unavailable,660.0,unavailable,exact
02_car_pass,fixed_float32,6,fixed,reuse,,False,,,0,,5016,unavailable,627.0,unavailable,exact
02_car_pass,fixed_float32,60,fixed,reuse,,False,,,0,,5280,unavailable,660.0,unavailable,exact
02_car_pass,fixed_float32,61,fixed,reuse,,False,,,0,,5280,unavailable,660.0,unavailable,exact
02_car_pass,fixed_float32,62,fixed,reuse,,False,,,0,,5280,unavailable,660.0,unavailable,exact
02_car_pass,fixed_float32,63,fixed,reuse,,False,,,0,,5280,unavailable,660.0,unavailable,exact
02_car_pass,fixed_float32,64,fixed,keyframe,selected,True,,,32768,,3162288,unavailable,395286.0,unavailable,exact
02_car_pass,fixed_float32,65,fixed,reuse,,False,,,0,,5280,unavailable,660.0,unavailable,exact
02_car_pass,fixed_float32,66,fixed,reuse,,False,,,0,,5280,unavailable,660.0,unavailable,exact
02_car_pass,fixed_float32,67,fixed,reuse,,False,,,0,,5280,unavailable,660.0,unavailable,exact
02_car_pass,fixed_float32,68,fixed,reuse,,False,,,0,,5280,unavailable,660.0,unavailable,exact
02_car_pass,fixed_float32,69,fixed,reuse,,False,,,0,,5280,unavailable,660.0,unavailable,exact
02_car_pass,fixed_float32,7,fixed,reuse,,False,,,0,,5016,unavailable,627.0,unavailable,exact
02_car_pass,fixed_float32,70,fixed,reuse,,False,,,0,,5280,unavailable,660.0,unavailable,exact
02_car_pass,fixed_float32,71,fixed,reuse,,False,,,0,,5280,unavailable,660.0,unavailable,exact
02_car_pass,fixed_float32,72,fixed,reuse,,False,,,0,,5280,unavailable,660.0,unavailable,exact
02_car_pass,fixed_float32,73,fixed,reuse,,False,,,0,,5280,unavailable,660.0,unavailable,exact
02_car_pass,fixed_float32,74,fixed,reuse,,False,,,0,,5280,unavailable,660.0,unavailable,exact
02_car_pass,fixed_float32,75,fixed,reuse,,False,,,0,,5280,unavailable,660.0,unavailable,exact
02_car_pass,fixed_float32,76,fixed,reuse,,False,,,0,,5280,unavailable,660.0,unavailable,exact
02_car_pass,fixed_float32,77,fixed,reuse,,False,,,0,,5280,unavailable,660.0,unavailable,exact
02_car_pass,fixed_float32,78,fixed,reuse,,False,,,0,,5280,unavailable,660.0,unavailable,exact
02_car_pass,fixed_float32,79,fixed,reuse,,False,,,0,,5280,unavailable,660.0,unavailable,exact
02_car_pass,fixed_float32,8,fixed,reuse,,False,,,0,,5016,unavailable,627.0,unavailable,exact
02_car_pass,fixed_float32,80,fixed,keyframe,selected,True,,,32768,,3162288,unavailable,395286.0,unavailable,exact
02_car_pass,fixed_float32,81,fixed,reuse,,False,,,0,,5280,unavailable,660.0,unavailable,exact
02_car_pass,fixed_float32,82,fixed,reuse,,False,,,0,,5280,unavailable,660.0,unavailable,exact
02_car_pass,fixed_float32,83,fixed,reuse,,False,,,0,,5280,unavailable,660.0,unavailable,exact
02_car_pass,fixed_float32,84,fixed,reuse,,False,,,0,,5280,unavailable,660.0,unavailable,exact
02_car_pass,fixed_float32,85,fixed,reuse,,False,,,0,,5280,unavailable,660.0,unavailable,exact
02_car_pass,fixed_float32,86,fixed,reuse,,False,,,0,,5280,unavailable,660.0,unavailable,exact
02_car_pass,fixed_float32,87,fixed,reuse,,False,,,0,,5280,unavailable,660.0,unavailable,exact
02_car_pass,fixed_float32,88,fixed,reuse,,False,,,0,,5280,unavailable,660.0,unavailable,exact
02_car_pass,fixed_float32,89,fixed,reuse,,False,,,0,,5280,unavailable,660.0,unavailable,exact
02_car_pass,fixed_float32,9,fixed,reuse,,False,,,0,,5016,unavailable,627.0,unavailable,exact
02_car_pass,fixed_float32,90,fixed,reuse,,False,,,0,,5280,unavailable,660.0,unavailable,exact
02_car_pass,fixed_float32,91,fixed,reuse,,False,,,0,,5280,unavailable,660.0,unavailable,exact
02_car_pass,fixed_float32,92,fixed,reuse,,False,,,0,,5280,unavailable,660.0,unavailable,exact
02_car_pass,fixed_float32,93,fixed,reuse,,False,,,0,,5280,unavailable,660.0,unavailable,exact
02_car_pass,fixed_float32,94,fixed,reuse,,False,,,0,,5280,unavailable,660.0,unavailable,exact
02_car_pass,fixed_float32,95,fixed,reuse,,False,,,0,,5280,unavailable,660.0,unavailable,exact
02_car_pass,fixed_float32,96,fixed,keyframe,selected,True,,,32768,,3162288,unavailable,395286.0,unavailable,exact
02_car_pass,fixed_float32,97,fixed,reuse,,False,,,0,,5280,unavailable,660.0,unavailable,exact
02_car_pass,fixed_float32,98,fixed,reuse,,False,,,0,,5280,unavailable,660.0,unavailable,exact
02_car_pass,fixed_float32,99,fixed,reuse,,False,,,0,,5280,unavailable,660.0,unavailable,exact
02_car_pass,fixed_int16,0,fixed,keyframe,first_frame,True,,,32768,,2637656,unavailable,329707.0,unavailable,exact
02_car_pass,fixed_int16,1,fixed,reuse,,False,,,0,,5000,unavailable,625.0,unavailable,exact
02_car_pass,fixed_int16,10,fixed,reuse,,False,,,0,,5008,unavailable,626.0,unavailable,exact
02_car_pass,fixed_int16,11,fixed,reuse,,False,,,0,,5008,unavailable,626.0,unavailable,exact
02_car_pass,fixed_int16,12,fixed,reuse,,False,,,0,,5008,unavailable,626.0,unavailable,exact
02_car_pass,fixed_int16,13,fixed,reuse,,False,,,0,,5008,unavailable,626.0,unavailable,exact
02_car_pass,fixed_int16,14,fixed,recompute_semantic,selected,True,,,32768,,2637984,unavailable,329748.0,unavailable,exact
02_car_pass,fixed_int16,15,fixed,recompute_semantic,selected,True,,,32768,,2637984,unavailable,329748.0,unavailable,exact
02_car_pass,fixed_int16,16,fixed,keyframe,selected,True,,,32768,,2637984,unavailable,329748.0,unavailable,exact
02_car_pass,fixed_int16,17,fixed,reuse,,False,,,0,,5264,unavailable,658.0,unavailable,exact
02_car_pass,fixed_int16,18,fixed,reuse,,False,,,0,,5264,unavailable,658.0,unavailable,exact
02_car_pass,fixed_int16,19,fixed,reuse,,False,,,0,,5264,unavailable,658.0,unavailable,exact
02_car_pass,fixed_int16,2,fixed,reuse,,False,,,0,,5000,unavailable,625.0,unavailable,exact
02_car_pass,fixed_int16,20,fixed,reuse,,False,,,0,,5264,unavailable,658.0,unavailable,exact
02_car_pass,fixed_int16,21,fixed,reuse,,False,,,0,,5264,unavailable,658.0,unavailable,exact
02_car_pass,fixed_int16,22,fixed,reuse,,False,,,0,,5264,unavailable,658.0,unavailable,exact
02_car_pass,fixed_int16,23,fixed,reuse,,False,,,0,,5264,unavailable,658.0,unavailable,exact
02_car_pass,fixed_int16,24,fixed,reuse,,False,,,0,,5264,unavailable,658.0,unavailable,exact
02_car_pass,fixed_int16,25,fixed,reuse,,False,,,0,,5264,unavailable,658.0,unavailable,exact
02_car_pass,fixed_int16,26,fixed,reuse,,False,,,0,,5264,unavailable,658.0,unavailable,exact
02_car_pass,fixed_int16,27,fixed,reuse,,False,,,0,,5264,unavailable,658.0,unavailable,exact
02_car_pass,fixed_int16,28,fixed,reuse,,False,,,0,,5264,unavailable,658.0,unavailable,exact
02_car_pass,fixed_int16,29,fixed,reuse,,False,,,0,,5264,unavailable,658.0,unavailable,exact
02_car_pass,fixed_int16,3,fixed,reuse,,False,,,0,,5000,unavailable,625.0,unavailable,exact
02_car_pass,fixed_int16,30,fixed,reuse,,False,,,0,,5264,unavailable,658.0,unavailable,exact
02_car_pass,fixed_int16,31,fixed,reuse,,False,,,0,,5264,unavailable,658.0,unavailable,exact
02_car_pass,fixed_int16,32,fixed,keyframe,selected,True,,,32768,,2637984,unavailable,329748.0,unavailable,exact
02_car_pass,fixed_int16,33,fixed,reuse,,False,,,0,,5264,unavailable,658.0,unavailable,exact
02_car_pass,fixed_int16,34,fixed,reuse,,False,,,0,,5264,unavailable,658.0,unavailable,exact
02_car_pass,fixed_int16,35,fixed,reuse,,False,,,0,,5264,unavailable,658.0,unavailable,exact
02_car_pass,fixed_int16,36,fixed,reuse,,False,,,0,,5264,unavailable,658.0,unavailable,exact
02_car_pass,fixed_int16,37,fixed,reuse,,False,,,0,,5264,unavailable,658.0,unavailable,exact
02_car_pass,fixed_int16,38,fixed,reuse,,False,,,0,,5264,unavailable,658.0,unavailable,exact
02_car_pass,fixed_int16,39,fixed,reuse,,False,,,0,,5264,unavailable,658.0,unavailable,exact
02_car_pass,fixed_int16,4,fixed,reuse,,False,,,0,,5000,unavailable,625.0,unavailable,exact
02_car_pass,fixed_int16,40,fixed,reuse,,False,,,0,,5264,unavailable,658.0,unavailable,exact
02_car_pass,fixed_int16,41,fixed,reuse,,False,,,0,,5264,unavailable,658.0,unavailable,exact
02_car_pass,fixed_int16,42,fixed,reuse,,False,,,0,,5264,unavailable,658.0,unavailable,exact
02_car_pass,fixed_int16,43,fixed,reuse,,False,,,0,,5264,unavailable,658.0,unavailable,exact
02_car_pass,fixed_int16,44,fixed,reuse,,False,,,0,,5264,unavailable,658.0,unavailable,exact
02_car_pass,fixed_int16,45,fixed,reuse,,False,,,0,,5264,unavailable,658.0,unavailable,exact
02_car_pass,fixed_int16,46,fixed,reuse,,False,,,0,,5264,unavailable,658.0,unavailable,exact
02_car_pass,fixed_int16,47,fixed,reuse,,False,,,0,,5264,unavailable,658.0,unavailable,exact
02_car_pass,fixed_int16,48,fixed,keyframe,selected,True,,,32768,,2637984,unavailable,329748.0,unavailable,exact
02_car_pass,fixed_int16,49,fixed,reuse,,False,,,0,,5264,unavailable,658.0,unavailable,exact
02_car_pass,fixed_int16,5,fixed,reuse,,False,,,0,,5000,unavailable,625.0,unavailable,exact
02_car_pass,fixed_int16,50,fixed,reuse,,False,,,0,,5264,unavailable,658.0,unavailable,exact
02_car_pass,fixed_int16,51,fixed,reuse,,False,,,0,,5264,unavailable,658.0,unavailable,exact
02_car_pass,fixed_int16,52,fixed,reuse,,False,,,0,,5264,unavailable,658.0,unavailable,exact
02_car_pass,fixed_int16,53,fixed,reuse,,False,,,0,,5264,unavailable,658.0,unavailable,exact
02_car_pass,fixed_int16,54,fixed,reuse,,False,,,0,,5264,unavailable,658.0,unavailable,exact
02_car_pass,fixed_int16,55,fixed,reuse,,False,,,0,,5264,unavailable,658.0,unavailable,exact
02_car_pass,fixed_int16,56,fixed,reuse,,False,,,0,,5264,unavailable,658.0,unavailable,exact
02_car_pass,fixed_int16,57,fixed,reuse,,False,,,0,,5264,unavailable,658.0,unavailable,exact
02_car_pass,fixed_int16,58,fixed,reuse,,False,,,0,,5264,unavailable,658.0,unavailable,exact
02_car_pass,fixed_int16,59,fixed,reuse,,False,,,0,,5264,unavailable,658.0,unavailable,exact
02_car_pass,fixed_int16,6,fixed,reuse,,False,,,0,,5000,unavailable,625.0,unavailable,exact
02_car_pass,fixed_int16,60,fixed,reuse,,False,,,0,,5264,unavailable,658.0,unavailable,exact
02_car_pass,fixed_int16,61,fixed,reuse,,False,,,0,,5264,unavailable,658.0,unavailable,exact
02_car_pass,fixed_int16,62,fixed,reuse,,False,,,0,,5264,unavailable,658.0,unavailable,exact
02_car_pass,fixed_int16,63,fixed,reuse,,False,,,0,,5264,unavailable,658.0,unavailable,exact
02_car_pass,fixed_int16,64,fixed,keyframe,selected,True,,,32768,,2637984,unavailable,329748.0,unavailable,exact
02_car_pass,fixed_int16,65,fixed,reuse,,False,,,0,,5264,unavailable,658.0,unavailable,exact
02_car_pass,fixed_int16,66,fixed,reuse,,False,,,0,,5264,unavailable,658.0,unavailable,exact
02_car_pass,fixed_int16,67,fixed,reuse,,False,,,0,,5264,unavailable,658.0,unavailable,exact
02_car_pass,fixed_int16,68,fixed,reuse,,False,,,0,,5264,unavailable,658.0,unavailable,exact
02_car_pass,fixed_int16,69,fixed,reuse,,False,,,0,,5264,unavailable,658.0,unavailable,exact
02_car_pass,fixed_int16,7,fixed,reuse,,False,,,0,,5000,unavailable,625.0,unavailable,exact
02_car_pass,fixed_int16,70,fixed,reuse,,False,,,0,,5264,unavailable,658.0,unavailable,exact
02_car_pass,fixed_int16,71,fixed,reuse,,False,,,0,,5264,unavailable,658.0,unavailable,exact
02_car_pass,fixed_int16,72,fixed,reuse,,False,,,0,,5264,unavailable,658.0,unavailable,exact
02_car_pass,fixed_int16,73,fixed,reuse,,False,,,0,,5264,unavailable,658.0,unavailable,exact
02_car_pass,fixed_int16,74,fixed,reuse,,False,,,0,,5264,unavailable,658.0,unavailable,exact
02_car_pass,fixed_int16,75,fixed,reuse,,False,,,0,,5264,unavailable,658.0,unavailable,exact
02_car_pass,fixed_int16,76,fixed,reuse,,False,,,0,,5264,unavailable,658.0,unavailable,exact
02_car_pass,fixed_int16,77,fixed,reuse,,False,,,0,,5264,unavailable,658.0,unavailable,exact
02_car_pass,fixed_int16,78,fixed,reuse,,False,,,0,,5264,unavailable,658.0,unavailable,exact
02_car_pass,fixed_int16,79,fixed,reuse,,False,,,0,,5264,unavailable,658.0,unavailable,exact
02_car_pass,fixed_int16,8,fixed,reuse,,False,,,0,,5000,unavailable,625.0,unavailable,exact
02_car_pass,fixed_int16,80,fixed,keyframe,selected,True,,,32768,,2637984,unavailable,329748.0,unavailable,exact
02_car_pass,fixed_int16,81,fixed,reuse,,False,,,0,,5264,unavailable,658.0,unavailable,exact
02_car_pass,fixed_int16,82,fixed,reuse,,False,,,0,,5264,unavailable,658.0,unavailable,exact
02_car_pass,fixed_int16,83,fixed,reuse,,False,,,0,,5264,unavailable,658.0,unavailable,exact
02_car_pass,fixed_int16,84,fixed,reuse,,False,,,0,,5264,unavailable,658.0,unavailable,exact
02_car_pass,fixed_int16,85,fixed,reuse,,False,,,0,,5264,unavailable,658.0,unavailable,exact
02_car_pass,fixed_int16,86,fixed,reuse,,False,,,0,,5264,unavailable,658.0,unavailable,exact
02_car_pass,fixed_int16,87,fixed,reuse,,False,,,0,,5264,unavailable,658.0,unavailable,exact
02_car_pass,fixed_int16,88,fixed,reuse,,False,,,0,,5264,unavailable,658.0,unavailable,exact
02_car_pass,fixed_int16,89,fixed,reuse,,False,,,0,,5264,unavailable,658.0,unavailable,exact
02_car_pass,fixed_int16,9,fixed,reuse,,False,,,0,,5000,unavailable,625.0,unavailable,exact
02_car_pass,fixed_int16,90,fixed,reuse,,False,,,0,,5264,unavailable,658.0,unavailable,exact
02_car_pass,fixed_int16,91,fixed,reuse,,False,,,0,,5264,unavailable,658.0,unavailable,exact
02_car_pass,fixed_int16,92,fixed,reuse,,False,,,0,,5264,unavailable,658.0,unavailable,exact
02_car_pass,fixed_int16,93,fixed,reuse,,False,,,0,,5264,unavailable,658.0,unavailable,exact
02_car_pass,fixed_int16,94,fixed,reuse,,False,,,0,,5264,unavailable,658.0,unavailable,exact
02_car_pass,fixed_int16,95,fixed,reuse,,False,,,0,,5264,unavailable,658.0,unavailable,exact
02_car_pass,fixed_int16,96,fixed,keyframe,selected,True,,,32768,,2637984,unavailable,329748.0,unavailable,exact
02_car_pass,fixed_int16,97,fixed,reuse,,False,,,0,,5264,unavailable,658.0,unavailable,exact
02_car_pass,fixed_int16,98,fixed,reuse,,False,,,0,,5264,unavailable,658.0,unavailable,exact
02_car_pass,fixed_int16,99,fixed,reuse,,False,,,0,,5264,unavailable,658.0,unavailable,exact
02_car_pass,fixed_int4,0,fixed,keyframe,first_frame,True,,,32768,,2244432,unavailable,280554.0,unavailable,exact
02_car_pass,fixed_int4,1,fixed,reuse,,False,,,0,,4992,unavailable,624.0,unavailable,exact
02_car_pass,fixed_int4,10,fixed,reuse,,False,,,0,,5000,unavailable,625.0,unavailable,exact
02_car_pass,fixed_int4,11,fixed,reuse,,False,,,0,,5000,unavailable,625.0,unavailable,exact
02_car_pass,fixed_int4,12,fixed,reuse,,False,,,0,,5000,unavailable,625.0,unavailable,exact
02_car_pass,fixed_int4,13,fixed,reuse,,False,,,0,,5000,unavailable,625.0,unavailable,exact
02_car_pass,fixed_int4,14,fixed,recompute_semantic,selected,True,,,32768,,2244760,unavailable,280595.0,unavailable,exact
02_car_pass,fixed_int4,15,fixed,recompute_semantic,selected,True,,,32768,,2244760,unavailable,280595.0,unavailable,exact
02_car_pass,fixed_int4,16,fixed,keyframe,selected,True,,,32768,,2244760,unavailable,280595.0,unavailable,exact
02_car_pass,fixed_int4,17,fixed,reuse,,False,,,0,,5256,unavailable,657.0,unavailable,exact
02_car_pass,fixed_int4,18,fixed,reuse,,False,,,0,,5256,unavailable,657.0,unavailable,exact
02_car_pass,fixed_int4,19,fixed,reuse,,False,,,0,,5256,unavailable,657.0,unavailable,exact
02_car_pass,fixed_int4,2,fixed,reuse,,False,,,0,,4992,unavailable,624.0,unavailable,exact
02_car_pass,fixed_int4,20,fixed,reuse,,False,,,0,,5256,unavailable,657.0,unavailable,exact
02_car_pass,fixed_int4,21,fixed,reuse,,False,,,0,,5256,unavailable,657.0,unavailable,exact
02_car_pass,fixed_int4,22,fixed,reuse,,False,,,0,,5256,unavailable,657.0,unavailable,exact
02_car_pass,fixed_int4,23,fixed,reuse,,False,,,0,,5256,unavailable,657.0,unavailable,exact
02_car_pass,fixed_int4,24,fixed,reuse,,False,,,0,,5256,unavailable,657.0,unavailable,exact
02_car_pass,fixed_int4,25,fixed,reuse,,False,,,0,,5256,unavailable,657.0,unavailable,exact
02_car_pass,fixed_int4,26,fixed,reuse,,False,,,0,,5256,unavailable,657.0,unavailable,exact
02_car_pass,fixed_int4,27,fixed,reuse,,False,,,0,,5256,unavailable,657.0,unavailable,exact
02_car_pass,fixed_int4,28,fixed,reuse,,False,,,0,,5256,unavailable,657.0,unavailable,exact
02_car_pass,fixed_int4,29,fixed,reuse,,False,,,0,,5256,unavailable,657.0,unavailable,exact
02_car_pass,fixed_int4,3,fixed,reuse,,False,,,0,,4992,unavailable,624.0,unavailable,exact
02_car_pass,fixed_int4,30,fixed,reuse,,False,,,0,,5256,unavailable,657.0,unavailable,exact
02_car_pass,fixed_int4,31,fixed,reuse,,False,,,0,,5256,unavailable,657.0,unavailable,exact
02_car_pass,fixed_int4,32,fixed,keyframe,selected,True,,,32768,,2244760,unavailable,280595.0,unavailable,exact
02_car_pass,fixed_int4,33,fixed,reuse,,False,,,0,,5256,unavailable,657.0,unavailable,exact
02_car_pass,fixed_int4,34,fixed,reuse,,False,,,0,,5256,unavailable,657.0,unavailable,exact
02_car_pass,fixed_int4,35,fixed,reuse,,False,,,0,,5256,unavailable,657.0,unavailable,exact
02_car_pass,fixed_int4,36,fixed,reuse,,False,,,0,,5256,unavailable,657.0,unavailable,exact
02_car_pass,fixed_int4,37,fixed,reuse,,False,,,0,,5256,unavailable,657.0,unavailable,exact
02_car_pass,fixed_int4,38,fixed,reuse,,False,,,0,,5256,unavailable,657.0,unavailable,exact
02_car_pass,fixed_int4,39,fixed,reuse,,False,,,0,,5256,unavailable,657.0,unavailable,exact
02_car_pass,fixed_int4,4,fixed,reuse,,False,,,0,,4992,unavailable,624.0,unavailable,exact
02_car_pass,fixed_int4,40,fixed,reuse,,False,,,0,,5256,unavailable,657.0,unavailable,exact
02_car_pass,fixed_int4,41,fixed,reuse,,False,,,0,,5256,unavailable,657.0,unavailable,exact
02_car_pass,fixed_int4,42,fixed,reuse,,False,,,0,,5256,unavailable,657.0,unavailable,exact
02_car_pass,fixed_int4,43,fixed,reuse,,False,,,0,,5256,unavailable,657.0,unavailable,exact
02_car_pass,fixed_int4,44,fixed,reuse,,False,,,0,,5256,unavailable,657.0,unavailable,exact
02_car_pass,fixed_int4,45,fixed,reuse,,False,,,0,,5256,unavailable,657.0,unavailable,exact
02_car_pass,fixed_int4,46,fixed,reuse,,False,,,0,,5256,unavailable,657.0,unavailable,exact
02_car_pass,fixed_int4,47,fixed,reuse,,False,,,0,,5256,unavailable,657.0,unavailable,exact
02_car_pass,fixed_int4,48,fixed,keyframe,selected,True,,,32768,,2244760,unavailable,280595.0,unavailable,exact
02_car_pass,fixed_int4,49,fixed,reuse,,False,,,0,,5256,unavailable,657.0,unavailable,exact
02_car_pass,fixed_int4,5,fixed,reuse,,False,,,0,,4992,unavailable,624.0,unavailable,exact
02_car_pass,fixed_int4,50,fixed,reuse,,False,,,0,,5256,unavailable,657.0,unavailable,exact
02_car_pass,fixed_int4,51,fixed,reuse,,False,,,0,,5256,unavailable,657.0,unavailable,exact
02_car_pass,fixed_int4,52,fixed,reuse,,False,,,0,,5256,unavailable,657.0,unavailable,exact
02_car_pass,fixed_int4,53,fixed,reuse,,False,,,0,,5256,unavailable,657.0,unavailable,exact
02_car_pass,fixed_int4,54,fixed,reuse,,False,,,0,,5256,unavailable,657.0,unavailable,exact
02_car_pass,fixed_int4,55,fixed,reuse,,False,,,0,,5256,unavailable,657.0,unavailable,exact
02_car_pass,fixed_int4,56,fixed,reuse,,False,,,0,,5256,unavailable,657.0,unavailable,exact
02_car_pass,fixed_int4,57,fixed,reuse,,False,,,0,,5256,unavailable,657.0,unavailable,exact
02_car_pass,fixed_int4,58,fixed,reuse,,False,,,0,,5256,unavailable,657.0,unavailable,exact
02_car_pass,fixed_int4,59,fixed,reuse,,False,,,0,,5256,unavailable,657.0,unavailable,exact
02_car_pass,fixed_int4,6,fixed,reuse,,False,,,0,,4992,unavailable,624.0,unavailable,exact
02_car_pass,fixed_int4,60,fixed,reuse,,False,,,0,,5256,unavailable,657.0,unavailable,exact
02_car_pass,fixed_int4,61,fixed,reuse,,False,,,0,,5256,unavailable,657.0,unavailable,exact
02_car_pass,fixed_int4,62,fixed,reuse,,False,,,0,,5256,unavailable,657.0,unavailable,exact
02_car_pass,fixed_int4,63,fixed,reuse,,False,,,0,,5256,unavailable,657.0,unavailable,exact
02_car_pass,fixed_int4,64,fixed,keyframe,selected,True,,,32768,,2244760,unavailable,280595.0,unavailable,exact
02_car_pass,fixed_int4,65,fixed,reuse,,False,,,0,,5256,unavailable,657.0,unavailable,exact
02_car_pass,fixed_int4,66,fixed,reuse,,False,,,0,,5256,unavailable,657.0,unavailable,exact
02_car_pass,fixed_int4,67,fixed,reuse,,False,,,0,,5256,unavailable,657.0,unavailable,exact
02_car_pass,fixed_int4,68,fixed,reuse,,False,,,0,,5256,unavailable,657.0,unavailable,exact
02_car_pass,fixed_int4,69,fixed,reuse,,False,,,0,,5256,unavailable,657.0,unavailable,exact
02_car_pass,fixed_int4,7,fixed,reuse,,False,,,0,,4992,unavailable,624.0,unavailable,exact
02_car_pass,fixed_int4,70,fixed,reuse,,False,,,0,,5256,unavailable,657.0,unavailable,exact
02_car_pass,fixed_int4,71,fixed,reuse,,False,,,0,,5256,unavailable,657.0,unavailable,exact
02_car_pass,fixed_int4,72,fixed,reuse,,False,,,0,,5256,unavailable,657.0,unavailable,exact
02_car_pass,fixed_int4,73,fixed,reuse,,False,,,0,,5256,unavailable,657.0,unavailable,exact
02_car_pass,fixed_int4,74,fixed,reuse,,False,,,0,,5256,unavailable,657.0,unavailable,exact
02_car_pass,fixed_int4,75,fixed,reuse,,False,,,0,,5256,unavailable,657.0,unavailable,exact
02_car_pass,fixed_int4,76,fixed,reuse,,False,,,0,,5256,unavailable,657.0,unavailable,exact
02_car_pass,fixed_int4,77,fixed,reuse,,False,,,0,,5256,unavailable,657.0,unavailable,exact
02_car_pass,fixed_int4,78,fixed,reuse,,False,,,0,,5256,unavailable,657.0,unavailable,exact
02_car_pass,fixed_int4,79,fixed,reuse,,False,,,0,,5256,unavailable,657.0,unavailable,exact
02_car_pass,fixed_int4,8,fixed,reuse,,False,,,0,,4992,unavailable,624.0,unavailable,exact
02_car_pass,fixed_int4,80,fixed,keyframe,selected,True,,,32768,,2244760,unavailable,280595.0,unavailable,exact
02_car_pass,fixed_int4,81,fixed,reuse,,False,,,0,,5256,unavailable,657.0,unavailable,exact
02_car_pass,fixed_int4,82,fixed,reuse,,False,,,0,,5256,unavailable,657.0,unavailable,exact
02_car_pass,fixed_int4,83,fixed,reuse,,False,,,0,,5256,unavailable,657.0,unavailable,exact
02_car_pass,fixed_int4,84,fixed,reuse,,False,,,0,,5256,unavailable,657.0,unavailable,exact
02_car_pass,fixed_int4,85,fixed,reuse,,False,,,0,,5256,unavailable,657.0,unavailable,exact
02_car_pass,fixed_int4,86,fixed,reuse,,False,,,0,,5256,unavailable,657.0,unavailable,exact
02_car_pass,fixed_int4,87,fixed,reuse,,False,,,0,,5256,unavailable,657.0,unavailable,exact
02_car_pass,fixed_int4,88,fixed,reuse,,False,,,0,,5256,unavailable,657.0,unavailable,exact
02_car_pass,fixed_int4,89,fixed,reuse,,False,,,0,,5256,unavailable,657.0,unavailable,exact
02_car_pass,fixed_int4,9,fixed,reuse,,False,,,0,,4992,unavailable,624.0,unavailable,exact
02_car_pass,fixed_int4,90,fixed,reuse,,False,,,0,,5256,unavailable,657.0,unavailable,exact
02_car_pass,fixed_int4,91,fixed,reuse,,False,,,0,,5256,unavailable,657.0,unavailable,exact
02_car_pass,fixed_int4,92,fixed,reuse,,False,,,0,,5256,unavailable,657.0,unavailable,exact
02_car_pass,fixed_int4,93,fixed,reuse,,False,,,0,,5256,unavailable,657.0,unavailable,exact
02_car_pass,fixed_int4,94,fixed,reuse,,False,,,0,,5256,unavailable,657.0,unavailable,exact
02_car_pass,fixed_int4,95,fixed,reuse,,False,,,0,,5256,unavailable,657.0,unavailable,exact
02_car_pass,fixed_int4,96,fixed,keyframe,selected,True,,,32768,,2244760,unavailable,280595.0,unavailable,exact
02_car_pass,fixed_int4,97,fixed,reuse,,False,,,0,,5256,unavailable,657.0,unavailable,exact
02_car_pass,fixed_int4,98,fixed,reuse,,False,,,0,,5256,unavailable,657.0,unavailable,exact
02_car_pass,fixed_int4,99,fixed,reuse,,False,,,0,,5256,unavailable,657.0,unavailable,exact
02_car_pass,fixed_int6,0,fixed,keyframe,first_frame,True,,,32768,,2309968,unavailable,288746.0,unavailable,exact
02_car_pass,fixed_int6,1,fixed,reuse,,False,,,0,,4992,unavailable,624.0,unavailable,exact
02_car_pass,fixed_int6,10,fixed,reuse,,False,,,0,,5000,unavailable,625.0,unavailable,exact
02_car_pass,fixed_int6,11,fixed,reuse,,False,,,0,,5000,unavailable,625.0,unavailable,exact
02_car_pass,fixed_int6,12,fixed,reuse,,False,,,0,,5000,unavailable,625.0,unavailable,exact
02_car_pass,fixed_int6,13,fixed,reuse,,False,,,0,,5000,unavailable,625.0,unavailable,exact
02_car_pass,fixed_int6,14,fixed,recompute_semantic,selected,True,,,32768,,2310296,unavailable,288787.0,unavailable,exact
02_car_pass,fixed_int6,15,fixed,recompute_semantic,selected,True,,,32768,,2310296,unavailable,288787.0,unavailable,exact
02_car_pass,fixed_int6,16,fixed,keyframe,selected,True,,,32768,,2310296,unavailable,288787.0,unavailable,exact
02_car_pass,fixed_int6,17,fixed,reuse,,False,,,0,,5256,unavailable,657.0,unavailable,exact
02_car_pass,fixed_int6,18,fixed,reuse,,False,,,0,,5256,unavailable,657.0,unavailable,exact
02_car_pass,fixed_int6,19,fixed,reuse,,False,,,0,,5256,unavailable,657.0,unavailable,exact
02_car_pass,fixed_int6,2,fixed,reuse,,False,,,0,,4992,unavailable,624.0,unavailable,exact
02_car_pass,fixed_int6,20,fixed,reuse,,False,,,0,,5256,unavailable,657.0,unavailable,exact
02_car_pass,fixed_int6,21,fixed,reuse,,False,,,0,,5256,unavailable,657.0,unavailable,exact
02_car_pass,fixed_int6,22,fixed,reuse,,False,,,0,,5256,unavailable,657.0,unavailable,exact
02_car_pass,fixed_int6,23,fixed,reuse,,False,,,0,,5256,unavailable,657.0,unavailable,exact
02_car_pass,fixed_int6,24,fixed,reuse,,False,,,0,,5256,unavailable,657.0,unavailable,exact
02_car_pass,fixed_int6,25,fixed,reuse,,False,,,0,,5256,unavailable,657.0,unavailable,exact
02_car_pass,fixed_int6,26,fixed,reuse,,False,,,0,,5256,unavailable,657.0,unavailable,exact
02_car_pass,fixed_int6,27,fixed,reuse,,False,,,0,,5256,unavailable,657.0,unavailable,exact
02_car_pass,fixed_int6,28,fixed,reuse,,False,,,0,,5256,unavailable,657.0,unavailable,exact
02_car_pass,fixed_int6,29,fixed,reuse,,False,,,0,,5256,unavailable,657.0,unavailable,exact
02_car_pass,fixed_int6,3,fixed,reuse,,False,,,0,,4992,unavailable,624.0,unavailable,exact
02_car_pass,fixed_int6,30,fixed,reuse,,False,,,0,,5256,unavailable,657.0,unavailable,exact
02_car_pass,fixed_int6,31,fixed,reuse,,False,,,0,,5256,unavailable,657.0,unavailable,exact
02_car_pass,fixed_int6,32,fixed,keyframe,selected,True,,,32768,,2310296,unavailable,288787.0,unavailable,exact
02_car_pass,fixed_int6,33,fixed,reuse,,False,,,0,,5256,unavailable,657.0,unavailable,exact
02_car_pass,fixed_int6,34,fixed,reuse,,False,,,0,,5256,unavailable,657.0,unavailable,exact
02_car_pass,fixed_int6,35,fixed,reuse,,False,,,0,,5256,unavailable,657.0,unavailable,exact
02_car_pass,fixed_int6,36,fixed,reuse,,False,,,0,,5256,unavailable,657.0,unavailable,exact
02_car_pass,fixed_int6,37,fixed,reuse,,False,,,0,,5256,unavailable,657.0,unavailable,exact
02_car_pass,fixed_int6,38,fixed,reuse,,False,,,0,,5256,unavailable,657.0,unavailable,exact
02_car_pass,fixed_int6,39,fixed,reuse,,False,,,0,,5256,unavailable,657.0,unavailable,exact
02_car_pass,fixed_int6,4,fixed,reuse,,False,,,0,,4992,unavailable,624.0,unavailable,exact
02_car_pass,fixed_int6,40,fixed,reuse,,False,,,0,,5256,unavailable,657.0,unavailable,exact
02_car_pass,fixed_int6,41,fixed,reuse,,False,,,0,,5256,unavailable,657.0,unavailable,exact
02_car_pass,fixed_int6,42,fixed,reuse,,False,,,0,,5256,unavailable,657.0,unavailable,exact
02_car_pass,fixed_int6,43,fixed,reuse,,False,,,0,,5256,unavailable,657.0,unavailable,exact
02_car_pass,fixed_int6,44,fixed,reuse,,False,,,0,,5256,unavailable,657.0,unavailable,exact
02_car_pass,fixed_int6,45,fixed,reuse,,False,,,0,,5256,unavailable,657.0,unavailable,exact
02_car_pass,fixed_int6,46,fixed,reuse,,False,,,0,,5256,unavailable,657.0,unavailable,exact
02_car_pass,fixed_int6,47,fixed,reuse,,False,,,0,,5256,unavailable,657.0,unavailable,exact
02_car_pass,fixed_int6,48,fixed,keyframe,selected,True,,,32768,,2310296,unavailable,288787.0,unavailable,exact
02_car_pass,fixed_int6,49,fixed,reuse,,False,,,0,,5256,unavailable,657.0,unavailable,exact
02_car_pass,fixed_int6,5,fixed,reuse,,False,,,0,,4992,unavailable,624.0,unavailable,exact
02_car_pass,fixed_int6,50,fixed,reuse,,False,,,0,,5256,unavailable,657.0,unavailable,exact
02_car_pass,fixed_int6,51,fixed,reuse,,False,,,0,,5256,unavailable,657.0,unavailable,exact
02_car_pass,fixed_int6,52,fixed,reuse,,False,,,0,,5256,unavailable,657.0,unavailable,exact
02_car_pass,fixed_int6,53,fixed,reuse,,False,,,0,,5256,unavailable,657.0,unavailable,exact
02_car_pass,fixed_int6,54,fixed,reuse,,False,,,0,,5256,unavailable,657.0,unavailable,exact
02_car_pass,fixed_int6,55,fixed,reuse,,False,,,0,,5256,unavailable,657.0,unavailable,exact
02_car_pass,fixed_int6,56,fixed,reuse,,False,,,0,,5256,unavailable,657.0,unavailable,exact
02_car_pass,fixed_int6,57,fixed,reuse,,False,,,0,,5256,unavailable,657.0,unavailable,exact
02_car_pass,fixed_int6,58,fixed,reuse,,False,,,0,,5256,unavailable,657.0,unavailable,exact
02_car_pass,fixed_int6,59,fixed,reuse,,False,,,0,,5256,unavailable,657.0,unavailable,exact
02_car_pass,fixed_int6,6,fixed,reuse,,False,,,0,,4992,unavailable,624.0,unavailable,exact
02_car_pass,fixed_int6,60,fixed,reuse,,False,,,0,,5256,unavailable,657.0,unavailable,exact
02_car_pass,fixed_int6,61,fixed,reuse,,False,,,0,,5256,unavailable,657.0,unavailable,exact
02_car_pass,fixed_int6,62,fixed,reuse,,False,,,0,,5256,unavailable,657.0,unavailable,exact
02_car_pass,fixed_int6,63,fixed,reuse,,False,,,0,,5256,unavailable,657.0,unavailable,exact
02_car_pass,fixed_int6,64,fixed,keyframe,selected,True,,,32768,,2310296,unavailable,288787.0,unavailable,exact
02_car_pass,fixed_int6,65,fixed,reuse,,False,,,0,,5256,unavailable,657.0,unavailable,exact
02_car_pass,fixed_int6,66,fixed,reuse,,False,,,0,,5256,unavailable,657.0,unavailable,exact
02_car_pass,fixed_int6,67,fixed,reuse,,False,,,0,,5256,unavailable,657.0,unavailable,exact
02_car_pass,fixed_int6,68,fixed,reuse,,False,,,0,,5256,unavailable,657.0,unavailable,exact
02_car_pass,fixed_int6,69,fixed,reuse,,False,,,0,,5256,unavailable,657.0,unavailable,exact
02_car_pass,fixed_int6,7,fixed,reuse,,False,,,0,,4992,unavailable,624.0,unavailable,exact
02_car_pass,fixed_int6,70,fixed,reuse,,False,,,0,,5256,unavailable,657.0,unavailable,exact
02_car_pass,fixed_int6,71,fixed,reuse,,False,,,0,,5256,unavailable,657.0,unavailable,exact
02_car_pass,fixed_int6,72,fixed,reuse,,False,,,0,,5256,unavailable,657.0,unavailable,exact
02_car_pass,fixed_int6,73,fixed,reuse,,False,,,0,,5256,unavailable,657.0,unavailable,exact
02_car_pass,fixed_int6,74,fixed,reuse,,False,,,0,,5256,unavailable,657.0,unavailable,exact
02_car_pass,fixed_int6,75,fixed,reuse,,False,,,0,,5256,unavailable,657.0,unavailable,exact
02_car_pass,fixed_int6,76,fixed,reuse,,False,,,0,,5256,unavailable,657.0,unavailable,exact
02_car_pass,fixed_int6,77,fixed,reuse,,False,,,0,,5256,unavailable,657.0,unavailable,exact
02_car_pass,fixed_int6,78,fixed,reuse,,False,,,0,,5256,unavailable,657.0,unavailable,exact
02_car_pass,fixed_int6,79,fixed,reuse,,False,,,0,,5256,unavailable,657.0,unavailable,exact
02_car_pass,fixed_int6,8,fixed,reuse,,False,,,0,,4992,unavailable,624.0,unavailable,exact
02_car_pass,fixed_int6,80,fixed,keyframe,selected,True,,,32768,,2310296,unavailable,288787.0,unavailable,exact
02_car_pass,fixed_int6,81,fixed,reuse,,False,,,0,,5256,unavailable,657.0,unavailable,exact
02_car_pass,fixed_int6,82,fixed,reuse,,False,,,0,,5256,unavailable,657.0,unavailable,exact
02_car_pass,fixed_int6,83,fixed,reuse,,False,,,0,,5256,unavailable,657.0,unavailable,exact
02_car_pass,fixed_int6,84,fixed,reuse,,False,,,0,,5256,unavailable,657.0,unavailable,exact
02_car_pass,fixed_int6,85,fixed,reuse,,False,,,0,,5256,unavailable,657.0,unavailable,exact
02_car_pass,fixed_int6,86,fixed,reuse,,False,,,0,,5256,unavailable,657.0,unavailable,exact
02_car_pass,fixed_int6,87,fixed,reuse,,False,,,0,,5256,unavailable,657.0,unavailable,exact
02_car_pass,fixed_int6,88,fixed,reuse,,False,,,0,,5256,unavailable,657.0,unavailable,exact
02_car_pass,fixed_int6,89,fixed,reuse,,False,,,0,,5256,unavailable,657.0,unavailable,exact
02_car_pass,fixed_int6,9,fixed,reuse,,False,,,0,,4992,unavailable,624.0,unavailable,exact
02_car_pass,fixed_int6,90,fixed,reuse,,False,,,0,,5256,unavailable,657.0,unavailable,exact
02_car_pass,fixed_int6,91,fixed,reuse,,False,,,0,,5256,unavailable,657.0,unavailable,exact
02_car_pass,fixed_int6,92,fixed,reuse,,False,,,0,,5256,unavailable,657.0,unavailable,exact
02_car_pass,fixed_int6,93,fixed,reuse,,False,,,0,,5256,unavailable,657.0,unavailable,exact
02_car_pass,fixed_int6,94,fixed,reuse,,False,,,0,,5256,unavailable,657.0,unavailable,exact
02_car_pass,fixed_int6,95,fixed,reuse,,False,,,0,,5256,unavailable,657.0,unavailable,exact
02_car_pass,fixed_int6,96,fixed,keyframe,selected,True,,,32768,,2310296,unavailable,288787.0,unavailable,exact
02_car_pass,fixed_int6,97,fixed,reuse,,False,,,0,,5256,unavailable,657.0,unavailable,exact
02_car_pass,fixed_int6,98,fixed,reuse,,False,,,0,,5256,unavailable,657.0,unavailable,exact
02_car_pass,fixed_int6,99,fixed,reuse,,False,,,0,,5256,unavailable,657.0,unavailable,exact
02_car_pass,fixed_int8,0,fixed,keyframe,first_frame,True,,,32768,,2375504,unavailable,296938.0,unavailable,exact
02_car_pass,fixed_int8,1,fixed,reuse,,False,,,0,,4992,unavailable,624.0,unavailable,exact
02_car_pass,fixed_int8,10,fixed,reuse,,False,,,0,,5000,unavailable,625.0,unavailable,exact
02_car_pass,fixed_int8,11,fixed,reuse,,False,,,0,,5000,unavailable,625.0,unavailable,exact
02_car_pass,fixed_int8,12,fixed,reuse,,False,,,0,,5000,unavailable,625.0,unavailable,exact
02_car_pass,fixed_int8,13,fixed,reuse,,False,,,0,,5000,unavailable,625.0,unavailable,exact
02_car_pass,fixed_int8,14,fixed,recompute_semantic,selected,True,,,32768,,2375832,unavailable,296979.0,unavailable,exact
02_car_pass,fixed_int8,15,fixed,recompute_semantic,selected,True,,,32768,,2375832,unavailable,296979.0,unavailable,exact
02_car_pass,fixed_int8,16,fixed,keyframe,selected,True,,,32768,,2375832,unavailable,296979.0,unavailable,exact
02_car_pass,fixed_int8,17,fixed,reuse,,False,,,0,,5256,unavailable,657.0,unavailable,exact
02_car_pass,fixed_int8,18,fixed,reuse,,False,,,0,,5256,unavailable,657.0,unavailable,exact
02_car_pass,fixed_int8,19,fixed,reuse,,False,,,0,,5256,unavailable,657.0,unavailable,exact
02_car_pass,fixed_int8,2,fixed,reuse,,False,,,0,,4992,unavailable,624.0,unavailable,exact
02_car_pass,fixed_int8,20,fixed,reuse,,False,,,0,,5256,unavailable,657.0,unavailable,exact
02_car_pass,fixed_int8,21,fixed,reuse,,False,,,0,,5256,unavailable,657.0,unavailable,exact
02_car_pass,fixed_int8,22,fixed,reuse,,False,,,0,,5256,unavailable,657.0,unavailable,exact
02_car_pass,fixed_int8,23,fixed,reuse,,False,,,0,,5256,unavailable,657.0,unavailable,exact
02_car_pass,fixed_int8,24,fixed,reuse,,False,,,0,,5256,unavailable,657.0,unavailable,exact
02_car_pass,fixed_int8,25,fixed,reuse,,False,,,0,,5256,unavailable,657.0,unavailable,exact
02_car_pass,fixed_int8,26,fixed,reuse,,False,,,0,,5256,unavailable,657.0,unavailable,exact
02_car_pass,fixed_int8,27,fixed,reuse,,False,,,0,,5256,unavailable,657.0,unavailable,exact
02_car_pass,fixed_int8,28,fixed,reuse,,False,,,0,,5256,unavailable,657.0,unavailable,exact
02_car_pass,fixed_int8,29,fixed,reuse,,False,,,0,,5256,unavailable,657.0,unavailable,exact
02_car_pass,fixed_int8,3,fixed,reuse,,False,,,0,,4992,unavailable,624.0,unavailable,exact
02_car_pass,fixed_int8,30,fixed,reuse,,False,,,0,,5256,unavailable,657.0,unavailable,exact
02_car_pass,fixed_int8,31,fixed,reuse,,False,,,0,,5256,unavailable,657.0,unavailable,exact
02_car_pass,fixed_int8,32,fixed,keyframe,selected,True,,,32768,,2375832,unavailable,296979.0,unavailable,exact
02_car_pass,fixed_int8,33,fixed,reuse,,False,,,0,,5256,unavailable,657.0,unavailable,exact
02_car_pass,fixed_int8,34,fixed,reuse,,False,,,0,,5256,unavailable,657.0,unavailable,exact
02_car_pass,fixed_int8,35,fixed,reuse,,False,,,0,,5256,unavailable,657.0,unavailable,exact
02_car_pass,fixed_int8,36,fixed,reuse,,False,,,0,,5256,unavailable,657.0,unavailable,exact
02_car_pass,fixed_int8,37,fixed,reuse,,False,,,0,,5256,unavailable,657.0,unavailable,exact
02_car_pass,fixed_int8,38,fixed,reuse,,False,,,0,,5256,unavailable,657.0,unavailable,exact
02_car_pass,fixed_int8,39,fixed,reuse,,False,,,0,,5256,unavailable,657.0,unavailable,exact
02_car_pass,fixed_int8,4,fixed,reuse,,False,,,0,,4992,unavailable,624.0,unavailable,exact
02_car_pass,fixed_int8,40,fixed,reuse,,False,,,0,,5256,unavailable,657.0,unavailable,exact
02_car_pass,fixed_int8,41,fixed,reuse,,False,,,0,,5256,unavailable,657.0,unavailable,exact
02_car_pass,fixed_int8,42,fixed,reuse,,False,,,0,,5256,unavailable,657.0,unavailable,exact
02_car_pass,fixed_int8,43,fixed,reuse,,False,,,0,,5256,unavailable,657.0,unavailable,exact
02_car_pass,fixed_int8,44,fixed,reuse,,False,,,0,,5256,unavailable,657.0,unavailable,exact
02_car_pass,fixed_int8,45,fixed,reuse,,False,,,0,,5256,unavailable,657.0,unavailable,exact
02_car_pass,fixed_int8,46,fixed,reuse,,False,,,0,,5256,unavailable,657.0,unavailable,exact
02_car_pass,fixed_int8,47,fixed,reuse,,False,,,0,,5256,unavailable,657.0,unavailable,exact
02_car_pass,fixed_int8,48,fixed,keyframe,selected,True,,,32768,,2375832,unavailable,296979.0,unavailable,exact
02_car_pass,fixed_int8,49,fixed,reuse,,False,,,0,,5256,unavailable,657.0,unavailable,exact
02_car_pass,fixed_int8,5,fixed,reuse,,False,,,0,,4992,unavailable,624.0,unavailable,exact
02_car_pass,fixed_int8,50,fixed,reuse,,False,,,0,,5256,unavailable,657.0,unavailable,exact
02_car_pass,fixed_int8,51,fixed,reuse,,False,,,0,,5256,unavailable,657.0,unavailable,exact
02_car_pass,fixed_int8,52,fixed,reuse,,False,,,0,,5256,unavailable,657.0,unavailable,exact
02_car_pass,fixed_int8,53,fixed,reuse,,False,,,0,,5256,unavailable,657.0,unavailable,exact
02_car_pass,fixed_int8,54,fixed,reuse,,False,,,0,,5256,unavailable,657.0,unavailable,exact
02_car_pass,fixed_int8,55,fixed,reuse,,False,,,0,,5256,unavailable,657.0,unavailable,exact
02_car_pass,fixed_int8,56,fixed,reuse,,False,,,0,,5256,unavailable,657.0,unavailable,exact
02_car_pass,fixed_int8,57,fixed,reuse,,False,,,0,,5256,unavailable,657.0,unavailable,exact
02_car_pass,fixed_int8,58,fixed,reuse,,False,,,0,,5256,unavailable,657.0,unavailable,exact
02_car_pass,fixed_int8,59,fixed,reuse,,False,,,0,,5256,unavailable,657.0,unavailable,exact
02_car_pass,fixed_int8,6,fixed,reuse,,False,,,0,,4992,unavailable,624.0,unavailable,exact
02_car_pass,fixed_int8,60,fixed,reuse,,False,,,0,,5256,unavailable,657.0,unavailable,exact
02_car_pass,fixed_int8,61,fixed,reuse,,False,,,0,,5256,unavailable,657.0,unavailable,exact
02_car_pass,fixed_int8,62,fixed,reuse,,False,,,0,,5256,unavailable,657.0,unavailable,exact
02_car_pass,fixed_int8,63,fixed,reuse,,False,,,0,,5256,unavailable,657.0,unavailable,exact
02_car_pass,fixed_int8,64,fixed,keyframe,selected,True,,,32768,,2375832,unavailable,296979.0,unavailable,exact
02_car_pass,fixed_int8,65,fixed,reuse,,False,,,0,,5256,unavailable,657.0,unavailable,exact
02_car_pass,fixed_int8,66,fixed,reuse,,False,,,0,,5256,unavailable,657.0,unavailable,exact
02_car_pass,fixed_int8,67,fixed,reuse,,False,,,0,,5256,unavailable,657.0,unavailable,exact
02_car_pass,fixed_int8,68,fixed,reuse,,False,,,0,,5256,unavailable,657.0,unavailable,exact
02_car_pass,fixed_int8,69,fixed,reuse,,False,,,0,,5256,unavailable,657.0,unavailable,exact
02_car_pass,fixed_int8,7,fixed,reuse,,False,,,0,,4992,unavailable,624.0,unavailable,exact
02_car_pass,fixed_int8,70,fixed,reuse,,False,,,0,,5256,unavailable,657.0,unavailable,exact
02_car_pass,fixed_int8,71,fixed,reuse,,False,,,0,,5256,unavailable,657.0,unavailable,exact
02_car_pass,fixed_int8,72,fixed,reuse,,False,,,0,,5256,unavailable,657.0,unavailable,exact
02_car_pass,fixed_int8,73,fixed,reuse,,False,,,0,,5256,unavailable,657.0,unavailable,exact
02_car_pass,fixed_int8,74,fixed,reuse,,False,,,0,,5256,unavailable,657.0,unavailable,exact
02_car_pass,fixed_int8,75,fixed,reuse,,False,,,0,,5256,unavailable,657.0,unavailable,exact
02_car_pass,fixed_int8,76,fixed,reuse,,False,,,0,,5256,unavailable,657.0,unavailable,exact
02_car_pass,fixed_int8,77,fixed,reuse,,False,,,0,,5256,unavailable,657.0,unavailable,exact
02_car_pass,fixed_int8,78,fixed,reuse,,False,,,0,,5256,unavailable,657.0,unavailable,exact
02_car_pass,fixed_int8,79,fixed,reuse,,False,,,0,,5256,unavailable,657.0,unavailable,exact
02_car_pass,fixed_int8,8,fixed,reuse,,False,,,0,,4992,unavailable,624.0,unavailable,exact
02_car_pass,fixed_int8,80,fixed,keyframe,selected,True,,,32768,,2375832,unavailable,296979.0,unavailable,exact
02_car_pass,fixed_int8,81,fixed,reuse,,False,,,0,,5256,unavailable,657.0,unavailable,exact
02_car_pass,fixed_int8,82,fixed,reuse,,False,,,0,,5256,unavailable,657.0,unavailable,exact
02_car_pass,fixed_int8,83,fixed,reuse,,False,,,0,,5256,unavailable,657.0,unavailable,exact
02_car_pass,fixed_int8,84,fixed,reuse,,False,,,0,,5256,unavailable,657.0,unavailable,exact
02_car_pass,fixed_int8,85,fixed,reuse,,False,,,0,,5256,unavailable,657.0,unavailable,exact
02_car_pass,fixed_int8,86,fixed,reuse,,False,,,0,,5256,unavailable,657.0,unavailable,exact
02_car_pass,fixed_int8,87,fixed,reuse,,False,,,0,,5256,unavailable,657.0,unavailable,exact
02_car_pass,fixed_int8,88,fixed,reuse,,False,,,0,,5256,unavailable,657.0,unavailable,exact
02_car_pass,fixed_int8,89,fixed,reuse,,False,,,0,,5256,unavailable,657.0,unavailable,exact
02_car_pass,fixed_int8,9,fixed,reuse,,False,,,0,,4992,unavailable,624.0,unavailable,exact
02_car_pass,fixed_int8,90,fixed,reuse,,False,,,0,,5256,unavailable,657.0,unavailable,exact
02_car_pass,fixed_int8,91,fixed,reuse,,False,,,0,,5256,unavailable,657.0,unavailable,exact
02_car_pass,fixed_int8,92,fixed,reuse,,False,,,0,,5256,unavailable,657.0,unavailable,exact
02_car_pass,fixed_int8,93,fixed,reuse,,False,,,0,,5256,unavailable,657.0,unavailable,exact
02_car_pass,fixed_int8,94,fixed,reuse,,False,,,0,,5256,unavailable,657.0,unavailable,exact
02_car_pass,fixed_int8,95,fixed,reuse,,False,,,0,,5256,unavailable,657.0,unavailable,exact
02_car_pass,fixed_int8,96,fixed,keyframe,selected,True,,,32768,,2375832,unavailable,296979.0,unavailable,exact
02_car_pass,fixed_int8,97,fixed,reuse,,False,,,0,,5256,unavailable,657.0,unavailable,exact
02_car_pass,fixed_int8,98,fixed,reuse,,False,,,0,,5256,unavailable,657.0,unavailable,exact
02_car_pass,fixed_int8,99,fixed,reuse,,False,,,0,,5256,unavailable,657.0,unavailable,exact
03_dog_walk,fixed_awgn,0,fixed,keyframe,first_frame,True,,,32768,32768,2106448,unavailable,263306.0,unavailable,exact
03_dog_walk,fixed_awgn,1,fixed,reuse,,False,,,0,,4976,unavailable,622.0,unavailable,exact
03_dog_walk,fixed_awgn,10,fixed,reuse,,False,,,0,,4984,unavailable,623.0,unavailable,exact
03_dog_walk,fixed_awgn,11,fixed,reuse,,False,,,0,,4984,unavailable,623.0,unavailable,exact
03_dog_walk,fixed_awgn,12,fixed,reuse,,False,,,0,,4984,unavailable,623.0,unavailable,exact
03_dog_walk,fixed_awgn,13,fixed,reuse,,False,,,0,,4984,unavailable,623.0,unavailable,exact
03_dog_walk,fixed_awgn,14,fixed,reuse,,False,,,0,,4984,unavailable,623.0,unavailable,exact
03_dog_walk,fixed_awgn,15,fixed,reuse,,False,,,0,,4984,unavailable,623.0,unavailable,exact
03_dog_walk,fixed_awgn,16,fixed,keyframe,selected,True,,,32768,32768,2106456,unavailable,263307.0,unavailable,exact
03_dog_walk,fixed_awgn,17,fixed,reuse,,False,,,0,,4984,unavailable,623.0,unavailable,exact
03_dog_walk,fixed_awgn,18,fixed,reuse,,False,,,0,,4984,unavailable,623.0,unavailable,exact
03_dog_walk,fixed_awgn,19,fixed,reuse,,False,,,0,,4984,unavailable,623.0,unavailable,exact
03_dog_walk,fixed_awgn,2,fixed,reuse,,False,,,0,,4976,unavailable,622.0,unavailable,exact
03_dog_walk,fixed_awgn,20,fixed,reuse,,False,,,0,,4984,unavailable,623.0,unavailable,exact
03_dog_walk,fixed_awgn,21,fixed,reuse,,False,,,0,,4984,unavailable,623.0,unavailable,exact
03_dog_walk,fixed_awgn,22,fixed,reuse,,False,,,0,,4984,unavailable,623.0,unavailable,exact
03_dog_walk,fixed_awgn,23,fixed,reuse,,False,,,0,,4984,unavailable,623.0,unavailable,exact
03_dog_walk,fixed_awgn,24,fixed,reuse,,False,,,0,,4984,unavailable,623.0,unavailable,exact
03_dog_walk,fixed_awgn,25,fixed,reuse,,False,,,0,,4984,unavailable,623.0,unavailable,exact
03_dog_walk,fixed_awgn,26,fixed,reuse,,False,,,0,,4984,unavailable,623.0,unavailable,exact
03_dog_walk,fixed_awgn,27,fixed,reuse,,False,,,0,,4984,unavailable,623.0,unavailable,exact
03_dog_walk,fixed_awgn,28,fixed,reuse,,False,,,0,,4984,unavailable,623.0,unavailable,exact
03_dog_walk,fixed_awgn,29,fixed,reuse,,False,,,0,,4984,unavailable,623.0,unavailable,exact
03_dog_walk,fixed_awgn,3,fixed,reuse,,False,,,0,,4976,unavailable,622.0,unavailable,exact
03_dog_walk,fixed_awgn,30,fixed,reuse,,False,,,0,,4984,unavailable,623.0,unavailable,exact
03_dog_walk,fixed_awgn,31,fixed,reuse,,False,,,0,,4984,unavailable,623.0,unavailable,exact
03_dog_walk,fixed_awgn,32,fixed,keyframe,selected,True,,,32768,32768,2106456,unavailable,263307.0,unavailable,exact
03_dog_walk,fixed_awgn,33,fixed,reuse,,False,,,0,,4984,unavailable,623.0,unavailable,exact
03_dog_walk,fixed_awgn,34,fixed,reuse,,False,,,0,,4984,unavailable,623.0,unavailable,exact
03_dog_walk,fixed_awgn,35,fixed,reuse,,False,,,0,,4984,unavailable,623.0,unavailable,exact
03_dog_walk,fixed_awgn,36,fixed,reuse,,False,,,0,,4984,unavailable,623.0,unavailable,exact
03_dog_walk,fixed_awgn,37,fixed,reuse,,False,,,0,,4984,unavailable,623.0,unavailable,exact
03_dog_walk,fixed_awgn,38,fixed,reuse,,False,,,0,,4984,unavailable,623.0,unavailable,exact
03_dog_walk,fixed_awgn,39,fixed,reuse,,False,,,0,,4984,unavailable,623.0,unavailable,exact
03_dog_walk,fixed_awgn,4,fixed,reuse,,False,,,0,,4976,unavailable,622.0,unavailable,exact
03_dog_walk,fixed_awgn,40,fixed,reuse,,False,,,0,,4984,unavailable,623.0,unavailable,exact
03_dog_walk,fixed_awgn,41,fixed,reuse,,False,,,0,,4984,unavailable,623.0,unavailable,exact
03_dog_walk,fixed_awgn,42,fixed,reuse,,False,,,0,,4984,unavailable,623.0,unavailable,exact
03_dog_walk,fixed_awgn,43,fixed,reuse,,False,,,0,,4984,unavailable,623.0,unavailable,exact
03_dog_walk,fixed_awgn,44,fixed,reuse,,False,,,0,,4984,unavailable,623.0,unavailable,exact
03_dog_walk,fixed_awgn,45,fixed,reuse,,False,,,0,,4984,unavailable,623.0,unavailable,exact
03_dog_walk,fixed_awgn,46,fixed,reuse,,False,,,0,,4984,unavailable,623.0,unavailable,exact
03_dog_walk,fixed_awgn,47,fixed,reuse,,False,,,0,,4984,unavailable,623.0,unavailable,exact
03_dog_walk,fixed_awgn,48,fixed,keyframe,selected,True,,,32768,32768,2106456,unavailable,263307.0,unavailable,exact
03_dog_walk,fixed_awgn,49,fixed,reuse,,False,,,0,,4984,unavailable,623.0,unavailable,exact
03_dog_walk,fixed_awgn,5,fixed,reuse,,False,,,0,,4976,unavailable,622.0,unavailable,exact
03_dog_walk,fixed_awgn,50,fixed,reuse,,False,,,0,,4984,unavailable,623.0,unavailable,exact
03_dog_walk,fixed_awgn,51,fixed,reuse,,False,,,0,,4984,unavailable,623.0,unavailable,exact
03_dog_walk,fixed_awgn,52,fixed,reuse,,False,,,0,,4984,unavailable,623.0,unavailable,exact
03_dog_walk,fixed_awgn,53,fixed,reuse,,False,,,0,,4984,unavailable,623.0,unavailable,exact
03_dog_walk,fixed_awgn,54,fixed,reuse,,False,,,0,,4984,unavailable,623.0,unavailable,exact
03_dog_walk,fixed_awgn,55,fixed,reuse,,False,,,0,,4984,unavailable,623.0,unavailable,exact
03_dog_walk,fixed_awgn,56,fixed,reuse,,False,,,0,,4984,unavailable,623.0,unavailable,exact
03_dog_walk,fixed_awgn,57,fixed,reuse,,False,,,0,,4984,unavailable,623.0,unavailable,exact
03_dog_walk,fixed_awgn,58,fixed,reuse,,False,,,0,,4984,unavailable,623.0,unavailable,exact
03_dog_walk,fixed_awgn,59,fixed,reuse,,False,,,0,,4984,unavailable,623.0,unavailable,exact
03_dog_walk,fixed_awgn,6,fixed,reuse,,False,,,0,,4976,unavailable,622.0,unavailable,exact
03_dog_walk,fixed_awgn,60,fixed,reuse,,False,,,0,,4984,unavailable,623.0,unavailable,exact
03_dog_walk,fixed_awgn,61,fixed,reuse,,False,,,0,,4984,unavailable,623.0,unavailable,exact
03_dog_walk,fixed_awgn,62,fixed,reuse,,False,,,0,,4984,unavailable,623.0,unavailable,exact
03_dog_walk,fixed_awgn,63,fixed,reuse,,False,,,0,,4984,unavailable,623.0,unavailable,exact
03_dog_walk,fixed_awgn,64,fixed,keyframe,selected,True,,,32768,32768,2106456,unavailable,263307.0,unavailable,exact
03_dog_walk,fixed_awgn,65,fixed,reuse,,False,,,0,,4984,unavailable,623.0,unavailable,exact
03_dog_walk,fixed_awgn,66,fixed,reuse,,False,,,0,,4984,unavailable,623.0,unavailable,exact
03_dog_walk,fixed_awgn,67,fixed,reuse,,False,,,0,,4984,unavailable,623.0,unavailable,exact
03_dog_walk,fixed_awgn,68,fixed,reuse,,False,,,0,,4984,unavailable,623.0,unavailable,exact
03_dog_walk,fixed_awgn,69,fixed,reuse,,False,,,0,,4984,unavailable,623.0,unavailable,exact
03_dog_walk,fixed_awgn,7,fixed,reuse,,False,,,0,,4976,unavailable,622.0,unavailable,exact
03_dog_walk,fixed_awgn,70,fixed,reuse,,False,,,0,,4984,unavailable,623.0,unavailable,exact
03_dog_walk,fixed_awgn,71,fixed,reuse,,False,,,0,,4984,unavailable,623.0,unavailable,exact
03_dog_walk,fixed_awgn,72,fixed,reuse,,False,,,0,,4984,unavailable,623.0,unavailable,exact
03_dog_walk,fixed_awgn,73,fixed,reuse,,False,,,0,,4984,unavailable,623.0,unavailable,exact
03_dog_walk,fixed_awgn,74,fixed,reuse,,False,,,0,,4984,unavailable,623.0,unavailable,exact
03_dog_walk,fixed_awgn,75,fixed,reuse,,False,,,0,,4984,unavailable,623.0,unavailable,exact
03_dog_walk,fixed_awgn,76,fixed,reuse,,False,,,0,,4984,unavailable,623.0,unavailable,exact
03_dog_walk,fixed_awgn,77,fixed,reuse,,False,,,0,,4984,unavailable,623.0,unavailable,exact
03_dog_walk,fixed_awgn,78,fixed,reuse,,False,,,0,,4984,unavailable,623.0,unavailable,exact
03_dog_walk,fixed_awgn,79,fixed,reuse,,False,,,0,,4984,unavailable,623.0,unavailable,exact
03_dog_walk,fixed_awgn,8,fixed,reuse,,False,,,0,,4976,unavailable,622.0,unavailable,exact
03_dog_walk,fixed_awgn,80,fixed,keyframe,selected,True,,,32768,32768,2106456,unavailable,263307.0,unavailable,exact
03_dog_walk,fixed_awgn,81,fixed,reuse,,False,,,0,,4984,unavailable,623.0,unavailable,exact
03_dog_walk,fixed_awgn,82,fixed,reuse,,False,,,0,,4984,unavailable,623.0,unavailable,exact
03_dog_walk,fixed_awgn,83,fixed,reuse,,False,,,0,,4984,unavailable,623.0,unavailable,exact
03_dog_walk,fixed_awgn,84,fixed,reuse,,False,,,0,,4984,unavailable,623.0,unavailable,exact
03_dog_walk,fixed_awgn,85,fixed,reuse,,False,,,0,,4984,unavailable,623.0,unavailable,exact
03_dog_walk,fixed_awgn,86,fixed,reuse,,False,,,0,,4984,unavailable,623.0,unavailable,exact
03_dog_walk,fixed_awgn,87,fixed,reuse,,False,,,0,,4984,unavailable,623.0,unavailable,exact
03_dog_walk,fixed_awgn,88,fixed,reuse,,False,,,0,,4984,unavailable,623.0,unavailable,exact
03_dog_walk,fixed_awgn,89,fixed,reuse,,False,,,0,,4984,unavailable,623.0,unavailable,exact
03_dog_walk,fixed_awgn,9,fixed,reuse,,False,,,0,,4976,unavailable,622.0,unavailable,exact
03_dog_walk,fixed_awgn,90,fixed,reuse,,False,,,0,,4984,unavailable,623.0,unavailable,exact
03_dog_walk,fixed_awgn,91,fixed,reuse,,False,,,0,,4984,unavailable,623.0,unavailable,exact
03_dog_walk,fixed_awgn,92,fixed,reuse,,False,,,0,,4984,unavailable,623.0,unavailable,exact
03_dog_walk,fixed_awgn,93,fixed,reuse,,False,,,0,,4984,unavailable,623.0,unavailable,exact
03_dog_walk,fixed_awgn,94,fixed,reuse,,False,,,0,,4984,unavailable,623.0,unavailable,exact
03_dog_walk,fixed_awgn,95,fixed,reuse,,False,,,0,,4984,unavailable,623.0,unavailable,exact
03_dog_walk,fixed_awgn,96,fixed,keyframe,selected,True,,,32768,32768,2106456,unavailable,263307.0,unavailable,exact
03_dog_walk,fixed_awgn,97,fixed,reuse,,False,,,0,,4984,unavailable,623.0,unavailable,exact
03_dog_walk,fixed_awgn,98,fixed,reuse,,False,,,0,,4984,unavailable,623.0,unavailable,exact
03_dog_walk,fixed_awgn,99,fixed,reuse,,False,,,0,,4984,unavailable,623.0,unavailable,exact
03_dog_walk,fixed_float32,0,fixed,keyframe,first_frame,True,,,32768,,3161560,unavailable,395195.0,unavailable,exact
03_dog_walk,fixed_float32,1,fixed,reuse,,False,,,0,,5000,unavailable,625.0,unavailable,exact
03_dog_walk,fixed_float32,10,fixed,reuse,,False,,,0,,5008,unavailable,626.0,unavailable,exact
03_dog_walk,fixed_float32,11,fixed,reuse,,False,,,0,,5008,unavailable,626.0,unavailable,exact
03_dog_walk,fixed_float32,12,fixed,reuse,,False,,,0,,5008,unavailable,626.0,unavailable,exact
03_dog_walk,fixed_float32,13,fixed,reuse,,False,,,0,,5008,unavailable,626.0,unavailable,exact
03_dog_walk,fixed_float32,14,fixed,reuse,,False,,,0,,5008,unavailable,626.0,unavailable,exact
03_dog_walk,fixed_float32,15,fixed,reuse,,False,,,0,,5008,unavailable,626.0,unavailable,exact
03_dog_walk,fixed_float32,16,fixed,keyframe,selected,True,,,32768,,3161568,unavailable,395196.0,unavailable,exact
03_dog_walk,fixed_float32,17,fixed,reuse,,False,,,0,,5008,unavailable,626.0,unavailable,exact
03_dog_walk,fixed_float32,18,fixed,reuse,,False,,,0,,5008,unavailable,626.0,unavailable,exact
03_dog_walk,fixed_float32,19,fixed,reuse,,False,,,0,,5008,unavailable,626.0,unavailable,exact
03_dog_walk,fixed_float32,2,fixed,reuse,,False,,,0,,5000,unavailable,625.0,unavailable,exact
03_dog_walk,fixed_float32,20,fixed,reuse,,False,,,0,,5008,unavailable,626.0,unavailable,exact
03_dog_walk,fixed_float32,21,fixed,reuse,,False,,,0,,5008,unavailable,626.0,unavailable,exact
03_dog_walk,fixed_float32,22,fixed,reuse,,False,,,0,,5008,unavailable,626.0,unavailable,exact
03_dog_walk,fixed_float32,23,fixed,reuse,,False,,,0,,5008,unavailable,626.0,unavailable,exact
03_dog_walk,fixed_float32,24,fixed,reuse,,False,,,0,,5008,unavailable,626.0,unavailable,exact
03_dog_walk,fixed_float32,25,fixed,reuse,,False,,,0,,5008,unavailable,626.0,unavailable,exact
03_dog_walk,fixed_float32,26,fixed,reuse,,False,,,0,,5008,unavailable,626.0,unavailable,exact
03_dog_walk,fixed_float32,27,fixed,reuse,,False,,,0,,5008,unavailable,626.0,unavailable,exact
03_dog_walk,fixed_float32,28,fixed,reuse,,False,,,0,,5008,unavailable,626.0,unavailable,exact
03_dog_walk,fixed_float32,29,fixed,reuse,,False,,,0,,5008,unavailable,626.0,unavailable,exact
03_dog_walk,fixed_float32,3,fixed,reuse,,False,,,0,,5000,unavailable,625.0,unavailable,exact
03_dog_walk,fixed_float32,30,fixed,reuse,,False,,,0,,5008,unavailable,626.0,unavailable,exact
03_dog_walk,fixed_float32,31,fixed,reuse,,False,,,0,,5008,unavailable,626.0,unavailable,exact
03_dog_walk,fixed_float32,32,fixed,keyframe,selected,True,,,32768,,3161568,unavailable,395196.0,unavailable,exact
03_dog_walk,fixed_float32,33,fixed,reuse,,False,,,0,,5008,unavailable,626.0,unavailable,exact
03_dog_walk,fixed_float32,34,fixed,reuse,,False,,,0,,5008,unavailable,626.0,unavailable,exact
03_dog_walk,fixed_float32,35,fixed,reuse,,False,,,0,,5008,unavailable,626.0,unavailable,exact
03_dog_walk,fixed_float32,36,fixed,reuse,,False,,,0,,5008,unavailable,626.0,unavailable,exact
03_dog_walk,fixed_float32,37,fixed,reuse,,False,,,0,,5008,unavailable,626.0,unavailable,exact
03_dog_walk,fixed_float32,38,fixed,reuse,,False,,,0,,5008,unavailable,626.0,unavailable,exact
03_dog_walk,fixed_float32,39,fixed,reuse,,False,,,0,,5008,unavailable,626.0,unavailable,exact
03_dog_walk,fixed_float32,4,fixed,reuse,,False,,,0,,5000,unavailable,625.0,unavailable,exact
03_dog_walk,fixed_float32,40,fixed,reuse,,False,,,0,,5008,unavailable,626.0,unavailable,exact
03_dog_walk,fixed_float32,41,fixed,reuse,,False,,,0,,5008,unavailable,626.0,unavailable,exact
03_dog_walk,fixed_float32,42,fixed,reuse,,False,,,0,,5008,unavailable,626.0,unavailable,exact
03_dog_walk,fixed_float32,43,fixed,reuse,,False,,,0,,5008,unavailable,626.0,unavailable,exact
03_dog_walk,fixed_float32,44,fixed,reuse,,False,,,0,,5008,unavailable,626.0,unavailable,exact
03_dog_walk,fixed_float32,45,fixed,reuse,,False,,,0,,5008,unavailable,626.0,unavailable,exact
03_dog_walk,fixed_float32,46,fixed,reuse,,False,,,0,,5008,unavailable,626.0,unavailable,exact
03_dog_walk,fixed_float32,47,fixed,reuse,,False,,,0,,5008,unavailable,626.0,unavailable,exact
03_dog_walk,fixed_float32,48,fixed,keyframe,selected,True,,,32768,,3161568,unavailable,395196.0,unavailable,exact
03_dog_walk,fixed_float32,49,fixed,reuse,,False,,,0,,5008,unavailable,626.0,unavailable,exact
03_dog_walk,fixed_float32,5,fixed,reuse,,False,,,0,,5000,unavailable,625.0,unavailable,exact
03_dog_walk,fixed_float32,50,fixed,reuse,,False,,,0,,5008,unavailable,626.0,unavailable,exact
03_dog_walk,fixed_float32,51,fixed,reuse,,False,,,0,,5008,unavailable,626.0,unavailable,exact
03_dog_walk,fixed_float32,52,fixed,reuse,,False,,,0,,5008,unavailable,626.0,unavailable,exact
03_dog_walk,fixed_float32,53,fixed,reuse,,False,,,0,,5008,unavailable,626.0,unavailable,exact
03_dog_walk,fixed_float32,54,fixed,reuse,,False,,,0,,5008,unavailable,626.0,unavailable,exact
03_dog_walk,fixed_float32,55,fixed,reuse,,False,,,0,,5008,unavailable,626.0,unavailable,exact
03_dog_walk,fixed_float32,56,fixed,reuse,,False,,,0,,5008,unavailable,626.0,unavailable,exact
03_dog_walk,fixed_float32,57,fixed,reuse,,False,,,0,,5008,unavailable,626.0,unavailable,exact
03_dog_walk,fixed_float32,58,fixed,reuse,,False,,,0,,5008,unavailable,626.0,unavailable,exact
03_dog_walk,fixed_float32,59,fixed,reuse,,False,,,0,,5008,unavailable,626.0,unavailable,exact
03_dog_walk,fixed_float32,6,fixed,reuse,,False,,,0,,5000,unavailable,625.0,unavailable,exact
03_dog_walk,fixed_float32,60,fixed,reuse,,False,,,0,,5008,unavailable,626.0,unavailable,exact
03_dog_walk,fixed_float32,61,fixed,reuse,,False,,,0,,5008,unavailable,626.0,unavailable,exact
03_dog_walk,fixed_float32,62,fixed,reuse,,False,,,0,,5008,unavailable,626.0,unavailable,exact
03_dog_walk,fixed_float32,63,fixed,reuse,,False,,,0,,5008,unavailable,626.0,unavailable,exact
03_dog_walk,fixed_float32,64,fixed,keyframe,selected,True,,,32768,,3161568,unavailable,395196.0,unavailable,exact
03_dog_walk,fixed_float32,65,fixed,reuse,,False,,,0,,5008,unavailable,626.0,unavailable,exact
03_dog_walk,fixed_float32,66,fixed,reuse,,False,,,0,,5008,unavailable,626.0,unavailable,exact
03_dog_walk,fixed_float32,67,fixed,reuse,,False,,,0,,5008,unavailable,626.0,unavailable,exact
03_dog_walk,fixed_float32,68,fixed,reuse,,False,,,0,,5008,unavailable,626.0,unavailable,exact
03_dog_walk,fixed_float32,69,fixed,reuse,,False,,,0,,5008,unavailable,626.0,unavailable,exact
03_dog_walk,fixed_float32,7,fixed,reuse,,False,,,0,,5000,unavailable,625.0,unavailable,exact
03_dog_walk,fixed_float32,70,fixed,reuse,,False,,,0,,5008,unavailable,626.0,unavailable,exact
03_dog_walk,fixed_float32,71,fixed,reuse,,False,,,0,,5008,unavailable,626.0,unavailable,exact
03_dog_walk,fixed_float32,72,fixed,reuse,,False,,,0,,5008,unavailable,626.0,unavailable,exact
03_dog_walk,fixed_float32,73,fixed,reuse,,False,,,0,,5008,unavailable,626.0,unavailable,exact
03_dog_walk,fixed_float32,74,fixed,reuse,,False,,,0,,5008,unavailable,626.0,unavailable,exact
03_dog_walk,fixed_float32,75,fixed,reuse,,False,,,0,,5008,unavailable,626.0,unavailable,exact
03_dog_walk,fixed_float32,76,fixed,reuse,,False,,,0,,5008,unavailable,626.0,unavailable,exact
03_dog_walk,fixed_float32,77,fixed,reuse,,False,,,0,,5008,unavailable,626.0,unavailable,exact
03_dog_walk,fixed_float32,78,fixed,reuse,,False,,,0,,5008,unavailable,626.0,unavailable,exact
03_dog_walk,fixed_float32,79,fixed,reuse,,False,,,0,,5008,unavailable,626.0,unavailable,exact
03_dog_walk,fixed_float32,8,fixed,reuse,,False,,,0,,5000,unavailable,625.0,unavailable,exact
03_dog_walk,fixed_float32,80,fixed,keyframe,selected,True,,,32768,,3161568,unavailable,395196.0,unavailable,exact
03_dog_walk,fixed_float32,81,fixed,reuse,,False,,,0,,5008,unavailable,626.0,unavailable,exact
03_dog_walk,fixed_float32,82,fixed,reuse,,False,,,0,,5008,unavailable,626.0,unavailable,exact
03_dog_walk,fixed_float32,83,fixed,reuse,,False,,,0,,5008,unavailable,626.0,unavailable,exact
03_dog_walk,fixed_float32,84,fixed,reuse,,False,,,0,,5008,unavailable,626.0,unavailable,exact
03_dog_walk,fixed_float32,85,fixed,reuse,,False,,,0,,5008,unavailable,626.0,unavailable,exact
03_dog_walk,fixed_float32,86,fixed,reuse,,False,,,0,,5008,unavailable,626.0,unavailable,exact
03_dog_walk,fixed_float32,87,fixed,reuse,,False,,,0,,5008,unavailable,626.0,unavailable,exact
03_dog_walk,fixed_float32,88,fixed,reuse,,False,,,0,,5008,unavailable,626.0,unavailable,exact
03_dog_walk,fixed_float32,89,fixed,reuse,,False,,,0,,5008,unavailable,626.0,unavailable,exact
03_dog_walk,fixed_float32,9,fixed,reuse,,False,,,0,,5000,unavailable,625.0,unavailable,exact
03_dog_walk,fixed_float32,90,fixed,reuse,,False,,,0,,5008,unavailable,626.0,unavailable,exact
03_dog_walk,fixed_float32,91,fixed,reuse,,False,,,0,,5008,unavailable,626.0,unavailable,exact
03_dog_walk,fixed_float32,92,fixed,reuse,,False,,,0,,5008,unavailable,626.0,unavailable,exact
03_dog_walk,fixed_float32,93,fixed,reuse,,False,,,0,,5008,unavailable,626.0,unavailable,exact
03_dog_walk,fixed_float32,94,fixed,reuse,,False,,,0,,5008,unavailable,626.0,unavailable,exact
03_dog_walk,fixed_float32,95,fixed,reuse,,False,,,0,,5008,unavailable,626.0,unavailable,exact
03_dog_walk,fixed_float32,96,fixed,keyframe,selected,True,,,32768,,3161568,unavailable,395196.0,unavailable,exact
03_dog_walk,fixed_float32,97,fixed,reuse,,False,,,0,,5008,unavailable,626.0,unavailable,exact
03_dog_walk,fixed_float32,98,fixed,reuse,,False,,,0,,5008,unavailable,626.0,unavailable,exact
03_dog_walk,fixed_float32,99,fixed,reuse,,False,,,0,,5008,unavailable,626.0,unavailable,exact
03_dog_walk,fixed_int16,0,fixed,keyframe,first_frame,True,,,32768,,2637256,unavailable,329657.0,unavailable,exact
03_dog_walk,fixed_int16,1,fixed,reuse,,False,,,0,,4984,unavailable,623.0,unavailable,exact
03_dog_walk,fixed_int16,10,fixed,reuse,,False,,,0,,4992,unavailable,624.0,unavailable,exact
03_dog_walk,fixed_int16,11,fixed,reuse,,False,,,0,,4992,unavailable,624.0,unavailable,exact
03_dog_walk,fixed_int16,12,fixed,reuse,,False,,,0,,4992,unavailable,624.0,unavailable,exact
03_dog_walk,fixed_int16,13,fixed,reuse,,False,,,0,,4992,unavailable,624.0,unavailable,exact
03_dog_walk,fixed_int16,14,fixed,reuse,,False,,,0,,4992,unavailable,624.0,unavailable,exact
03_dog_walk,fixed_int16,15,fixed,reuse,,False,,,0,,4992,unavailable,624.0,unavailable,exact
03_dog_walk,fixed_int16,16,fixed,keyframe,selected,True,,,32768,,2637264,unavailable,329658.0,unavailable,exact
03_dog_walk,fixed_int16,17,fixed,reuse,,False,,,0,,4992,unavailable,624.0,unavailable,exact
03_dog_walk,fixed_int16,18,fixed,reuse,,False,,,0,,4992,unavailable,624.0,unavailable,exact
03_dog_walk,fixed_int16,19,fixed,reuse,,False,,,0,,4992,unavailable,624.0,unavailable,exact
03_dog_walk,fixed_int16,2,fixed,reuse,,False,,,0,,4984,unavailable,623.0,unavailable,exact
03_dog_walk,fixed_int16,20,fixed,reuse,,False,,,0,,4992,unavailable,624.0,unavailable,exact
03_dog_walk,fixed_int16,21,fixed,reuse,,False,,,0,,4992,unavailable,624.0,unavailable,exact
03_dog_walk,fixed_int16,22,fixed,reuse,,False,,,0,,4992,unavailable,624.0,unavailable,exact
03_dog_walk,fixed_int16,23,fixed,reuse,,False,,,0,,4992,unavailable,624.0,unavailable,exact
03_dog_walk,fixed_int16,24,fixed,reuse,,False,,,0,,4992,unavailable,624.0,unavailable,exact
03_dog_walk,fixed_int16,25,fixed,reuse,,False,,,0,,4992,unavailable,624.0,unavailable,exact
03_dog_walk,fixed_int16,26,fixed,reuse,,False,,,0,,4992,unavailable,624.0,unavailable,exact
03_dog_walk,fixed_int16,27,fixed,reuse,,False,,,0,,4992,unavailable,624.0,unavailable,exact
03_dog_walk,fixed_int16,28,fixed,reuse,,False,,,0,,4992,unavailable,624.0,unavailable,exact
03_dog_walk,fixed_int16,29,fixed,reuse,,False,,,0,,4992,unavailable,624.0,unavailable,exact
03_dog_walk,fixed_int16,3,fixed,reuse,,False,,,0,,4984,unavailable,623.0,unavailable,exact
03_dog_walk,fixed_int16,30,fixed,reuse,,False,,,0,,4992,unavailable,624.0,unavailable,exact
03_dog_walk,fixed_int16,31,fixed,reuse,,False,,,0,,4992,unavailable,624.0,unavailable,exact
03_dog_walk,fixed_int16,32,fixed,keyframe,selected,True,,,32768,,2637264,unavailable,329658.0,unavailable,exact
03_dog_walk,fixed_int16,33,fixed,reuse,,False,,,0,,4992,unavailable,624.0,unavailable,exact
03_dog_walk,fixed_int16,34,fixed,reuse,,False,,,0,,4992,unavailable,624.0,unavailable,exact
03_dog_walk,fixed_int16,35,fixed,reuse,,False,,,0,,4992,unavailable,624.0,unavailable,exact
03_dog_walk,fixed_int16,36,fixed,reuse,,False,,,0,,4992,unavailable,624.0,unavailable,exact
03_dog_walk,fixed_int16,37,fixed,reuse,,False,,,0,,4992,unavailable,624.0,unavailable,exact
03_dog_walk,fixed_int16,38,fixed,reuse,,False,,,0,,4992,unavailable,624.0,unavailable,exact
03_dog_walk,fixed_int16,39,fixed,reuse,,False,,,0,,4992,unavailable,624.0,unavailable,exact
03_dog_walk,fixed_int16,4,fixed,reuse,,False,,,0,,4984,unavailable,623.0,unavailable,exact
03_dog_walk,fixed_int16,40,fixed,reuse,,False,,,0,,4992,unavailable,624.0,unavailable,exact
03_dog_walk,fixed_int16,41,fixed,reuse,,False,,,0,,4992,unavailable,624.0,unavailable,exact
03_dog_walk,fixed_int16,42,fixed,reuse,,False,,,0,,4992,unavailable,624.0,unavailable,exact
03_dog_walk,fixed_int16,43,fixed,reuse,,False,,,0,,4992,unavailable,624.0,unavailable,exact
03_dog_walk,fixed_int16,44,fixed,reuse,,False,,,0,,4992,unavailable,624.0,unavailable,exact
03_dog_walk,fixed_int16,45,fixed,reuse,,False,,,0,,4992,unavailable,624.0,unavailable,exact
03_dog_walk,fixed_int16,46,fixed,reuse,,False,,,0,,4992,unavailable,624.0,unavailable,exact
03_dog_walk,fixed_int16,47,fixed,reuse,,False,,,0,,4992,unavailable,624.0,unavailable,exact
03_dog_walk,fixed_int16,48,fixed,keyframe,selected,True,,,32768,,2637264,unavailable,329658.0,unavailable,exact
03_dog_walk,fixed_int16,49,fixed,reuse,,False,,,0,,4992,unavailable,624.0,unavailable,exact
03_dog_walk,fixed_int16,5,fixed,reuse,,False,,,0,,4984,unavailable,623.0,unavailable,exact
03_dog_walk,fixed_int16,50,fixed,reuse,,False,,,0,,4992,unavailable,624.0,unavailable,exact
03_dog_walk,fixed_int16,51,fixed,reuse,,False,,,0,,4992,unavailable,624.0,unavailable,exact
03_dog_walk,fixed_int16,52,fixed,reuse,,False,,,0,,4992,unavailable,624.0,unavailable,exact
03_dog_walk,fixed_int16,53,fixed,reuse,,False,,,0,,4992,unavailable,624.0,unavailable,exact
03_dog_walk,fixed_int16,54,fixed,reuse,,False,,,0,,4992,unavailable,624.0,unavailable,exact
03_dog_walk,fixed_int16,55,fixed,reuse,,False,,,0,,4992,unavailable,624.0,unavailable,exact
03_dog_walk,fixed_int16,56,fixed,reuse,,False,,,0,,4992,unavailable,624.0,unavailable,exact
03_dog_walk,fixed_int16,57,fixed,reuse,,False,,,0,,4992,unavailable,624.0,unavailable,exact
03_dog_walk,fixed_int16,58,fixed,reuse,,False,,,0,,4992,unavailable,624.0,unavailable,exact
03_dog_walk,fixed_int16,59,fixed,reuse,,False,,,0,,4992,unavailable,624.0,unavailable,exact
03_dog_walk,fixed_int16,6,fixed,reuse,,False,,,0,,4984,unavailable,623.0,unavailable,exact
03_dog_walk,fixed_int16,60,fixed,reuse,,False,,,0,,4992,unavailable,624.0,unavailable,exact
03_dog_walk,fixed_int16,61,fixed,reuse,,False,,,0,,4992,unavailable,624.0,unavailable,exact
03_dog_walk,fixed_int16,62,fixed,reuse,,False,,,0,,4992,unavailable,624.0,unavailable,exact
03_dog_walk,fixed_int16,63,fixed,reuse,,False,,,0,,4992,unavailable,624.0,unavailable,exact
03_dog_walk,fixed_int16,64,fixed,keyframe,selected,True,,,32768,,2637264,unavailable,329658.0,unavailable,exact
03_dog_walk,fixed_int16,65,fixed,reuse,,False,,,0,,4992,unavailable,624.0,unavailable,exact
03_dog_walk,fixed_int16,66,fixed,reuse,,False,,,0,,4992,unavailable,624.0,unavailable,exact
03_dog_walk,fixed_int16,67,fixed,reuse,,False,,,0,,4992,unavailable,624.0,unavailable,exact
03_dog_walk,fixed_int16,68,fixed,reuse,,False,,,0,,4992,unavailable,624.0,unavailable,exact
03_dog_walk,fixed_int16,69,fixed,reuse,,False,,,0,,4992,unavailable,624.0,unavailable,exact
03_dog_walk,fixed_int16,7,fixed,reuse,,False,,,0,,4984,unavailable,623.0,unavailable,exact
03_dog_walk,fixed_int16,70,fixed,reuse,,False,,,0,,4992,unavailable,624.0,unavailable,exact
03_dog_walk,fixed_int16,71,fixed,reuse,,False,,,0,,4992,unavailable,624.0,unavailable,exact
03_dog_walk,fixed_int16,72,fixed,reuse,,False,,,0,,4992,unavailable,624.0,unavailable,exact
03_dog_walk,fixed_int16,73,fixed,reuse,,False,,,0,,4992,unavailable,624.0,unavailable,exact
03_dog_walk,fixed_int16,74,fixed,reuse,,False,,,0,,4992,unavailable,624.0,unavailable,exact
03_dog_walk,fixed_int16,75,fixed,reuse,,False,,,0,,4992,unavailable,624.0,unavailable,exact
03_dog_walk,fixed_int16,76,fixed,reuse,,False,,,0,,4992,unavailable,624.0,unavailable,exact
03_dog_walk,fixed_int16,77,fixed,reuse,,False,,,0,,4992,unavailable,624.0,unavailable,exact
03_dog_walk,fixed_int16,78,fixed,reuse,,False,,,0,,4992,unavailable,624.0,unavailable,exact
03_dog_walk,fixed_int16,79,fixed,reuse,,False,,,0,,4992,unavailable,624.0,unavailable,exact
03_dog_walk,fixed_int16,8,fixed,reuse,,False,,,0,,4984,unavailable,623.0,unavailable,exact
03_dog_walk,fixed_int16,80,fixed,keyframe,selected,True,,,32768,,2637264,unavailable,329658.0,unavailable,exact
03_dog_walk,fixed_int16,81,fixed,reuse,,False,,,0,,4992,unavailable,624.0,unavailable,exact
03_dog_walk,fixed_int16,82,fixed,reuse,,False,,,0,,4992,unavailable,624.0,unavailable,exact
03_dog_walk,fixed_int16,83,fixed,reuse,,False,,,0,,4992,unavailable,624.0,unavailable,exact
03_dog_walk,fixed_int16,84,fixed,reuse,,False,,,0,,4992,unavailable,624.0,unavailable,exact
03_dog_walk,fixed_int16,85,fixed,reuse,,False,,,0,,4992,unavailable,624.0,unavailable,exact
03_dog_walk,fixed_int16,86,fixed,reuse,,False,,,0,,4992,unavailable,624.0,unavailable,exact
03_dog_walk,fixed_int16,87,fixed,reuse,,False,,,0,,4992,unavailable,624.0,unavailable,exact
03_dog_walk,fixed_int16,88,fixed,reuse,,False,,,0,,4992,unavailable,624.0,unavailable,exact
03_dog_walk,fixed_int16,89,fixed,reuse,,False,,,0,,4992,unavailable,624.0,unavailable,exact
03_dog_walk,fixed_int16,9,fixed,reuse,,False,,,0,,4984,unavailable,623.0,unavailable,exact
03_dog_walk,fixed_int16,90,fixed,reuse,,False,,,0,,4992,unavailable,624.0,unavailable,exact
03_dog_walk,fixed_int16,91,fixed,reuse,,False,,,0,,4992,unavailable,624.0,unavailable,exact
03_dog_walk,fixed_int16,92,fixed,reuse,,False,,,0,,4992,unavailable,624.0,unavailable,exact
03_dog_walk,fixed_int16,93,fixed,reuse,,False,,,0,,4992,unavailable,624.0,unavailable,exact
03_dog_walk,fixed_int16,94,fixed,reuse,,False,,,0,,4992,unavailable,624.0,unavailable,exact
03_dog_walk,fixed_int16,95,fixed,reuse,,False,,,0,,4992,unavailable,624.0,unavailable,exact
03_dog_walk,fixed_int16,96,fixed,keyframe,selected,True,,,32768,,2637264,unavailable,329658.0,unavailable,exact
03_dog_walk,fixed_int16,97,fixed,reuse,,False,,,0,,4992,unavailable,624.0,unavailable,exact
03_dog_walk,fixed_int16,98,fixed,reuse,,False,,,0,,4992,unavailable,624.0,unavailable,exact
03_dog_walk,fixed_int16,99,fixed,reuse,,False,,,0,,4992,unavailable,624.0,unavailable,exact
03_dog_walk,fixed_int4,0,fixed,keyframe,first_frame,True,,,32768,,2244032,unavailable,280504.0,unavailable,exact
03_dog_walk,fixed_int4,1,fixed,reuse,,False,,,0,,4976,unavailable,622.0,unavailable,exact
03_dog_walk,fixed_int4,10,fixed,reuse,,False,,,0,,4984,unavailable,623.0,unavailable,exact
03_dog_walk,fixed_int4,11,fixed,reuse,,False,,,0,,4984,unavailable,623.0,unavailable,exact
03_dog_walk,fixed_int4,12,fixed,reuse,,False,,,0,,4984,unavailable,623.0,unavailable,exact
03_dog_walk,fixed_int4,13,fixed,reuse,,False,,,0,,4984,unavailable,623.0,unavailable,exact
03_dog_walk,fixed_int4,14,fixed,reuse,,False,,,0,,4984,unavailable,623.0,unavailable,exact
03_dog_walk,fixed_int4,15,fixed,reuse,,False,,,0,,4984,unavailable,623.0,unavailable,exact
03_dog_walk,fixed_int4,16,fixed,keyframe,selected,True,,,32768,,2244040,unavailable,280505.0,unavailable,exact
03_dog_walk,fixed_int4,17,fixed,reuse,,False,,,0,,4984,unavailable,623.0,unavailable,exact
03_dog_walk,fixed_int4,18,fixed,reuse,,False,,,0,,4984,unavailable,623.0,unavailable,exact
03_dog_walk,fixed_int4,19,fixed,reuse,,False,,,0,,4984,unavailable,623.0,unavailable,exact
03_dog_walk,fixed_int4,2,fixed,reuse,,False,,,0,,4976,unavailable,622.0,unavailable,exact
03_dog_walk,fixed_int4,20,fixed,reuse,,False,,,0,,4984,unavailable,623.0,unavailable,exact
03_dog_walk,fixed_int4,21,fixed,reuse,,False,,,0,,4984,unavailable,623.0,unavailable,exact
03_dog_walk,fixed_int4,22,fixed,reuse,,False,,,0,,4984,unavailable,623.0,unavailable,exact
03_dog_walk,fixed_int4,23,fixed,reuse,,False,,,0,,4984,unavailable,623.0,unavailable,exact
03_dog_walk,fixed_int4,24,fixed,reuse,,False,,,0,,4984,unavailable,623.0,unavailable,exact
03_dog_walk,fixed_int4,25,fixed,reuse,,False,,,0,,4984,unavailable,623.0,unavailable,exact
03_dog_walk,fixed_int4,26,fixed,reuse,,False,,,0,,4984,unavailable,623.0,unavailable,exact
03_dog_walk,fixed_int4,27,fixed,reuse,,False,,,0,,4984,unavailable,623.0,unavailable,exact
03_dog_walk,fixed_int4,28,fixed,reuse,,False,,,0,,4984,unavailable,623.0,unavailable,exact
03_dog_walk,fixed_int4,29,fixed,reuse,,False,,,0,,4984,unavailable,623.0,unavailable,exact
03_dog_walk,fixed_int4,3,fixed,reuse,,False,,,0,,4976,unavailable,622.0,unavailable,exact
03_dog_walk,fixed_int4,30,fixed,reuse,,False,,,0,,4984,unavailable,623.0,unavailable,exact
03_dog_walk,fixed_int4,31,fixed,reuse,,False,,,0,,4984,unavailable,623.0,unavailable,exact
03_dog_walk,fixed_int4,32,fixed,keyframe,selected,True,,,32768,,2244040,unavailable,280505.0,unavailable,exact
03_dog_walk,fixed_int4,33,fixed,reuse,,False,,,0,,4984,unavailable,623.0,unavailable,exact
03_dog_walk,fixed_int4,34,fixed,reuse,,False,,,0,,4984,unavailable,623.0,unavailable,exact
03_dog_walk,fixed_int4,35,fixed,reuse,,False,,,0,,4984,unavailable,623.0,unavailable,exact
03_dog_walk,fixed_int4,36,fixed,reuse,,False,,,0,,4984,unavailable,623.0,unavailable,exact
03_dog_walk,fixed_int4,37,fixed,reuse,,False,,,0,,4984,unavailable,623.0,unavailable,exact
03_dog_walk,fixed_int4,38,fixed,reuse,,False,,,0,,4984,unavailable,623.0,unavailable,exact
03_dog_walk,fixed_int4,39,fixed,reuse,,False,,,0,,4984,unavailable,623.0,unavailable,exact
03_dog_walk,fixed_int4,4,fixed,reuse,,False,,,0,,4976,unavailable,622.0,unavailable,exact
03_dog_walk,fixed_int4,40,fixed,reuse,,False,,,0,,4984,unavailable,623.0,unavailable,exact
03_dog_walk,fixed_int4,41,fixed,reuse,,False,,,0,,4984,unavailable,623.0,unavailable,exact
03_dog_walk,fixed_int4,42,fixed,reuse,,False,,,0,,4984,unavailable,623.0,unavailable,exact
03_dog_walk,fixed_int4,43,fixed,reuse,,False,,,0,,4984,unavailable,623.0,unavailable,exact
03_dog_walk,fixed_int4,44,fixed,reuse,,False,,,0,,4984,unavailable,623.0,unavailable,exact
03_dog_walk,fixed_int4,45,fixed,reuse,,False,,,0,,4984,unavailable,623.0,unavailable,exact
03_dog_walk,fixed_int4,46,fixed,reuse,,False,,,0,,4984,unavailable,623.0,unavailable,exact
03_dog_walk,fixed_int4,47,fixed,reuse,,False,,,0,,4984,unavailable,623.0,unavailable,exact
03_dog_walk,fixed_int4,48,fixed,keyframe,selected,True,,,32768,,2244040,unavailable,280505.0,unavailable,exact
03_dog_walk,fixed_int4,49,fixed,reuse,,False,,,0,,4984,unavailable,623.0,unavailable,exact
03_dog_walk,fixed_int4,5,fixed,reuse,,False,,,0,,4976,unavailable,622.0,unavailable,exact
03_dog_walk,fixed_int4,50,fixed,reuse,,False,,,0,,4984,unavailable,623.0,unavailable,exact
03_dog_walk,fixed_int4,51,fixed,reuse,,False,,,0,,4984,unavailable,623.0,unavailable,exact
03_dog_walk,fixed_int4,52,fixed,reuse,,False,,,0,,4984,unavailable,623.0,unavailable,exact
03_dog_walk,fixed_int4,53,fixed,reuse,,False,,,0,,4984,unavailable,623.0,unavailable,exact
03_dog_walk,fixed_int4,54,fixed,reuse,,False,,,0,,4984,unavailable,623.0,unavailable,exact
03_dog_walk,fixed_int4,55,fixed,reuse,,False,,,0,,4984,unavailable,623.0,unavailable,exact
03_dog_walk,fixed_int4,56,fixed,reuse,,False,,,0,,4984,unavailable,623.0,unavailable,exact
03_dog_walk,fixed_int4,57,fixed,reuse,,False,,,0,,4984,unavailable,623.0,unavailable,exact
03_dog_walk,fixed_int4,58,fixed,reuse,,False,,,0,,4984,unavailable,623.0,unavailable,exact
03_dog_walk,fixed_int4,59,fixed,reuse,,False,,,0,,4984,unavailable,623.0,unavailable,exact
03_dog_walk,fixed_int4,6,fixed,reuse,,False,,,0,,4976,unavailable,622.0,unavailable,exact
03_dog_walk,fixed_int4,60,fixed,reuse,,False,,,0,,4984,unavailable,623.0,unavailable,exact
03_dog_walk,fixed_int4,61,fixed,reuse,,False,,,0,,4984,unavailable,623.0,unavailable,exact
03_dog_walk,fixed_int4,62,fixed,reuse,,False,,,0,,4984,unavailable,623.0,unavailable,exact
03_dog_walk,fixed_int4,63,fixed,reuse,,False,,,0,,4984,unavailable,623.0,unavailable,exact
03_dog_walk,fixed_int4,64,fixed,keyframe,selected,True,,,32768,,2244040,unavailable,280505.0,unavailable,exact
03_dog_walk,fixed_int4,65,fixed,reuse,,False,,,0,,4984,unavailable,623.0,unavailable,exact
03_dog_walk,fixed_int4,66,fixed,reuse,,False,,,0,,4984,unavailable,623.0,unavailable,exact
03_dog_walk,fixed_int4,67,fixed,reuse,,False,,,0,,4984,unavailable,623.0,unavailable,exact
03_dog_walk,fixed_int4,68,fixed,reuse,,False,,,0,,4984,unavailable,623.0,unavailable,exact
03_dog_walk,fixed_int4,69,fixed,reuse,,False,,,0,,4984,unavailable,623.0,unavailable,exact
03_dog_walk,fixed_int4,7,fixed,reuse,,False,,,0,,4976,unavailable,622.0,unavailable,exact
03_dog_walk,fixed_int4,70,fixed,reuse,,False,,,0,,4984,unavailable,623.0,unavailable,exact
03_dog_walk,fixed_int4,71,fixed,reuse,,False,,,0,,4984,unavailable,623.0,unavailable,exact
03_dog_walk,fixed_int4,72,fixed,reuse,,False,,,0,,4984,unavailable,623.0,unavailable,exact
03_dog_walk,fixed_int4,73,fixed,reuse,,False,,,0,,4984,unavailable,623.0,unavailable,exact
03_dog_walk,fixed_int4,74,fixed,reuse,,False,,,0,,4984,unavailable,623.0,unavailable,exact
03_dog_walk,fixed_int4,75,fixed,reuse,,False,,,0,,4984,unavailable,623.0,unavailable,exact
03_dog_walk,fixed_int4,76,fixed,reuse,,False,,,0,,4984,unavailable,623.0,unavailable,exact
03_dog_walk,fixed_int4,77,fixed,reuse,,False,,,0,,4984,unavailable,623.0,unavailable,exact
03_dog_walk,fixed_int4,78,fixed,reuse,,False,,,0,,4984,unavailable,623.0,unavailable,exact
03_dog_walk,fixed_int4,79,fixed,reuse,,False,,,0,,4984,unavailable,623.0,unavailable,exact
03_dog_walk,fixed_int4,8,fixed,reuse,,False,,,0,,4976,unavailable,622.0,unavailable,exact
03_dog_walk,fixed_int4,80,fixed,keyframe,selected,True,,,32768,,2244040,unavailable,280505.0,unavailable,exact
03_dog_walk,fixed_int4,81,fixed,reuse,,False,,,0,,4984,unavailable,623.0,unavailable,exact
03_dog_walk,fixed_int4,82,fixed,reuse,,False,,,0,,4984,unavailable,623.0,unavailable,exact
03_dog_walk,fixed_int4,83,fixed,reuse,,False,,,0,,4984,unavailable,623.0,unavailable,exact
03_dog_walk,fixed_int4,84,fixed,reuse,,False,,,0,,4984,unavailable,623.0,unavailable,exact
03_dog_walk,fixed_int4,85,fixed,reuse,,False,,,0,,4984,unavailable,623.0,unavailable,exact
03_dog_walk,fixed_int4,86,fixed,reuse,,False,,,0,,4984,unavailable,623.0,unavailable,exact
03_dog_walk,fixed_int4,87,fixed,reuse,,False,,,0,,4984,unavailable,623.0,unavailable,exact
03_dog_walk,fixed_int4,88,fixed,reuse,,False,,,0,,4984,unavailable,623.0,unavailable,exact
03_dog_walk,fixed_int4,89,fixed,reuse,,False,,,0,,4984,unavailable,623.0,unavailable,exact
03_dog_walk,fixed_int4,9,fixed,reuse,,False,,,0,,4976,unavailable,622.0,unavailable,exact
03_dog_walk,fixed_int4,90,fixed,reuse,,False,,,0,,4984,unavailable,623.0,unavailable,exact
03_dog_walk,fixed_int4,91,fixed,reuse,,False,,,0,,4984,unavailable,623.0,unavailable,exact
03_dog_walk,fixed_int4,92,fixed,reuse,,False,,,0,,4984,unavailable,623.0,unavailable,exact
03_dog_walk,fixed_int4,93,fixed,reuse,,False,,,0,,4984,unavailable,623.0,unavailable,exact
03_dog_walk,fixed_int4,94,fixed,reuse,,False,,,0,,4984,unavailable,623.0,unavailable,exact
03_dog_walk,fixed_int4,95,fixed,reuse,,False,,,0,,4984,unavailable,623.0,unavailable,exact
03_dog_walk,fixed_int4,96,fixed,keyframe,selected,True,,,32768,,2244040,unavailable,280505.0,unavailable,exact
03_dog_walk,fixed_int4,97,fixed,reuse,,False,,,0,,4984,unavailable,623.0,unavailable,exact
03_dog_walk,fixed_int4,98,fixed,reuse,,False,,,0,,4984,unavailable,623.0,unavailable,exact
03_dog_walk,fixed_int4,99,fixed,reuse,,False,,,0,,4984,unavailable,623.0,unavailable,exact
03_dog_walk,fixed_int6,0,fixed,keyframe,first_frame,True,,,32768,,2309568,unavailable,288696.0,unavailable,exact
03_dog_walk,fixed_int6,1,fixed,reuse,,False,,,0,,4976,unavailable,622.0,unavailable,exact
03_dog_walk,fixed_int6,10,fixed,reuse,,False,,,0,,4984,unavailable,623.0,unavailable,exact
03_dog_walk,fixed_int6,11,fixed,reuse,,False,,,0,,4984,unavailable,623.0,unavailable,exact
03_dog_walk,fixed_int6,12,fixed,reuse,,False,,,0,,4984,unavailable,623.0,unavailable,exact
03_dog_walk,fixed_int6,13,fixed,reuse,,False,,,0,,4984,unavailable,623.0,unavailable,exact
03_dog_walk,fixed_int6,14,fixed,reuse,,False,,,0,,4984,unavailable,623.0,unavailable,exact
03_dog_walk,fixed_int6,15,fixed,reuse,,False,,,0,,4984,unavailable,623.0,unavailable,exact
03_dog_walk,fixed_int6,16,fixed,keyframe,selected,True,,,32768,,2309576,unavailable,288697.0,unavailable,exact
03_dog_walk,fixed_int6,17,fixed,reuse,,False,,,0,,4984,unavailable,623.0,unavailable,exact
03_dog_walk,fixed_int6,18,fixed,reuse,,False,,,0,,4984,unavailable,623.0,unavailable,exact
03_dog_walk,fixed_int6,19,fixed,reuse,,False,,,0,,4984,unavailable,623.0,unavailable,exact
03_dog_walk,fixed_int6,2,fixed,reuse,,False,,,0,,4976,unavailable,622.0,unavailable,exact
03_dog_walk,fixed_int6,20,fixed,reuse,,False,,,0,,4984,unavailable,623.0,unavailable,exact
03_dog_walk,fixed_int6,21,fixed,reuse,,False,,,0,,4984,unavailable,623.0,unavailable,exact
03_dog_walk,fixed_int6,22,fixed,reuse,,False,,,0,,4984,unavailable,623.0,unavailable,exact
03_dog_walk,fixed_int6,23,fixed,reuse,,False,,,0,,4984,unavailable,623.0,unavailable,exact
03_dog_walk,fixed_int6,24,fixed,reuse,,False,,,0,,4984,unavailable,623.0,unavailable,exact
03_dog_walk,fixed_int6,25,fixed,reuse,,False,,,0,,4984,unavailable,623.0,unavailable,exact
03_dog_walk,fixed_int6,26,fixed,reuse,,False,,,0,,4984,unavailable,623.0,unavailable,exact
03_dog_walk,fixed_int6,27,fixed,reuse,,False,,,0,,4984,unavailable,623.0,unavailable,exact
03_dog_walk,fixed_int6,28,fixed,reuse,,False,,,0,,4984,unavailable,623.0,unavailable,exact
03_dog_walk,fixed_int6,29,fixed,reuse,,False,,,0,,4984,unavailable,623.0,unavailable,exact
03_dog_walk,fixed_int6,3,fixed,reuse,,False,,,0,,4976,unavailable,622.0,unavailable,exact
03_dog_walk,fixed_int6,30,fixed,reuse,,False,,,0,,4984,unavailable,623.0,unavailable,exact
03_dog_walk,fixed_int6,31,fixed,reuse,,False,,,0,,4984,unavailable,623.0,unavailable,exact
03_dog_walk,fixed_int6,32,fixed,keyframe,selected,True,,,32768,,2309576,unavailable,288697.0,unavailable,exact
03_dog_walk,fixed_int6,33,fixed,reuse,,False,,,0,,4984,unavailable,623.0,unavailable,exact
03_dog_walk,fixed_int6,34,fixed,reuse,,False,,,0,,4984,unavailable,623.0,unavailable,exact
03_dog_walk,fixed_int6,35,fixed,reuse,,False,,,0,,4984,unavailable,623.0,unavailable,exact
03_dog_walk,fixed_int6,36,fixed,reuse,,False,,,0,,4984,unavailable,623.0,unavailable,exact
03_dog_walk,fixed_int6,37,fixed,reuse,,False,,,0,,4984,unavailable,623.0,unavailable,exact
03_dog_walk,fixed_int6,38,fixed,reuse,,False,,,0,,4984,unavailable,623.0,unavailable,exact
03_dog_walk,fixed_int6,39,fixed,reuse,,False,,,0,,4984,unavailable,623.0,unavailable,exact
03_dog_walk,fixed_int6,4,fixed,reuse,,False,,,0,,4976,unavailable,622.0,unavailable,exact
03_dog_walk,fixed_int6,40,fixed,reuse,,False,,,0,,4984,unavailable,623.0,unavailable,exact
03_dog_walk,fixed_int6,41,fixed,reuse,,False,,,0,,4984,unavailable,623.0,unavailable,exact
03_dog_walk,fixed_int6,42,fixed,reuse,,False,,,0,,4984,unavailable,623.0,unavailable,exact
03_dog_walk,fixed_int6,43,fixed,reuse,,False,,,0,,4984,unavailable,623.0,unavailable,exact
03_dog_walk,fixed_int6,44,fixed,reuse,,False,,,0,,4984,unavailable,623.0,unavailable,exact
03_dog_walk,fixed_int6,45,fixed,reuse,,False,,,0,,4984,unavailable,623.0,unavailable,exact
03_dog_walk,fixed_int6,46,fixed,reuse,,False,,,0,,4984,unavailable,623.0,unavailable,exact
03_dog_walk,fixed_int6,47,fixed,reuse,,False,,,0,,4984,unavailable,623.0,unavailable,exact
03_dog_walk,fixed_int6,48,fixed,keyframe,selected,True,,,32768,,2309576,unavailable,288697.0,unavailable,exact
03_dog_walk,fixed_int6,49,fixed,reuse,,False,,,0,,4984,unavailable,623.0,unavailable,exact
03_dog_walk,fixed_int6,5,fixed,reuse,,False,,,0,,4976,unavailable,622.0,unavailable,exact
03_dog_walk,fixed_int6,50,fixed,reuse,,False,,,0,,4984,unavailable,623.0,unavailable,exact
03_dog_walk,fixed_int6,51,fixed,reuse,,False,,,0,,4984,unavailable,623.0,unavailable,exact
03_dog_walk,fixed_int6,52,fixed,reuse,,False,,,0,,4984,unavailable,623.0,unavailable,exact
03_dog_walk,fixed_int6,53,fixed,reuse,,False,,,0,,4984,unavailable,623.0,unavailable,exact
03_dog_walk,fixed_int6,54,fixed,reuse,,False,,,0,,4984,unavailable,623.0,unavailable,exact
03_dog_walk,fixed_int6,55,fixed,reuse,,False,,,0,,4984,unavailable,623.0,unavailable,exact
03_dog_walk,fixed_int6,56,fixed,reuse,,False,,,0,,4984,unavailable,623.0,unavailable,exact
03_dog_walk,fixed_int6,57,fixed,reuse,,False,,,0,,4984,unavailable,623.0,unavailable,exact
03_dog_walk,fixed_int6,58,fixed,reuse,,False,,,0,,4984,unavailable,623.0,unavailable,exact
03_dog_walk,fixed_int6,59,fixed,reuse,,False,,,0,,4984,unavailable,623.0,unavailable,exact
03_dog_walk,fixed_int6,6,fixed,reuse,,False,,,0,,4976,unavailable,622.0,unavailable,exact
03_dog_walk,fixed_int6,60,fixed,reuse,,False,,,0,,4984,unavailable,623.0,unavailable,exact
03_dog_walk,fixed_int6,61,fixed,reuse,,False,,,0,,4984,unavailable,623.0,unavailable,exact
03_dog_walk,fixed_int6,62,fixed,reuse,,False,,,0,,4984,unavailable,623.0,unavailable,exact
03_dog_walk,fixed_int6,63,fixed,reuse,,False,,,0,,4984,unavailable,623.0,unavailable,exact
03_dog_walk,fixed_int6,64,fixed,keyframe,selected,True,,,32768,,2309576,unavailable,288697.0,unavailable,exact
03_dog_walk,fixed_int6,65,fixed,reuse,,False,,,0,,4984,unavailable,623.0,unavailable,exact
03_dog_walk,fixed_int6,66,fixed,reuse,,False,,,0,,4984,unavailable,623.0,unavailable,exact
03_dog_walk,fixed_int6,67,fixed,reuse,,False,,,0,,4984,unavailable,623.0,unavailable,exact
03_dog_walk,fixed_int6,68,fixed,reuse,,False,,,0,,4984,unavailable,623.0,unavailable,exact
03_dog_walk,fixed_int6,69,fixed,reuse,,False,,,0,,4984,unavailable,623.0,unavailable,exact
03_dog_walk,fixed_int6,7,fixed,reuse,,False,,,0,,4976,unavailable,622.0,unavailable,exact
03_dog_walk,fixed_int6,70,fixed,reuse,,False,,,0,,4984,unavailable,623.0,unavailable,exact
03_dog_walk,fixed_int6,71,fixed,reuse,,False,,,0,,4984,unavailable,623.0,unavailable,exact
03_dog_walk,fixed_int6,72,fixed,reuse,,False,,,0,,4984,unavailable,623.0,unavailable,exact
03_dog_walk,fixed_int6,73,fixed,reuse,,False,,,0,,4984,unavailable,623.0,unavailable,exact
03_dog_walk,fixed_int6,74,fixed,reuse,,False,,,0,,4984,unavailable,623.0,unavailable,exact
03_dog_walk,fixed_int6,75,fixed,reuse,,False,,,0,,4984,unavailable,623.0,unavailable,exact
03_dog_walk,fixed_int6,76,fixed,reuse,,False,,,0,,4984,unavailable,623.0,unavailable,exact
03_dog_walk,fixed_int6,77,fixed,reuse,,False,,,0,,4984,unavailable,623.0,unavailable,exact
03_dog_walk,fixed_int6,78,fixed,reuse,,False,,,0,,4984,unavailable,623.0,unavailable,exact
03_dog_walk,fixed_int6,79,fixed,reuse,,False,,,0,,4984,unavailable,623.0,unavailable,exact
03_dog_walk,fixed_int6,8,fixed,reuse,,False,,,0,,4976,unavailable,622.0,unavailable,exact
03_dog_walk,fixed_int6,80,fixed,keyframe,selected,True,,,32768,,2309576,unavailable,288697.0,unavailable,exact
03_dog_walk,fixed_int6,81,fixed,reuse,,False,,,0,,4984,unavailable,623.0,unavailable,exact
03_dog_walk,fixed_int6,82,fixed,reuse,,False,,,0,,4984,unavailable,623.0,unavailable,exact
03_dog_walk,fixed_int6,83,fixed,reuse,,False,,,0,,4984,unavailable,623.0,unavailable,exact
03_dog_walk,fixed_int6,84,fixed,reuse,,False,,,0,,4984,unavailable,623.0,unavailable,exact
03_dog_walk,fixed_int6,85,fixed,reuse,,False,,,0,,4984,unavailable,623.0,unavailable,exact
03_dog_walk,fixed_int6,86,fixed,reuse,,False,,,0,,4984,unavailable,623.0,unavailable,exact
03_dog_walk,fixed_int6,87,fixed,reuse,,False,,,0,,4984,unavailable,623.0,unavailable,exact
03_dog_walk,fixed_int6,88,fixed,reuse,,False,,,0,,4984,unavailable,623.0,unavailable,exact
03_dog_walk,fixed_int6,89,fixed,reuse,,False,,,0,,4984,unavailable,623.0,unavailable,exact
03_dog_walk,fixed_int6,9,fixed,reuse,,False,,,0,,4976,unavailable,622.0,unavailable,exact
03_dog_walk,fixed_int6,90,fixed,reuse,,False,,,0,,4984,unavailable,623.0,unavailable,exact
03_dog_walk,fixed_int6,91,fixed,reuse,,False,,,0,,4984,unavailable,623.0,unavailable,exact
03_dog_walk,fixed_int6,92,fixed,reuse,,False,,,0,,4984,unavailable,623.0,unavailable,exact
03_dog_walk,fixed_int6,93,fixed,reuse,,False,,,0,,4984,unavailable,623.0,unavailable,exact
03_dog_walk,fixed_int6,94,fixed,reuse,,False,,,0,,4984,unavailable,623.0,unavailable,exact
03_dog_walk,fixed_int6,95,fixed,reuse,,False,,,0,,4984,unavailable,623.0,unavailable,exact
03_dog_walk,fixed_int6,96,fixed,keyframe,selected,True,,,32768,,2309576,unavailable,288697.0,unavailable,exact
03_dog_walk,fixed_int6,97,fixed,reuse,,False,,,0,,4984,unavailable,623.0,unavailable,exact
03_dog_walk,fixed_int6,98,fixed,reuse,,False,,,0,,4984,unavailable,623.0,unavailable,exact
03_dog_walk,fixed_int6,99,fixed,reuse,,False,,,0,,4984,unavailable,623.0,unavailable,exact
03_dog_walk,fixed_int8,0,fixed,keyframe,first_frame,True,,,32768,,2375104,unavailable,296888.0,unavailable,exact
03_dog_walk,fixed_int8,1,fixed,reuse,,False,,,0,,4976,unavailable,622.0,unavailable,exact
03_dog_walk,fixed_int8,10,fixed,reuse,,False,,,0,,4984,unavailable,623.0,unavailable,exact
03_dog_walk,fixed_int8,11,fixed,reuse,,False,,,0,,4984,unavailable,623.0,unavailable,exact
03_dog_walk,fixed_int8,12,fixed,reuse,,False,,,0,,4984,unavailable,623.0,unavailable,exact
03_dog_walk,fixed_int8,13,fixed,reuse,,False,,,0,,4984,unavailable,623.0,unavailable,exact
03_dog_walk,fixed_int8,14,fixed,reuse,,False,,,0,,4984,unavailable,623.0,unavailable,exact
03_dog_walk,fixed_int8,15,fixed,reuse,,False,,,0,,4984,unavailable,623.0,unavailable,exact
03_dog_walk,fixed_int8,16,fixed,keyframe,selected,True,,,32768,,2375112,unavailable,296889.0,unavailable,exact
03_dog_walk,fixed_int8,17,fixed,reuse,,False,,,0,,4984,unavailable,623.0,unavailable,exact
03_dog_walk,fixed_int8,18,fixed,reuse,,False,,,0,,4984,unavailable,623.0,unavailable,exact
03_dog_walk,fixed_int8,19,fixed,reuse,,False,,,0,,4984,unavailable,623.0,unavailable,exact
03_dog_walk,fixed_int8,2,fixed,reuse,,False,,,0,,4976,unavailable,622.0,unavailable,exact
03_dog_walk,fixed_int8,20,fixed,reuse,,False,,,0,,4984,unavailable,623.0,unavailable,exact
03_dog_walk,fixed_int8,21,fixed,reuse,,False,,,0,,4984,unavailable,623.0,unavailable,exact
03_dog_walk,fixed_int8,22,fixed,reuse,,False,,,0,,4984,unavailable,623.0,unavailable,exact
03_dog_walk,fixed_int8,23,fixed,reuse,,False,,,0,,4984,unavailable,623.0,unavailable,exact
03_dog_walk,fixed_int8,24,fixed,reuse,,False,,,0,,4984,unavailable,623.0,unavailable,exact
03_dog_walk,fixed_int8,25,fixed,reuse,,False,,,0,,4984,unavailable,623.0,unavailable,exact
03_dog_walk,fixed_int8,26,fixed,reuse,,False,,,0,,4984,unavailable,623.0,unavailable,exact
03_dog_walk,fixed_int8,27,fixed,reuse,,False,,,0,,4984,unavailable,623.0,unavailable,exact
03_dog_walk,fixed_int8,28,fixed,reuse,,False,,,0,,4984,unavailable,623.0,unavailable,exact
03_dog_walk,fixed_int8,29,fixed,reuse,,False,,,0,,4984,unavailable,623.0,unavailable,exact
03_dog_walk,fixed_int8,3,fixed,reuse,,False,,,0,,4976,unavailable,622.0,unavailable,exact
03_dog_walk,fixed_int8,30,fixed,reuse,,False,,,0,,4984,unavailable,623.0,unavailable,exact
03_dog_walk,fixed_int8,31,fixed,reuse,,False,,,0,,4984,unavailable,623.0,unavailable,exact
03_dog_walk,fixed_int8,32,fixed,keyframe,selected,True,,,32768,,2375112,unavailable,296889.0,unavailable,exact
03_dog_walk,fixed_int8,33,fixed,reuse,,False,,,0,,4984,unavailable,623.0,unavailable,exact
03_dog_walk,fixed_int8,34,fixed,reuse,,False,,,0,,4984,unavailable,623.0,unavailable,exact
03_dog_walk,fixed_int8,35,fixed,reuse,,False,,,0,,4984,unavailable,623.0,unavailable,exact
03_dog_walk,fixed_int8,36,fixed,reuse,,False,,,0,,4984,unavailable,623.0,unavailable,exact
03_dog_walk,fixed_int8,37,fixed,reuse,,False,,,0,,4984,unavailable,623.0,unavailable,exact
03_dog_walk,fixed_int8,38,fixed,reuse,,False,,,0,,4984,unavailable,623.0,unavailable,exact
03_dog_walk,fixed_int8,39,fixed,reuse,,False,,,0,,4984,unavailable,623.0,unavailable,exact
03_dog_walk,fixed_int8,4,fixed,reuse,,False,,,0,,4976,unavailable,622.0,unavailable,exact
03_dog_walk,fixed_int8,40,fixed,reuse,,False,,,0,,4984,unavailable,623.0,unavailable,exact
03_dog_walk,fixed_int8,41,fixed,reuse,,False,,,0,,4984,unavailable,623.0,unavailable,exact
03_dog_walk,fixed_int8,42,fixed,reuse,,False,,,0,,4984,unavailable,623.0,unavailable,exact
03_dog_walk,fixed_int8,43,fixed,reuse,,False,,,0,,4984,unavailable,623.0,unavailable,exact
03_dog_walk,fixed_int8,44,fixed,reuse,,False,,,0,,4984,unavailable,623.0,unavailable,exact
03_dog_walk,fixed_int8,45,fixed,reuse,,False,,,0,,4984,unavailable,623.0,unavailable,exact
03_dog_walk,fixed_int8,46,fixed,reuse,,False,,,0,,4984,unavailable,623.0,unavailable,exact
03_dog_walk,fixed_int8,47,fixed,reuse,,False,,,0,,4984,unavailable,623.0,unavailable,exact
03_dog_walk,fixed_int8,48,fixed,keyframe,selected,True,,,32768,,2375112,unavailable,296889.0,unavailable,exact
03_dog_walk,fixed_int8,49,fixed,reuse,,False,,,0,,4984,unavailable,623.0,unavailable,exact
03_dog_walk,fixed_int8,5,fixed,reuse,,False,,,0,,4976,unavailable,622.0,unavailable,exact
03_dog_walk,fixed_int8,50,fixed,reuse,,False,,,0,,4984,unavailable,623.0,unavailable,exact
03_dog_walk,fixed_int8,51,fixed,reuse,,False,,,0,,4984,unavailable,623.0,unavailable,exact
03_dog_walk,fixed_int8,52,fixed,reuse,,False,,,0,,4984,unavailable,623.0,unavailable,exact
03_dog_walk,fixed_int8,53,fixed,reuse,,False,,,0,,4984,unavailable,623.0,unavailable,exact
03_dog_walk,fixed_int8,54,fixed,reuse,,False,,,0,,4984,unavailable,623.0,unavailable,exact
03_dog_walk,fixed_int8,55,fixed,reuse,,False,,,0,,4984,unavailable,623.0,unavailable,exact
03_dog_walk,fixed_int8,56,fixed,reuse,,False,,,0,,4984,unavailable,623.0,unavailable,exact
03_dog_walk,fixed_int8,57,fixed,reuse,,False,,,0,,4984,unavailable,623.0,unavailable,exact
03_dog_walk,fixed_int8,58,fixed,reuse,,False,,,0,,4984,unavailable,623.0,unavailable,exact
03_dog_walk,fixed_int8,59,fixed,reuse,,False,,,0,,4984,unavailable,623.0,unavailable,exact
03_dog_walk,fixed_int8,6,fixed,reuse,,False,,,0,,4976,unavailable,622.0,unavailable,exact
03_dog_walk,fixed_int8,60,fixed,reuse,,False,,,0,,4984,unavailable,623.0,unavailable,exact
03_dog_walk,fixed_int8,61,fixed,reuse,,False,,,0,,4984,unavailable,623.0,unavailable,exact
03_dog_walk,fixed_int8,62,fixed,reuse,,False,,,0,,4984,unavailable,623.0,unavailable,exact
03_dog_walk,fixed_int8,63,fixed,reuse,,False,,,0,,4984,unavailable,623.0,unavailable,exact
03_dog_walk,fixed_int8,64,fixed,keyframe,selected,True,,,32768,,2375112,unavailable,296889.0,unavailable,exact
03_dog_walk,fixed_int8,65,fixed,reuse,,False,,,0,,4984,unavailable,623.0,unavailable,exact
03_dog_walk,fixed_int8,66,fixed,reuse,,False,,,0,,4984,unavailable,623.0,unavailable,exact
03_dog_walk,fixed_int8,67,fixed,reuse,,False,,,0,,4984,unavailable,623.0,unavailable,exact
03_dog_walk,fixed_int8,68,fixed,reuse,,False,,,0,,4984,unavailable,623.0,unavailable,exact
03_dog_walk,fixed_int8,69,fixed,reuse,,False,,,0,,4984,unavailable,623.0,unavailable,exact
03_dog_walk,fixed_int8,7,fixed,reuse,,False,,,0,,4976,unavailable,622.0,unavailable,exact
03_dog_walk,fixed_int8,70,fixed,reuse,,False,,,0,,4984,unavailable,623.0,unavailable,exact
03_dog_walk,fixed_int8,71,fixed,reuse,,False,,,0,,4984,unavailable,623.0,unavailable,exact
03_dog_walk,fixed_int8,72,fixed,reuse,,False,,,0,,4984,unavailable,623.0,unavailable,exact
03_dog_walk,fixed_int8,73,fixed,reuse,,False,,,0,,4984,unavailable,623.0,unavailable,exact
03_dog_walk,fixed_int8,74,fixed,reuse,,False,,,0,,4984,unavailable,623.0,unavailable,exact
03_dog_walk,fixed_int8,75,fixed,reuse,,False,,,0,,4984,unavailable,623.0,unavailable,exact
03_dog_walk,fixed_int8,76,fixed,reuse,,False,,,0,,4984,unavailable,623.0,unavailable,exact
03_dog_walk,fixed_int8,77,fixed,reuse,,False,,,0,,4984,unavailable,623.0,unavailable,exact
03_dog_walk,fixed_int8,78,fixed,reuse,,False,,,0,,4984,unavailable,623.0,unavailable,exact
03_dog_walk,fixed_int8,79,fixed,reuse,,False,,,0,,4984,unavailable,623.0,unavailable,exact
03_dog_walk,fixed_int8,8,fixed,reuse,,False,,,0,,4976,unavailable,622.0,unavailable,exact
03_dog_walk,fixed_int8,80,fixed,keyframe,selected,True,,,32768,,2375112,unavailable,296889.0,unavailable,exact
03_dog_walk,fixed_int8,81,fixed,reuse,,False,,,0,,4984,unavailable,623.0,unavailable,exact
03_dog_walk,fixed_int8,82,fixed,reuse,,False,,,0,,4984,unavailable,623.0,unavailable,exact
03_dog_walk,fixed_int8,83,fixed,reuse,,False,,,0,,4984,unavailable,623.0,unavailable,exact
03_dog_walk,fixed_int8,84,fixed,reuse,,False,,,0,,4984,unavailable,623.0,unavailable,exact
03_dog_walk,fixed_int8,85,fixed,reuse,,False,,,0,,4984,unavailable,623.0,unavailable,exact
03_dog_walk,fixed_int8,86,fixed,reuse,,False,,,0,,4984,unavailable,623.0,unavailable,exact
03_dog_walk,fixed_int8,87,fixed,reuse,,False,,,0,,4984,unavailable,623.0,unavailable,exact
03_dog_walk,fixed_int8,88,fixed,reuse,,False,,,0,,4984,unavailable,623.0,unavailable,exact
03_dog_walk,fixed_int8,89,fixed,reuse,,False,,,0,,4984,unavailable,623.0,unavailable,exact
03_dog_walk,fixed_int8,9,fixed,reuse,,False,,,0,,4976,unavailable,622.0,unavailable,exact
03_dog_walk,fixed_int8,90,fixed,reuse,,False,,,0,,4984,unavailable,623.0,unavailable,exact
03_dog_walk,fixed_int8,91,fixed,reuse,,False,,,0,,4984,unavailable,623.0,unavailable,exact
03_dog_walk,fixed_int8,92,fixed,reuse,,False,,,0,,4984,unavailable,623.0,unavailable,exact
03_dog_walk,fixed_int8,93,fixed,reuse,,False,,,0,,4984,unavailable,623.0,unavailable,exact
03_dog_walk,fixed_int8,94,fixed,reuse,,False,,,0,,4984,unavailable,623.0,unavailable,exact
03_dog_walk,fixed_int8,95,fixed,reuse,,False,,,0,,4984,unavailable,623.0,unavailable,exact
03_dog_walk,fixed_int8,96,fixed,keyframe,selected,True,,,32768,,2375112,unavailable,296889.0,unavailable,exact
03_dog_walk,fixed_int8,97,fixed,reuse,,False,,,0,,4984,unavailable,623.0,unavailable,exact
03_dog_walk,fixed_int8,98,fixed,reuse,,False,,,0,,4984,unavailable,623.0,unavailable,exact
03_dog_walk,fixed_int8,99,fixed,reuse,,False,,,0,,4984,unavailable,623.0,unavailable,exact
04_person_car,fixed_awgn,0,fixed,keyframe,first_frame,True,,,32768,32768,2106712,unavailable,263339.0,unavailable,exact
04_person_car,fixed_awgn,1,fixed,reuse,,False,,,0,,4728,unavailable,591.0,unavailable,exact
04_person_car,fixed_awgn,10,fixed,reuse,,False,,,0,,4736,unavailable,592.0,unavailable,exact
04_person_car,fixed_awgn,11,fixed,reuse,,False,,,0,,4736,unavailable,592.0,unavailable,exact
04_person_car,fixed_awgn,12,fixed,reuse,,False,,,0,,4736,unavailable,592.0,unavailable,exact
04_person_car,fixed_awgn,13,fixed,reuse,,False,,,0,,4736,unavailable,592.0,unavailable,exact
04_person_car,fixed_awgn,14,fixed,reuse,,False,,,0,,4736,unavailable,592.0,unavailable,exact
04_person_car,fixed_awgn,15,fixed,reuse,,False,,,0,,4736,unavailable,592.0,unavailable,exact
04_person_car,fixed_awgn,16,fixed,keyframe,selected,True,,,32768,32768,2106720,unavailable,263340.0,unavailable,exact
04_person_car,fixed_awgn,17,fixed,reuse,,False,,,0,,4736,unavailable,592.0,unavailable,exact
04_person_car,fixed_awgn,18,fixed,reuse,,False,,,0,,4736,unavailable,592.0,unavailable,exact
04_person_car,fixed_awgn,19,fixed,reuse,,False,,,0,,4736,unavailable,592.0,unavailable,exact
04_person_car,fixed_awgn,2,fixed,reuse,,False,,,0,,4728,unavailable,591.0,unavailable,exact
04_person_car,fixed_awgn,20,fixed,reuse,,False,,,0,,4736,unavailable,592.0,unavailable,exact
04_person_car,fixed_awgn,21,fixed,reuse,,False,,,0,,4736,unavailable,592.0,unavailable,exact
04_person_car,fixed_awgn,22,fixed,reuse,,False,,,0,,4736,unavailable,592.0,unavailable,exact
04_person_car,fixed_awgn,23,fixed,reuse,,False,,,0,,4736,unavailable,592.0,unavailable,exact
04_person_car,fixed_awgn,24,fixed,reuse,,False,,,0,,4736,unavailable,592.0,unavailable,exact
04_person_car,fixed_awgn,25,fixed,reuse,,False,,,0,,4736,unavailable,592.0,unavailable,exact
04_person_car,fixed_awgn,26,fixed,reuse,,False,,,0,,4736,unavailable,592.0,unavailable,exact
04_person_car,fixed_awgn,27,fixed,reuse,,False,,,0,,4736,unavailable,592.0,unavailable,exact
04_person_car,fixed_awgn,28,fixed,reuse,,False,,,0,,4736,unavailable,592.0,unavailable,exact
04_person_car,fixed_awgn,29,fixed,reuse,,False,,,0,,4736,unavailable,592.0,unavailable,exact
04_person_car,fixed_awgn,3,fixed,reuse,,False,,,0,,4728,unavailable,591.0,unavailable,exact
04_person_car,fixed_awgn,30,fixed,reuse,,False,,,0,,4736,unavailable,592.0,unavailable,exact
04_person_car,fixed_awgn,31,fixed,reuse,,False,,,0,,4736,unavailable,592.0,unavailable,exact
04_person_car,fixed_awgn,32,fixed,keyframe,selected,True,,,32768,32768,2106720,unavailable,263340.0,unavailable,exact
04_person_car,fixed_awgn,33,fixed,reuse,,False,,,0,,4736,unavailable,592.0,unavailable,exact
04_person_car,fixed_awgn,34,fixed,reuse,,False,,,0,,4736,unavailable,592.0,unavailable,exact
04_person_car,fixed_awgn,35,fixed,reuse,,False,,,0,,4736,unavailable,592.0,unavailable,exact
04_person_car,fixed_awgn,36,fixed,reuse,,False,,,0,,4736,unavailable,592.0,unavailable,exact
04_person_car,fixed_awgn,37,fixed,reuse,,False,,,0,,4736,unavailable,592.0,unavailable,exact
04_person_car,fixed_awgn,38,fixed,reuse,,False,,,0,,4736,unavailable,592.0,unavailable,exact
04_person_car,fixed_awgn,39,fixed,reuse,,False,,,0,,4736,unavailable,592.0,unavailable,exact
04_person_car,fixed_awgn,4,fixed,reuse,,False,,,0,,4728,unavailable,591.0,unavailable,exact
04_person_car,fixed_awgn,40,fixed,reuse,,False,,,0,,4736,unavailable,592.0,unavailable,exact
04_person_car,fixed_awgn,41,fixed,reuse,,False,,,0,,4736,unavailable,592.0,unavailable,exact
04_person_car,fixed_awgn,42,fixed,reuse,,False,,,0,,4736,unavailable,592.0,unavailable,exact
04_person_car,fixed_awgn,43,fixed,reuse,,False,,,0,,4736,unavailable,592.0,unavailable,exact
04_person_car,fixed_awgn,44,fixed,reuse,,False,,,0,,4736,unavailable,592.0,unavailable,exact
04_person_car,fixed_awgn,45,fixed,reuse,,False,,,0,,4736,unavailable,592.0,unavailable,exact
04_person_car,fixed_awgn,46,fixed,reuse,,False,,,0,,4736,unavailable,592.0,unavailable,exact
04_person_car,fixed_awgn,47,fixed,reuse,,False,,,0,,4736,unavailable,592.0,unavailable,exact
04_person_car,fixed_awgn,48,fixed,keyframe,selected,True,,,32768,32768,2106720,unavailable,263340.0,unavailable,exact
04_person_car,fixed_awgn,49,fixed,reuse,,False,,,0,,4736,unavailable,592.0,unavailable,exact
04_person_car,fixed_awgn,5,fixed,reuse,,False,,,0,,4728,unavailable,591.0,unavailable,exact
04_person_car,fixed_awgn,50,fixed,reuse,,False,,,0,,4736,unavailable,592.0,unavailable,exact
04_person_car,fixed_awgn,51,fixed,reuse,,False,,,0,,4736,unavailable,592.0,unavailable,exact
04_person_car,fixed_awgn,52,fixed,reuse,,False,,,0,,4736,unavailable,592.0,unavailable,exact
04_person_car,fixed_awgn,53,fixed,reuse,,False,,,0,,4736,unavailable,592.0,unavailable,exact
04_person_car,fixed_awgn,54,fixed,reuse,,False,,,0,,4736,unavailable,592.0,unavailable,exact
04_person_car,fixed_awgn,55,fixed,reuse,,False,,,0,,4736,unavailable,592.0,unavailable,exact
04_person_car,fixed_awgn,56,fixed,reuse,,False,,,0,,4736,unavailable,592.0,unavailable,exact
04_person_car,fixed_awgn,57,fixed,reuse,,False,,,0,,4736,unavailable,592.0,unavailable,exact
04_person_car,fixed_awgn,58,fixed,reuse,,False,,,0,,4736,unavailable,592.0,unavailable,exact
04_person_car,fixed_awgn,59,fixed,reuse,,False,,,0,,4736,unavailable,592.0,unavailable,exact
04_person_car,fixed_awgn,6,fixed,reuse,,False,,,0,,4728,unavailable,591.0,unavailable,exact
04_person_car,fixed_awgn,60,fixed,reuse,,False,,,0,,4736,unavailable,592.0,unavailable,exact
04_person_car,fixed_awgn,61,fixed,reuse,,False,,,0,,4736,unavailable,592.0,unavailable,exact
04_person_car,fixed_awgn,62,fixed,reuse,,False,,,0,,4736,unavailable,592.0,unavailable,exact
04_person_car,fixed_awgn,63,fixed,reuse,,False,,,0,,4736,unavailable,592.0,unavailable,exact
04_person_car,fixed_awgn,64,fixed,keyframe,selected,True,,,32768,32768,2106720,unavailable,263340.0,unavailable,exact
04_person_car,fixed_awgn,65,fixed,reuse,,False,,,0,,4736,unavailable,592.0,unavailable,exact
04_person_car,fixed_awgn,66,fixed,reuse,,False,,,0,,4736,unavailable,592.0,unavailable,exact
04_person_car,fixed_awgn,67,fixed,reuse,,False,,,0,,4736,unavailable,592.0,unavailable,exact
04_person_car,fixed_awgn,68,fixed,reuse,,False,,,0,,4736,unavailable,592.0,unavailable,exact
04_person_car,fixed_awgn,69,fixed,reuse,,False,,,0,,4736,unavailable,592.0,unavailable,exact
04_person_car,fixed_awgn,7,fixed,reuse,,False,,,0,,4728,unavailable,591.0,unavailable,exact
04_person_car,fixed_awgn,70,fixed,reuse,,False,,,0,,4736,unavailable,592.0,unavailable,exact
04_person_car,fixed_awgn,71,fixed,reuse,,False,,,0,,4736,unavailable,592.0,unavailable,exact
04_person_car,fixed_awgn,72,fixed,reuse,,False,,,0,,4736,unavailable,592.0,unavailable,exact
04_person_car,fixed_awgn,73,fixed,reuse,,False,,,0,,4736,unavailable,592.0,unavailable,exact
04_person_car,fixed_awgn,74,fixed,reuse,,False,,,0,,4736,unavailable,592.0,unavailable,exact
04_person_car,fixed_awgn,75,fixed,reuse,,False,,,0,,4736,unavailable,592.0,unavailable,exact
04_person_car,fixed_awgn,76,fixed,reuse,,False,,,0,,4736,unavailable,592.0,unavailable,exact
04_person_car,fixed_awgn,77,fixed,reuse,,False,,,0,,4736,unavailable,592.0,unavailable,exact
04_person_car,fixed_awgn,78,fixed,reuse,,False,,,0,,4736,unavailable,592.0,unavailable,exact
04_person_car,fixed_awgn,79,fixed,reuse,,False,,,0,,4736,unavailable,592.0,unavailable,exact
04_person_car,fixed_awgn,8,fixed,reuse,,False,,,0,,4728,unavailable,591.0,unavailable,exact
04_person_car,fixed_awgn,80,fixed,keyframe,selected,True,,,32768,32768,2106720,unavailable,263340.0,unavailable,exact
04_person_car,fixed_awgn,81,fixed,reuse,,False,,,0,,4736,unavailable,592.0,unavailable,exact
04_person_car,fixed_awgn,82,fixed,reuse,,False,,,0,,4736,unavailable,592.0,unavailable,exact
04_person_car,fixed_awgn,83,fixed,reuse,,False,,,0,,4736,unavailable,592.0,unavailable,exact
04_person_car,fixed_awgn,84,fixed,reuse,,False,,,0,,4736,unavailable,592.0,unavailable,exact
04_person_car,fixed_awgn,85,fixed,reuse,,False,,,0,,4736,unavailable,592.0,unavailable,exact
04_person_car,fixed_awgn,86,fixed,reuse,,False,,,0,,4736,unavailable,592.0,unavailable,exact
04_person_car,fixed_awgn,87,fixed,reuse,,False,,,0,,4736,unavailable,592.0,unavailable,exact
04_person_car,fixed_awgn,88,fixed,reuse,,False,,,0,,4736,unavailable,592.0,unavailable,exact
04_person_car,fixed_awgn,89,fixed,reuse,,False,,,0,,4736,unavailable,592.0,unavailable,exact
04_person_car,fixed_awgn,9,fixed,reuse,,False,,,0,,4728,unavailable,591.0,unavailable,exact
04_person_car,fixed_awgn,90,fixed,reuse,,False,,,0,,4736,unavailable,592.0,unavailable,exact
04_person_car,fixed_awgn,91,fixed,reuse,,False,,,0,,4736,unavailable,592.0,unavailable,exact
04_person_car,fixed_awgn,92,fixed,reuse,,False,,,0,,4736,unavailable,592.0,unavailable,exact
04_person_car,fixed_awgn,93,fixed,reuse,,False,,,0,,4736,unavailable,592.0,unavailable,exact
04_person_car,fixed_awgn,94,fixed,reuse,,False,,,0,,4736,unavailable,592.0,unavailable,exact
04_person_car,fixed_awgn,95,fixed,reuse,,False,,,0,,4736,unavailable,592.0,unavailable,exact
04_person_car,fixed_awgn,96,fixed,keyframe,selected,True,,,32768,32768,2106720,unavailable,263340.0,unavailable,exact
04_person_car,fixed_awgn,97,fixed,reuse,,False,,,0,,4736,unavailable,592.0,unavailable,exact
04_person_car,fixed_awgn,98,fixed,reuse,,False,,,0,,4736,unavailable,592.0,unavailable,exact
04_person_car,fixed_awgn,99,fixed,reuse,,False,,,0,,4736,unavailable,592.0,unavailable,exact
04_person_car,fixed_float32,0,fixed,keyframe,first_frame,True,,,32768,,3161824,unavailable,395228.0,unavailable,exact
04_person_car,fixed_float32,1,fixed,reuse,,False,,,0,,4752,unavailable,594.0,unavailable,exact
04_person_car,fixed_float32,10,fixed,reuse,,False,,,0,,4760,unavailable,595.0,unavailable,exact
04_person_car,fixed_float32,11,fixed,reuse,,False,,,0,,4760,unavailable,595.0,unavailable,exact
04_person_car,fixed_float32,12,fixed,reuse,,False,,,0,,4760,unavailable,595.0,unavailable,exact
04_person_car,fixed_float32,13,fixed,reuse,,False,,,0,,4760,unavailable,595.0,unavailable,exact
04_person_car,fixed_float32,14,fixed,reuse,,False,,,0,,4760,unavailable,595.0,unavailable,exact
04_person_car,fixed_float32,15,fixed,reuse,,False,,,0,,4760,unavailable,595.0,unavailable,exact
04_person_car,fixed_float32,16,fixed,keyframe,selected,True,,,32768,,3161832,unavailable,395229.0,unavailable,exact
04_person_car,fixed_float32,17,fixed,reuse,,False,,,0,,4760,unavailable,595.0,unavailable,exact
04_person_car,fixed_float32,18,fixed,reuse,,False,,,0,,4760,unavailable,595.0,unavailable,exact
04_person_car,fixed_float32,19,fixed,reuse,,False,,,0,,4760,unavailable,595.0,unavailable,exact
04_person_car,fixed_float32,2,fixed,reuse,,False,,,0,,4752,unavailable,594.0,unavailable,exact
04_person_car,fixed_float32,20,fixed,reuse,,False,,,0,,4760,unavailable,595.0,unavailable,exact
04_person_car,fixed_float32,21,fixed,reuse,,False,,,0,,4760,unavailable,595.0,unavailable,exact
04_person_car,fixed_float32,22,fixed,reuse,,False,,,0,,4760,unavailable,595.0,unavailable,exact
04_person_car,fixed_float32,23,fixed,reuse,,False,,,0,,4760,unavailable,595.0,unavailable,exact
04_person_car,fixed_float32,24,fixed,reuse,,False,,,0,,4760,unavailable,595.0,unavailable,exact
04_person_car,fixed_float32,25,fixed,reuse,,False,,,0,,4760,unavailable,595.0,unavailable,exact
04_person_car,fixed_float32,26,fixed,reuse,,False,,,0,,4760,unavailable,595.0,unavailable,exact
04_person_car,fixed_float32,27,fixed,reuse,,False,,,0,,4760,unavailable,595.0,unavailable,exact
04_person_car,fixed_float32,28,fixed,reuse,,False,,,0,,4760,unavailable,595.0,unavailable,exact
04_person_car,fixed_float32,29,fixed,reuse,,False,,,0,,4760,unavailable,595.0,unavailable,exact
04_person_car,fixed_float32,3,fixed,reuse,,False,,,0,,4752,unavailable,594.0,unavailable,exact
04_person_car,fixed_float32,30,fixed,reuse,,False,,,0,,4760,unavailable,595.0,unavailable,exact
04_person_car,fixed_float32,31,fixed,reuse,,False,,,0,,4760,unavailable,595.0,unavailable,exact
04_person_car,fixed_float32,32,fixed,keyframe,selected,True,,,32768,,3161832,unavailable,395229.0,unavailable,exact
04_person_car,fixed_float32,33,fixed,reuse,,False,,,0,,4760,unavailable,595.0,unavailable,exact
04_person_car,fixed_float32,34,fixed,reuse,,False,,,0,,4760,unavailable,595.0,unavailable,exact
04_person_car,fixed_float32,35,fixed,reuse,,False,,,0,,4760,unavailable,595.0,unavailable,exact
04_person_car,fixed_float32,36,fixed,reuse,,False,,,0,,4760,unavailable,595.0,unavailable,exact
04_person_car,fixed_float32,37,fixed,reuse,,False,,,0,,4760,unavailable,595.0,unavailable,exact
04_person_car,fixed_float32,38,fixed,reuse,,False,,,0,,4760,unavailable,595.0,unavailable,exact
04_person_car,fixed_float32,39,fixed,reuse,,False,,,0,,4760,unavailable,595.0,unavailable,exact
04_person_car,fixed_float32,4,fixed,reuse,,False,,,0,,4752,unavailable,594.0,unavailable,exact
04_person_car,fixed_float32,40,fixed,reuse,,False,,,0,,4760,unavailable,595.0,unavailable,exact
04_person_car,fixed_float32,41,fixed,reuse,,False,,,0,,4760,unavailable,595.0,unavailable,exact
04_person_car,fixed_float32,42,fixed,reuse,,False,,,0,,4760,unavailable,595.0,unavailable,exact
04_person_car,fixed_float32,43,fixed,reuse,,False,,,0,,4760,unavailable,595.0,unavailable,exact
04_person_car,fixed_float32,44,fixed,reuse,,False,,,0,,4760,unavailable,595.0,unavailable,exact
04_person_car,fixed_float32,45,fixed,reuse,,False,,,0,,4760,unavailable,595.0,unavailable,exact
04_person_car,fixed_float32,46,fixed,reuse,,False,,,0,,4760,unavailable,595.0,unavailable,exact
04_person_car,fixed_float32,47,fixed,reuse,,False,,,0,,4760,unavailable,595.0,unavailable,exact
04_person_car,fixed_float32,48,fixed,keyframe,selected,True,,,32768,,3161832,unavailable,395229.0,unavailable,exact
04_person_car,fixed_float32,49,fixed,reuse,,False,,,0,,4760,unavailable,595.0,unavailable,exact
04_person_car,fixed_float32,5,fixed,reuse,,False,,,0,,4752,unavailable,594.0,unavailable,exact
04_person_car,fixed_float32,50,fixed,reuse,,False,,,0,,4760,unavailable,595.0,unavailable,exact
04_person_car,fixed_float32,51,fixed,reuse,,False,,,0,,4760,unavailable,595.0,unavailable,exact
04_person_car,fixed_float32,52,fixed,reuse,,False,,,0,,4760,unavailable,595.0,unavailable,exact
04_person_car,fixed_float32,53,fixed,reuse,,False,,,0,,4760,unavailable,595.0,unavailable,exact
04_person_car,fixed_float32,54,fixed,reuse,,False,,,0,,4760,unavailable,595.0,unavailable,exact
04_person_car,fixed_float32,55,fixed,reuse,,False,,,0,,4760,unavailable,595.0,unavailable,exact
04_person_car,fixed_float32,56,fixed,reuse,,False,,,0,,4760,unavailable,595.0,unavailable,exact
04_person_car,fixed_float32,57,fixed,reuse,,False,,,0,,4760,unavailable,595.0,unavailable,exact
04_person_car,fixed_float32,58,fixed,reuse,,False,,,0,,4760,unavailable,595.0,unavailable,exact
04_person_car,fixed_float32,59,fixed,reuse,,False,,,0,,4760,unavailable,595.0,unavailable,exact
04_person_car,fixed_float32,6,fixed,reuse,,False,,,0,,4752,unavailable,594.0,unavailable,exact
04_person_car,fixed_float32,60,fixed,reuse,,False,,,0,,4760,unavailable,595.0,unavailable,exact
04_person_car,fixed_float32,61,fixed,reuse,,False,,,0,,4760,unavailable,595.0,unavailable,exact
04_person_car,fixed_float32,62,fixed,reuse,,False,,,0,,4760,unavailable,595.0,unavailable,exact
04_person_car,fixed_float32,63,fixed,reuse,,False,,,0,,4760,unavailable,595.0,unavailable,exact
04_person_car,fixed_float32,64,fixed,keyframe,selected,True,,,32768,,3161832,unavailable,395229.0,unavailable,exact
04_person_car,fixed_float32,65,fixed,reuse,,False,,,0,,4760,unavailable,595.0,unavailable,exact
04_person_car,fixed_float32,66,fixed,reuse,,False,,,0,,4760,unavailable,595.0,unavailable,exact
04_person_car,fixed_float32,67,fixed,reuse,,False,,,0,,4760,unavailable,595.0,unavailable,exact
04_person_car,fixed_float32,68,fixed,reuse,,False,,,0,,4760,unavailable,595.0,unavailable,exact
04_person_car,fixed_float32,69,fixed,reuse,,False,,,0,,4760,unavailable,595.0,unavailable,exact
04_person_car,fixed_float32,7,fixed,reuse,,False,,,0,,4752,unavailable,594.0,unavailable,exact
04_person_car,fixed_float32,70,fixed,reuse,,False,,,0,,4760,unavailable,595.0,unavailable,exact
04_person_car,fixed_float32,71,fixed,reuse,,False,,,0,,4760,unavailable,595.0,unavailable,exact
04_person_car,fixed_float32,72,fixed,reuse,,False,,,0,,4760,unavailable,595.0,unavailable,exact
04_person_car,fixed_float32,73,fixed,reuse,,False,,,0,,4760,unavailable,595.0,unavailable,exact
04_person_car,fixed_float32,74,fixed,reuse,,False,,,0,,4760,unavailable,595.0,unavailable,exact
04_person_car,fixed_float32,75,fixed,reuse,,False,,,0,,4760,unavailable,595.0,unavailable,exact
04_person_car,fixed_float32,76,fixed,reuse,,False,,,0,,4760,unavailable,595.0,unavailable,exact
04_person_car,fixed_float32,77,fixed,reuse,,False,,,0,,4760,unavailable,595.0,unavailable,exact
04_person_car,fixed_float32,78,fixed,reuse,,False,,,0,,4760,unavailable,595.0,unavailable,exact
04_person_car,fixed_float32,79,fixed,reuse,,False,,,0,,4760,unavailable,595.0,unavailable,exact
04_person_car,fixed_float32,8,fixed,reuse,,False,,,0,,4752,unavailable,594.0,unavailable,exact
04_person_car,fixed_float32,80,fixed,keyframe,selected,True,,,32768,,3161832,unavailable,395229.0,unavailable,exact
04_person_car,fixed_float32,81,fixed,reuse,,False,,,0,,4760,unavailable,595.0,unavailable,exact
04_person_car,fixed_float32,82,fixed,reuse,,False,,,0,,4760,unavailable,595.0,unavailable,exact
04_person_car,fixed_float32,83,fixed,reuse,,False,,,0,,4760,unavailable,595.0,unavailable,exact
04_person_car,fixed_float32,84,fixed,reuse,,False,,,0,,4760,unavailable,595.0,unavailable,exact
04_person_car,fixed_float32,85,fixed,reuse,,False,,,0,,4760,unavailable,595.0,unavailable,exact
04_person_car,fixed_float32,86,fixed,reuse,,False,,,0,,4760,unavailable,595.0,unavailable,exact
04_person_car,fixed_float32,87,fixed,reuse,,False,,,0,,4760,unavailable,595.0,unavailable,exact
04_person_car,fixed_float32,88,fixed,reuse,,False,,,0,,4760,unavailable,595.0,unavailable,exact
04_person_car,fixed_float32,89,fixed,reuse,,False,,,0,,4760,unavailable,595.0,unavailable,exact
04_person_car,fixed_float32,9,fixed,reuse,,False,,,0,,4752,unavailable,594.0,unavailable,exact
04_person_car,fixed_float32,90,fixed,reuse,,False,,,0,,4760,unavailable,595.0,unavailable,exact
04_person_car,fixed_float32,91,fixed,reuse,,False,,,0,,4760,unavailable,595.0,unavailable,exact
04_person_car,fixed_float32,92,fixed,reuse,,False,,,0,,4760,unavailable,595.0,unavailable,exact
04_person_car,fixed_float32,93,fixed,reuse,,False,,,0,,4760,unavailable,595.0,unavailable,exact
04_person_car,fixed_float32,94,fixed,reuse,,False,,,0,,4760,unavailable,595.0,unavailable,exact
04_person_car,fixed_float32,95,fixed,reuse,,False,,,0,,4760,unavailable,595.0,unavailable,exact
04_person_car,fixed_float32,96,fixed,keyframe,selected,True,,,32768,,3161832,unavailable,395229.0,unavailable,exact
04_person_car,fixed_float32,97,fixed,reuse,,False,,,0,,4760,unavailable,595.0,unavailable,exact
04_person_car,fixed_float32,98,fixed,reuse,,False,,,0,,4760,unavailable,595.0,unavailable,exact
04_person_car,fixed_float32,99,fixed,reuse,,False,,,0,,4760,unavailable,595.0,unavailable,exact
04_person_car,fixed_int16,0,fixed,keyframe,first_frame,True,,,32768,,2637520,unavailable,329690.0,unavailable,exact
04_person_car,fixed_int16,1,fixed,reuse,,False,,,0,,4736,unavailable,592.0,unavailable,exact
04_person_car,fixed_int16,10,fixed,reuse,,False,,,0,,4744,unavailable,593.0,unavailable,exact
04_person_car,fixed_int16,11,fixed,reuse,,False,,,0,,4744,unavailable,593.0,unavailable,exact
04_person_car,fixed_int16,12,fixed,reuse,,False,,,0,,4744,unavailable,593.0,unavailable,exact
04_person_car,fixed_int16,13,fixed,reuse,,False,,,0,,4744,unavailable,593.0,unavailable,exact
04_person_car,fixed_int16,14,fixed,reuse,,False,,,0,,4744,unavailable,593.0,unavailable,exact
04_person_car,fixed_int16,15,fixed,reuse,,False,,,0,,4744,unavailable,593.0,unavailable,exact
04_person_car,fixed_int16,16,fixed,keyframe,selected,True,,,32768,,2637528,unavailable,329691.0,unavailable,exact
04_person_car,fixed_int16,17,fixed,reuse,,False,,,0,,4744,unavailable,593.0,unavailable,exact
04_person_car,fixed_int16,18,fixed,reuse,,False,,,0,,4744,unavailable,593.0,unavailable,exact
04_person_car,fixed_int16,19,fixed,reuse,,False,,,0,,4744,unavailable,593.0,unavailable,exact
04_person_car,fixed_int16,2,fixed,reuse,,False,,,0,,4736,unavailable,592.0,unavailable,exact
04_person_car,fixed_int16,20,fixed,reuse,,False,,,0,,4744,unavailable,593.0,unavailable,exact
04_person_car,fixed_int16,21,fixed,reuse,,False,,,0,,4744,unavailable,593.0,unavailable,exact
04_person_car,fixed_int16,22,fixed,reuse,,False,,,0,,4744,unavailable,593.0,unavailable,exact
04_person_car,fixed_int16,23,fixed,reuse,,False,,,0,,4744,unavailable,593.0,unavailable,exact
04_person_car,fixed_int16,24,fixed,reuse,,False,,,0,,4744,unavailable,593.0,unavailable,exact
04_person_car,fixed_int16,25,fixed,reuse,,False,,,0,,4744,unavailable,593.0,unavailable,exact
04_person_car,fixed_int16,26,fixed,reuse,,False,,,0,,4744,unavailable,593.0,unavailable,exact
04_person_car,fixed_int16,27,fixed,reuse,,False,,,0,,4744,unavailable,593.0,unavailable,exact
04_person_car,fixed_int16,28,fixed,reuse,,False,,,0,,4744,unavailable,593.0,unavailable,exact
04_person_car,fixed_int16,29,fixed,reuse,,False,,,0,,4744,unavailable,593.0,unavailable,exact
04_person_car,fixed_int16,3,fixed,reuse,,False,,,0,,4736,unavailable,592.0,unavailable,exact
04_person_car,fixed_int16,30,fixed,reuse,,False,,,0,,4744,unavailable,593.0,unavailable,exact
04_person_car,fixed_int16,31,fixed,reuse,,False,,,0,,4744,unavailable,593.0,unavailable,exact
04_person_car,fixed_int16,32,fixed,keyframe,selected,True,,,32768,,2637528,unavailable,329691.0,unavailable,exact
04_person_car,fixed_int16,33,fixed,reuse,,False,,,0,,4744,unavailable,593.0,unavailable,exact
04_person_car,fixed_int16,34,fixed,reuse,,False,,,0,,4744,unavailable,593.0,unavailable,exact
04_person_car,fixed_int16,35,fixed,reuse,,False,,,0,,4744,unavailable,593.0,unavailable,exact
04_person_car,fixed_int16,36,fixed,reuse,,False,,,0,,4744,unavailable,593.0,unavailable,exact
04_person_car,fixed_int16,37,fixed,reuse,,False,,,0,,4744,unavailable,593.0,unavailable,exact
04_person_car,fixed_int16,38,fixed,reuse,,False,,,0,,4744,unavailable,593.0,unavailable,exact
04_person_car,fixed_int16,39,fixed,reuse,,False,,,0,,4744,unavailable,593.0,unavailable,exact
04_person_car,fixed_int16,4,fixed,reuse,,False,,,0,,4736,unavailable,592.0,unavailable,exact
04_person_car,fixed_int16,40,fixed,reuse,,False,,,0,,4744,unavailable,593.0,unavailable,exact
04_person_car,fixed_int16,41,fixed,reuse,,False,,,0,,4744,unavailable,593.0,unavailable,exact
04_person_car,fixed_int16,42,fixed,reuse,,False,,,0,,4744,unavailable,593.0,unavailable,exact
04_person_car,fixed_int16,43,fixed,reuse,,False,,,0,,4744,unavailable,593.0,unavailable,exact
04_person_car,fixed_int16,44,fixed,reuse,,False,,,0,,4744,unavailable,593.0,unavailable,exact
04_person_car,fixed_int16,45,fixed,reuse,,False,,,0,,4744,unavailable,593.0,unavailable,exact
04_person_car,fixed_int16,46,fixed,reuse,,False,,,0,,4744,unavailable,593.0,unavailable,exact
04_person_car,fixed_int16,47,fixed,reuse,,False,,,0,,4744,unavailable,593.0,unavailable,exact
04_person_car,fixed_int16,48,fixed,keyframe,selected,True,,,32768,,2637528,unavailable,329691.0,unavailable,exact
04_person_car,fixed_int16,49,fixed,reuse,,False,,,0,,4744,unavailable,593.0,unavailable,exact
04_person_car,fixed_int16,5,fixed,reuse,,False,,,0,,4736,unavailable,592.0,unavailable,exact
04_person_car,fixed_int16,50,fixed,reuse,,False,,,0,,4744,unavailable,593.0,unavailable,exact
04_person_car,fixed_int16,51,fixed,reuse,,False,,,0,,4744,unavailable,593.0,unavailable,exact
04_person_car,fixed_int16,52,fixed,reuse,,False,,,0,,4744,unavailable,593.0,unavailable,exact
04_person_car,fixed_int16,53,fixed,reuse,,False,,,0,,4744,unavailable,593.0,unavailable,exact
04_person_car,fixed_int16,54,fixed,reuse,,False,,,0,,4744,unavailable,593.0,unavailable,exact
04_person_car,fixed_int16,55,fixed,reuse,,False,,,0,,4744,unavailable,593.0,unavailable,exact
04_person_car,fixed_int16,56,fixed,reuse,,False,,,0,,4744,unavailable,593.0,unavailable,exact
04_person_car,fixed_int16,57,fixed,reuse,,False,,,0,,4744,unavailable,593.0,unavailable,exact
04_person_car,fixed_int16,58,fixed,reuse,,False,,,0,,4744,unavailable,593.0,unavailable,exact
04_person_car,fixed_int16,59,fixed,reuse,,False,,,0,,4744,unavailable,593.0,unavailable,exact
04_person_car,fixed_int16,6,fixed,reuse,,False,,,0,,4736,unavailable,592.0,unavailable,exact
04_person_car,fixed_int16,60,fixed,reuse,,False,,,0,,4744,unavailable,593.0,unavailable,exact
04_person_car,fixed_int16,61,fixed,reuse,,False,,,0,,4744,unavailable,593.0,unavailable,exact
04_person_car,fixed_int16,62,fixed,reuse,,False,,,0,,4744,unavailable,593.0,unavailable,exact
04_person_car,fixed_int16,63,fixed,reuse,,False,,,0,,4744,unavailable,593.0,unavailable,exact
04_person_car,fixed_int16,64,fixed,keyframe,selected,True,,,32768,,2637528,unavailable,329691.0,unavailable,exact
04_person_car,fixed_int16,65,fixed,reuse,,False,,,0,,4744,unavailable,593.0,unavailable,exact
04_person_car,fixed_int16,66,fixed,reuse,,False,,,0,,4744,unavailable,593.0,unavailable,exact
04_person_car,fixed_int16,67,fixed,reuse,,False,,,0,,4744,unavailable,593.0,unavailable,exact
04_person_car,fixed_int16,68,fixed,reuse,,False,,,0,,4744,unavailable,593.0,unavailable,exact
04_person_car,fixed_int16,69,fixed,reuse,,False,,,0,,4744,unavailable,593.0,unavailable,exact
04_person_car,fixed_int16,7,fixed,reuse,,False,,,0,,4736,unavailable,592.0,unavailable,exact
04_person_car,fixed_int16,70,fixed,reuse,,False,,,0,,4744,unavailable,593.0,unavailable,exact
04_person_car,fixed_int16,71,fixed,reuse,,False,,,0,,4744,unavailable,593.0,unavailable,exact
04_person_car,fixed_int16,72,fixed,reuse,,False,,,0,,4744,unavailable,593.0,unavailable,exact
04_person_car,fixed_int16,73,fixed,reuse,,False,,,0,,4744,unavailable,593.0,unavailable,exact
04_person_car,fixed_int16,74,fixed,reuse,,False,,,0,,4744,unavailable,593.0,unavailable,exact
04_person_car,fixed_int16,75,fixed,reuse,,False,,,0,,4744,unavailable,593.0,unavailable,exact
04_person_car,fixed_int16,76,fixed,reuse,,False,,,0,,4744,unavailable,593.0,unavailable,exact
04_person_car,fixed_int16,77,fixed,reuse,,False,,,0,,4744,unavailable,593.0,unavailable,exact
04_person_car,fixed_int16,78,fixed,reuse,,False,,,0,,4744,unavailable,593.0,unavailable,exact
04_person_car,fixed_int16,79,fixed,reuse,,False,,,0,,4744,unavailable,593.0,unavailable,exact
04_person_car,fixed_int16,8,fixed,reuse,,False,,,0,,4736,unavailable,592.0,unavailable,exact
04_person_car,fixed_int16,80,fixed,keyframe,selected,True,,,32768,,2637528,unavailable,329691.0,unavailable,exact
04_person_car,fixed_int16,81,fixed,reuse,,False,,,0,,4744,unavailable,593.0,unavailable,exact
04_person_car,fixed_int16,82,fixed,reuse,,False,,,0,,4744,unavailable,593.0,unavailable,exact
04_person_car,fixed_int16,83,fixed,reuse,,False,,,0,,4744,unavailable,593.0,unavailable,exact
04_person_car,fixed_int16,84,fixed,reuse,,False,,,0,,4744,unavailable,593.0,unavailable,exact
04_person_car,fixed_int16,85,fixed,reuse,,False,,,0,,4744,unavailable,593.0,unavailable,exact
04_person_car,fixed_int16,86,fixed,reuse,,False,,,0,,4744,unavailable,593.0,unavailable,exact
04_person_car,fixed_int16,87,fixed,reuse,,False,,,0,,4744,unavailable,593.0,unavailable,exact
04_person_car,fixed_int16,88,fixed,reuse,,False,,,0,,4744,unavailable,593.0,unavailable,exact
04_person_car,fixed_int16,89,fixed,reuse,,False,,,0,,4744,unavailable,593.0,unavailable,exact
04_person_car,fixed_int16,9,fixed,reuse,,False,,,0,,4736,unavailable,592.0,unavailable,exact
04_person_car,fixed_int16,90,fixed,reuse,,False,,,0,,4744,unavailable,593.0,unavailable,exact
04_person_car,fixed_int16,91,fixed,reuse,,False,,,0,,4744,unavailable,593.0,unavailable,exact
04_person_car,fixed_int16,92,fixed,reuse,,False,,,0,,4744,unavailable,593.0,unavailable,exact
04_person_car,fixed_int16,93,fixed,reuse,,False,,,0,,4744,unavailable,593.0,unavailable,exact
04_person_car,fixed_int16,94,fixed,reuse,,False,,,0,,4744,unavailable,593.0,unavailable,exact
04_person_car,fixed_int16,95,fixed,reuse,,False,,,0,,4744,unavailable,593.0,unavailable,exact
04_person_car,fixed_int16,96,fixed,keyframe,selected,True,,,32768,,2637528,unavailable,329691.0,unavailable,exact
04_person_car,fixed_int16,97,fixed,reuse,,False,,,0,,4744,unavailable,593.0,unavailable,exact
04_person_car,fixed_int16,98,fixed,reuse,,False,,,0,,4744,unavailable,593.0,unavailable,exact
04_person_car,fixed_int16,99,fixed,reuse,,False,,,0,,4744,unavailable,593.0,unavailable,exact
04_person_car,fixed_int4,0,fixed,keyframe,first_frame,True,,,32768,,2244296,unavailable,280537.0,unavailable,exact
04_person_car,fixed_int4,1,fixed,reuse,,False,,,0,,4728,unavailable,591.0,unavailable,exact
04_person_car,fixed_int4,10,fixed,reuse,,False,,,0,,4736,unavailable,592.0,unavailable,exact
04_person_car,fixed_int4,11,fixed,reuse,,False,,,0,,4736,unavailable,592.0,unavailable,exact
04_person_car,fixed_int4,12,fixed,reuse,,False,,,0,,4736,unavailable,592.0,unavailable,exact
04_person_car,fixed_int4,13,fixed,reuse,,False,,,0,,4736,unavailable,592.0,unavailable,exact
04_person_car,fixed_int4,14,fixed,reuse,,False,,,0,,4736,unavailable,592.0,unavailable,exact
04_person_car,fixed_int4,15,fixed,reuse,,False,,,0,,4736,unavailable,592.0,unavailable,exact
04_person_car,fixed_int4,16,fixed,keyframe,selected,True,,,32768,,2244304,unavailable,280538.0,unavailable,exact
04_person_car,fixed_int4,17,fixed,reuse,,False,,,0,,4736,unavailable,592.0,unavailable,exact
04_person_car,fixed_int4,18,fixed,reuse,,False,,,0,,4736,unavailable,592.0,unavailable,exact
04_person_car,fixed_int4,19,fixed,reuse,,False,,,0,,4736,unavailable,592.0,unavailable,exact
04_person_car,fixed_int4,2,fixed,reuse,,False,,,0,,4728,unavailable,591.0,unavailable,exact
04_person_car,fixed_int4,20,fixed,reuse,,False,,,0,,4736,unavailable,592.0,unavailable,exact
04_person_car,fixed_int4,21,fixed,reuse,,False,,,0,,4736,unavailable,592.0,unavailable,exact
04_person_car,fixed_int4,22,fixed,reuse,,False,,,0,,4736,unavailable,592.0,unavailable,exact
04_person_car,fixed_int4,23,fixed,reuse,,False,,,0,,4736,unavailable,592.0,unavailable,exact
04_person_car,fixed_int4,24,fixed,reuse,,False,,,0,,4736,unavailable,592.0,unavailable,exact
04_person_car,fixed_int4,25,fixed,reuse,,False,,,0,,4736,unavailable,592.0,unavailable,exact
04_person_car,fixed_int4,26,fixed,reuse,,False,,,0,,4736,unavailable,592.0,unavailable,exact
04_person_car,fixed_int4,27,fixed,reuse,,False,,,0,,4736,unavailable,592.0,unavailable,exact
04_person_car,fixed_int4,28,fixed,reuse,,False,,,0,,4736,unavailable,592.0,unavailable,exact
04_person_car,fixed_int4,29,fixed,reuse,,False,,,0,,4736,unavailable,592.0,unavailable,exact
04_person_car,fixed_int4,3,fixed,reuse,,False,,,0,,4728,unavailable,591.0,unavailable,exact
04_person_car,fixed_int4,30,fixed,reuse,,False,,,0,,4736,unavailable,592.0,unavailable,exact
04_person_car,fixed_int4,31,fixed,reuse,,False,,,0,,4736,unavailable,592.0,unavailable,exact
04_person_car,fixed_int4,32,fixed,keyframe,selected,True,,,32768,,2244304,unavailable,280538.0,unavailable,exact
04_person_car,fixed_int4,33,fixed,reuse,,False,,,0,,4736,unavailable,592.0,unavailable,exact
04_person_car,fixed_int4,34,fixed,reuse,,False,,,0,,4736,unavailable,592.0,unavailable,exact
04_person_car,fixed_int4,35,fixed,reuse,,False,,,0,,4736,unavailable,592.0,unavailable,exact
04_person_car,fixed_int4,36,fixed,reuse,,False,,,0,,4736,unavailable,592.0,unavailable,exact
04_person_car,fixed_int4,37,fixed,reuse,,False,,,0,,4736,unavailable,592.0,unavailable,exact
04_person_car,fixed_int4,38,fixed,reuse,,False,,,0,,4736,unavailable,592.0,unavailable,exact
04_person_car,fixed_int4,39,fixed,reuse,,False,,,0,,4736,unavailable,592.0,unavailable,exact
04_person_car,fixed_int4,4,fixed,reuse,,False,,,0,,4728,unavailable,591.0,unavailable,exact
04_person_car,fixed_int4,40,fixed,reuse,,False,,,0,,4736,unavailable,592.0,unavailable,exact
04_person_car,fixed_int4,41,fixed,reuse,,False,,,0,,4736,unavailable,592.0,unavailable,exact
04_person_car,fixed_int4,42,fixed,reuse,,False,,,0,,4736,unavailable,592.0,unavailable,exact
04_person_car,fixed_int4,43,fixed,reuse,,False,,,0,,4736,unavailable,592.0,unavailable,exact
04_person_car,fixed_int4,44,fixed,reuse,,False,,,0,,4736,unavailable,592.0,unavailable,exact
04_person_car,fixed_int4,45,fixed,reuse,,False,,,0,,4736,unavailable,592.0,unavailable,exact
04_person_car,fixed_int4,46,fixed,reuse,,False,,,0,,4736,unavailable,592.0,unavailable,exact
04_person_car,fixed_int4,47,fixed,reuse,,False,,,0,,4736,unavailable,592.0,unavailable,exact
04_person_car,fixed_int4,48,fixed,keyframe,selected,True,,,32768,,2244304,unavailable,280538.0,unavailable,exact
04_person_car,fixed_int4,49,fixed,reuse,,False,,,0,,4736,unavailable,592.0,unavailable,exact
04_person_car,fixed_int4,5,fixed,reuse,,False,,,0,,4728,unavailable,591.0,unavailable,exact
04_person_car,fixed_int4,50,fixed,reuse,,False,,,0,,4736,unavailable,592.0,unavailable,exact
04_person_car,fixed_int4,51,fixed,reuse,,False,,,0,,4736,unavailable,592.0,unavailable,exact
04_person_car,fixed_int4,52,fixed,reuse,,False,,,0,,4736,unavailable,592.0,unavailable,exact
04_person_car,fixed_int4,53,fixed,reuse,,False,,,0,,4736,unavailable,592.0,unavailable,exact
04_person_car,fixed_int4,54,fixed,reuse,,False,,,0,,4736,unavailable,592.0,unavailable,exact
04_person_car,fixed_int4,55,fixed,reuse,,False,,,0,,4736,unavailable,592.0,unavailable,exact
04_person_car,fixed_int4,56,fixed,reuse,,False,,,0,,4736,unavailable,592.0,unavailable,exact
04_person_car,fixed_int4,57,fixed,reuse,,False,,,0,,4736,unavailable,592.0,unavailable,exact
04_person_car,fixed_int4,58,fixed,reuse,,False,,,0,,4736,unavailable,592.0,unavailable,exact
04_person_car,fixed_int4,59,fixed,reuse,,False,,,0,,4736,unavailable,592.0,unavailable,exact
04_person_car,fixed_int4,6,fixed,reuse,,False,,,0,,4728,unavailable,591.0,unavailable,exact
04_person_car,fixed_int4,60,fixed,reuse,,False,,,0,,4736,unavailable,592.0,unavailable,exact
04_person_car,fixed_int4,61,fixed,reuse,,False,,,0,,4736,unavailable,592.0,unavailable,exact
04_person_car,fixed_int4,62,fixed,reuse,,False,,,0,,4736,unavailable,592.0,unavailable,exact
04_person_car,fixed_int4,63,fixed,reuse,,False,,,0,,4736,unavailable,592.0,unavailable,exact
04_person_car,fixed_int4,64,fixed,keyframe,selected,True,,,32768,,2244304,unavailable,280538.0,unavailable,exact
04_person_car,fixed_int4,65,fixed,reuse,,False,,,0,,4736,unavailable,592.0,unavailable,exact
04_person_car,fixed_int4,66,fixed,reuse,,False,,,0,,4736,unavailable,592.0,unavailable,exact
04_person_car,fixed_int4,67,fixed,reuse,,False,,,0,,4736,unavailable,592.0,unavailable,exact
04_person_car,fixed_int4,68,fixed,reuse,,False,,,0,,4736,unavailable,592.0,unavailable,exact
04_person_car,fixed_int4,69,fixed,reuse,,False,,,0,,4736,unavailable,592.0,unavailable,exact
04_person_car,fixed_int4,7,fixed,reuse,,False,,,0,,4728,unavailable,591.0,unavailable,exact
04_person_car,fixed_int4,70,fixed,reuse,,False,,,0,,4736,unavailable,592.0,unavailable,exact
04_person_car,fixed_int4,71,fixed,reuse,,False,,,0,,4736,unavailable,592.0,unavailable,exact
04_person_car,fixed_int4,72,fixed,reuse,,False,,,0,,4736,unavailable,592.0,unavailable,exact
04_person_car,fixed_int4,73,fixed,reuse,,False,,,0,,4736,unavailable,592.0,unavailable,exact
04_person_car,fixed_int4,74,fixed,reuse,,False,,,0,,4736,unavailable,592.0,unavailable,exact
04_person_car,fixed_int4,75,fixed,reuse,,False,,,0,,4736,unavailable,592.0,unavailable,exact
04_person_car,fixed_int4,76,fixed,reuse,,False,,,0,,4736,unavailable,592.0,unavailable,exact
04_person_car,fixed_int4,77,fixed,reuse,,False,,,0,,4736,unavailable,592.0,unavailable,exact
04_person_car,fixed_int4,78,fixed,reuse,,False,,,0,,4736,unavailable,592.0,unavailable,exact
04_person_car,fixed_int4,79,fixed,reuse,,False,,,0,,4736,unavailable,592.0,unavailable,exact
04_person_car,fixed_int4,8,fixed,reuse,,False,,,0,,4728,unavailable,591.0,unavailable,exact
04_person_car,fixed_int4,80,fixed,keyframe,selected,True,,,32768,,2244304,unavailable,280538.0,unavailable,exact
04_person_car,fixed_int4,81,fixed,reuse,,False,,,0,,4736,unavailable,592.0,unavailable,exact
04_person_car,fixed_int4,82,fixed,reuse,,False,,,0,,4736,unavailable,592.0,unavailable,exact
04_person_car,fixed_int4,83,fixed,reuse,,False,,,0,,4736,unavailable,592.0,unavailable,exact
04_person_car,fixed_int4,84,fixed,reuse,,False,,,0,,4736,unavailable,592.0,unavailable,exact
04_person_car,fixed_int4,85,fixed,reuse,,False,,,0,,4736,unavailable,592.0,unavailable,exact
04_person_car,fixed_int4,86,fixed,reuse,,False,,,0,,4736,unavailable,592.0,unavailable,exact
04_person_car,fixed_int4,87,fixed,reuse,,False,,,0,,4736,unavailable,592.0,unavailable,exact
04_person_car,fixed_int4,88,fixed,reuse,,False,,,0,,4736,unavailable,592.0,unavailable,exact
04_person_car,fixed_int4,89,fixed,reuse,,False,,,0,,4736,unavailable,592.0,unavailable,exact
04_person_car,fixed_int4,9,fixed,reuse,,False,,,0,,4728,unavailable,591.0,unavailable,exact
04_person_car,fixed_int4,90,fixed,reuse,,False,,,0,,4736,unavailable,592.0,unavailable,exact
04_person_car,fixed_int4,91,fixed,reuse,,False,,,0,,4736,unavailable,592.0,unavailable,exact
04_person_car,fixed_int4,92,fixed,reuse,,False,,,0,,4736,unavailable,592.0,unavailable,exact
04_person_car,fixed_int4,93,fixed,reuse,,False,,,0,,4736,unavailable,592.0,unavailable,exact
04_person_car,fixed_int4,94,fixed,reuse,,False,,,0,,4736,unavailable,592.0,unavailable,exact
04_person_car,fixed_int4,95,fixed,reuse,,False,,,0,,4736,unavailable,592.0,unavailable,exact
04_person_car,fixed_int4,96,fixed,keyframe,selected,True,,,32768,,2244304,unavailable,280538.0,unavailable,exact
04_person_car,fixed_int4,97,fixed,reuse,,False,,,0,,4736,unavailable,592.0,unavailable,exact
04_person_car,fixed_int4,98,fixed,reuse,,False,,,0,,4736,unavailable,592.0,unavailable,exact
04_person_car,fixed_int4,99,fixed,reuse,,False,,,0,,4736,unavailable,592.0,unavailable,exact
04_person_car,fixed_int6,0,fixed,keyframe,first_frame,True,,,32768,,2309832,unavailable,288729.0,unavailable,exact
04_person_car,fixed_int6,1,fixed,reuse,,False,,,0,,4728,unavailable,591.0,unavailable,exact
04_person_car,fixed_int6,10,fixed,reuse,,False,,,0,,4736,unavailable,592.0,unavailable,exact
04_person_car,fixed_int6,11,fixed,reuse,,False,,,0,,4736,unavailable,592.0,unavailable,exact
04_person_car,fixed_int6,12,fixed,reuse,,False,,,0,,4736,unavailable,592.0,unavailable,exact
04_person_car,fixed_int6,13,fixed,reuse,,False,,,0,,4736,unavailable,592.0,unavailable,exact
04_person_car,fixed_int6,14,fixed,reuse,,False,,,0,,4736,unavailable,592.0,unavailable,exact
04_person_car,fixed_int6,15,fixed,reuse,,False,,,0,,4736,unavailable,592.0,unavailable,exact
04_person_car,fixed_int6,16,fixed,keyframe,selected,True,,,32768,,2309840,unavailable,288730.0,unavailable,exact
04_person_car,fixed_int6,17,fixed,reuse,,False,,,0,,4736,unavailable,592.0,unavailable,exact
04_person_car,fixed_int6,18,fixed,reuse,,False,,,0,,4736,unavailable,592.0,unavailable,exact
04_person_car,fixed_int6,19,fixed,reuse,,False,,,0,,4736,unavailable,592.0,unavailable,exact
04_person_car,fixed_int6,2,fixed,reuse,,False,,,0,,4728,unavailable,591.0,unavailable,exact
04_person_car,fixed_int6,20,fixed,reuse,,False,,,0,,4736,unavailable,592.0,unavailable,exact
04_person_car,fixed_int6,21,fixed,reuse,,False,,,0,,4736,unavailable,592.0,unavailable,exact
04_person_car,fixed_int6,22,fixed,reuse,,False,,,0,,4736,unavailable,592.0,unavailable,exact
04_person_car,fixed_int6,23,fixed,reuse,,False,,,0,,4736,unavailable,592.0,unavailable,exact
04_person_car,fixed_int6,24,fixed,reuse,,False,,,0,,4736,unavailable,592.0,unavailable,exact
04_person_car,fixed_int6,25,fixed,reuse,,False,,,0,,4736,unavailable,592.0,unavailable,exact
04_person_car,fixed_int6,26,fixed,reuse,,False,,,0,,4736,unavailable,592.0,unavailable,exact
04_person_car,fixed_int6,27,fixed,reuse,,False,,,0,,4736,unavailable,592.0,unavailable,exact
04_person_car,fixed_int6,28,fixed,reuse,,False,,,0,,4736,unavailable,592.0,unavailable,exact
04_person_car,fixed_int6,29,fixed,reuse,,False,,,0,,4736,unavailable,592.0,unavailable,exact
04_person_car,fixed_int6,3,fixed,reuse,,False,,,0,,4728,unavailable,591.0,unavailable,exact
04_person_car,fixed_int6,30,fixed,reuse,,False,,,0,,4736,unavailable,592.0,unavailable,exact
04_person_car,fixed_int6,31,fixed,reuse,,False,,,0,,4736,unavailable,592.0,unavailable,exact
04_person_car,fixed_int6,32,fixed,keyframe,selected,True,,,32768,,2309840,unavailable,288730.0,unavailable,exact
04_person_car,fixed_int6,33,fixed,reuse,,False,,,0,,4736,unavailable,592.0,unavailable,exact
04_person_car,fixed_int6,34,fixed,reuse,,False,,,0,,4736,unavailable,592.0,unavailable,exact
04_person_car,fixed_int6,35,fixed,reuse,,False,,,0,,4736,unavailable,592.0,unavailable,exact
04_person_car,fixed_int6,36,fixed,reuse,,False,,,0,,4736,unavailable,592.0,unavailable,exact
04_person_car,fixed_int6,37,fixed,reuse,,False,,,0,,4736,unavailable,592.0,unavailable,exact
04_person_car,fixed_int6,38,fixed,reuse,,False,,,0,,4736,unavailable,592.0,unavailable,exact
04_person_car,fixed_int6,39,fixed,reuse,,False,,,0,,4736,unavailable,592.0,unavailable,exact
04_person_car,fixed_int6,4,fixed,reuse,,False,,,0,,4728,unavailable,591.0,unavailable,exact
04_person_car,fixed_int6,40,fixed,reuse,,False,,,0,,4736,unavailable,592.0,unavailable,exact
04_person_car,fixed_int6,41,fixed,reuse,,False,,,0,,4736,unavailable,592.0,unavailable,exact
04_person_car,fixed_int6,42,fixed,reuse,,False,,,0,,4736,unavailable,592.0,unavailable,exact
04_person_car,fixed_int6,43,fixed,reuse,,False,,,0,,4736,unavailable,592.0,unavailable,exact
04_person_car,fixed_int6,44,fixed,reuse,,False,,,0,,4736,unavailable,592.0,unavailable,exact
04_person_car,fixed_int6,45,fixed,reuse,,False,,,0,,4736,unavailable,592.0,unavailable,exact
04_person_car,fixed_int6,46,fixed,reuse,,False,,,0,,4736,unavailable,592.0,unavailable,exact
04_person_car,fixed_int6,47,fixed,reuse,,False,,,0,,4736,unavailable,592.0,unavailable,exact
04_person_car,fixed_int6,48,fixed,keyframe,selected,True,,,32768,,2309840,unavailable,288730.0,unavailable,exact
04_person_car,fixed_int6,49,fixed,reuse,,False,,,0,,4736,unavailable,592.0,unavailable,exact
04_person_car,fixed_int6,5,fixed,reuse,,False,,,0,,4728,unavailable,591.0,unavailable,exact
04_person_car,fixed_int6,50,fixed,reuse,,False,,,0,,4736,unavailable,592.0,unavailable,exact
04_person_car,fixed_int6,51,fixed,reuse,,False,,,0,,4736,unavailable,592.0,unavailable,exact
04_person_car,fixed_int6,52,fixed,reuse,,False,,,0,,4736,unavailable,592.0,unavailable,exact
04_person_car,fixed_int6,53,fixed,reuse,,False,,,0,,4736,unavailable,592.0,unavailable,exact
04_person_car,fixed_int6,54,fixed,reuse,,False,,,0,,4736,unavailable,592.0,unavailable,exact
04_person_car,fixed_int6,55,fixed,reuse,,False,,,0,,4736,unavailable,592.0,unavailable,exact
04_person_car,fixed_int6,56,fixed,reuse,,False,,,0,,4736,unavailable,592.0,unavailable,exact
04_person_car,fixed_int6,57,fixed,reuse,,False,,,0,,4736,unavailable,592.0,unavailable,exact
04_person_car,fixed_int6,58,fixed,reuse,,False,,,0,,4736,unavailable,592.0,unavailable,exact
04_person_car,fixed_int6,59,fixed,reuse,,False,,,0,,4736,unavailable,592.0,unavailable,exact
04_person_car,fixed_int6,6,fixed,reuse,,False,,,0,,4728,unavailable,591.0,unavailable,exact
04_person_car,fixed_int6,60,fixed,reuse,,False,,,0,,4736,unavailable,592.0,unavailable,exact
04_person_car,fixed_int6,61,fixed,reuse,,False,,,0,,4736,unavailable,592.0,unavailable,exact
04_person_car,fixed_int6,62,fixed,reuse,,False,,,0,,4736,unavailable,592.0,unavailable,exact
04_person_car,fixed_int6,63,fixed,reuse,,False,,,0,,4736,unavailable,592.0,unavailable,exact
04_person_car,fixed_int6,64,fixed,keyframe,selected,True,,,32768,,2309840,unavailable,288730.0,unavailable,exact
04_person_car,fixed_int6,65,fixed,reuse,,False,,,0,,4736,unavailable,592.0,unavailable,exact
04_person_car,fixed_int6,66,fixed,reuse,,False,,,0,,4736,unavailable,592.0,unavailable,exact
04_person_car,fixed_int6,67,fixed,reuse,,False,,,0,,4736,unavailable,592.0,unavailable,exact
04_person_car,fixed_int6,68,fixed,reuse,,False,,,0,,4736,unavailable,592.0,unavailable,exact
04_person_car,fixed_int6,69,fixed,reuse,,False,,,0,,4736,unavailable,592.0,unavailable,exact
04_person_car,fixed_int6,7,fixed,reuse,,False,,,0,,4728,unavailable,591.0,unavailable,exact
04_person_car,fixed_int6,70,fixed,reuse,,False,,,0,,4736,unavailable,592.0,unavailable,exact
04_person_car,fixed_int6,71,fixed,reuse,,False,,,0,,4736,unavailable,592.0,unavailable,exact
04_person_car,fixed_int6,72,fixed,reuse,,False,,,0,,4736,unavailable,592.0,unavailable,exact
04_person_car,fixed_int6,73,fixed,reuse,,False,,,0,,4736,unavailable,592.0,unavailable,exact
04_person_car,fixed_int6,74,fixed,reuse,,False,,,0,,4736,unavailable,592.0,unavailable,exact
04_person_car,fixed_int6,75,fixed,reuse,,False,,,0,,4736,unavailable,592.0,unavailable,exact
04_person_car,fixed_int6,76,fixed,reuse,,False,,,0,,4736,unavailable,592.0,unavailable,exact
04_person_car,fixed_int6,77,fixed,reuse,,False,,,0,,4736,unavailable,592.0,unavailable,exact
04_person_car,fixed_int6,78,fixed,reuse,,False,,,0,,4736,unavailable,592.0,unavailable,exact
04_person_car,fixed_int6,79,fixed,reuse,,False,,,0,,4736,unavailable,592.0,unavailable,exact
04_person_car,fixed_int6,8,fixed,reuse,,False,,,0,,4728,unavailable,591.0,unavailable,exact
04_person_car,fixed_int6,80,fixed,keyframe,selected,True,,,32768,,2309840,unavailable,288730.0,unavailable,exact
04_person_car,fixed_int6,81,fixed,reuse,,False,,,0,,4736,unavailable,592.0,unavailable,exact
04_person_car,fixed_int6,82,fixed,reuse,,False,,,0,,4736,unavailable,592.0,unavailable,exact
04_person_car,fixed_int6,83,fixed,reuse,,False,,,0,,4736,unavailable,592.0,unavailable,exact
04_person_car,fixed_int6,84,fixed,reuse,,False,,,0,,4736,unavailable,592.0,unavailable,exact
04_person_car,fixed_int6,85,fixed,reuse,,False,,,0,,4736,unavailable,592.0,unavailable,exact
04_person_car,fixed_int6,86,fixed,reuse,,False,,,0,,4736,unavailable,592.0,unavailable,exact
04_person_car,fixed_int6,87,fixed,reuse,,False,,,0,,4736,unavailable,592.0,unavailable,exact
04_person_car,fixed_int6,88,fixed,reuse,,False,,,0,,4736,unavailable,592.0,unavailable,exact
04_person_car,fixed_int6,89,fixed,reuse,,False,,,0,,4736,unavailable,592.0,unavailable,exact
04_person_car,fixed_int6,9,fixed,reuse,,False,,,0,,4728,unavailable,591.0,unavailable,exact
04_person_car,fixed_int6,90,fixed,reuse,,False,,,0,,4736,unavailable,592.0,unavailable,exact
04_person_car,fixed_int6,91,fixed,reuse,,False,,,0,,4736,unavailable,592.0,unavailable,exact
04_person_car,fixed_int6,92,fixed,reuse,,False,,,0,,4736,unavailable,592.0,unavailable,exact
04_person_car,fixed_int6,93,fixed,reuse,,False,,,0,,4736,unavailable,592.0,unavailable,exact
04_person_car,fixed_int6,94,fixed,reuse,,False,,,0,,4736,unavailable,592.0,unavailable,exact
04_person_car,fixed_int6,95,fixed,reuse,,False,,,0,,4736,unavailable,592.0,unavailable,exact
04_person_car,fixed_int6,96,fixed,keyframe,selected,True,,,32768,,2309840,unavailable,288730.0,unavailable,exact
04_person_car,fixed_int6,97,fixed,reuse,,False,,,0,,4736,unavailable,592.0,unavailable,exact
04_person_car,fixed_int6,98,fixed,reuse,,False,,,0,,4736,unavailable,592.0,unavailable,exact
04_person_car,fixed_int6,99,fixed,reuse,,False,,,0,,4736,unavailable,592.0,unavailable,exact
04_person_car,fixed_int8,0,fixed,keyframe,first_frame,True,,,32768,,2375368,unavailable,296921.0,unavailable,exact
04_person_car,fixed_int8,1,fixed,reuse,,False,,,0,,4728,unavailable,591.0,unavailable,exact
04_person_car,fixed_int8,10,fixed,reuse,,False,,,0,,4736,unavailable,592.0,unavailable,exact
04_person_car,fixed_int8,11,fixed,reuse,,False,,,0,,4736,unavailable,592.0,unavailable,exact
04_person_car,fixed_int8,12,fixed,reuse,,False,,,0,,4736,unavailable,592.0,unavailable,exact
04_person_car,fixed_int8,13,fixed,reuse,,False,,,0,,4736,unavailable,592.0,unavailable,exact
04_person_car,fixed_int8,14,fixed,reuse,,False,,,0,,4736,unavailable,592.0,unavailable,exact
04_person_car,fixed_int8,15,fixed,reuse,,False,,,0,,4736,unavailable,592.0,unavailable,exact
04_person_car,fixed_int8,16,fixed,keyframe,selected,True,,,32768,,2375376,unavailable,296922.0,unavailable,exact
04_person_car,fixed_int8,17,fixed,reuse,,False,,,0,,4736,unavailable,592.0,unavailable,exact
04_person_car,fixed_int8,18,fixed,reuse,,False,,,0,,4736,unavailable,592.0,unavailable,exact
04_person_car,fixed_int8,19,fixed,reuse,,False,,,0,,4736,unavailable,592.0,unavailable,exact
04_person_car,fixed_int8,2,fixed,reuse,,False,,,0,,4728,unavailable,591.0,unavailable,exact
04_person_car,fixed_int8,20,fixed,reuse,,False,,,0,,4736,unavailable,592.0,unavailable,exact
04_person_car,fixed_int8,21,fixed,reuse,,False,,,0,,4736,unavailable,592.0,unavailable,exact
04_person_car,fixed_int8,22,fixed,reuse,,False,,,0,,4736,unavailable,592.0,unavailable,exact
04_person_car,fixed_int8,23,fixed,reuse,,False,,,0,,4736,unavailable,592.0,unavailable,exact
04_person_car,fixed_int8,24,fixed,reuse,,False,,,0,,4736,unavailable,592.0,unavailable,exact
04_person_car,fixed_int8,25,fixed,reuse,,False,,,0,,4736,unavailable,592.0,unavailable,exact
04_person_car,fixed_int8,26,fixed,reuse,,False,,,0,,4736,unavailable,592.0,unavailable,exact
04_person_car,fixed_int8,27,fixed,reuse,,False,,,0,,4736,unavailable,592.0,unavailable,exact
04_person_car,fixed_int8,28,fixed,reuse,,False,,,0,,4736,unavailable,592.0,unavailable,exact
04_person_car,fixed_int8,29,fixed,reuse,,False,,,0,,4736,unavailable,592.0,unavailable,exact
04_person_car,fixed_int8,3,fixed,reuse,,False,,,0,,4728,unavailable,591.0,unavailable,exact
04_person_car,fixed_int8,30,fixed,reuse,,False,,,0,,4736,unavailable,592.0,unavailable,exact
04_person_car,fixed_int8,31,fixed,reuse,,False,,,0,,4736,unavailable,592.0,unavailable,exact
04_person_car,fixed_int8,32,fixed,keyframe,selected,True,,,32768,,2375376,unavailable,296922.0,unavailable,exact
04_person_car,fixed_int8,33,fixed,reuse,,False,,,0,,4736,unavailable,592.0,unavailable,exact
04_person_car,fixed_int8,34,fixed,reuse,,False,,,0,,4736,unavailable,592.0,unavailable,exact
04_person_car,fixed_int8,35,fixed,reuse,,False,,,0,,4736,unavailable,592.0,unavailable,exact
04_person_car,fixed_int8,36,fixed,reuse,,False,,,0,,4736,unavailable,592.0,unavailable,exact
04_person_car,fixed_int8,37,fixed,reuse,,False,,,0,,4736,unavailable,592.0,unavailable,exact
04_person_car,fixed_int8,38,fixed,reuse,,False,,,0,,4736,unavailable,592.0,unavailable,exact
04_person_car,fixed_int8,39,fixed,reuse,,False,,,0,,4736,unavailable,592.0,unavailable,exact
04_person_car,fixed_int8,4,fixed,reuse,,False,,,0,,4728,unavailable,591.0,unavailable,exact
04_person_car,fixed_int8,40,fixed,reuse,,False,,,0,,4736,unavailable,592.0,unavailable,exact
04_person_car,fixed_int8,41,fixed,reuse,,False,,,0,,4736,unavailable,592.0,unavailable,exact
04_person_car,fixed_int8,42,fixed,reuse,,False,,,0,,4736,unavailable,592.0,unavailable,exact
04_person_car,fixed_int8,43,fixed,reuse,,False,,,0,,4736,unavailable,592.0,unavailable,exact
04_person_car,fixed_int8,44,fixed,reuse,,False,,,0,,4736,unavailable,592.0,unavailable,exact
04_person_car,fixed_int8,45,fixed,reuse,,False,,,0,,4736,unavailable,592.0,unavailable,exact
04_person_car,fixed_int8,46,fixed,reuse,,False,,,0,,4736,unavailable,592.0,unavailable,exact
04_person_car,fixed_int8,47,fixed,reuse,,False,,,0,,4736,unavailable,592.0,unavailable,exact
04_person_car,fixed_int8,48,fixed,keyframe,selected,True,,,32768,,2375376,unavailable,296922.0,unavailable,exact
04_person_car,fixed_int8,49,fixed,reuse,,False,,,0,,4736,unavailable,592.0,unavailable,exact
04_person_car,fixed_int8,5,fixed,reuse,,False,,,0,,4728,unavailable,591.0,unavailable,exact
04_person_car,fixed_int8,50,fixed,reuse,,False,,,0,,4736,unavailable,592.0,unavailable,exact
04_person_car,fixed_int8,51,fixed,reuse,,False,,,0,,4736,unavailable,592.0,unavailable,exact
04_person_car,fixed_int8,52,fixed,reuse,,False,,,0,,4736,unavailable,592.0,unavailable,exact
04_person_car,fixed_int8,53,fixed,reuse,,False,,,0,,4736,unavailable,592.0,unavailable,exact
04_person_car,fixed_int8,54,fixed,reuse,,False,,,0,,4736,unavailable,592.0,unavailable,exact
04_person_car,fixed_int8,55,fixed,reuse,,False,,,0,,4736,unavailable,592.0,unavailable,exact
04_person_car,fixed_int8,56,fixed,reuse,,False,,,0,,4736,unavailable,592.0,unavailable,exact
04_person_car,fixed_int8,57,fixed,reuse,,False,,,0,,4736,unavailable,592.0,unavailable,exact
04_person_car,fixed_int8,58,fixed,reuse,,False,,,0,,4736,unavailable,592.0,unavailable,exact
04_person_car,fixed_int8,59,fixed,reuse,,False,,,0,,4736,unavailable,592.0,unavailable,exact
04_person_car,fixed_int8,6,fixed,reuse,,False,,,0,,4728,unavailable,591.0,unavailable,exact
04_person_car,fixed_int8,60,fixed,reuse,,False,,,0,,4736,unavailable,592.0,unavailable,exact
04_person_car,fixed_int8,61,fixed,reuse,,False,,,0,,4736,unavailable,592.0,unavailable,exact
04_person_car,fixed_int8,62,fixed,reuse,,False,,,0,,4736,unavailable,592.0,unavailable,exact
04_person_car,fixed_int8,63,fixed,reuse,,False,,,0,,4736,unavailable,592.0,unavailable,exact
04_person_car,fixed_int8,64,fixed,keyframe,selected,True,,,32768,,2375376,unavailable,296922.0,unavailable,exact
04_person_car,fixed_int8,65,fixed,reuse,,False,,,0,,4736,unavailable,592.0,unavailable,exact
04_person_car,fixed_int8,66,fixed,reuse,,False,,,0,,4736,unavailable,592.0,unavailable,exact
04_person_car,fixed_int8,67,fixed,reuse,,False,,,0,,4736,unavailable,592.0,unavailable,exact
04_person_car,fixed_int8,68,fixed,reuse,,False,,,0,,4736,unavailable,592.0,unavailable,exact
04_person_car,fixed_int8,69,fixed,reuse,,False,,,0,,4736,unavailable,592.0,unavailable,exact
04_person_car,fixed_int8,7,fixed,reuse,,False,,,0,,4728,unavailable,591.0,unavailable,exact
04_person_car,fixed_int8,70,fixed,reuse,,False,,,0,,4736,unavailable,592.0,unavailable,exact
04_person_car,fixed_int8,71,fixed,reuse,,False,,,0,,4736,unavailable,592.0,unavailable,exact
04_person_car,fixed_int8,72,fixed,reuse,,False,,,0,,4736,unavailable,592.0,unavailable,exact
04_person_car,fixed_int8,73,fixed,reuse,,False,,,0,,4736,unavailable,592.0,unavailable,exact
04_person_car,fixed_int8,74,fixed,reuse,,False,,,0,,4736,unavailable,592.0,unavailable,exact
04_person_car,fixed_int8,75,fixed,reuse,,False,,,0,,4736,unavailable,592.0,unavailable,exact
04_person_car,fixed_int8,76,fixed,reuse,,False,,,0,,4736,unavailable,592.0,unavailable,exact
04_person_car,fixed_int8,77,fixed,reuse,,False,,,0,,4736,unavailable,592.0,unavailable,exact
04_person_car,fixed_int8,78,fixed,reuse,,False,,,0,,4736,unavailable,592.0,unavailable,exact
04_person_car,fixed_int8,79,fixed,reuse,,False,,,0,,4736,unavailable,592.0,unavailable,exact
04_person_car,fixed_int8,8,fixed,reuse,,False,,,0,,4728,unavailable,591.0,unavailable,exact
04_person_car,fixed_int8,80,fixed,keyframe,selected,True,,,32768,,2375376,unavailable,296922.0,unavailable,exact
04_person_car,fixed_int8,81,fixed,reuse,,False,,,0,,4736,unavailable,592.0,unavailable,exact
04_person_car,fixed_int8,82,fixed,reuse,,False,,,0,,4736,unavailable,592.0,unavailable,exact
04_person_car,fixed_int8,83,fixed,reuse,,False,,,0,,4736,unavailable,592.0,unavailable,exact
04_person_car,fixed_int8,84,fixed,reuse,,False,,,0,,4736,unavailable,592.0,unavailable,exact
04_person_car,fixed_int8,85,fixed,reuse,,False,,,0,,4736,unavailable,592.0,unavailable,exact
04_person_car,fixed_int8,86,fixed,reuse,,False,,,0,,4736,unavailable,592.0,unavailable,exact
04_person_car,fixed_int8,87,fixed,reuse,,False,,,0,,4736,unavailable,592.0,unavailable,exact
04_person_car,fixed_int8,88,fixed,reuse,,False,,,0,,4736,unavailable,592.0,unavailable,exact
04_person_car,fixed_int8,89,fixed,reuse,,False,,,0,,4736,unavailable,592.0,unavailable,exact
04_person_car,fixed_int8,9,fixed,reuse,,False,,,0,,4728,unavailable,591.0,unavailable,exact
04_person_car,fixed_int8,90,fixed,reuse,,False,,,0,,4736,unavailable,592.0,unavailable,exact
04_person_car,fixed_int8,91,fixed,reuse,,False,,,0,,4736,unavailable,592.0,unavailable,exact
04_person_car,fixed_int8,92,fixed,reuse,,False,,,0,,4736,unavailable,592.0,unavailable,exact
04_person_car,fixed_int8,93,fixed,reuse,,False,,,0,,4736,unavailable,592.0,unavailable,exact
04_person_car,fixed_int8,94,fixed,reuse,,False,,,0,,4736,unavailable,592.0,unavailable,exact
04_person_car,fixed_int8,95,fixed,reuse,,False,,,0,,4736,unavailable,592.0,unavailable,exact
04_person_car,fixed_int8,96,fixed,keyframe,selected,True,,,32768,,2375376,unavailable,296922.0,unavailable,exact
04_person_car,fixed_int8,97,fixed,reuse,,False,,,0,,4736,unavailable,592.0,unavailable,exact
04_person_car,fixed_int8,98,fixed,reuse,,False,,,0,,4736,unavailable,592.0,unavailable,exact
04_person_car,fixed_int8,99,fixed,reuse,,False,,,0,,4736,unavailable,592.0,unavailable,exact
05_camera_pan_person,fixed_awgn,0,fixed,keyframe,first_frame,True,,,32768,32768,2107568,unavailable,263446.0,unavailable,exact
05_camera_pan_person,fixed_awgn,1,fixed,reuse,,False,,,0,,5008,unavailable,626.0,unavailable,exact
05_camera_pan_person,fixed_awgn,10,fixed,reuse,,False,,,0,,5016,unavailable,627.0,unavailable,exact
05_camera_pan_person,fixed_awgn,11,fixed,reuse,,False,,,0,,5016,unavailable,627.0,unavailable,exact
05_camera_pan_person,fixed_awgn,12,fixed,reuse,,False,,,0,,5016,unavailable,627.0,unavailable,exact
05_camera_pan_person,fixed_awgn,13,fixed,reuse,,False,,,0,,5016,unavailable,627.0,unavailable,exact
05_camera_pan_person,fixed_awgn,14,fixed,reuse,,False,,,0,,5016,unavailable,627.0,unavailable,exact
05_camera_pan_person,fixed_awgn,15,fixed,reuse,,False,,,0,,5016,unavailable,627.0,unavailable,exact
05_camera_pan_person,fixed_awgn,16,fixed,keyframe,selected,True,,,32768,32768,2107576,unavailable,263447.0,unavailable,exact
05_camera_pan_person,fixed_awgn,17,fixed,reuse,,False,,,0,,5016,unavailable,627.0,unavailable,exact
05_camera_pan_person,fixed_awgn,18,fixed,reuse,,False,,,0,,5016,unavailable,627.0,unavailable,exact
05_camera_pan_person,fixed_awgn,19,fixed,reuse,,False,,,0,,5016,unavailable,627.0,unavailable,exact
05_camera_pan_person,fixed_awgn,2,fixed,reuse,,False,,,0,,5008,unavailable,626.0,unavailable,exact
05_camera_pan_person,fixed_awgn,20,fixed,reuse,,False,,,0,,5016,unavailable,627.0,unavailable,exact
05_camera_pan_person,fixed_awgn,21,fixed,reuse,,False,,,0,,5016,unavailable,627.0,unavailable,exact
05_camera_pan_person,fixed_awgn,22,fixed,reuse,,False,,,0,,5016,unavailable,627.0,unavailable,exact
05_camera_pan_person,fixed_awgn,23,fixed,reuse,,False,,,0,,5016,unavailable,627.0,unavailable,exact
05_camera_pan_person,fixed_awgn,24,fixed,reuse,,False,,,0,,5016,unavailable,627.0,unavailable,exact
05_camera_pan_person,fixed_awgn,25,fixed,reuse,,False,,,0,,5016,unavailable,627.0,unavailable,exact
05_camera_pan_person,fixed_awgn,26,fixed,reuse,,False,,,0,,5016,unavailable,627.0,unavailable,exact
05_camera_pan_person,fixed_awgn,27,fixed,reuse,,False,,,0,,5016,unavailable,627.0,unavailable,exact
05_camera_pan_person,fixed_awgn,28,fixed,reuse,,False,,,0,,5016,unavailable,627.0,unavailable,exact
05_camera_pan_person,fixed_awgn,29,fixed,reuse,,False,,,0,,5016,unavailable,627.0,unavailable,exact
05_camera_pan_person,fixed_awgn,3,fixed,reuse,,False,,,0,,5008,unavailable,626.0,unavailable,exact
05_camera_pan_person,fixed_awgn,30,fixed,reuse,,False,,,0,,5016,unavailable,627.0,unavailable,exact
05_camera_pan_person,fixed_awgn,31,fixed,reuse,,False,,,0,,5016,unavailable,627.0,unavailable,exact
05_camera_pan_person,fixed_awgn,32,fixed,keyframe,selected,True,,,32768,32768,2107576,unavailable,263447.0,unavailable,exact
05_camera_pan_person,fixed_awgn,33,fixed,reuse,,False,,,0,,5016,unavailable,627.0,unavailable,exact
05_camera_pan_person,fixed_awgn,34,fixed,reuse,,False,,,0,,5016,unavailable,627.0,unavailable,exact
05_camera_pan_person,fixed_awgn,35,fixed,reuse,,False,,,0,,5016,unavailable,627.0,unavailable,exact
05_camera_pan_person,fixed_awgn,36,fixed,reuse,,False,,,0,,5016,unavailable,627.0,unavailable,exact
05_camera_pan_person,fixed_awgn,37,fixed,reuse,,False,,,0,,5016,unavailable,627.0,unavailable,exact
05_camera_pan_person,fixed_awgn,38,fixed,reuse,,False,,,0,,5016,unavailable,627.0,unavailable,exact
05_camera_pan_person,fixed_awgn,39,fixed,reuse,,False,,,0,,5016,unavailable,627.0,unavailable,exact
05_camera_pan_person,fixed_awgn,4,fixed,reuse,,False,,,0,,5008,unavailable,626.0,unavailable,exact
05_camera_pan_person,fixed_awgn,40,fixed,reuse,,False,,,0,,5016,unavailable,627.0,unavailable,exact
05_camera_pan_person,fixed_awgn,41,fixed,reuse,,False,,,0,,5016,unavailable,627.0,unavailable,exact
05_camera_pan_person,fixed_awgn,42,fixed,reuse,,False,,,0,,5016,unavailable,627.0,unavailable,exact
05_camera_pan_person,fixed_awgn,43,fixed,reuse,,False,,,0,,5016,unavailable,627.0,unavailable,exact
05_camera_pan_person,fixed_awgn,44,fixed,reuse,,False,,,0,,5016,unavailable,627.0,unavailable,exact
05_camera_pan_person,fixed_awgn,45,fixed,reuse,,False,,,0,,5016,unavailable,627.0,unavailable,exact
05_camera_pan_person,fixed_awgn,46,fixed,reuse,,False,,,0,,5016,unavailable,627.0,unavailable,exact
05_camera_pan_person,fixed_awgn,47,fixed,reuse,,False,,,0,,5016,unavailable,627.0,unavailable,exact
05_camera_pan_person,fixed_awgn,48,fixed,keyframe,selected,True,,,32768,32768,2107576,unavailable,263447.0,unavailable,exact
05_camera_pan_person,fixed_awgn,49,fixed,reuse,,False,,,0,,5016,unavailable,627.0,unavailable,exact
05_camera_pan_person,fixed_awgn,5,fixed,reuse,,False,,,0,,5008,unavailable,626.0,unavailable,exact
05_camera_pan_person,fixed_awgn,50,fixed,reuse,,False,,,0,,5016,unavailable,627.0,unavailable,exact
05_camera_pan_person,fixed_awgn,51,fixed,reuse,,False,,,0,,5016,unavailable,627.0,unavailable,exact
05_camera_pan_person,fixed_awgn,52,fixed,reuse,,False,,,0,,5016,unavailable,627.0,unavailable,exact
05_camera_pan_person,fixed_awgn,53,fixed,reuse,,False,,,0,,5016,unavailable,627.0,unavailable,exact
05_camera_pan_person,fixed_awgn,54,fixed,reuse,,False,,,0,,5016,unavailable,627.0,unavailable,exact
05_camera_pan_person,fixed_awgn,55,fixed,reuse,,False,,,0,,5016,unavailable,627.0,unavailable,exact
05_camera_pan_person,fixed_awgn,56,fixed,reuse,,False,,,0,,5016,unavailable,627.0,unavailable,exact
05_camera_pan_person,fixed_awgn,57,fixed,reuse,,False,,,0,,5016,unavailable,627.0,unavailable,exact
05_camera_pan_person,fixed_awgn,58,fixed,reuse,,False,,,0,,5016,unavailable,627.0,unavailable,exact
05_camera_pan_person,fixed_awgn,59,fixed,reuse,,False,,,0,,5016,unavailable,627.0,unavailable,exact
05_camera_pan_person,fixed_awgn,6,fixed,reuse,,False,,,0,,5008,unavailable,626.0,unavailable,exact
05_camera_pan_person,fixed_awgn,60,fixed,reuse,,False,,,0,,5016,unavailable,627.0,unavailable,exact
05_camera_pan_person,fixed_awgn,61,fixed,reuse,,False,,,0,,5016,unavailable,627.0,unavailable,exact
05_camera_pan_person,fixed_awgn,62,fixed,reuse,,False,,,0,,5016,unavailable,627.0,unavailable,exact
05_camera_pan_person,fixed_awgn,63,fixed,reuse,,False,,,0,,5016,unavailable,627.0,unavailable,exact
05_camera_pan_person,fixed_awgn,64,fixed,keyframe,selected,True,,,32768,32768,2107576,unavailable,263447.0,unavailable,exact
05_camera_pan_person,fixed_awgn,65,fixed,reuse,,False,,,0,,5016,unavailable,627.0,unavailable,exact
05_camera_pan_person,fixed_awgn,66,fixed,reuse,,False,,,0,,5016,unavailable,627.0,unavailable,exact
05_camera_pan_person,fixed_awgn,67,fixed,reuse,,False,,,0,,5016,unavailable,627.0,unavailable,exact
05_camera_pan_person,fixed_awgn,68,fixed,reuse,,False,,,0,,5016,unavailable,627.0,unavailable,exact
05_camera_pan_person,fixed_awgn,69,fixed,reuse,,False,,,0,,5016,unavailable,627.0,unavailable,exact
05_camera_pan_person,fixed_awgn,7,fixed,reuse,,False,,,0,,5008,unavailable,626.0,unavailable,exact
05_camera_pan_person,fixed_awgn,70,fixed,reuse,,False,,,0,,5016,unavailable,627.0,unavailable,exact
05_camera_pan_person,fixed_awgn,71,fixed,reuse,,False,,,0,,5016,unavailable,627.0,unavailable,exact
05_camera_pan_person,fixed_awgn,72,fixed,reuse,,False,,,0,,5016,unavailable,627.0,unavailable,exact
05_camera_pan_person,fixed_awgn,73,fixed,reuse,,False,,,0,,5016,unavailable,627.0,unavailable,exact
05_camera_pan_person,fixed_awgn,74,fixed,reuse,,False,,,0,,5016,unavailable,627.0,unavailable,exact
05_camera_pan_person,fixed_awgn,75,fixed,reuse,,False,,,0,,5016,unavailable,627.0,unavailable,exact
05_camera_pan_person,fixed_awgn,76,fixed,reuse,,False,,,0,,5016,unavailable,627.0,unavailable,exact
05_camera_pan_person,fixed_awgn,77,fixed,reuse,,False,,,0,,5016,unavailable,627.0,unavailable,exact
05_camera_pan_person,fixed_awgn,78,fixed,reuse,,False,,,0,,5016,unavailable,627.0,unavailable,exact
05_camera_pan_person,fixed_awgn,79,fixed,reuse,,False,,,0,,5016,unavailable,627.0,unavailable,exact
05_camera_pan_person,fixed_awgn,8,fixed,reuse,,False,,,0,,5008,unavailable,626.0,unavailable,exact
05_camera_pan_person,fixed_awgn,80,fixed,keyframe,selected,True,,,32768,32768,2107576,unavailable,263447.0,unavailable,exact
05_camera_pan_person,fixed_awgn,81,fixed,reuse,,False,,,0,,5016,unavailable,627.0,unavailable,exact
05_camera_pan_person,fixed_awgn,82,fixed,reuse,,False,,,0,,5016,unavailable,627.0,unavailable,exact
05_camera_pan_person,fixed_awgn,83,fixed,reuse,,False,,,0,,5016,unavailable,627.0,unavailable,exact
05_camera_pan_person,fixed_awgn,84,fixed,reuse,,False,,,0,,5016,unavailable,627.0,unavailable,exact
05_camera_pan_person,fixed_awgn,85,fixed,reuse,,False,,,0,,5016,unavailable,627.0,unavailable,exact
05_camera_pan_person,fixed_awgn,86,fixed,reuse,,False,,,0,,5016,unavailable,627.0,unavailable,exact
05_camera_pan_person,fixed_awgn,87,fixed,reuse,,False,,,0,,5016,unavailable,627.0,unavailable,exact
05_camera_pan_person,fixed_awgn,88,fixed,reuse,,False,,,0,,5016,unavailable,627.0,unavailable,exact
05_camera_pan_person,fixed_awgn,89,fixed,reuse,,False,,,0,,5016,unavailable,627.0,unavailable,exact
05_camera_pan_person,fixed_awgn,9,fixed,reuse,,False,,,0,,5008,unavailable,626.0,unavailable,exact
05_camera_pan_person,fixed_awgn,90,fixed,reuse,,False,,,0,,5016,unavailable,627.0,unavailable,exact
05_camera_pan_person,fixed_awgn,91,fixed,reuse,,False,,,0,,5016,unavailable,627.0,unavailable,exact
05_camera_pan_person,fixed_awgn,92,fixed,reuse,,False,,,0,,5016,unavailable,627.0,unavailable,exact
05_camera_pan_person,fixed_awgn,93,fixed,reuse,,False,,,0,,5016,unavailable,627.0,unavailable,exact
05_camera_pan_person,fixed_awgn,94,fixed,reuse,,False,,,0,,5016,unavailable,627.0,unavailable,exact
05_camera_pan_person,fixed_awgn,95,fixed,reuse,,False,,,0,,5016,unavailable,627.0,unavailable,exact
05_camera_pan_person,fixed_awgn,96,fixed,keyframe,selected,True,,,32768,32768,2107576,unavailable,263447.0,unavailable,exact
05_camera_pan_person,fixed_awgn,97,fixed,reuse,,False,,,0,,5016,unavailable,627.0,unavailable,exact
05_camera_pan_person,fixed_awgn,98,fixed,reuse,,False,,,0,,5016,unavailable,627.0,unavailable,exact
05_camera_pan_person,fixed_awgn,99,fixed,reuse,,False,,,0,,5016,unavailable,627.0,unavailable,exact
05_camera_pan_person,fixed_float32,0,fixed,keyframe,first_frame,True,,,32768,,3162680,unavailable,395335.0,unavailable,exact
05_camera_pan_person,fixed_float32,1,fixed,reuse,,False,,,0,,5032,unavailable,629.0,unavailable,exact
05_camera_pan_person,fixed_float32,10,fixed,reuse,,False,,,0,,5040,unavailable,630.0,unavailable,exact
05_camera_pan_person,fixed_float32,11,fixed,reuse,,False,,,0,,5040,unavailable,630.0,unavailable,exact
05_camera_pan_person,fixed_float32,12,fixed,reuse,,False,,,0,,5040,unavailable,630.0,unavailable,exact
05_camera_pan_person,fixed_float32,13,fixed,reuse,,False,,,0,,5040,unavailable,630.0,unavailable,exact
05_camera_pan_person,fixed_float32,14,fixed,reuse,,False,,,0,,5040,unavailable,630.0,unavailable,exact
05_camera_pan_person,fixed_float32,15,fixed,reuse,,False,,,0,,5040,unavailable,630.0,unavailable,exact
05_camera_pan_person,fixed_float32,16,fixed,keyframe,selected,True,,,32768,,3162688,unavailable,395336.0,unavailable,exact
05_camera_pan_person,fixed_float32,17,fixed,reuse,,False,,,0,,5040,unavailable,630.0,unavailable,exact
05_camera_pan_person,fixed_float32,18,fixed,reuse,,False,,,0,,5040,unavailable,630.0,unavailable,exact
05_camera_pan_person,fixed_float32,19,fixed,reuse,,False,,,0,,5040,unavailable,630.0,unavailable,exact
05_camera_pan_person,fixed_float32,2,fixed,reuse,,False,,,0,,5032,unavailable,629.0,unavailable,exact
05_camera_pan_person,fixed_float32,20,fixed,reuse,,False,,,0,,5040,unavailable,630.0,unavailable,exact
05_camera_pan_person,fixed_float32,21,fixed,reuse,,False,,,0,,5040,unavailable,630.0,unavailable,exact
05_camera_pan_person,fixed_float32,22,fixed,reuse,,False,,,0,,5040,unavailable,630.0,unavailable,exact
05_camera_pan_person,fixed_float32,23,fixed,reuse,,False,,,0,,5040,unavailable,630.0,unavailable,exact
05_camera_pan_person,fixed_float32,24,fixed,reuse,,False,,,0,,5040,unavailable,630.0,unavailable,exact
05_camera_pan_person,fixed_float32,25,fixed,reuse,,False,,,0,,5040,unavailable,630.0,unavailable,exact
05_camera_pan_person,fixed_float32,26,fixed,reuse,,False,,,0,,5040,unavailable,630.0,unavailable,exact
05_camera_pan_person,fixed_float32,27,fixed,reuse,,False,,,0,,5040,unavailable,630.0,unavailable,exact
05_camera_pan_person,fixed_float32,28,fixed,reuse,,False,,,0,,5040,unavailable,630.0,unavailable,exact
05_camera_pan_person,fixed_float32,29,fixed,reuse,,False,,,0,,5040,unavailable,630.0,unavailable,exact
05_camera_pan_person,fixed_float32,3,fixed,reuse,,False,,,0,,5032,unavailable,629.0,unavailable,exact
05_camera_pan_person,fixed_float32,30,fixed,reuse,,False,,,0,,5040,unavailable,630.0,unavailable,exact
05_camera_pan_person,fixed_float32,31,fixed,reuse,,False,,,0,,5040,unavailable,630.0,unavailable,exact
05_camera_pan_person,fixed_float32,32,fixed,keyframe,selected,True,,,32768,,3162688,unavailable,395336.0,unavailable,exact
05_camera_pan_person,fixed_float32,33,fixed,reuse,,False,,,0,,5040,unavailable,630.0,unavailable,exact
05_camera_pan_person,fixed_float32,34,fixed,reuse,,False,,,0,,5040,unavailable,630.0,unavailable,exact
05_camera_pan_person,fixed_float32,35,fixed,reuse,,False,,,0,,5040,unavailable,630.0,unavailable,exact
05_camera_pan_person,fixed_float32,36,fixed,reuse,,False,,,0,,5040,unavailable,630.0,unavailable,exact
05_camera_pan_person,fixed_float32,37,fixed,reuse,,False,,,0,,5040,unavailable,630.0,unavailable,exact
05_camera_pan_person,fixed_float32,38,fixed,reuse,,False,,,0,,5040,unavailable,630.0,unavailable,exact
05_camera_pan_person,fixed_float32,39,fixed,reuse,,False,,,0,,5040,unavailable,630.0,unavailable,exact
05_camera_pan_person,fixed_float32,4,fixed,reuse,,False,,,0,,5032,unavailable,629.0,unavailable,exact
05_camera_pan_person,fixed_float32,40,fixed,reuse,,False,,,0,,5040,unavailable,630.0,unavailable,exact
05_camera_pan_person,fixed_float32,41,fixed,reuse,,False,,,0,,5040,unavailable,630.0,unavailable,exact
05_camera_pan_person,fixed_float32,42,fixed,reuse,,False,,,0,,5040,unavailable,630.0,unavailable,exact
05_camera_pan_person,fixed_float32,43,fixed,reuse,,False,,,0,,5040,unavailable,630.0,unavailable,exact
05_camera_pan_person,fixed_float32,44,fixed,reuse,,False,,,0,,5040,unavailable,630.0,unavailable,exact
05_camera_pan_person,fixed_float32,45,fixed,reuse,,False,,,0,,5040,unavailable,630.0,unavailable,exact
05_camera_pan_person,fixed_float32,46,fixed,reuse,,False,,,0,,5040,unavailable,630.0,unavailable,exact
05_camera_pan_person,fixed_float32,47,fixed,reuse,,False,,,0,,5040,unavailable,630.0,unavailable,exact
05_camera_pan_person,fixed_float32,48,fixed,keyframe,selected,True,,,32768,,3162688,unavailable,395336.0,unavailable,exact
05_camera_pan_person,fixed_float32,49,fixed,reuse,,False,,,0,,5040,unavailable,630.0,unavailable,exact
05_camera_pan_person,fixed_float32,5,fixed,reuse,,False,,,0,,5032,unavailable,629.0,unavailable,exact
05_camera_pan_person,fixed_float32,50,fixed,reuse,,False,,,0,,5040,unavailable,630.0,unavailable,exact
05_camera_pan_person,fixed_float32,51,fixed,reuse,,False,,,0,,5040,unavailable,630.0,unavailable,exact
05_camera_pan_person,fixed_float32,52,fixed,reuse,,False,,,0,,5040,unavailable,630.0,unavailable,exact
05_camera_pan_person,fixed_float32,53,fixed,reuse,,False,,,0,,5040,unavailable,630.0,unavailable,exact
05_camera_pan_person,fixed_float32,54,fixed,reuse,,False,,,0,,5040,unavailable,630.0,unavailable,exact
05_camera_pan_person,fixed_float32,55,fixed,reuse,,False,,,0,,5040,unavailable,630.0,unavailable,exact
05_camera_pan_person,fixed_float32,56,fixed,reuse,,False,,,0,,5040,unavailable,630.0,unavailable,exact
05_camera_pan_person,fixed_float32,57,fixed,reuse,,False,,,0,,5040,unavailable,630.0,unavailable,exact
05_camera_pan_person,fixed_float32,58,fixed,reuse,,False,,,0,,5040,unavailable,630.0,unavailable,exact
05_camera_pan_person,fixed_float32,59,fixed,reuse,,False,,,0,,5040,unavailable,630.0,unavailable,exact
05_camera_pan_person,fixed_float32,6,fixed,reuse,,False,,,0,,5032,unavailable,629.0,unavailable,exact
05_camera_pan_person,fixed_float32,60,fixed,reuse,,False,,,0,,5040,unavailable,630.0,unavailable,exact
05_camera_pan_person,fixed_float32,61,fixed,reuse,,False,,,0,,5040,unavailable,630.0,unavailable,exact
05_camera_pan_person,fixed_float32,62,fixed,reuse,,False,,,0,,5040,unavailable,630.0,unavailable,exact
05_camera_pan_person,fixed_float32,63,fixed,reuse,,False,,,0,,5040,unavailable,630.0,unavailable,exact
05_camera_pan_person,fixed_float32,64,fixed,keyframe,selected,True,,,32768,,3162688,unavailable,395336.0,unavailable,exact
05_camera_pan_person,fixed_float32,65,fixed,reuse,,False,,,0,,5040,unavailable,630.0,unavailable,exact
05_camera_pan_person,fixed_float32,66,fixed,reuse,,False,,,0,,5040,unavailable,630.0,unavailable,exact
05_camera_pan_person,fixed_float32,67,fixed,reuse,,False,,,0,,5040,unavailable,630.0,unavailable,exact
05_camera_pan_person,fixed_float32,68,fixed,reuse,,False,,,0,,5040,unavailable,630.0,unavailable,exact
05_camera_pan_person,fixed_float32,69,fixed,reuse,,False,,,0,,5040,unavailable,630.0,unavailable,exact
05_camera_pan_person,fixed_float32,7,fixed,reuse,,False,,,0,,5032,unavailable,629.0,unavailable,exact
05_camera_pan_person,fixed_float32,70,fixed,reuse,,False,,,0,,5040,unavailable,630.0,unavailable,exact
05_camera_pan_person,fixed_float32,71,fixed,reuse,,False,,,0,,5040,unavailable,630.0,unavailable,exact
05_camera_pan_person,fixed_float32,72,fixed,reuse,,False,,,0,,5040,unavailable,630.0,unavailable,exact
05_camera_pan_person,fixed_float32,73,fixed,reuse,,False,,,0,,5040,unavailable,630.0,unavailable,exact
05_camera_pan_person,fixed_float32,74,fixed,reuse,,False,,,0,,5040,unavailable,630.0,unavailable,exact
05_camera_pan_person,fixed_float32,75,fixed,reuse,,False,,,0,,5040,unavailable,630.0,unavailable,exact
05_camera_pan_person,fixed_float32,76,fixed,reuse,,False,,,0,,5040,unavailable,630.0,unavailable,exact
05_camera_pan_person,fixed_float32,77,fixed,reuse,,False,,,0,,5040,unavailable,630.0,unavailable,exact
05_camera_pan_person,fixed_float32,78,fixed,reuse,,False,,,0,,5040,unavailable,630.0,unavailable,exact
05_camera_pan_person,fixed_float32,79,fixed,reuse,,False,,,0,,5040,unavailable,630.0,unavailable,exact
05_camera_pan_person,fixed_float32,8,fixed,reuse,,False,,,0,,5032,unavailable,629.0,unavailable,exact
05_camera_pan_person,fixed_float32,80,fixed,keyframe,selected,True,,,32768,,3162688,unavailable,395336.0,unavailable,exact
05_camera_pan_person,fixed_float32,81,fixed,reuse,,False,,,0,,5040,unavailable,630.0,unavailable,exact
05_camera_pan_person,fixed_float32,82,fixed,reuse,,False,,,0,,5040,unavailable,630.0,unavailable,exact
05_camera_pan_person,fixed_float32,83,fixed,reuse,,False,,,0,,5040,unavailable,630.0,unavailable,exact
05_camera_pan_person,fixed_float32,84,fixed,reuse,,False,,,0,,5040,unavailable,630.0,unavailable,exact
05_camera_pan_person,fixed_float32,85,fixed,reuse,,False,,,0,,5040,unavailable,630.0,unavailable,exact
05_camera_pan_person,fixed_float32,86,fixed,reuse,,False,,,0,,5040,unavailable,630.0,unavailable,exact
05_camera_pan_person,fixed_float32,87,fixed,reuse,,False,,,0,,5040,unavailable,630.0,unavailable,exact
05_camera_pan_person,fixed_float32,88,fixed,reuse,,False,,,0,,5040,unavailable,630.0,unavailable,exact
05_camera_pan_person,fixed_float32,89,fixed,reuse,,False,,,0,,5040,unavailable,630.0,unavailable,exact
05_camera_pan_person,fixed_float32,9,fixed,reuse,,False,,,0,,5032,unavailable,629.0,unavailable,exact
05_camera_pan_person,fixed_float32,90,fixed,reuse,,False,,,0,,5040,unavailable,630.0,unavailable,exact
05_camera_pan_person,fixed_float32,91,fixed,reuse,,False,,,0,,5040,unavailable,630.0,unavailable,exact
05_camera_pan_person,fixed_float32,92,fixed,reuse,,False,,,0,,5040,unavailable,630.0,unavailable,exact
05_camera_pan_person,fixed_float32,93,fixed,reuse,,False,,,0,,5040,unavailable,630.0,unavailable,exact
05_camera_pan_person,fixed_float32,94,fixed,reuse,,False,,,0,,5040,unavailable,630.0,unavailable,exact
05_camera_pan_person,fixed_float32,95,fixed,reuse,,False,,,0,,5040,unavailable,630.0,unavailable,exact
05_camera_pan_person,fixed_float32,96,fixed,keyframe,selected,True,,,32768,,3162688,unavailable,395336.0,unavailable,exact
05_camera_pan_person,fixed_float32,97,fixed,reuse,,False,,,0,,5040,unavailable,630.0,unavailable,exact
05_camera_pan_person,fixed_float32,98,fixed,reuse,,False,,,0,,5040,unavailable,630.0,unavailable,exact
05_camera_pan_person,fixed_float32,99,fixed,reuse,,False,,,0,,5040,unavailable,630.0,unavailable,exact
05_camera_pan_person,fixed_int16,0,fixed,keyframe,first_frame,True,,,32768,,2638376,unavailable,329797.0,unavailable,exact
05_camera_pan_person,fixed_int16,1,fixed,reuse,,False,,,0,,5016,unavailable,627.0,unavailable,exact
05_camera_pan_person,fixed_int16,10,fixed,reuse,,False,,,0,,5024,unavailable,628.0,unavailable,exact
05_camera_pan_person,fixed_int16,11,fixed,reuse,,False,,,0,,5024,unavailable,628.0,unavailable,exact
05_camera_pan_person,fixed_int16,12,fixed,reuse,,False,,,0,,5024,unavailable,628.0,unavailable,exact
05_camera_pan_person,fixed_int16,13,fixed,reuse,,False,,,0,,5024,unavailable,628.0,unavailable,exact
05_camera_pan_person,fixed_int16,14,fixed,reuse,,False,,,0,,5024,unavailable,628.0,unavailable,exact
05_camera_pan_person,fixed_int16,15,fixed,reuse,,False,,,0,,5024,unavailable,628.0,unavailable,exact
05_camera_pan_person,fixed_int16,16,fixed,keyframe,selected,True,,,32768,,2638384,unavailable,329798.0,unavailable,exact
05_camera_pan_person,fixed_int16,17,fixed,reuse,,False,,,0,,5024,unavailable,628.0,unavailable,exact
05_camera_pan_person,fixed_int16,18,fixed,reuse,,False,,,0,,5024,unavailable,628.0,unavailable,exact
05_camera_pan_person,fixed_int16,19,fixed,reuse,,False,,,0,,5024,unavailable,628.0,unavailable,exact
05_camera_pan_person,fixed_int16,2,fixed,reuse,,False,,,0,,5016,unavailable,627.0,unavailable,exact
05_camera_pan_person,fixed_int16,20,fixed,reuse,,False,,,0,,5024,unavailable,628.0,unavailable,exact
05_camera_pan_person,fixed_int16,21,fixed,reuse,,False,,,0,,5024,unavailable,628.0,unavailable,exact
05_camera_pan_person,fixed_int16,22,fixed,reuse,,False,,,0,,5024,unavailable,628.0,unavailable,exact
05_camera_pan_person,fixed_int16,23,fixed,reuse,,False,,,0,,5024,unavailable,628.0,unavailable,exact
05_camera_pan_person,fixed_int16,24,fixed,reuse,,False,,,0,,5024,unavailable,628.0,unavailable,exact
05_camera_pan_person,fixed_int16,25,fixed,reuse,,False,,,0,,5024,unavailable,628.0,unavailable,exact
05_camera_pan_person,fixed_int16,26,fixed,reuse,,False,,,0,,5024,unavailable,628.0,unavailable,exact
05_camera_pan_person,fixed_int16,27,fixed,reuse,,False,,,0,,5024,unavailable,628.0,unavailable,exact
05_camera_pan_person,fixed_int16,28,fixed,reuse,,False,,,0,,5024,unavailable,628.0,unavailable,exact
05_camera_pan_person,fixed_int16,29,fixed,reuse,,False,,,0,,5024,unavailable,628.0,unavailable,exact
05_camera_pan_person,fixed_int16,3,fixed,reuse,,False,,,0,,5016,unavailable,627.0,unavailable,exact
05_camera_pan_person,fixed_int16,30,fixed,reuse,,False,,,0,,5024,unavailable,628.0,unavailable,exact
05_camera_pan_person,fixed_int16,31,fixed,reuse,,False,,,0,,5024,unavailable,628.0,unavailable,exact
05_camera_pan_person,fixed_int16,32,fixed,keyframe,selected,True,,,32768,,2638384,unavailable,329798.0,unavailable,exact
05_camera_pan_person,fixed_int16,33,fixed,reuse,,False,,,0,,5024,unavailable,628.0,unavailable,exact
05_camera_pan_person,fixed_int16,34,fixed,reuse,,False,,,0,,5024,unavailable,628.0,unavailable,exact
05_camera_pan_person,fixed_int16,35,fixed,reuse,,False,,,0,,5024,unavailable,628.0,unavailable,exact
05_camera_pan_person,fixed_int16,36,fixed,reuse,,False,,,0,,5024,unavailable,628.0,unavailable,exact
05_camera_pan_person,fixed_int16,37,fixed,reuse,,False,,,0,,5024,unavailable,628.0,unavailable,exact
05_camera_pan_person,fixed_int16,38,fixed,reuse,,False,,,0,,5024,unavailable,628.0,unavailable,exact
05_camera_pan_person,fixed_int16,39,fixed,reuse,,False,,,0,,5024,unavailable,628.0,unavailable,exact
05_camera_pan_person,fixed_int16,4,fixed,reuse,,False,,,0,,5016,unavailable,627.0,unavailable,exact
05_camera_pan_person,fixed_int16,40,fixed,reuse,,False,,,0,,5024,unavailable,628.0,unavailable,exact
05_camera_pan_person,fixed_int16,41,fixed,reuse,,False,,,0,,5024,unavailable,628.0,unavailable,exact
05_camera_pan_person,fixed_int16,42,fixed,reuse,,False,,,0,,5024,unavailable,628.0,unavailable,exact
05_camera_pan_person,fixed_int16,43,fixed,reuse,,False,,,0,,5024,unavailable,628.0,unavailable,exact
05_camera_pan_person,fixed_int16,44,fixed,reuse,,False,,,0,,5024,unavailable,628.0,unavailable,exact
05_camera_pan_person,fixed_int16,45,fixed,reuse,,False,,,0,,5024,unavailable,628.0,unavailable,exact
05_camera_pan_person,fixed_int16,46,fixed,reuse,,False,,,0,,5024,unavailable,628.0,unavailable,exact
05_camera_pan_person,fixed_int16,47,fixed,reuse,,False,,,0,,5024,unavailable,628.0,unavailable,exact
05_camera_pan_person,fixed_int16,48,fixed,keyframe,selected,True,,,32768,,2638384,unavailable,329798.0,unavailable,exact
05_camera_pan_person,fixed_int16,49,fixed,reuse,,False,,,0,,5024,unavailable,628.0,unavailable,exact
05_camera_pan_person,fixed_int16,5,fixed,reuse,,False,,,0,,5016,unavailable,627.0,unavailable,exact
05_camera_pan_person,fixed_int16,50,fixed,reuse,,False,,,0,,5024,unavailable,628.0,unavailable,exact
05_camera_pan_person,fixed_int16,51,fixed,reuse,,False,,,0,,5024,unavailable,628.0,unavailable,exact
05_camera_pan_person,fixed_int16,52,fixed,reuse,,False,,,0,,5024,unavailable,628.0,unavailable,exact
05_camera_pan_person,fixed_int16,53,fixed,reuse,,False,,,0,,5024,unavailable,628.0,unavailable,exact
05_camera_pan_person,fixed_int16,54,fixed,reuse,,False,,,0,,5024,unavailable,628.0,unavailable,exact
05_camera_pan_person,fixed_int16,55,fixed,reuse,,False,,,0,,5024,unavailable,628.0,unavailable,exact
05_camera_pan_person,fixed_int16,56,fixed,reuse,,False,,,0,,5024,unavailable,628.0,unavailable,exact
05_camera_pan_person,fixed_int16,57,fixed,reuse,,False,,,0,,5024,unavailable,628.0,unavailable,exact
05_camera_pan_person,fixed_int16,58,fixed,reuse,,False,,,0,,5024,unavailable,628.0,unavailable,exact
05_camera_pan_person,fixed_int16,59,fixed,reuse,,False,,,0,,5024,unavailable,628.0,unavailable,exact
05_camera_pan_person,fixed_int16,6,fixed,reuse,,False,,,0,,5016,unavailable,627.0,unavailable,exact
05_camera_pan_person,fixed_int16,60,fixed,reuse,,False,,,0,,5024,unavailable,628.0,unavailable,exact
05_camera_pan_person,fixed_int16,61,fixed,reuse,,False,,,0,,5024,unavailable,628.0,unavailable,exact
05_camera_pan_person,fixed_int16,62,fixed,reuse,,False,,,0,,5024,unavailable,628.0,unavailable,exact
05_camera_pan_person,fixed_int16,63,fixed,reuse,,False,,,0,,5024,unavailable,628.0,unavailable,exact
05_camera_pan_person,fixed_int16,64,fixed,keyframe,selected,True,,,32768,,2638384,unavailable,329798.0,unavailable,exact
05_camera_pan_person,fixed_int16,65,fixed,reuse,,False,,,0,,5024,unavailable,628.0,unavailable,exact
05_camera_pan_person,fixed_int16,66,fixed,reuse,,False,,,0,,5024,unavailable,628.0,unavailable,exact
05_camera_pan_person,fixed_int16,67,fixed,reuse,,False,,,0,,5024,unavailable,628.0,unavailable,exact
05_camera_pan_person,fixed_int16,68,fixed,reuse,,False,,,0,,5024,unavailable,628.0,unavailable,exact
05_camera_pan_person,fixed_int16,69,fixed,reuse,,False,,,0,,5024,unavailable,628.0,unavailable,exact
05_camera_pan_person,fixed_int16,7,fixed,reuse,,False,,,0,,5016,unavailable,627.0,unavailable,exact
05_camera_pan_person,fixed_int16,70,fixed,reuse,,False,,,0,,5024,unavailable,628.0,unavailable,exact
05_camera_pan_person,fixed_int16,71,fixed,reuse,,False,,,0,,5024,unavailable,628.0,unavailable,exact
05_camera_pan_person,fixed_int16,72,fixed,reuse,,False,,,0,,5024,unavailable,628.0,unavailable,exact
05_camera_pan_person,fixed_int16,73,fixed,reuse,,False,,,0,,5024,unavailable,628.0,unavailable,exact
05_camera_pan_person,fixed_int16,74,fixed,reuse,,False,,,0,,5024,unavailable,628.0,unavailable,exact
05_camera_pan_person,fixed_int16,75,fixed,reuse,,False,,,0,,5024,unavailable,628.0,unavailable,exact
05_camera_pan_person,fixed_int16,76,fixed,reuse,,False,,,0,,5024,unavailable,628.0,unavailable,exact
05_camera_pan_person,fixed_int16,77,fixed,reuse,,False,,,0,,5024,unavailable,628.0,unavailable,exact
05_camera_pan_person,fixed_int16,78,fixed,reuse,,False,,,0,,5024,unavailable,628.0,unavailable,exact
05_camera_pan_person,fixed_int16,79,fixed,reuse,,False,,,0,,5024,unavailable,628.0,unavailable,exact
05_camera_pan_person,fixed_int16,8,fixed,reuse,,False,,,0,,5016,unavailable,627.0,unavailable,exact
05_camera_pan_person,fixed_int16,80,fixed,keyframe,selected,True,,,32768,,2638384,unavailable,329798.0,unavailable,exact
05_camera_pan_person,fixed_int16,81,fixed,reuse,,False,,,0,,5024,unavailable,628.0,unavailable,exact
05_camera_pan_person,fixed_int16,82,fixed,reuse,,False,,,0,,5024,unavailable,628.0,unavailable,exact
05_camera_pan_person,fixed_int16,83,fixed,reuse,,False,,,0,,5024,unavailable,628.0,unavailable,exact
05_camera_pan_person,fixed_int16,84,fixed,reuse,,False,,,0,,5024,unavailable,628.0,unavailable,exact
05_camera_pan_person,fixed_int16,85,fixed,reuse,,False,,,0,,5024,unavailable,628.0,unavailable,exact
05_camera_pan_person,fixed_int16,86,fixed,reuse,,False,,,0,,5024,unavailable,628.0,unavailable,exact
05_camera_pan_person,fixed_int16,87,fixed,reuse,,False,,,0,,5024,unavailable,628.0,unavailable,exact
05_camera_pan_person,fixed_int16,88,fixed,reuse,,False,,,0,,5024,unavailable,628.0,unavailable,exact
05_camera_pan_person,fixed_int16,89,fixed,reuse,,False,,,0,,5024,unavailable,628.0,unavailable,exact
05_camera_pan_person,fixed_int16,9,fixed,reuse,,False,,,0,,5016,unavailable,627.0,unavailable,exact
05_camera_pan_person,fixed_int16,90,fixed,reuse,,False,,,0,,5024,unavailable,628.0,unavailable,exact
05_camera_pan_person,fixed_int16,91,fixed,reuse,,False,,,0,,5024,unavailable,628.0,unavailable,exact
05_camera_pan_person,fixed_int16,92,fixed,reuse,,False,,,0,,5024,unavailable,628.0,unavailable,exact
05_camera_pan_person,fixed_int16,93,fixed,reuse,,False,,,0,,5024,unavailable,628.0,unavailable,exact
05_camera_pan_person,fixed_int16,94,fixed,reuse,,False,,,0,,5024,unavailable,628.0,unavailable,exact
05_camera_pan_person,fixed_int16,95,fixed,reuse,,False,,,0,,5024,unavailable,628.0,unavailable,exact
05_camera_pan_person,fixed_int16,96,fixed,keyframe,selected,True,,,32768,,2638384,unavailable,329798.0,unavailable,exact
05_camera_pan_person,fixed_int16,97,fixed,reuse,,False,,,0,,5024,unavailable,628.0,unavailable,exact
05_camera_pan_person,fixed_int16,98,fixed,reuse,,False,,,0,,5024,unavailable,628.0,unavailable,exact
05_camera_pan_person,fixed_int16,99,fixed,reuse,,False,,,0,,5024,unavailable,628.0,unavailable,exact
05_camera_pan_person,fixed_int4,0,fixed,keyframe,first_frame,True,,,32768,,2245152,unavailable,280644.0,unavailable,exact
05_camera_pan_person,fixed_int4,1,fixed,reuse,,False,,,0,,5008,unavailable,626.0,unavailable,exact
05_camera_pan_person,fixed_int4,10,fixed,reuse,,False,,,0,,5016,unavailable,627.0,unavailable,exact
05_camera_pan_person,fixed_int4,11,fixed,reuse,,False,,,0,,5016,unavailable,627.0,unavailable,exact
05_camera_pan_person,fixed_int4,12,fixed,reuse,,False,,,0,,5016,unavailable,627.0,unavailable,exact
05_camera_pan_person,fixed_int4,13,fixed,reuse,,False,,,0,,5016,unavailable,627.0,unavailable,exact
05_camera_pan_person,fixed_int4,14,fixed,reuse,,False,,,0,,5016,unavailable,627.0,unavailable,exact
05_camera_pan_person,fixed_int4,15,fixed,reuse,,False,,,0,,5016,unavailable,627.0,unavailable,exact
05_camera_pan_person,fixed_int4,16,fixed,keyframe,selected,True,,,32768,,2245160,unavailable,280645.0,unavailable,exact
05_camera_pan_person,fixed_int4,17,fixed,reuse,,False,,,0,,5016,unavailable,627.0,unavailable,exact
05_camera_pan_person,fixed_int4,18,fixed,reuse,,False,,,0,,5016,unavailable,627.0,unavailable,exact
05_camera_pan_person,fixed_int4,19,fixed,reuse,,False,,,0,,5016,unavailable,627.0,unavailable,exact
05_camera_pan_person,fixed_int4,2,fixed,reuse,,False,,,0,,5008,unavailable,626.0,unavailable,exact
05_camera_pan_person,fixed_int4,20,fixed,reuse,,False,,,0,,5016,unavailable,627.0,unavailable,exact
05_camera_pan_person,fixed_int4,21,fixed,reuse,,False,,,0,,5016,unavailable,627.0,unavailable,exact
05_camera_pan_person,fixed_int4,22,fixed,reuse,,False,,,0,,5016,unavailable,627.0,unavailable,exact
05_camera_pan_person,fixed_int4,23,fixed,reuse,,False,,,0,,5016,unavailable,627.0,unavailable,exact
05_camera_pan_person,fixed_int4,24,fixed,reuse,,False,,,0,,5016,unavailable,627.0,unavailable,exact
05_camera_pan_person,fixed_int4,25,fixed,reuse,,False,,,0,,5016,unavailable,627.0,unavailable,exact
05_camera_pan_person,fixed_int4,26,fixed,reuse,,False,,,0,,5016,unavailable,627.0,unavailable,exact
05_camera_pan_person,fixed_int4,27,fixed,reuse,,False,,,0,,5016,unavailable,627.0,unavailable,exact
05_camera_pan_person,fixed_int4,28,fixed,reuse,,False,,,0,,5016,unavailable,627.0,unavailable,exact
05_camera_pan_person,fixed_int4,29,fixed,reuse,,False,,,0,,5016,unavailable,627.0,unavailable,exact
05_camera_pan_person,fixed_int4,3,fixed,reuse,,False,,,0,,5008,unavailable,626.0,unavailable,exact
05_camera_pan_person,fixed_int4,30,fixed,reuse,,False,,,0,,5016,unavailable,627.0,unavailable,exact
05_camera_pan_person,fixed_int4,31,fixed,reuse,,False,,,0,,5016,unavailable,627.0,unavailable,exact
05_camera_pan_person,fixed_int4,32,fixed,keyframe,selected,True,,,32768,,2245160,unavailable,280645.0,unavailable,exact
05_camera_pan_person,fixed_int4,33,fixed,reuse,,False,,,0,,5016,unavailable,627.0,unavailable,exact
05_camera_pan_person,fixed_int4,34,fixed,reuse,,False,,,0,,5016,unavailable,627.0,unavailable,exact
05_camera_pan_person,fixed_int4,35,fixed,reuse,,False,,,0,,5016,unavailable,627.0,unavailable,exact
05_camera_pan_person,fixed_int4,36,fixed,reuse,,False,,,0,,5016,unavailable,627.0,unavailable,exact
05_camera_pan_person,fixed_int4,37,fixed,reuse,,False,,,0,,5016,unavailable,627.0,unavailable,exact
05_camera_pan_person,fixed_int4,38,fixed,reuse,,False,,,0,,5016,unavailable,627.0,unavailable,exact
05_camera_pan_person,fixed_int4,39,fixed,reuse,,False,,,0,,5016,unavailable,627.0,unavailable,exact
05_camera_pan_person,fixed_int4,4,fixed,reuse,,False,,,0,,5008,unavailable,626.0,unavailable,exact
05_camera_pan_person,fixed_int4,40,fixed,reuse,,False,,,0,,5016,unavailable,627.0,unavailable,exact
05_camera_pan_person,fixed_int4,41,fixed,reuse,,False,,,0,,5016,unavailable,627.0,unavailable,exact
05_camera_pan_person,fixed_int4,42,fixed,reuse,,False,,,0,,5016,unavailable,627.0,unavailable,exact
05_camera_pan_person,fixed_int4,43,fixed,reuse,,False,,,0,,5016,unavailable,627.0,unavailable,exact
05_camera_pan_person,fixed_int4,44,fixed,reuse,,False,,,0,,5016,unavailable,627.0,unavailable,exact
05_camera_pan_person,fixed_int4,45,fixed,reuse,,False,,,0,,5016,unavailable,627.0,unavailable,exact
05_camera_pan_person,fixed_int4,46,fixed,reuse,,False,,,0,,5016,unavailable,627.0,unavailable,exact
05_camera_pan_person,fixed_int4,47,fixed,reuse,,False,,,0,,5016,unavailable,627.0,unavailable,exact
05_camera_pan_person,fixed_int4,48,fixed,keyframe,selected,True,,,32768,,2245160,unavailable,280645.0,unavailable,exact
05_camera_pan_person,fixed_int4,49,fixed,reuse,,False,,,0,,5016,unavailable,627.0,unavailable,exact
05_camera_pan_person,fixed_int4,5,fixed,reuse,,False,,,0,,5008,unavailable,626.0,unavailable,exact
05_camera_pan_person,fixed_int4,50,fixed,reuse,,False,,,0,,5016,unavailable,627.0,unavailable,exact
05_camera_pan_person,fixed_int4,51,fixed,reuse,,False,,,0,,5016,unavailable,627.0,unavailable,exact
05_camera_pan_person,fixed_int4,52,fixed,reuse,,False,,,0,,5016,unavailable,627.0,unavailable,exact
05_camera_pan_person,fixed_int4,53,fixed,reuse,,False,,,0,,5016,unavailable,627.0,unavailable,exact
05_camera_pan_person,fixed_int4,54,fixed,reuse,,False,,,0,,5016,unavailable,627.0,unavailable,exact
05_camera_pan_person,fixed_int4,55,fixed,reuse,,False,,,0,,5016,unavailable,627.0,unavailable,exact
05_camera_pan_person,fixed_int4,56,fixed,reuse,,False,,,0,,5016,unavailable,627.0,unavailable,exact
05_camera_pan_person,fixed_int4,57,fixed,reuse,,False,,,0,,5016,unavailable,627.0,unavailable,exact
05_camera_pan_person,fixed_int4,58,fixed,reuse,,False,,,0,,5016,unavailable,627.0,unavailable,exact
05_camera_pan_person,fixed_int4,59,fixed,reuse,,False,,,0,,5016,unavailable,627.0,unavailable,exact
05_camera_pan_person,fixed_int4,6,fixed,reuse,,False,,,0,,5008,unavailable,626.0,unavailable,exact
05_camera_pan_person,fixed_int4,60,fixed,reuse,,False,,,0,,5016,unavailable,627.0,unavailable,exact
05_camera_pan_person,fixed_int4,61,fixed,reuse,,False,,,0,,5016,unavailable,627.0,unavailable,exact
05_camera_pan_person,fixed_int4,62,fixed,reuse,,False,,,0,,5016,unavailable,627.0,unavailable,exact
05_camera_pan_person,fixed_int4,63,fixed,reuse,,False,,,0,,5016,unavailable,627.0,unavailable,exact
05_camera_pan_person,fixed_int4,64,fixed,keyframe,selected,True,,,32768,,2245160,unavailable,280645.0,unavailable,exact
05_camera_pan_person,fixed_int4,65,fixed,reuse,,False,,,0,,5016,unavailable,627.0,unavailable,exact
05_camera_pan_person,fixed_int4,66,fixed,reuse,,False,,,0,,5016,unavailable,627.0,unavailable,exact
05_camera_pan_person,fixed_int4,67,fixed,reuse,,False,,,0,,5016,unavailable,627.0,unavailable,exact
05_camera_pan_person,fixed_int4,68,fixed,reuse,,False,,,0,,5016,unavailable,627.0,unavailable,exact
05_camera_pan_person,fixed_int4,69,fixed,reuse,,False,,,0,,5016,unavailable,627.0,unavailable,exact
05_camera_pan_person,fixed_int4,7,fixed,reuse,,False,,,0,,5008,unavailable,626.0,unavailable,exact
05_camera_pan_person,fixed_int4,70,fixed,reuse,,False,,,0,,5016,unavailable,627.0,unavailable,exact
05_camera_pan_person,fixed_int4,71,fixed,reuse,,False,,,0,,5016,unavailable,627.0,unavailable,exact
05_camera_pan_person,fixed_int4,72,fixed,reuse,,False,,,0,,5016,unavailable,627.0,unavailable,exact
05_camera_pan_person,fixed_int4,73,fixed,reuse,,False,,,0,,5016,unavailable,627.0,unavailable,exact
05_camera_pan_person,fixed_int4,74,fixed,reuse,,False,,,0,,5016,unavailable,627.0,unavailable,exact
05_camera_pan_person,fixed_int4,75,fixed,reuse,,False,,,0,,5016,unavailable,627.0,unavailable,exact
05_camera_pan_person,fixed_int4,76,fixed,reuse,,False,,,0,,5016,unavailable,627.0,unavailable,exact
05_camera_pan_person,fixed_int4,77,fixed,reuse,,False,,,0,,5016,unavailable,627.0,unavailable,exact
05_camera_pan_person,fixed_int4,78,fixed,reuse,,False,,,0,,5016,unavailable,627.0,unavailable,exact
05_camera_pan_person,fixed_int4,79,fixed,reuse,,False,,,0,,5016,unavailable,627.0,unavailable,exact
05_camera_pan_person,fixed_int4,8,fixed,reuse,,False,,,0,,5008,unavailable,626.0,unavailable,exact
05_camera_pan_person,fixed_int4,80,fixed,keyframe,selected,True,,,32768,,2245160,unavailable,280645.0,unavailable,exact
05_camera_pan_person,fixed_int4,81,fixed,reuse,,False,,,0,,5016,unavailable,627.0,unavailable,exact
05_camera_pan_person,fixed_int4,82,fixed,reuse,,False,,,0,,5016,unavailable,627.0,unavailable,exact
05_camera_pan_person,fixed_int4,83,fixed,reuse,,False,,,0,,5016,unavailable,627.0,unavailable,exact
05_camera_pan_person,fixed_int4,84,fixed,reuse,,False,,,0,,5016,unavailable,627.0,unavailable,exact
05_camera_pan_person,fixed_int4,85,fixed,reuse,,False,,,0,,5016,unavailable,627.0,unavailable,exact
05_camera_pan_person,fixed_int4,86,fixed,reuse,,False,,,0,,5016,unavailable,627.0,unavailable,exact
05_camera_pan_person,fixed_int4,87,fixed,reuse,,False,,,0,,5016,unavailable,627.0,unavailable,exact
05_camera_pan_person,fixed_int4,88,fixed,reuse,,False,,,0,,5016,unavailable,627.0,unavailable,exact
05_camera_pan_person,fixed_int4,89,fixed,reuse,,False,,,0,,5016,unavailable,627.0,unavailable,exact
05_camera_pan_person,fixed_int4,9,fixed,reuse,,False,,,0,,5008,unavailable,626.0,unavailable,exact
05_camera_pan_person,fixed_int4,90,fixed,reuse,,False,,,0,,5016,unavailable,627.0,unavailable,exact
05_camera_pan_person,fixed_int4,91,fixed,reuse,,False,,,0,,5016,unavailable,627.0,unavailable,exact
05_camera_pan_person,fixed_int4,92,fixed,reuse,,False,,,0,,5016,unavailable,627.0,unavailable,exact
05_camera_pan_person,fixed_int4,93,fixed,reuse,,False,,,0,,5016,unavailable,627.0,unavailable,exact
05_camera_pan_person,fixed_int4,94,fixed,reuse,,False,,,0,,5016,unavailable,627.0,unavailable,exact
05_camera_pan_person,fixed_int4,95,fixed,reuse,,False,,,0,,5016,unavailable,627.0,unavailable,exact
05_camera_pan_person,fixed_int4,96,fixed,keyframe,selected,True,,,32768,,2245160,unavailable,280645.0,unavailable,exact
05_camera_pan_person,fixed_int4,97,fixed,reuse,,False,,,0,,5016,unavailable,627.0,unavailable,exact
05_camera_pan_person,fixed_int4,98,fixed,reuse,,False,,,0,,5016,unavailable,627.0,unavailable,exact
05_camera_pan_person,fixed_int4,99,fixed,reuse,,False,,,0,,5016,unavailable,627.0,unavailable,exact
05_camera_pan_person,fixed_int6,0,fixed,keyframe,first_frame,True,,,32768,,2310688,unavailable,288836.0,unavailable,exact
05_camera_pan_person,fixed_int6,1,fixed,reuse,,False,,,0,,5008,unavailable,626.0,unavailable,exact
05_camera_pan_person,fixed_int6,10,fixed,reuse,,False,,,0,,5016,unavailable,627.0,unavailable,exact
05_camera_pan_person,fixed_int6,11,fixed,reuse,,False,,,0,,5016,unavailable,627.0,unavailable,exact
05_camera_pan_person,fixed_int6,12,fixed,reuse,,False,,,0,,5016,unavailable,627.0,unavailable,exact
05_camera_pan_person,fixed_int6,13,fixed,reuse,,False,,,0,,5016,unavailable,627.0,unavailable,exact
05_camera_pan_person,fixed_int6,14,fixed,reuse,,False,,,0,,5016,unavailable,627.0,unavailable,exact
05_camera_pan_person,fixed_int6,15,fixed,reuse,,False,,,0,,5016,unavailable,627.0,unavailable,exact
05_camera_pan_person,fixed_int6,16,fixed,keyframe,selected,True,,,32768,,2310696,unavailable,288837.0,unavailable,exact
05_camera_pan_person,fixed_int6,17,fixed,reuse,,False,,,0,,5016,unavailable,627.0,unavailable,exact
05_camera_pan_person,fixed_int6,18,fixed,reuse,,False,,,0,,5016,unavailable,627.0,unavailable,exact
05_camera_pan_person,fixed_int6,19,fixed,reuse,,False,,,0,,5016,unavailable,627.0,unavailable,exact
05_camera_pan_person,fixed_int6,2,fixed,reuse,,False,,,0,,5008,unavailable,626.0,unavailable,exact
05_camera_pan_person,fixed_int6,20,fixed,reuse,,False,,,0,,5016,unavailable,627.0,unavailable,exact
05_camera_pan_person,fixed_int6,21,fixed,reuse,,False,,,0,,5016,unavailable,627.0,unavailable,exact
05_camera_pan_person,fixed_int6,22,fixed,reuse,,False,,,0,,5016,unavailable,627.0,unavailable,exact
05_camera_pan_person,fixed_int6,23,fixed,reuse,,False,,,0,,5016,unavailable,627.0,unavailable,exact
05_camera_pan_person,fixed_int6,24,fixed,reuse,,False,,,0,,5016,unavailable,627.0,unavailable,exact
05_camera_pan_person,fixed_int6,25,fixed,reuse,,False,,,0,,5016,unavailable,627.0,unavailable,exact
05_camera_pan_person,fixed_int6,26,fixed,reuse,,False,,,0,,5016,unavailable,627.0,unavailable,exact
05_camera_pan_person,fixed_int6,27,fixed,reuse,,False,,,0,,5016,unavailable,627.0,unavailable,exact
05_camera_pan_person,fixed_int6,28,fixed,reuse,,False,,,0,,5016,unavailable,627.0,unavailable,exact
05_camera_pan_person,fixed_int6,29,fixed,reuse,,False,,,0,,5016,unavailable,627.0,unavailable,exact
05_camera_pan_person,fixed_int6,3,fixed,reuse,,False,,,0,,5008,unavailable,626.0,unavailable,exact
05_camera_pan_person,fixed_int6,30,fixed,reuse,,False,,,0,,5016,unavailable,627.0,unavailable,exact
05_camera_pan_person,fixed_int6,31,fixed,reuse,,False,,,0,,5016,unavailable,627.0,unavailable,exact
05_camera_pan_person,fixed_int6,32,fixed,keyframe,selected,True,,,32768,,2310696,unavailable,288837.0,unavailable,exact
05_camera_pan_person,fixed_int6,33,fixed,reuse,,False,,,0,,5016,unavailable,627.0,unavailable,exact
05_camera_pan_person,fixed_int6,34,fixed,reuse,,False,,,0,,5016,unavailable,627.0,unavailable,exact
05_camera_pan_person,fixed_int6,35,fixed,reuse,,False,,,0,,5016,unavailable,627.0,unavailable,exact
05_camera_pan_person,fixed_int6,36,fixed,reuse,,False,,,0,,5016,unavailable,627.0,unavailable,exact
05_camera_pan_person,fixed_int6,37,fixed,reuse,,False,,,0,,5016,unavailable,627.0,unavailable,exact
05_camera_pan_person,fixed_int6,38,fixed,reuse,,False,,,0,,5016,unavailable,627.0,unavailable,exact
05_camera_pan_person,fixed_int6,39,fixed,reuse,,False,,,0,,5016,unavailable,627.0,unavailable,exact
05_camera_pan_person,fixed_int6,4,fixed,reuse,,False,,,0,,5008,unavailable,626.0,unavailable,exact
05_camera_pan_person,fixed_int6,40,fixed,reuse,,False,,,0,,5016,unavailable,627.0,unavailable,exact
05_camera_pan_person,fixed_int6,41,fixed,reuse,,False,,,0,,5016,unavailable,627.0,unavailable,exact
05_camera_pan_person,fixed_int6,42,fixed,reuse,,False,,,0,,5016,unavailable,627.0,unavailable,exact
05_camera_pan_person,fixed_int6,43,fixed,reuse,,False,,,0,,5016,unavailable,627.0,unavailable,exact
05_camera_pan_person,fixed_int6,44,fixed,reuse,,False,,,0,,5016,unavailable,627.0,unavailable,exact
05_camera_pan_person,fixed_int6,45,fixed,reuse,,False,,,0,,5016,unavailable,627.0,unavailable,exact
05_camera_pan_person,fixed_int6,46,fixed,reuse,,False,,,0,,5016,unavailable,627.0,unavailable,exact
05_camera_pan_person,fixed_int6,47,fixed,reuse,,False,,,0,,5016,unavailable,627.0,unavailable,exact
05_camera_pan_person,fixed_int6,48,fixed,keyframe,selected,True,,,32768,,2310696,unavailable,288837.0,unavailable,exact
05_camera_pan_person,fixed_int6,49,fixed,reuse,,False,,,0,,5016,unavailable,627.0,unavailable,exact
05_camera_pan_person,fixed_int6,5,fixed,reuse,,False,,,0,,5008,unavailable,626.0,unavailable,exact
05_camera_pan_person,fixed_int6,50,fixed,reuse,,False,,,0,,5016,unavailable,627.0,unavailable,exact
05_camera_pan_person,fixed_int6,51,fixed,reuse,,False,,,0,,5016,unavailable,627.0,unavailable,exact
05_camera_pan_person,fixed_int6,52,fixed,reuse,,False,,,0,,5016,unavailable,627.0,unavailable,exact
05_camera_pan_person,fixed_int6,53,fixed,reuse,,False,,,0,,5016,unavailable,627.0,unavailable,exact
05_camera_pan_person,fixed_int6,54,fixed,reuse,,False,,,0,,5016,unavailable,627.0,unavailable,exact
05_camera_pan_person,fixed_int6,55,fixed,reuse,,False,,,0,,5016,unavailable,627.0,unavailable,exact
05_camera_pan_person,fixed_int6,56,fixed,reuse,,False,,,0,,5016,unavailable,627.0,unavailable,exact
05_camera_pan_person,fixed_int6,57,fixed,reuse,,False,,,0,,5016,unavailable,627.0,unavailable,exact
05_camera_pan_person,fixed_int6,58,fixed,reuse,,False,,,0,,5016,unavailable,627.0,unavailable,exact
05_camera_pan_person,fixed_int6,59,fixed,reuse,,False,,,0,,5016,unavailable,627.0,unavailable,exact
05_camera_pan_person,fixed_int6,6,fixed,reuse,,False,,,0,,5008,unavailable,626.0,unavailable,exact
05_camera_pan_person,fixed_int6,60,fixed,reuse,,False,,,0,,5016,unavailable,627.0,unavailable,exact
05_camera_pan_person,fixed_int6,61,fixed,reuse,,False,,,0,,5016,unavailable,627.0,unavailable,exact
05_camera_pan_person,fixed_int6,62,fixed,reuse,,False,,,0,,5016,unavailable,627.0,unavailable,exact
05_camera_pan_person,fixed_int6,63,fixed,reuse,,False,,,0,,5016,unavailable,627.0,unavailable,exact
05_camera_pan_person,fixed_int6,64,fixed,keyframe,selected,True,,,32768,,2310696,unavailable,288837.0,unavailable,exact
05_camera_pan_person,fixed_int6,65,fixed,reuse,,False,,,0,,5016,unavailable,627.0,unavailable,exact
05_camera_pan_person,fixed_int6,66,fixed,reuse,,False,,,0,,5016,unavailable,627.0,unavailable,exact
05_camera_pan_person,fixed_int6,67,fixed,reuse,,False,,,0,,5016,unavailable,627.0,unavailable,exact
05_camera_pan_person,fixed_int6,68,fixed,reuse,,False,,,0,,5016,unavailable,627.0,unavailable,exact
05_camera_pan_person,fixed_int6,69,fixed,reuse,,False,,,0,,5016,unavailable,627.0,unavailable,exact
05_camera_pan_person,fixed_int6,7,fixed,reuse,,False,,,0,,5008,unavailable,626.0,unavailable,exact
05_camera_pan_person,fixed_int6,70,fixed,reuse,,False,,,0,,5016,unavailable,627.0,unavailable,exact
05_camera_pan_person,fixed_int6,71,fixed,reuse,,False,,,0,,5016,unavailable,627.0,unavailable,exact
05_camera_pan_person,fixed_int6,72,fixed,reuse,,False,,,0,,5016,unavailable,627.0,unavailable,exact
05_camera_pan_person,fixed_int6,73,fixed,reuse,,False,,,0,,5016,unavailable,627.0,unavailable,exact
05_camera_pan_person,fixed_int6,74,fixed,reuse,,False,,,0,,5016,unavailable,627.0,unavailable,exact
05_camera_pan_person,fixed_int6,75,fixed,reuse,,False,,,0,,5016,unavailable,627.0,unavailable,exact
05_camera_pan_person,fixed_int6,76,fixed,reuse,,False,,,0,,5016,unavailable,627.0,unavailable,exact
05_camera_pan_person,fixed_int6,77,fixed,reuse,,False,,,0,,5016,unavailable,627.0,unavailable,exact
05_camera_pan_person,fixed_int6,78,fixed,reuse,,False,,,0,,5016,unavailable,627.0,unavailable,exact
05_camera_pan_person,fixed_int6,79,fixed,reuse,,False,,,0,,5016,unavailable,627.0,unavailable,exact
05_camera_pan_person,fixed_int6,8,fixed,reuse,,False,,,0,,5008,unavailable,626.0,unavailable,exact
05_camera_pan_person,fixed_int6,80,fixed,keyframe,selected,True,,,32768,,2310696,unavailable,288837.0,unavailable,exact
05_camera_pan_person,fixed_int6,81,fixed,reuse,,False,,,0,,5016,unavailable,627.0,unavailable,exact
05_camera_pan_person,fixed_int6,82,fixed,reuse,,False,,,0,,5016,unavailable,627.0,unavailable,exact
05_camera_pan_person,fixed_int6,83,fixed,reuse,,False,,,0,,5016,unavailable,627.0,unavailable,exact
05_camera_pan_person,fixed_int6,84,fixed,reuse,,False,,,0,,5016,unavailable,627.0,unavailable,exact
05_camera_pan_person,fixed_int6,85,fixed,reuse,,False,,,0,,5016,unavailable,627.0,unavailable,exact
05_camera_pan_person,fixed_int6,86,fixed,reuse,,False,,,0,,5016,unavailable,627.0,unavailable,exact
05_camera_pan_person,fixed_int6,87,fixed,reuse,,False,,,0,,5016,unavailable,627.0,unavailable,exact
05_camera_pan_person,fixed_int6,88,fixed,reuse,,False,,,0,,5016,unavailable,627.0,unavailable,exact
05_camera_pan_person,fixed_int6,89,fixed,reuse,,False,,,0,,5016,unavailable,627.0,unavailable,exact
05_camera_pan_person,fixed_int6,9,fixed,reuse,,False,,,0,,5008,unavailable,626.0,unavailable,exact
05_camera_pan_person,fixed_int6,90,fixed,reuse,,False,,,0,,5016,unavailable,627.0,unavailable,exact
05_camera_pan_person,fixed_int6,91,fixed,reuse,,False,,,0,,5016,unavailable,627.0,unavailable,exact
05_camera_pan_person,fixed_int6,92,fixed,reuse,,False,,,0,,5016,unavailable,627.0,unavailable,exact
05_camera_pan_person,fixed_int6,93,fixed,reuse,,False,,,0,,5016,unavailable,627.0,unavailable,exact
05_camera_pan_person,fixed_int6,94,fixed,reuse,,False,,,0,,5016,unavailable,627.0,unavailable,exact
05_camera_pan_person,fixed_int6,95,fixed,reuse,,False,,,0,,5016,unavailable,627.0,unavailable,exact
05_camera_pan_person,fixed_int6,96,fixed,keyframe,selected,True,,,32768,,2310696,unavailable,288837.0,unavailable,exact
05_camera_pan_person,fixed_int6,97,fixed,reuse,,False,,,0,,5016,unavailable,627.0,unavailable,exact
05_camera_pan_person,fixed_int6,98,fixed,reuse,,False,,,0,,5016,unavailable,627.0,unavailable,exact
05_camera_pan_person,fixed_int6,99,fixed,reuse,,False,,,0,,5016,unavailable,627.0,unavailable,exact
05_camera_pan_person,fixed_int8,0,fixed,keyframe,first_frame,True,,,32768,,2376224,unavailable,297028.0,unavailable,exact
05_camera_pan_person,fixed_int8,1,fixed,reuse,,False,,,0,,5008,unavailable,626.0,unavailable,exact
05_camera_pan_person,fixed_int8,10,fixed,reuse,,False,,,0,,5016,unavailable,627.0,unavailable,exact
05_camera_pan_person,fixed_int8,11,fixed,reuse,,False,,,0,,5016,unavailable,627.0,unavailable,exact
05_camera_pan_person,fixed_int8,12,fixed,reuse,,False,,,0,,5016,unavailable,627.0,unavailable,exact
05_camera_pan_person,fixed_int8,13,fixed,reuse,,False,,,0,,5016,unavailable,627.0,unavailable,exact
05_camera_pan_person,fixed_int8,14,fixed,reuse,,False,,,0,,5016,unavailable,627.0,unavailable,exact
05_camera_pan_person,fixed_int8,15,fixed,reuse,,False,,,0,,5016,unavailable,627.0,unavailable,exact
05_camera_pan_person,fixed_int8,16,fixed,keyframe,selected,True,,,32768,,2376232,unavailable,297029.0,unavailable,exact
05_camera_pan_person,fixed_int8,17,fixed,reuse,,False,,,0,,5016,unavailable,627.0,unavailable,exact
05_camera_pan_person,fixed_int8,18,fixed,reuse,,False,,,0,,5016,unavailable,627.0,unavailable,exact
05_camera_pan_person,fixed_int8,19,fixed,reuse,,False,,,0,,5016,unavailable,627.0,unavailable,exact
05_camera_pan_person,fixed_int8,2,fixed,reuse,,False,,,0,,5008,unavailable,626.0,unavailable,exact
05_camera_pan_person,fixed_int8,20,fixed,reuse,,False,,,0,,5016,unavailable,627.0,unavailable,exact
05_camera_pan_person,fixed_int8,21,fixed,reuse,,False,,,0,,5016,unavailable,627.0,unavailable,exact
05_camera_pan_person,fixed_int8,22,fixed,reuse,,False,,,0,,5016,unavailable,627.0,unavailable,exact
05_camera_pan_person,fixed_int8,23,fixed,reuse,,False,,,0,,5016,unavailable,627.0,unavailable,exact
05_camera_pan_person,fixed_int8,24,fixed,reuse,,False,,,0,,5016,unavailable,627.0,unavailable,exact
05_camera_pan_person,fixed_int8,25,fixed,reuse,,False,,,0,,5016,unavailable,627.0,unavailable,exact
05_camera_pan_person,fixed_int8,26,fixed,reuse,,False,,,0,,5016,unavailable,627.0,unavailable,exact
05_camera_pan_person,fixed_int8,27,fixed,reuse,,False,,,0,,5016,unavailable,627.0,unavailable,exact
05_camera_pan_person,fixed_int8,28,fixed,reuse,,False,,,0,,5016,unavailable,627.0,unavailable,exact
05_camera_pan_person,fixed_int8,29,fixed,reuse,,False,,,0,,5016,unavailable,627.0,unavailable,exact
05_camera_pan_person,fixed_int8,3,fixed,reuse,,False,,,0,,5008,unavailable,626.0,unavailable,exact
05_camera_pan_person,fixed_int8,30,fixed,reuse,,False,,,0,,5016,unavailable,627.0,unavailable,exact
05_camera_pan_person,fixed_int8,31,fixed,reuse,,False,,,0,,5016,unavailable,627.0,unavailable,exact
05_camera_pan_person,fixed_int8,32,fixed,keyframe,selected,True,,,32768,,2376232,unavailable,297029.0,unavailable,exact
05_camera_pan_person,fixed_int8,33,fixed,reuse,,False,,,0,,5016,unavailable,627.0,unavailable,exact
05_camera_pan_person,fixed_int8,34,fixed,reuse,,False,,,0,,5016,unavailable,627.0,unavailable,exact
05_camera_pan_person,fixed_int8,35,fixed,reuse,,False,,,0,,5016,unavailable,627.0,unavailable,exact
05_camera_pan_person,fixed_int8,36,fixed,reuse,,False,,,0,,5016,unavailable,627.0,unavailable,exact
05_camera_pan_person,fixed_int8,37,fixed,reuse,,False,,,0,,5016,unavailable,627.0,unavailable,exact
05_camera_pan_person,fixed_int8,38,fixed,reuse,,False,,,0,,5016,unavailable,627.0,unavailable,exact
05_camera_pan_person,fixed_int8,39,fixed,reuse,,False,,,0,,5016,unavailable,627.0,unavailable,exact
05_camera_pan_person,fixed_int8,4,fixed,reuse,,False,,,0,,5008,unavailable,626.0,unavailable,exact
05_camera_pan_person,fixed_int8,40,fixed,reuse,,False,,,0,,5016,unavailable,627.0,unavailable,exact
05_camera_pan_person,fixed_int8,41,fixed,reuse,,False,,,0,,5016,unavailable,627.0,unavailable,exact
05_camera_pan_person,fixed_int8,42,fixed,reuse,,False,,,0,,5016,unavailable,627.0,unavailable,exact
05_camera_pan_person,fixed_int8,43,fixed,reuse,,False,,,0,,5016,unavailable,627.0,unavailable,exact
05_camera_pan_person,fixed_int8,44,fixed,reuse,,False,,,0,,5016,unavailable,627.0,unavailable,exact
05_camera_pan_person,fixed_int8,45,fixed,reuse,,False,,,0,,5016,unavailable,627.0,unavailable,exact
05_camera_pan_person,fixed_int8,46,fixed,reuse,,False,,,0,,5016,unavailable,627.0,unavailable,exact
05_camera_pan_person,fixed_int8,47,fixed,reuse,,False,,,0,,5016,unavailable,627.0,unavailable,exact
05_camera_pan_person,fixed_int8,48,fixed,keyframe,selected,True,,,32768,,2376232,unavailable,297029.0,unavailable,exact
05_camera_pan_person,fixed_int8,49,fixed,reuse,,False,,,0,,5016,unavailable,627.0,unavailable,exact
05_camera_pan_person,fixed_int8,5,fixed,reuse,,False,,,0,,5008,unavailable,626.0,unavailable,exact
05_camera_pan_person,fixed_int8,50,fixed,reuse,,False,,,0,,5016,unavailable,627.0,unavailable,exact
05_camera_pan_person,fixed_int8,51,fixed,reuse,,False,,,0,,5016,unavailable,627.0,unavailable,exact
05_camera_pan_person,fixed_int8,52,fixed,reuse,,False,,,0,,5016,unavailable,627.0,unavailable,exact
05_camera_pan_person,fixed_int8,53,fixed,reuse,,False,,,0,,5016,unavailable,627.0,unavailable,exact
05_camera_pan_person,fixed_int8,54,fixed,reuse,,False,,,0,,5016,unavailable,627.0,unavailable,exact
05_camera_pan_person,fixed_int8,55,fixed,reuse,,False,,,0,,5016,unavailable,627.0,unavailable,exact
05_camera_pan_person,fixed_int8,56,fixed,reuse,,False,,,0,,5016,unavailable,627.0,unavailable,exact
05_camera_pan_person,fixed_int8,57,fixed,reuse,,False,,,0,,5016,unavailable,627.0,unavailable,exact
05_camera_pan_person,fixed_int8,58,fixed,reuse,,False,,,0,,5016,unavailable,627.0,unavailable,exact
05_camera_pan_person,fixed_int8,59,fixed,reuse,,False,,,0,,5016,unavailable,627.0,unavailable,exact
05_camera_pan_person,fixed_int8,6,fixed,reuse,,False,,,0,,5008,unavailable,626.0,unavailable,exact
05_camera_pan_person,fixed_int8,60,fixed,reuse,,False,,,0,,5016,unavailable,627.0,unavailable,exact
05_camera_pan_person,fixed_int8,61,fixed,reuse,,False,,,0,,5016,unavailable,627.0,unavailable,exact
05_camera_pan_person,fixed_int8,62,fixed,reuse,,False,,,0,,5016,unavailable,627.0,unavailable,exact
05_camera_pan_person,fixed_int8,63,fixed,reuse,,False,,,0,,5016,unavailable,627.0,unavailable,exact
05_camera_pan_person,fixed_int8,64,fixed,keyframe,selected,True,,,32768,,2376232,unavailable,297029.0,unavailable,exact
05_camera_pan_person,fixed_int8,65,fixed,reuse,,False,,,0,,5016,unavailable,627.0,unavailable,exact
05_camera_pan_person,fixed_int8,66,fixed,reuse,,False,,,0,,5016,unavailable,627.0,unavailable,exact
05_camera_pan_person,fixed_int8,67,fixed,reuse,,False,,,0,,5016,unavailable,627.0,unavailable,exact
05_camera_pan_person,fixed_int8,68,fixed,reuse,,False,,,0,,5016,unavailable,627.0,unavailable,exact
05_camera_pan_person,fixed_int8,69,fixed,reuse,,False,,,0,,5016,unavailable,627.0,unavailable,exact
05_camera_pan_person,fixed_int8,7,fixed,reuse,,False,,,0,,5008,unavailable,626.0,unavailable,exact
05_camera_pan_person,fixed_int8,70,fixed,reuse,,False,,,0,,5016,unavailable,627.0,unavailable,exact
05_camera_pan_person,fixed_int8,71,fixed,reuse,,False,,,0,,5016,unavailable,627.0,unavailable,exact
05_camera_pan_person,fixed_int8,72,fixed,reuse,,False,,,0,,5016,unavailable,627.0,unavailable,exact
05_camera_pan_person,fixed_int8,73,fixed,reuse,,False,,,0,,5016,unavailable,627.0,unavailable,exact
05_camera_pan_person,fixed_int8,74,fixed,reuse,,False,,,0,,5016,unavailable,627.0,unavailable,exact
05_camera_pan_person,fixed_int8,75,fixed,reuse,,False,,,0,,5016,unavailable,627.0,unavailable,exact
05_camera_pan_person,fixed_int8,76,fixed,reuse,,False,,,0,,5016,unavailable,627.0,unavailable,exact
05_camera_pan_person,fixed_int8,77,fixed,reuse,,False,,,0,,5016,unavailable,627.0,unavailable,exact
05_camera_pan_person,fixed_int8,78,fixed,reuse,,False,,,0,,5016,unavailable,627.0,unavailable,exact
05_camera_pan_person,fixed_int8,79,fixed,reuse,,False,,,0,,5016,unavailable,627.0,unavailable,exact
05_camera_pan_person,fixed_int8,8,fixed,reuse,,False,,,0,,5008,unavailable,626.0,unavailable,exact
05_camera_pan_person,fixed_int8,80,fixed,keyframe,selected,True,,,32768,,2376232,unavailable,297029.0,unavailable,exact
05_camera_pan_person,fixed_int8,81,fixed,reuse,,False,,,0,,5016,unavailable,627.0,unavailable,exact
05_camera_pan_person,fixed_int8,82,fixed,reuse,,False,,,0,,5016,unavailable,627.0,unavailable,exact
05_camera_pan_person,fixed_int8,83,fixed,reuse,,False,,,0,,5016,unavailable,627.0,unavailable,exact
05_camera_pan_person,fixed_int8,84,fixed,reuse,,False,,,0,,5016,unavailable,627.0,unavailable,exact
05_camera_pan_person,fixed_int8,85,fixed,reuse,,False,,,0,,5016,unavailable,627.0,unavailable,exact
05_camera_pan_person,fixed_int8,86,fixed,reuse,,False,,,0,,5016,unavailable,627.0,unavailable,exact
05_camera_pan_person,fixed_int8,87,fixed,reuse,,False,,,0,,5016,unavailable,627.0,unavailable,exact
05_camera_pan_person,fixed_int8,88,fixed,reuse,,False,,,0,,5016,unavailable,627.0,unavailable,exact
05_camera_pan_person,fixed_int8,89,fixed,reuse,,False,,,0,,5016,unavailable,627.0,unavailable,exact
05_camera_pan_person,fixed_int8,9,fixed,reuse,,False,,,0,,5008,unavailable,626.0,unavailable,exact
05_camera_pan_person,fixed_int8,90,fixed,reuse,,False,,,0,,5016,unavailable,627.0,unavailable,exact
05_camera_pan_person,fixed_int8,91,fixed,reuse,,False,,,0,,5016,unavailable,627.0,unavailable,exact
05_camera_pan_person,fixed_int8,92,fixed,reuse,,False,,,0,,5016,unavailable,627.0,unavailable,exact
05_camera_pan_person,fixed_int8,93,fixed,reuse,,False,,,0,,5016,unavailable,627.0,unavailable,exact
05_camera_pan_person,fixed_int8,94,fixed,reuse,,False,,,0,,5016,unavailable,627.0,unavailable,exact
05_camera_pan_person,fixed_int8,95,fixed,reuse,,False,,,0,,5016,unavailable,627.0,unavailable,exact
05_camera_pan_person,fixed_int8,96,fixed,keyframe,selected,True,,,32768,,2376232,unavailable,297029.0,unavailable,exact
05_camera_pan_person,fixed_int8,97,fixed,reuse,,False,,,0,,5016,unavailable,627.0,unavailable,exact
05_camera_pan_person,fixed_int8,98,fixed,reuse,,False,,,0,,5016,unavailable,627.0,unavailable,exact
05_camera_pan_person,fixed_int8,99,fixed,reuse,,False,,,0,,5016,unavailable,627.0,unavailable,exact
06_handheld_sign,fixed_awgn,0,fixed,keyframe,first_frame,True,,,32768,32768,2109008,unavailable,263626.0,unavailable,exact
06_handheld_sign,fixed_awgn,1,fixed,reuse,,False,,,0,,6000,unavailable,750.0,unavailable,exact
06_handheld_sign,fixed_awgn,10,fixed,reuse,,False,,,0,,6008,unavailable,751.0,unavailable,exact
06_handheld_sign,fixed_awgn,11,fixed,reuse,,False,,,0,,6008,unavailable,751.0,unavailable,exact
06_handheld_sign,fixed_awgn,12,fixed,reuse,,False,,,0,,6008,unavailable,751.0,unavailable,exact
06_handheld_sign,fixed_awgn,13,fixed,reuse,,False,,,0,,6008,unavailable,751.0,unavailable,exact
06_handheld_sign,fixed_awgn,14,fixed,reuse,,False,,,0,,6008,unavailable,751.0,unavailable,exact
06_handheld_sign,fixed_awgn,15,fixed,reuse,,False,,,0,,6008,unavailable,751.0,unavailable,exact
06_handheld_sign,fixed_awgn,16,fixed,keyframe,selected,True,,,32768,32768,2109016,unavailable,263627.0,unavailable,exact
06_handheld_sign,fixed_awgn,17,fixed,reuse,,False,,,0,,6008,unavailable,751.0,unavailable,exact
06_handheld_sign,fixed_awgn,18,fixed,reuse,,False,,,0,,6008,unavailable,751.0,unavailable,exact
06_handheld_sign,fixed_awgn,19,fixed,reuse,,False,,,0,,6008,unavailable,751.0,unavailable,exact
06_handheld_sign,fixed_awgn,2,fixed,reuse,,False,,,0,,6000,unavailable,750.0,unavailable,exact
06_handheld_sign,fixed_awgn,20,fixed,reuse,,False,,,0,,6008,unavailable,751.0,unavailable,exact
06_handheld_sign,fixed_awgn,21,fixed,reuse,,False,,,0,,6008,unavailable,751.0,unavailable,exact
06_handheld_sign,fixed_awgn,22,fixed,reuse,,False,,,0,,6008,unavailable,751.0,unavailable,exact
06_handheld_sign,fixed_awgn,23,fixed,reuse,,False,,,0,,6008,unavailable,751.0,unavailable,exact
06_handheld_sign,fixed_awgn,24,fixed,reuse,,False,,,0,,6008,unavailable,751.0,unavailable,exact
06_handheld_sign,fixed_awgn,25,fixed,reuse,,False,,,0,,6008,unavailable,751.0,unavailable,exact
06_handheld_sign,fixed_awgn,26,fixed,reuse,,False,,,0,,6008,unavailable,751.0,unavailable,exact
06_handheld_sign,fixed_awgn,27,fixed,reuse,,False,,,0,,6008,unavailable,751.0,unavailable,exact
06_handheld_sign,fixed_awgn,28,fixed,reuse,,False,,,0,,6008,unavailable,751.0,unavailable,exact
06_handheld_sign,fixed_awgn,29,fixed,reuse,,False,,,0,,6008,unavailable,751.0,unavailable,exact
06_handheld_sign,fixed_awgn,3,fixed,reuse,,False,,,0,,6000,unavailable,750.0,unavailable,exact
06_handheld_sign,fixed_awgn,30,fixed,reuse,,False,,,0,,6008,unavailable,751.0,unavailable,exact
06_handheld_sign,fixed_awgn,31,fixed,reuse,,False,,,0,,6008,unavailable,751.0,unavailable,exact
06_handheld_sign,fixed_awgn,32,fixed,keyframe,selected,True,,,32768,32768,2109016,unavailable,263627.0,unavailable,exact
06_handheld_sign,fixed_awgn,33,fixed,reuse,,False,,,0,,6008,unavailable,751.0,unavailable,exact
06_handheld_sign,fixed_awgn,34,fixed,reuse,,False,,,0,,6008,unavailable,751.0,unavailable,exact
06_handheld_sign,fixed_awgn,35,fixed,reuse,,False,,,0,,6008,unavailable,751.0,unavailable,exact
06_handheld_sign,fixed_awgn,36,fixed,reuse,,False,,,0,,6008,unavailable,751.0,unavailable,exact
06_handheld_sign,fixed_awgn,37,fixed,reuse,,False,,,0,,6008,unavailable,751.0,unavailable,exact
06_handheld_sign,fixed_awgn,38,fixed,reuse,,False,,,0,,6008,unavailable,751.0,unavailable,exact
06_handheld_sign,fixed_awgn,39,fixed,reuse,,False,,,0,,6008,unavailable,751.0,unavailable,exact
06_handheld_sign,fixed_awgn,4,fixed,reuse,,False,,,0,,6000,unavailable,750.0,unavailable,exact
06_handheld_sign,fixed_awgn,40,fixed,reuse,,False,,,0,,6008,unavailable,751.0,unavailable,exact
06_handheld_sign,fixed_awgn,41,fixed,reuse,,False,,,0,,6008,unavailable,751.0,unavailable,exact
06_handheld_sign,fixed_awgn,42,fixed,reuse,,False,,,0,,6008,unavailable,751.0,unavailable,exact
06_handheld_sign,fixed_awgn,43,fixed,reuse,,False,,,0,,6008,unavailable,751.0,unavailable,exact
06_handheld_sign,fixed_awgn,44,fixed,reuse,,False,,,0,,6008,unavailable,751.0,unavailable,exact
06_handheld_sign,fixed_awgn,45,fixed,reuse,,False,,,0,,6008,unavailable,751.0,unavailable,exact
06_handheld_sign,fixed_awgn,46,fixed,reuse,,False,,,0,,6008,unavailable,751.0,unavailable,exact
06_handheld_sign,fixed_awgn,47,fixed,reuse,,False,,,0,,6008,unavailable,751.0,unavailable,exact
06_handheld_sign,fixed_awgn,48,fixed,keyframe,selected,True,,,32768,32768,2109016,unavailable,263627.0,unavailable,exact
06_handheld_sign,fixed_awgn,49,fixed,reuse,,False,,,0,,6008,unavailable,751.0,unavailable,exact
06_handheld_sign,fixed_awgn,5,fixed,reuse,,False,,,0,,6000,unavailable,750.0,unavailable,exact
06_handheld_sign,fixed_awgn,50,fixed,reuse,,False,,,0,,6008,unavailable,751.0,unavailable,exact
06_handheld_sign,fixed_awgn,51,fixed,reuse,,False,,,0,,6008,unavailable,751.0,unavailable,exact
06_handheld_sign,fixed_awgn,52,fixed,reuse,,False,,,0,,6008,unavailable,751.0,unavailable,exact
06_handheld_sign,fixed_awgn,53,fixed,reuse,,False,,,0,,6008,unavailable,751.0,unavailable,exact
06_handheld_sign,fixed_awgn,54,fixed,reuse,,False,,,0,,6008,unavailable,751.0,unavailable,exact
06_handheld_sign,fixed_awgn,55,fixed,reuse,,False,,,0,,6008,unavailable,751.0,unavailable,exact
06_handheld_sign,fixed_awgn,56,fixed,reuse,,False,,,0,,6008,unavailable,751.0,unavailable,exact
06_handheld_sign,fixed_awgn,57,fixed,reuse,,False,,,0,,6008,unavailable,751.0,unavailable,exact
06_handheld_sign,fixed_awgn,58,fixed,reuse,,False,,,0,,6008,unavailable,751.0,unavailable,exact
06_handheld_sign,fixed_awgn,59,fixed,reuse,,False,,,0,,6008,unavailable,751.0,unavailable,exact
06_handheld_sign,fixed_awgn,6,fixed,reuse,,False,,,0,,6000,unavailable,750.0,unavailable,exact
06_handheld_sign,fixed_awgn,60,fixed,reuse,,False,,,0,,6008,unavailable,751.0,unavailable,exact
06_handheld_sign,fixed_awgn,61,fixed,reuse,,False,,,0,,6008,unavailable,751.0,unavailable,exact
06_handheld_sign,fixed_awgn,62,fixed,reuse,,False,,,0,,6008,unavailable,751.0,unavailable,exact
06_handheld_sign,fixed_awgn,63,fixed,reuse,,False,,,0,,6008,unavailable,751.0,unavailable,exact
06_handheld_sign,fixed_awgn,64,fixed,keyframe,selected,True,,,32768,32768,2109016,unavailable,263627.0,unavailable,exact
06_handheld_sign,fixed_awgn,65,fixed,reuse,,False,,,0,,6008,unavailable,751.0,unavailable,exact
06_handheld_sign,fixed_awgn,66,fixed,reuse,,False,,,0,,6008,unavailable,751.0,unavailable,exact
06_handheld_sign,fixed_awgn,67,fixed,reuse,,False,,,0,,6008,unavailable,751.0,unavailable,exact
06_handheld_sign,fixed_awgn,68,fixed,reuse,,False,,,0,,6008,unavailable,751.0,unavailable,exact
06_handheld_sign,fixed_awgn,69,fixed,reuse,,False,,,0,,6008,unavailable,751.0,unavailable,exact
06_handheld_sign,fixed_awgn,7,fixed,reuse,,False,,,0,,6000,unavailable,750.0,unavailable,exact
06_handheld_sign,fixed_awgn,70,fixed,reuse,,False,,,0,,6008,unavailable,751.0,unavailable,exact
06_handheld_sign,fixed_awgn,71,fixed,reuse,,False,,,0,,6008,unavailable,751.0,unavailable,exact
06_handheld_sign,fixed_awgn,72,fixed,reuse,,False,,,0,,6008,unavailable,751.0,unavailable,exact
06_handheld_sign,fixed_awgn,73,fixed,reuse,,False,,,0,,6008,unavailable,751.0,unavailable,exact
06_handheld_sign,fixed_awgn,74,fixed,reuse,,False,,,0,,6008,unavailable,751.0,unavailable,exact
06_handheld_sign,fixed_awgn,75,fixed,reuse,,False,,,0,,6008,unavailable,751.0,unavailable,exact
06_handheld_sign,fixed_awgn,76,fixed,reuse,,False,,,0,,6008,unavailable,751.0,unavailable,exact
06_handheld_sign,fixed_awgn,77,fixed,reuse,,False,,,0,,6008,unavailable,751.0,unavailable,exact
06_handheld_sign,fixed_awgn,78,fixed,reuse,,False,,,0,,6008,unavailable,751.0,unavailable,exact
06_handheld_sign,fixed_awgn,79,fixed,reuse,,False,,,0,,6008,unavailable,751.0,unavailable,exact
06_handheld_sign,fixed_awgn,8,fixed,reuse,,False,,,0,,6000,unavailable,750.0,unavailable,exact
06_handheld_sign,fixed_awgn,80,fixed,keyframe,selected,True,,,32768,32768,2109016,unavailable,263627.0,unavailable,exact
06_handheld_sign,fixed_awgn,81,fixed,reuse,,False,,,0,,6008,unavailable,751.0,unavailable,exact
06_handheld_sign,fixed_awgn,82,fixed,reuse,,False,,,0,,6008,unavailable,751.0,unavailable,exact
06_handheld_sign,fixed_awgn,83,fixed,reuse,,False,,,0,,6008,unavailable,751.0,unavailable,exact
06_handheld_sign,fixed_awgn,84,fixed,reuse,,False,,,0,,6008,unavailable,751.0,unavailable,exact
06_handheld_sign,fixed_awgn,85,fixed,reuse,,False,,,0,,6008,unavailable,751.0,unavailable,exact
06_handheld_sign,fixed_awgn,86,fixed,reuse,,False,,,0,,6008,unavailable,751.0,unavailable,exact
06_handheld_sign,fixed_awgn,87,fixed,reuse,,False,,,0,,6008,unavailable,751.0,unavailable,exact
06_handheld_sign,fixed_awgn,88,fixed,reuse,,False,,,0,,6008,unavailable,751.0,unavailable,exact
06_handheld_sign,fixed_awgn,89,fixed,reuse,,False,,,0,,6008,unavailable,751.0,unavailable,exact
06_handheld_sign,fixed_awgn,9,fixed,reuse,,False,,,0,,6000,unavailable,750.0,unavailable,exact
06_handheld_sign,fixed_awgn,90,fixed,reuse,,False,,,0,,6008,unavailable,751.0,unavailable,exact
06_handheld_sign,fixed_awgn,91,fixed,reuse,,False,,,0,,6008,unavailable,751.0,unavailable,exact
06_handheld_sign,fixed_awgn,92,fixed,reuse,,False,,,0,,6008,unavailable,751.0,unavailable,exact
06_handheld_sign,fixed_awgn,93,fixed,reuse,,False,,,0,,6008,unavailable,751.0,unavailable,exact
06_handheld_sign,fixed_awgn,94,fixed,reuse,,False,,,0,,6008,unavailable,751.0,unavailable,exact
06_handheld_sign,fixed_awgn,95,fixed,reuse,,False,,,0,,6008,unavailable,751.0,unavailable,exact
06_handheld_sign,fixed_awgn,96,fixed,keyframe,selected,True,,,32768,32768,2109016,unavailable,263627.0,unavailable,exact
06_handheld_sign,fixed_awgn,97,fixed,reuse,,False,,,0,,6008,unavailable,751.0,unavailable,exact
06_handheld_sign,fixed_awgn,98,fixed,reuse,,False,,,0,,6008,unavailable,751.0,unavailable,exact
06_handheld_sign,fixed_awgn,99,fixed,reuse,,False,,,0,,6008,unavailable,751.0,unavailable,exact
06_handheld_sign,fixed_float32,0,fixed,keyframe,first_frame,True,,,32768,,3164120,unavailable,395515.0,unavailable,exact
06_handheld_sign,fixed_float32,1,fixed,reuse,,False,,,0,,6024,unavailable,753.0,unavailable,exact
06_handheld_sign,fixed_float32,10,fixed,reuse,,False,,,0,,6032,unavailable,754.0,unavailable,exact
06_handheld_sign,fixed_float32,11,fixed,reuse,,False,,,0,,6032,unavailable,754.0,unavailable,exact
06_handheld_sign,fixed_float32,12,fixed,reuse,,False,,,0,,6032,unavailable,754.0,unavailable,exact
06_handheld_sign,fixed_float32,13,fixed,reuse,,False,,,0,,6032,unavailable,754.0,unavailable,exact
06_handheld_sign,fixed_float32,14,fixed,reuse,,False,,,0,,6032,unavailable,754.0,unavailable,exact
06_handheld_sign,fixed_float32,15,fixed,reuse,,False,,,0,,6032,unavailable,754.0,unavailable,exact
06_handheld_sign,fixed_float32,16,fixed,keyframe,selected,True,,,32768,,3164128,unavailable,395516.0,unavailable,exact
06_handheld_sign,fixed_float32,17,fixed,reuse,,False,,,0,,6032,unavailable,754.0,unavailable,exact
06_handheld_sign,fixed_float32,18,fixed,reuse,,False,,,0,,6032,unavailable,754.0,unavailable,exact
06_handheld_sign,fixed_float32,19,fixed,reuse,,False,,,0,,6032,unavailable,754.0,unavailable,exact
06_handheld_sign,fixed_float32,2,fixed,reuse,,False,,,0,,6024,unavailable,753.0,unavailable,exact
06_handheld_sign,fixed_float32,20,fixed,reuse,,False,,,0,,6032,unavailable,754.0,unavailable,exact
06_handheld_sign,fixed_float32,21,fixed,reuse,,False,,,0,,6032,unavailable,754.0,unavailable,exact
06_handheld_sign,fixed_float32,22,fixed,reuse,,False,,,0,,6032,unavailable,754.0,unavailable,exact
06_handheld_sign,fixed_float32,23,fixed,reuse,,False,,,0,,6032,unavailable,754.0,unavailable,exact
06_handheld_sign,fixed_float32,24,fixed,reuse,,False,,,0,,6032,unavailable,754.0,unavailable,exact
06_handheld_sign,fixed_float32,25,fixed,reuse,,False,,,0,,6032,unavailable,754.0,unavailable,exact
06_handheld_sign,fixed_float32,26,fixed,reuse,,False,,,0,,6032,unavailable,754.0,unavailable,exact
06_handheld_sign,fixed_float32,27,fixed,reuse,,False,,,0,,6032,unavailable,754.0,unavailable,exact
06_handheld_sign,fixed_float32,28,fixed,reuse,,False,,,0,,6032,unavailable,754.0,unavailable,exact
06_handheld_sign,fixed_float32,29,fixed,reuse,,False,,,0,,6032,unavailable,754.0,unavailable,exact
06_handheld_sign,fixed_float32,3,fixed,reuse,,False,,,0,,6024,unavailable,753.0,unavailable,exact
06_handheld_sign,fixed_float32,30,fixed,reuse,,False,,,0,,6032,unavailable,754.0,unavailable,exact
06_handheld_sign,fixed_float32,31,fixed,reuse,,False,,,0,,6032,unavailable,754.0,unavailable,exact
06_handheld_sign,fixed_float32,32,fixed,keyframe,selected,True,,,32768,,3164128,unavailable,395516.0,unavailable,exact
06_handheld_sign,fixed_float32,33,fixed,reuse,,False,,,0,,6032,unavailable,754.0,unavailable,exact
06_handheld_sign,fixed_float32,34,fixed,reuse,,False,,,0,,6032,unavailable,754.0,unavailable,exact
06_handheld_sign,fixed_float32,35,fixed,reuse,,False,,,0,,6032,unavailable,754.0,unavailable,exact
06_handheld_sign,fixed_float32,36,fixed,reuse,,False,,,0,,6032,unavailable,754.0,unavailable,exact
06_handheld_sign,fixed_float32,37,fixed,reuse,,False,,,0,,6032,unavailable,754.0,unavailable,exact
06_handheld_sign,fixed_float32,38,fixed,reuse,,False,,,0,,6032,unavailable,754.0,unavailable,exact
06_handheld_sign,fixed_float32,39,fixed,reuse,,False,,,0,,6032,unavailable,754.0,unavailable,exact
06_handheld_sign,fixed_float32,4,fixed,reuse,,False,,,0,,6024,unavailable,753.0,unavailable,exact
06_handheld_sign,fixed_float32,40,fixed,reuse,,False,,,0,,6032,unavailable,754.0,unavailable,exact
06_handheld_sign,fixed_float32,41,fixed,reuse,,False,,,0,,6032,unavailable,754.0,unavailable,exact
06_handheld_sign,fixed_float32,42,fixed,reuse,,False,,,0,,6032,unavailable,754.0,unavailable,exact
06_handheld_sign,fixed_float32,43,fixed,reuse,,False,,,0,,6032,unavailable,754.0,unavailable,exact
06_handheld_sign,fixed_float32,44,fixed,reuse,,False,,,0,,6032,unavailable,754.0,unavailable,exact
06_handheld_sign,fixed_float32,45,fixed,reuse,,False,,,0,,6032,unavailable,754.0,unavailable,exact
06_handheld_sign,fixed_float32,46,fixed,reuse,,False,,,0,,6032,unavailable,754.0,unavailable,exact
06_handheld_sign,fixed_float32,47,fixed,reuse,,False,,,0,,6032,unavailable,754.0,unavailable,exact
06_handheld_sign,fixed_float32,48,fixed,keyframe,selected,True,,,32768,,3164128,unavailable,395516.0,unavailable,exact
06_handheld_sign,fixed_float32,49,fixed,reuse,,False,,,0,,6032,unavailable,754.0,unavailable,exact
06_handheld_sign,fixed_float32,5,fixed,reuse,,False,,,0,,6024,unavailable,753.0,unavailable,exact
06_handheld_sign,fixed_float32,50,fixed,reuse,,False,,,0,,6032,unavailable,754.0,unavailable,exact
06_handheld_sign,fixed_float32,51,fixed,reuse,,False,,,0,,6032,unavailable,754.0,unavailable,exact
06_handheld_sign,fixed_float32,52,fixed,reuse,,False,,,0,,6032,unavailable,754.0,unavailable,exact
06_handheld_sign,fixed_float32,53,fixed,reuse,,False,,,0,,6032,unavailable,754.0,unavailable,exact
06_handheld_sign,fixed_float32,54,fixed,reuse,,False,,,0,,6032,unavailable,754.0,unavailable,exact
06_handheld_sign,fixed_float32,55,fixed,reuse,,False,,,0,,6032,unavailable,754.0,unavailable,exact
06_handheld_sign,fixed_float32,56,fixed,reuse,,False,,,0,,6032,unavailable,754.0,unavailable,exact
06_handheld_sign,fixed_float32,57,fixed,reuse,,False,,,0,,6032,unavailable,754.0,unavailable,exact
06_handheld_sign,fixed_float32,58,fixed,reuse,,False,,,0,,6032,unavailable,754.0,unavailable,exact
06_handheld_sign,fixed_float32,59,fixed,reuse,,False,,,0,,6032,unavailable,754.0,unavailable,exact
06_handheld_sign,fixed_float32,6,fixed,reuse,,False,,,0,,6024,unavailable,753.0,unavailable,exact
06_handheld_sign,fixed_float32,60,fixed,reuse,,False,,,0,,6032,unavailable,754.0,unavailable,exact
06_handheld_sign,fixed_float32,61,fixed,reuse,,False,,,0,,6032,unavailable,754.0,unavailable,exact
06_handheld_sign,fixed_float32,62,fixed,reuse,,False,,,0,,6032,unavailable,754.0,unavailable,exact
06_handheld_sign,fixed_float32,63,fixed,reuse,,False,,,0,,6032,unavailable,754.0,unavailable,exact
06_handheld_sign,fixed_float32,64,fixed,keyframe,selected,True,,,32768,,3164128,unavailable,395516.0,unavailable,exact
06_handheld_sign,fixed_float32,65,fixed,reuse,,False,,,0,,6032,unavailable,754.0,unavailable,exact
06_handheld_sign,fixed_float32,66,fixed,reuse,,False,,,0,,6032,unavailable,754.0,unavailable,exact
06_handheld_sign,fixed_float32,67,fixed,reuse,,False,,,0,,6032,unavailable,754.0,unavailable,exact
06_handheld_sign,fixed_float32,68,fixed,reuse,,False,,,0,,6032,unavailable,754.0,unavailable,exact
06_handheld_sign,fixed_float32,69,fixed,reuse,,False,,,0,,6032,unavailable,754.0,unavailable,exact
06_handheld_sign,fixed_float32,7,fixed,reuse,,False,,,0,,6024,unavailable,753.0,unavailable,exact
06_handheld_sign,fixed_float32,70,fixed,reuse,,False,,,0,,6032,unavailable,754.0,unavailable,exact
06_handheld_sign,fixed_float32,71,fixed,reuse,,False,,,0,,6032,unavailable,754.0,unavailable,exact
06_handheld_sign,fixed_float32,72,fixed,reuse,,False,,,0,,6032,unavailable,754.0,unavailable,exact
06_handheld_sign,fixed_float32,73,fixed,reuse,,False,,,0,,6032,unavailable,754.0,unavailable,exact
06_handheld_sign,fixed_float32,74,fixed,reuse,,False,,,0,,6032,unavailable,754.0,unavailable,exact
06_handheld_sign,fixed_float32,75,fixed,reuse,,False,,,0,,6032,unavailable,754.0,unavailable,exact
06_handheld_sign,fixed_float32,76,fixed,reuse,,False,,,0,,6032,unavailable,754.0,unavailable,exact
06_handheld_sign,fixed_float32,77,fixed,reuse,,False,,,0,,6032,unavailable,754.0,unavailable,exact
06_handheld_sign,fixed_float32,78,fixed,reuse,,False,,,0,,6032,unavailable,754.0,unavailable,exact
06_handheld_sign,fixed_float32,79,fixed,reuse,,False,,,0,,6032,unavailable,754.0,unavailable,exact
06_handheld_sign,fixed_float32,8,fixed,reuse,,False,,,0,,6024,unavailable,753.0,unavailable,exact
06_handheld_sign,fixed_float32,80,fixed,keyframe,selected,True,,,32768,,3164128,unavailable,395516.0,unavailable,exact
06_handheld_sign,fixed_float32,81,fixed,reuse,,False,,,0,,6032,unavailable,754.0,unavailable,exact
06_handheld_sign,fixed_float32,82,fixed,reuse,,False,,,0,,6032,unavailable,754.0,unavailable,exact
06_handheld_sign,fixed_float32,83,fixed,reuse,,False,,,0,,6032,unavailable,754.0,unavailable,exact
06_handheld_sign,fixed_float32,84,fixed,reuse,,False,,,0,,6032,unavailable,754.0,unavailable,exact
06_handheld_sign,fixed_float32,85,fixed,reuse,,False,,,0,,6032,unavailable,754.0,unavailable,exact
06_handheld_sign,fixed_float32,86,fixed,reuse,,False,,,0,,6032,unavailable,754.0,unavailable,exact
06_handheld_sign,fixed_float32,87,fixed,reuse,,False,,,0,,6032,unavailable,754.0,unavailable,exact
06_handheld_sign,fixed_float32,88,fixed,reuse,,False,,,0,,6032,unavailable,754.0,unavailable,exact
06_handheld_sign,fixed_float32,89,fixed,reuse,,False,,,0,,6032,unavailable,754.0,unavailable,exact
06_handheld_sign,fixed_float32,9,fixed,reuse,,False,,,0,,6024,unavailable,753.0,unavailable,exact
06_handheld_sign,fixed_float32,90,fixed,reuse,,False,,,0,,6032,unavailable,754.0,unavailable,exact
06_handheld_sign,fixed_float32,91,fixed,reuse,,False,,,0,,6032,unavailable,754.0,unavailable,exact
06_handheld_sign,fixed_float32,92,fixed,reuse,,False,,,0,,6032,unavailable,754.0,unavailable,exact
06_handheld_sign,fixed_float32,93,fixed,reuse,,False,,,0,,6032,unavailable,754.0,unavailable,exact
06_handheld_sign,fixed_float32,94,fixed,reuse,,False,,,0,,6032,unavailable,754.0,unavailable,exact
06_handheld_sign,fixed_float32,95,fixed,reuse,,False,,,0,,6032,unavailable,754.0,unavailable,exact
06_handheld_sign,fixed_float32,96,fixed,keyframe,selected,True,,,32768,,3164128,unavailable,395516.0,unavailable,exact
06_handheld_sign,fixed_float32,97,fixed,reuse,,False,,,0,,6032,unavailable,754.0,unavailable,exact
06_handheld_sign,fixed_float32,98,fixed,reuse,,False,,,0,,6032,unavailable,754.0,unavailable,exact
06_handheld_sign,fixed_float32,99,fixed,reuse,,False,,,0,,6032,unavailable,754.0,unavailable,exact
06_handheld_sign,fixed_int16,0,fixed,keyframe,first_frame,True,,,32768,,2639816,unavailable,329977.0,unavailable,exact
06_handheld_sign,fixed_int16,1,fixed,reuse,,False,,,0,,6008,unavailable,751.0,unavailable,exact
06_handheld_sign,fixed_int16,10,fixed,reuse,,False,,,0,,6016,unavailable,752.0,unavailable,exact
06_handheld_sign,fixed_int16,11,fixed,reuse,,False,,,0,,6016,unavailable,752.0,unavailable,exact
06_handheld_sign,fixed_int16,12,fixed,reuse,,False,,,0,,6016,unavailable,752.0,unavailable,exact
06_handheld_sign,fixed_int16,13,fixed,reuse,,False,,,0,,6016,unavailable,752.0,unavailable,exact
06_handheld_sign,fixed_int16,14,fixed,reuse,,False,,,0,,6016,unavailable,752.0,unavailable,exact
06_handheld_sign,fixed_int16,15,fixed,reuse,,False,,,0,,6016,unavailable,752.0,unavailable,exact
06_handheld_sign,fixed_int16,16,fixed,keyframe,selected,True,,,32768,,2639824,unavailable,329978.0,unavailable,exact
06_handheld_sign,fixed_int16,17,fixed,reuse,,False,,,0,,6016,unavailable,752.0,unavailable,exact
06_handheld_sign,fixed_int16,18,fixed,reuse,,False,,,0,,6016,unavailable,752.0,unavailable,exact
06_handheld_sign,fixed_int16,19,fixed,reuse,,False,,,0,,6016,unavailable,752.0,unavailable,exact
06_handheld_sign,fixed_int16,2,fixed,reuse,,False,,,0,,6008,unavailable,751.0,unavailable,exact
06_handheld_sign,fixed_int16,20,fixed,reuse,,False,,,0,,6016,unavailable,752.0,unavailable,exact
06_handheld_sign,fixed_int16,21,fixed,reuse,,False,,,0,,6016,unavailable,752.0,unavailable,exact
06_handheld_sign,fixed_int16,22,fixed,reuse,,False,,,0,,6016,unavailable,752.0,unavailable,exact
06_handheld_sign,fixed_int16,23,fixed,reuse,,False,,,0,,6016,unavailable,752.0,unavailable,exact
06_handheld_sign,fixed_int16,24,fixed,reuse,,False,,,0,,6016,unavailable,752.0,unavailable,exact
06_handheld_sign,fixed_int16,25,fixed,reuse,,False,,,0,,6016,unavailable,752.0,unavailable,exact
06_handheld_sign,fixed_int16,26,fixed,reuse,,False,,,0,,6016,unavailable,752.0,unavailable,exact
06_handheld_sign,fixed_int16,27,fixed,reuse,,False,,,0,,6016,unavailable,752.0,unavailable,exact
06_handheld_sign,fixed_int16,28,fixed,reuse,,False,,,0,,6016,unavailable,752.0,unavailable,exact
06_handheld_sign,fixed_int16,29,fixed,reuse,,False,,,0,,6016,unavailable,752.0,unavailable,exact
06_handheld_sign,fixed_int16,3,fixed,reuse,,False,,,0,,6008,unavailable,751.0,unavailable,exact
06_handheld_sign,fixed_int16,30,fixed,reuse,,False,,,0,,6016,unavailable,752.0,unavailable,exact
06_handheld_sign,fixed_int16,31,fixed,reuse,,False,,,0,,6016,unavailable,752.0,unavailable,exact
06_handheld_sign,fixed_int16,32,fixed,keyframe,selected,True,,,32768,,2639824,unavailable,329978.0,unavailable,exact
06_handheld_sign,fixed_int16,33,fixed,reuse,,False,,,0,,6016,unavailable,752.0,unavailable,exact
06_handheld_sign,fixed_int16,34,fixed,reuse,,False,,,0,,6016,unavailable,752.0,unavailable,exact
06_handheld_sign,fixed_int16,35,fixed,reuse,,False,,,0,,6016,unavailable,752.0,unavailable,exact
06_handheld_sign,fixed_int16,36,fixed,reuse,,False,,,0,,6016,unavailable,752.0,unavailable,exact
06_handheld_sign,fixed_int16,37,fixed,reuse,,False,,,0,,6016,unavailable,752.0,unavailable,exact
06_handheld_sign,fixed_int16,38,fixed,reuse,,False,,,0,,6016,unavailable,752.0,unavailable,exact
06_handheld_sign,fixed_int16,39,fixed,reuse,,False,,,0,,6016,unavailable,752.0,unavailable,exact
06_handheld_sign,fixed_int16,4,fixed,reuse,,False,,,0,,6008,unavailable,751.0,unavailable,exact
06_handheld_sign,fixed_int16,40,fixed,reuse,,False,,,0,,6016,unavailable,752.0,unavailable,exact
06_handheld_sign,fixed_int16,41,fixed,reuse,,False,,,0,,6016,unavailable,752.0,unavailable,exact
06_handheld_sign,fixed_int16,42,fixed,reuse,,False,,,0,,6016,unavailable,752.0,unavailable,exact
06_handheld_sign,fixed_int16,43,fixed,reuse,,False,,,0,,6016,unavailable,752.0,unavailable,exact
06_handheld_sign,fixed_int16,44,fixed,reuse,,False,,,0,,6016,unavailable,752.0,unavailable,exact
06_handheld_sign,fixed_int16,45,fixed,reuse,,False,,,0,,6016,unavailable,752.0,unavailable,exact
06_handheld_sign,fixed_int16,46,fixed,reuse,,False,,,0,,6016,unavailable,752.0,unavailable,exact
06_handheld_sign,fixed_int16,47,fixed,reuse,,False,,,0,,6016,unavailable,752.0,unavailable,exact
06_handheld_sign,fixed_int16,48,fixed,keyframe,selected,True,,,32768,,2639824,unavailable,329978.0,unavailable,exact
06_handheld_sign,fixed_int16,49,fixed,reuse,,False,,,0,,6016,unavailable,752.0,unavailable,exact
06_handheld_sign,fixed_int16,5,fixed,reuse,,False,,,0,,6008,unavailable,751.0,unavailable,exact
06_handheld_sign,fixed_int16,50,fixed,reuse,,False,,,0,,6016,unavailable,752.0,unavailable,exact
06_handheld_sign,fixed_int16,51,fixed,reuse,,False,,,0,,6016,unavailable,752.0,unavailable,exact
06_handheld_sign,fixed_int16,52,fixed,reuse,,False,,,0,,6016,unavailable,752.0,unavailable,exact
06_handheld_sign,fixed_int16,53,fixed,reuse,,False,,,0,,6016,unavailable,752.0,unavailable,exact
06_handheld_sign,fixed_int16,54,fixed,reuse,,False,,,0,,6016,unavailable,752.0,unavailable,exact
06_handheld_sign,fixed_int16,55,fixed,reuse,,False,,,0,,6016,unavailable,752.0,unavailable,exact
06_handheld_sign,fixed_int16,56,fixed,reuse,,False,,,0,,6016,unavailable,752.0,unavailable,exact
06_handheld_sign,fixed_int16,57,fixed,reuse,,False,,,0,,6016,unavailable,752.0,unavailable,exact
06_handheld_sign,fixed_int16,58,fixed,reuse,,False,,,0,,6016,unavailable,752.0,unavailable,exact
06_handheld_sign,fixed_int16,59,fixed,reuse,,False,,,0,,6016,unavailable,752.0,unavailable,exact
06_handheld_sign,fixed_int16,6,fixed,reuse,,False,,,0,,6008,unavailable,751.0,unavailable,exact
06_handheld_sign,fixed_int16,60,fixed,reuse,,False,,,0,,6016,unavailable,752.0,unavailable,exact
06_handheld_sign,fixed_int16,61,fixed,reuse,,False,,,0,,6016,unavailable,752.0,unavailable,exact
06_handheld_sign,fixed_int16,62,fixed,reuse,,False,,,0,,6016,unavailable,752.0,unavailable,exact
06_handheld_sign,fixed_int16,63,fixed,reuse,,False,,,0,,6016,unavailable,752.0,unavailable,exact
06_handheld_sign,fixed_int16,64,fixed,keyframe,selected,True,,,32768,,2639824,unavailable,329978.0,unavailable,exact
06_handheld_sign,fixed_int16,65,fixed,reuse,,False,,,0,,6016,unavailable,752.0,unavailable,exact
06_handheld_sign,fixed_int16,66,fixed,reuse,,False,,,0,,6016,unavailable,752.0,unavailable,exact
06_handheld_sign,fixed_int16,67,fixed,reuse,,False,,,0,,6016,unavailable,752.0,unavailable,exact
06_handheld_sign,fixed_int16,68,fixed,reuse,,False,,,0,,6016,unavailable,752.0,unavailable,exact
06_handheld_sign,fixed_int16,69,fixed,reuse,,False,,,0,,6016,unavailable,752.0,unavailable,exact
06_handheld_sign,fixed_int16,7,fixed,reuse,,False,,,0,,6008,unavailable,751.0,unavailable,exact
06_handheld_sign,fixed_int16,70,fixed,reuse,,False,,,0,,6016,unavailable,752.0,unavailable,exact
06_handheld_sign,fixed_int16,71,fixed,reuse,,False,,,0,,6016,unavailable,752.0,unavailable,exact
06_handheld_sign,fixed_int16,72,fixed,reuse,,False,,,0,,6016,unavailable,752.0,unavailable,exact
06_handheld_sign,fixed_int16,73,fixed,reuse,,False,,,0,,6016,unavailable,752.0,unavailable,exact
06_handheld_sign,fixed_int16,74,fixed,reuse,,False,,,0,,6016,unavailable,752.0,unavailable,exact
06_handheld_sign,fixed_int16,75,fixed,reuse,,False,,,0,,6016,unavailable,752.0,unavailable,exact
06_handheld_sign,fixed_int16,76,fixed,reuse,,False,,,0,,6016,unavailable,752.0,unavailable,exact
06_handheld_sign,fixed_int16,77,fixed,reuse,,False,,,0,,6016,unavailable,752.0,unavailable,exact
06_handheld_sign,fixed_int16,78,fixed,reuse,,False,,,0,,6016,unavailable,752.0,unavailable,exact
06_handheld_sign,fixed_int16,79,fixed,reuse,,False,,,0,,6016,unavailable,752.0,unavailable,exact
06_handheld_sign,fixed_int16,8,fixed,reuse,,False,,,0,,6008,unavailable,751.0,unavailable,exact
06_handheld_sign,fixed_int16,80,fixed,keyframe,selected,True,,,32768,,2639824,unavailable,329978.0,unavailable,exact
06_handheld_sign,fixed_int16,81,fixed,reuse,,False,,,0,,6016,unavailable,752.0,unavailable,exact
06_handheld_sign,fixed_int16,82,fixed,reuse,,False,,,0,,6016,unavailable,752.0,unavailable,exact
06_handheld_sign,fixed_int16,83,fixed,reuse,,False,,,0,,6016,unavailable,752.0,unavailable,exact
06_handheld_sign,fixed_int16,84,fixed,reuse,,False,,,0,,6016,unavailable,752.0,unavailable,exact
06_handheld_sign,fixed_int16,85,fixed,reuse,,False,,,0,,6016,unavailable,752.0,unavailable,exact
06_handheld_sign,fixed_int16,86,fixed,reuse,,False,,,0,,6016,unavailable,752.0,unavailable,exact
06_handheld_sign,fixed_int16,87,fixed,reuse,,False,,,0,,6016,unavailable,752.0,unavailable,exact
06_handheld_sign,fixed_int16,88,fixed,reuse,,False,,,0,,6016,unavailable,752.0,unavailable,exact
06_handheld_sign,fixed_int16,89,fixed,reuse,,False,,,0,,6016,unavailable,752.0,unavailable,exact
06_handheld_sign,fixed_int16,9,fixed,reuse,,False,,,0,,6008,unavailable,751.0,unavailable,exact
06_handheld_sign,fixed_int16,90,fixed,reuse,,False,,,0,,6016,unavailable,752.0,unavailable,exact
06_handheld_sign,fixed_int16,91,fixed,reuse,,False,,,0,,6016,unavailable,752.0,unavailable,exact
06_handheld_sign,fixed_int16,92,fixed,reuse,,False,,,0,,6016,unavailable,752.0,unavailable,exact
06_handheld_sign,fixed_int16,93,fixed,reuse,,False,,,0,,6016,unavailable,752.0,unavailable,exact
06_handheld_sign,fixed_int16,94,fixed,reuse,,False,,,0,,6016,unavailable,752.0,unavailable,exact
06_handheld_sign,fixed_int16,95,fixed,reuse,,False,,,0,,6016,unavailable,752.0,unavailable,exact
06_handheld_sign,fixed_int16,96,fixed,keyframe,selected,True,,,32768,,2639824,unavailable,329978.0,unavailable,exact
06_handheld_sign,fixed_int16,97,fixed,reuse,,False,,,0,,6016,unavailable,752.0,unavailable,exact
06_handheld_sign,fixed_int16,98,fixed,reuse,,False,,,0,,6016,unavailable,752.0,unavailable,exact
06_handheld_sign,fixed_int16,99,fixed,reuse,,False,,,0,,6016,unavailable,752.0,unavailable,exact
06_handheld_sign,fixed_int4,0,fixed,keyframe,first_frame,True,,,32768,,2246592,unavailable,280824.0,unavailable,exact
06_handheld_sign,fixed_int4,1,fixed,reuse,,False,,,0,,6000,unavailable,750.0,unavailable,exact
06_handheld_sign,fixed_int4,10,fixed,reuse,,False,,,0,,6008,unavailable,751.0,unavailable,exact
06_handheld_sign,fixed_int4,11,fixed,reuse,,False,,,0,,6008,unavailable,751.0,unavailable,exact
06_handheld_sign,fixed_int4,12,fixed,reuse,,False,,,0,,6008,unavailable,751.0,unavailable,exact
06_handheld_sign,fixed_int4,13,fixed,reuse,,False,,,0,,6008,unavailable,751.0,unavailable,exact
06_handheld_sign,fixed_int4,14,fixed,reuse,,False,,,0,,6008,unavailable,751.0,unavailable,exact
06_handheld_sign,fixed_int4,15,fixed,reuse,,False,,,0,,6008,unavailable,751.0,unavailable,exact
06_handheld_sign,fixed_int4,16,fixed,keyframe,selected,True,,,32768,,2246600,unavailable,280825.0,unavailable,exact
06_handheld_sign,fixed_int4,17,fixed,reuse,,False,,,0,,6008,unavailable,751.0,unavailable,exact
06_handheld_sign,fixed_int4,18,fixed,reuse,,False,,,0,,6008,unavailable,751.0,unavailable,exact
06_handheld_sign,fixed_int4,19,fixed,reuse,,False,,,0,,6008,unavailable,751.0,unavailable,exact
06_handheld_sign,fixed_int4,2,fixed,reuse,,False,,,0,,6000,unavailable,750.0,unavailable,exact
06_handheld_sign,fixed_int4,20,fixed,reuse,,False,,,0,,6008,unavailable,751.0,unavailable,exact
06_handheld_sign,fixed_int4,21,fixed,reuse,,False,,,0,,6008,unavailable,751.0,unavailable,exact
06_handheld_sign,fixed_int4,22,fixed,reuse,,False,,,0,,6008,unavailable,751.0,unavailable,exact
06_handheld_sign,fixed_int4,23,fixed,reuse,,False,,,0,,6008,unavailable,751.0,unavailable,exact
06_handheld_sign,fixed_int4,24,fixed,reuse,,False,,,0,,6008,unavailable,751.0,unavailable,exact
06_handheld_sign,fixed_int4,25,fixed,reuse,,False,,,0,,6008,unavailable,751.0,unavailable,exact
06_handheld_sign,fixed_int4,26,fixed,reuse,,False,,,0,,6008,unavailable,751.0,unavailable,exact
06_handheld_sign,fixed_int4,27,fixed,reuse,,False,,,0,,6008,unavailable,751.0,unavailable,exact
06_handheld_sign,fixed_int4,28,fixed,reuse,,False,,,0,,6008,unavailable,751.0,unavailable,exact
06_handheld_sign,fixed_int4,29,fixed,reuse,,False,,,0,,6008,unavailable,751.0,unavailable,exact
06_handheld_sign,fixed_int4,3,fixed,reuse,,False,,,0,,6000,unavailable,750.0,unavailable,exact
06_handheld_sign,fixed_int4,30,fixed,reuse,,False,,,0,,6008,unavailable,751.0,unavailable,exact
06_handheld_sign,fixed_int4,31,fixed,reuse,,False,,,0,,6008,unavailable,751.0,unavailable,exact
06_handheld_sign,fixed_int4,32,fixed,keyframe,selected,True,,,32768,,2246600,unavailable,280825.0,unavailable,exact
06_handheld_sign,fixed_int4,33,fixed,reuse,,False,,,0,,6008,unavailable,751.0,unavailable,exact
06_handheld_sign,fixed_int4,34,fixed,reuse,,False,,,0,,6008,unavailable,751.0,unavailable,exact
06_handheld_sign,fixed_int4,35,fixed,reuse,,False,,,0,,6008,unavailable,751.0,unavailable,exact
06_handheld_sign,fixed_int4,36,fixed,reuse,,False,,,0,,6008,unavailable,751.0,unavailable,exact
06_handheld_sign,fixed_int4,37,fixed,reuse,,False,,,0,,6008,unavailable,751.0,unavailable,exact
06_handheld_sign,fixed_int4,38,fixed,reuse,,False,,,0,,6008,unavailable,751.0,unavailable,exact
06_handheld_sign,fixed_int4,39,fixed,reuse,,False,,,0,,6008,unavailable,751.0,unavailable,exact
06_handheld_sign,fixed_int4,4,fixed,reuse,,False,,,0,,6000,unavailable,750.0,unavailable,exact
06_handheld_sign,fixed_int4,40,fixed,reuse,,False,,,0,,6008,unavailable,751.0,unavailable,exact
06_handheld_sign,fixed_int4,41,fixed,reuse,,False,,,0,,6008,unavailable,751.0,unavailable,exact
06_handheld_sign,fixed_int4,42,fixed,reuse,,False,,,0,,6008,unavailable,751.0,unavailable,exact
06_handheld_sign,fixed_int4,43,fixed,reuse,,False,,,0,,6008,unavailable,751.0,unavailable,exact
06_handheld_sign,fixed_int4,44,fixed,reuse,,False,,,0,,6008,unavailable,751.0,unavailable,exact
06_handheld_sign,fixed_int4,45,fixed,reuse,,False,,,0,,6008,unavailable,751.0,unavailable,exact
06_handheld_sign,fixed_int4,46,fixed,reuse,,False,,,0,,6008,unavailable,751.0,unavailable,exact
06_handheld_sign,fixed_int4,47,fixed,reuse,,False,,,0,,6008,unavailable,751.0,unavailable,exact
06_handheld_sign,fixed_int4,48,fixed,keyframe,selected,True,,,32768,,2246600,unavailable,280825.0,unavailable,exact
06_handheld_sign,fixed_int4,49,fixed,reuse,,False,,,0,,6008,unavailable,751.0,unavailable,exact
06_handheld_sign,fixed_int4,5,fixed,reuse,,False,,,0,,6000,unavailable,750.0,unavailable,exact
06_handheld_sign,fixed_int4,50,fixed,reuse,,False,,,0,,6008,unavailable,751.0,unavailable,exact
06_handheld_sign,fixed_int4,51,fixed,reuse,,False,,,0,,6008,unavailable,751.0,unavailable,exact
06_handheld_sign,fixed_int4,52,fixed,reuse,,False,,,0,,6008,unavailable,751.0,unavailable,exact
06_handheld_sign,fixed_int4,53,fixed,reuse,,False,,,0,,6008,unavailable,751.0,unavailable,exact
06_handheld_sign,fixed_int4,54,fixed,reuse,,False,,,0,,6008,unavailable,751.0,unavailable,exact
06_handheld_sign,fixed_int4,55,fixed,reuse,,False,,,0,,6008,unavailable,751.0,unavailable,exact
06_handheld_sign,fixed_int4,56,fixed,reuse,,False,,,0,,6008,unavailable,751.0,unavailable,exact
06_handheld_sign,fixed_int4,57,fixed,reuse,,False,,,0,,6008,unavailable,751.0,unavailable,exact
06_handheld_sign,fixed_int4,58,fixed,reuse,,False,,,0,,6008,unavailable,751.0,unavailable,exact
06_handheld_sign,fixed_int4,59,fixed,reuse,,False,,,0,,6008,unavailable,751.0,unavailable,exact
06_handheld_sign,fixed_int4,6,fixed,reuse,,False,,,0,,6000,unavailable,750.0,unavailable,exact
06_handheld_sign,fixed_int4,60,fixed,reuse,,False,,,0,,6008,unavailable,751.0,unavailable,exact
06_handheld_sign,fixed_int4,61,fixed,reuse,,False,,,0,,6008,unavailable,751.0,unavailable,exact
06_handheld_sign,fixed_int4,62,fixed,reuse,,False,,,0,,6008,unavailable,751.0,unavailable,exact
06_handheld_sign,fixed_int4,63,fixed,reuse,,False,,,0,,6008,unavailable,751.0,unavailable,exact
06_handheld_sign,fixed_int4,64,fixed,keyframe,selected,True,,,32768,,2246600,unavailable,280825.0,unavailable,exact
06_handheld_sign,fixed_int4,65,fixed,reuse,,False,,,0,,6008,unavailable,751.0,unavailable,exact
06_handheld_sign,fixed_int4,66,fixed,reuse,,False,,,0,,6008,unavailable,751.0,unavailable,exact
06_handheld_sign,fixed_int4,67,fixed,reuse,,False,,,0,,6008,unavailable,751.0,unavailable,exact
06_handheld_sign,fixed_int4,68,fixed,reuse,,False,,,0,,6008,unavailable,751.0,unavailable,exact
06_handheld_sign,fixed_int4,69,fixed,reuse,,False,,,0,,6008,unavailable,751.0,unavailable,exact
06_handheld_sign,fixed_int4,7,fixed,reuse,,False,,,0,,6000,unavailable,750.0,unavailable,exact
06_handheld_sign,fixed_int4,70,fixed,reuse,,False,,,0,,6008,unavailable,751.0,unavailable,exact
06_handheld_sign,fixed_int4,71,fixed,reuse,,False,,,0,,6008,unavailable,751.0,unavailable,exact
06_handheld_sign,fixed_int4,72,fixed,reuse,,False,,,0,,6008,unavailable,751.0,unavailable,exact
06_handheld_sign,fixed_int4,73,fixed,reuse,,False,,,0,,6008,unavailable,751.0,unavailable,exact
06_handheld_sign,fixed_int4,74,fixed,reuse,,False,,,0,,6008,unavailable,751.0,unavailable,exact
06_handheld_sign,fixed_int4,75,fixed,reuse,,False,,,0,,6008,unavailable,751.0,unavailable,exact
06_handheld_sign,fixed_int4,76,fixed,reuse,,False,,,0,,6008,unavailable,751.0,unavailable,exact
06_handheld_sign,fixed_int4,77,fixed,reuse,,False,,,0,,6008,unavailable,751.0,unavailable,exact
06_handheld_sign,fixed_int4,78,fixed,reuse,,False,,,0,,6008,unavailable,751.0,unavailable,exact
06_handheld_sign,fixed_int4,79,fixed,reuse,,False,,,0,,6008,unavailable,751.0,unavailable,exact
06_handheld_sign,fixed_int4,8,fixed,reuse,,False,,,0,,6000,unavailable,750.0,unavailable,exact
06_handheld_sign,fixed_int4,80,fixed,keyframe,selected,True,,,32768,,2246600,unavailable,280825.0,unavailable,exact
06_handheld_sign,fixed_int4,81,fixed,reuse,,False,,,0,,6008,unavailable,751.0,unavailable,exact
06_handheld_sign,fixed_int4,82,fixed,reuse,,False,,,0,,6008,unavailable,751.0,unavailable,exact
06_handheld_sign,fixed_int4,83,fixed,reuse,,False,,,0,,6008,unavailable,751.0,unavailable,exact
06_handheld_sign,fixed_int4,84,fixed,reuse,,False,,,0,,6008,unavailable,751.0,unavailable,exact
06_handheld_sign,fixed_int4,85,fixed,reuse,,False,,,0,,6008,unavailable,751.0,unavailable,exact
06_handheld_sign,fixed_int4,86,fixed,reuse,,False,,,0,,6008,unavailable,751.0,unavailable,exact
06_handheld_sign,fixed_int4,87,fixed,reuse,,False,,,0,,6008,unavailable,751.0,unavailable,exact
06_handheld_sign,fixed_int4,88,fixed,reuse,,False,,,0,,6008,unavailable,751.0,unavailable,exact
06_handheld_sign,fixed_int4,89,fixed,reuse,,False,,,0,,6008,unavailable,751.0,unavailable,exact
06_handheld_sign,fixed_int4,9,fixed,reuse,,False,,,0,,6000,unavailable,750.0,unavailable,exact
06_handheld_sign,fixed_int4,90,fixed,reuse,,False,,,0,,6008,unavailable,751.0,unavailable,exact
06_handheld_sign,fixed_int4,91,fixed,reuse,,False,,,0,,6008,unavailable,751.0,unavailable,exact
06_handheld_sign,fixed_int4,92,fixed,reuse,,False,,,0,,6008,unavailable,751.0,unavailable,exact
06_handheld_sign,fixed_int4,93,fixed,reuse,,False,,,0,,6008,unavailable,751.0,unavailable,exact
06_handheld_sign,fixed_int4,94,fixed,reuse,,False,,,0,,6008,unavailable,751.0,unavailable,exact
06_handheld_sign,fixed_int4,95,fixed,reuse,,False,,,0,,6008,unavailable,751.0,unavailable,exact
06_handheld_sign,fixed_int4,96,fixed,keyframe,selected,True,,,32768,,2246600,unavailable,280825.0,unavailable,exact
06_handheld_sign,fixed_int4,97,fixed,reuse,,False,,,0,,6008,unavailable,751.0,unavailable,exact
06_handheld_sign,fixed_int4,98,fixed,reuse,,False,,,0,,6008,unavailable,751.0,unavailable,exact
06_handheld_sign,fixed_int4,99,fixed,reuse,,False,,,0,,6008,unavailable,751.0,unavailable,exact
06_handheld_sign,fixed_int6,0,fixed,keyframe,first_frame,True,,,32768,,2312128,unavailable,289016.0,unavailable,exact
06_handheld_sign,fixed_int6,1,fixed,reuse,,False,,,0,,6000,unavailable,750.0,unavailable,exact
06_handheld_sign,fixed_int6,10,fixed,reuse,,False,,,0,,6008,unavailable,751.0,unavailable,exact
06_handheld_sign,fixed_int6,11,fixed,reuse,,False,,,0,,6008,unavailable,751.0,unavailable,exact
06_handheld_sign,fixed_int6,12,fixed,reuse,,False,,,0,,6008,unavailable,751.0,unavailable,exact
06_handheld_sign,fixed_int6,13,fixed,reuse,,False,,,0,,6008,unavailable,751.0,unavailable,exact
06_handheld_sign,fixed_int6,14,fixed,reuse,,False,,,0,,6008,unavailable,751.0,unavailable,exact
06_handheld_sign,fixed_int6,15,fixed,reuse,,False,,,0,,6008,unavailable,751.0,unavailable,exact
06_handheld_sign,fixed_int6,16,fixed,keyframe,selected,True,,,32768,,2312136,unavailable,289017.0,unavailable,exact
06_handheld_sign,fixed_int6,17,fixed,reuse,,False,,,0,,6008,unavailable,751.0,unavailable,exact
06_handheld_sign,fixed_int6,18,fixed,reuse,,False,,,0,,6008,unavailable,751.0,unavailable,exact
06_handheld_sign,fixed_int6,19,fixed,reuse,,False,,,0,,6008,unavailable,751.0,unavailable,exact
06_handheld_sign,fixed_int6,2,fixed,reuse,,False,,,0,,6000,unavailable,750.0,unavailable,exact
06_handheld_sign,fixed_int6,20,fixed,reuse,,False,,,0,,6008,unavailable,751.0,unavailable,exact
06_handheld_sign,fixed_int6,21,fixed,reuse,,False,,,0,,6008,unavailable,751.0,unavailable,exact
06_handheld_sign,fixed_int6,22,fixed,reuse,,False,,,0,,6008,unavailable,751.0,unavailable,exact
06_handheld_sign,fixed_int6,23,fixed,reuse,,False,,,0,,6008,unavailable,751.0,unavailable,exact
06_handheld_sign,fixed_int6,24,fixed,reuse,,False,,,0,,6008,unavailable,751.0,unavailable,exact
06_handheld_sign,fixed_int6,25,fixed,reuse,,False,,,0,,6008,unavailable,751.0,unavailable,exact
06_handheld_sign,fixed_int6,26,fixed,reuse,,False,,,0,,6008,unavailable,751.0,unavailable,exact
06_handheld_sign,fixed_int6,27,fixed,reuse,,False,,,0,,6008,unavailable,751.0,unavailable,exact
06_handheld_sign,fixed_int6,28,fixed,reuse,,False,,,0,,6008,unavailable,751.0,unavailable,exact
06_handheld_sign,fixed_int6,29,fixed,reuse,,False,,,0,,6008,unavailable,751.0,unavailable,exact
06_handheld_sign,fixed_int6,3,fixed,reuse,,False,,,0,,6000,unavailable,750.0,unavailable,exact
06_handheld_sign,fixed_int6,30,fixed,reuse,,False,,,0,,6008,unavailable,751.0,unavailable,exact
06_handheld_sign,fixed_int6,31,fixed,reuse,,False,,,0,,6008,unavailable,751.0,unavailable,exact
06_handheld_sign,fixed_int6,32,fixed,keyframe,selected,True,,,32768,,2312136,unavailable,289017.0,unavailable,exact
06_handheld_sign,fixed_int6,33,fixed,reuse,,False,,,0,,6008,unavailable,751.0,unavailable,exact
06_handheld_sign,fixed_int6,34,fixed,reuse,,False,,,0,,6008,unavailable,751.0,unavailable,exact
06_handheld_sign,fixed_int6,35,fixed,reuse,,False,,,0,,6008,unavailable,751.0,unavailable,exact
06_handheld_sign,fixed_int6,36,fixed,reuse,,False,,,0,,6008,unavailable,751.0,unavailable,exact
06_handheld_sign,fixed_int6,37,fixed,reuse,,False,,,0,,6008,unavailable,751.0,unavailable,exact
06_handheld_sign,fixed_int6,38,fixed,reuse,,False,,,0,,6008,unavailable,751.0,unavailable,exact
06_handheld_sign,fixed_int6,39,fixed,reuse,,False,,,0,,6008,unavailable,751.0,unavailable,exact
06_handheld_sign,fixed_int6,4,fixed,reuse,,False,,,0,,6000,unavailable,750.0,unavailable,exact
06_handheld_sign,fixed_int6,40,fixed,reuse,,False,,,0,,6008,unavailable,751.0,unavailable,exact
06_handheld_sign,fixed_int6,41,fixed,reuse,,False,,,0,,6008,unavailable,751.0,unavailable,exact
06_handheld_sign,fixed_int6,42,fixed,reuse,,False,,,0,,6008,unavailable,751.0,unavailable,exact
06_handheld_sign,fixed_int6,43,fixed,reuse,,False,,,0,,6008,unavailable,751.0,unavailable,exact
06_handheld_sign,fixed_int6,44,fixed,reuse,,False,,,0,,6008,unavailable,751.0,unavailable,exact
06_handheld_sign,fixed_int6,45,fixed,reuse,,False,,,0,,6008,unavailable,751.0,unavailable,exact
06_handheld_sign,fixed_int6,46,fixed,reuse,,False,,,0,,6008,unavailable,751.0,unavailable,exact
06_handheld_sign,fixed_int6,47,fixed,reuse,,False,,,0,,6008,unavailable,751.0,unavailable,exact
06_handheld_sign,fixed_int6,48,fixed,keyframe,selected,True,,,32768,,2312136,unavailable,289017.0,unavailable,exact
06_handheld_sign,fixed_int6,49,fixed,reuse,,False,,,0,,6008,unavailable,751.0,unavailable,exact
06_handheld_sign,fixed_int6,5,fixed,reuse,,False,,,0,,6000,unavailable,750.0,unavailable,exact
06_handheld_sign,fixed_int6,50,fixed,reuse,,False,,,0,,6008,unavailable,751.0,unavailable,exact
06_handheld_sign,fixed_int6,51,fixed,reuse,,False,,,0,,6008,unavailable,751.0,unavailable,exact
06_handheld_sign,fixed_int6,52,fixed,reuse,,False,,,0,,6008,unavailable,751.0,unavailable,exact
06_handheld_sign,fixed_int6,53,fixed,reuse,,False,,,0,,6008,unavailable,751.0,unavailable,exact
06_handheld_sign,fixed_int6,54,fixed,reuse,,False,,,0,,6008,unavailable,751.0,unavailable,exact
06_handheld_sign,fixed_int6,55,fixed,reuse,,False,,,0,,6008,unavailable,751.0,unavailable,exact
06_handheld_sign,fixed_int6,56,fixed,reuse,,False,,,0,,6008,unavailable,751.0,unavailable,exact
06_handheld_sign,fixed_int6,57,fixed,reuse,,False,,,0,,6008,unavailable,751.0,unavailable,exact
06_handheld_sign,fixed_int6,58,fixed,reuse,,False,,,0,,6008,unavailable,751.0,unavailable,exact
06_handheld_sign,fixed_int6,59,fixed,reuse,,False,,,0,,6008,unavailable,751.0,unavailable,exact
06_handheld_sign,fixed_int6,6,fixed,reuse,,False,,,0,,6000,unavailable,750.0,unavailable,exact
06_handheld_sign,fixed_int6,60,fixed,reuse,,False,,,0,,6008,unavailable,751.0,unavailable,exact
06_handheld_sign,fixed_int6,61,fixed,reuse,,False,,,0,,6008,unavailable,751.0,unavailable,exact
06_handheld_sign,fixed_int6,62,fixed,reuse,,False,,,0,,6008,unavailable,751.0,unavailable,exact
06_handheld_sign,fixed_int6,63,fixed,reuse,,False,,,0,,6008,unavailable,751.0,unavailable,exact
06_handheld_sign,fixed_int6,64,fixed,keyframe,selected,True,,,32768,,2312136,unavailable,289017.0,unavailable,exact
06_handheld_sign,fixed_int6,65,fixed,reuse,,False,,,0,,6008,unavailable,751.0,unavailable,exact
06_handheld_sign,fixed_int6,66,fixed,reuse,,False,,,0,,6008,unavailable,751.0,unavailable,exact
06_handheld_sign,fixed_int6,67,fixed,reuse,,False,,,0,,6008,unavailable,751.0,unavailable,exact
06_handheld_sign,fixed_int6,68,fixed,reuse,,False,,,0,,6008,unavailable,751.0,unavailable,exact
06_handheld_sign,fixed_int6,69,fixed,reuse,,False,,,0,,6008,unavailable,751.0,unavailable,exact
06_handheld_sign,fixed_int6,7,fixed,reuse,,False,,,0,,6000,unavailable,750.0,unavailable,exact
06_handheld_sign,fixed_int6,70,fixed,reuse,,False,,,0,,6008,unavailable,751.0,unavailable,exact
06_handheld_sign,fixed_int6,71,fixed,reuse,,False,,,0,,6008,unavailable,751.0,unavailable,exact
06_handheld_sign,fixed_int6,72,fixed,reuse,,False,,,0,,6008,unavailable,751.0,unavailable,exact
06_handheld_sign,fixed_int6,73,fixed,reuse,,False,,,0,,6008,unavailable,751.0,unavailable,exact
06_handheld_sign,fixed_int6,74,fixed,reuse,,False,,,0,,6008,unavailable,751.0,unavailable,exact
06_handheld_sign,fixed_int6,75,fixed,reuse,,False,,,0,,6008,unavailable,751.0,unavailable,exact
06_handheld_sign,fixed_int6,76,fixed,reuse,,False,,,0,,6008,unavailable,751.0,unavailable,exact
06_handheld_sign,fixed_int6,77,fixed,reuse,,False,,,0,,6008,unavailable,751.0,unavailable,exact
06_handheld_sign,fixed_int6,78,fixed,reuse,,False,,,0,,6008,unavailable,751.0,unavailable,exact
06_handheld_sign,fixed_int6,79,fixed,reuse,,False,,,0,,6008,unavailable,751.0,unavailable,exact
06_handheld_sign,fixed_int6,8,fixed,reuse,,False,,,0,,6000,unavailable,750.0,unavailable,exact
06_handheld_sign,fixed_int6,80,fixed,keyframe,selected,True,,,32768,,2312136,unavailable,289017.0,unavailable,exact
06_handheld_sign,fixed_int6,81,fixed,reuse,,False,,,0,,6008,unavailable,751.0,unavailable,exact
06_handheld_sign,fixed_int6,82,fixed,reuse,,False,,,0,,6008,unavailable,751.0,unavailable,exact
06_handheld_sign,fixed_int6,83,fixed,reuse,,False,,,0,,6008,unavailable,751.0,unavailable,exact
06_handheld_sign,fixed_int6,84,fixed,reuse,,False,,,0,,6008,unavailable,751.0,unavailable,exact
06_handheld_sign,fixed_int6,85,fixed,reuse,,False,,,0,,6008,unavailable,751.0,unavailable,exact
06_handheld_sign,fixed_int6,86,fixed,reuse,,False,,,0,,6008,unavailable,751.0,unavailable,exact
06_handheld_sign,fixed_int6,87,fixed,reuse,,False,,,0,,6008,unavailable,751.0,unavailable,exact
06_handheld_sign,fixed_int6,88,fixed,reuse,,False,,,0,,6008,unavailable,751.0,unavailable,exact
06_handheld_sign,fixed_int6,89,fixed,reuse,,False,,,0,,6008,unavailable,751.0,unavailable,exact
06_handheld_sign,fixed_int6,9,fixed,reuse,,False,,,0,,6000,unavailable,750.0,unavailable,exact
06_handheld_sign,fixed_int6,90,fixed,reuse,,False,,,0,,6008,unavailable,751.0,unavailable,exact
06_handheld_sign,fixed_int6,91,fixed,reuse,,False,,,0,,6008,unavailable,751.0,unavailable,exact
06_handheld_sign,fixed_int6,92,fixed,reuse,,False,,,0,,6008,unavailable,751.0,unavailable,exact
06_handheld_sign,fixed_int6,93,fixed,reuse,,False,,,0,,6008,unavailable,751.0,unavailable,exact
06_handheld_sign,fixed_int6,94,fixed,reuse,,False,,,0,,6008,unavailable,751.0,unavailable,exact
06_handheld_sign,fixed_int6,95,fixed,reuse,,False,,,0,,6008,unavailable,751.0,unavailable,exact
06_handheld_sign,fixed_int6,96,fixed,keyframe,selected,True,,,32768,,2312136,unavailable,289017.0,unavailable,exact
06_handheld_sign,fixed_int6,97,fixed,reuse,,False,,,0,,6008,unavailable,751.0,unavailable,exact
06_handheld_sign,fixed_int6,98,fixed,reuse,,False,,,0,,6008,unavailable,751.0,unavailable,exact
06_handheld_sign,fixed_int6,99,fixed,reuse,,False,,,0,,6008,unavailable,751.0,unavailable,exact
06_handheld_sign,fixed_int8,0,fixed,keyframe,first_frame,True,,,32768,,2377664,unavailable,297208.0,unavailable,exact
06_handheld_sign,fixed_int8,1,fixed,reuse,,False,,,0,,6000,unavailable,750.0,unavailable,exact
06_handheld_sign,fixed_int8,10,fixed,reuse,,False,,,0,,6008,unavailable,751.0,unavailable,exact
06_handheld_sign,fixed_int8,11,fixed,reuse,,False,,,0,,6008,unavailable,751.0,unavailable,exact
06_handheld_sign,fixed_int8,12,fixed,reuse,,False,,,0,,6008,unavailable,751.0,unavailable,exact
06_handheld_sign,fixed_int8,13,fixed,reuse,,False,,,0,,6008,unavailable,751.0,unavailable,exact
06_handheld_sign,fixed_int8,14,fixed,reuse,,False,,,0,,6008,unavailable,751.0,unavailable,exact
06_handheld_sign,fixed_int8,15,fixed,reuse,,False,,,0,,6008,unavailable,751.0,unavailable,exact
06_handheld_sign,fixed_int8,16,fixed,keyframe,selected,True,,,32768,,2377672,unavailable,297209.0,unavailable,exact
06_handheld_sign,fixed_int8,17,fixed,reuse,,False,,,0,,6008,unavailable,751.0,unavailable,exact
06_handheld_sign,fixed_int8,18,fixed,reuse,,False,,,0,,6008,unavailable,751.0,unavailable,exact
06_handheld_sign,fixed_int8,19,fixed,reuse,,False,,,0,,6008,unavailable,751.0,unavailable,exact
06_handheld_sign,fixed_int8,2,fixed,reuse,,False,,,0,,6000,unavailable,750.0,unavailable,exact
06_handheld_sign,fixed_int8,20,fixed,reuse,,False,,,0,,6008,unavailable,751.0,unavailable,exact
06_handheld_sign,fixed_int8,21,fixed,reuse,,False,,,0,,6008,unavailable,751.0,unavailable,exact
06_handheld_sign,fixed_int8,22,fixed,reuse,,False,,,0,,6008,unavailable,751.0,unavailable,exact
06_handheld_sign,fixed_int8,23,fixed,reuse,,False,,,0,,6008,unavailable,751.0,unavailable,exact
06_handheld_sign,fixed_int8,24,fixed,reuse,,False,,,0,,6008,unavailable,751.0,unavailable,exact
06_handheld_sign,fixed_int8,25,fixed,reuse,,False,,,0,,6008,unavailable,751.0,unavailable,exact
06_handheld_sign,fixed_int8,26,fixed,reuse,,False,,,0,,6008,unavailable,751.0,unavailable,exact
06_handheld_sign,fixed_int8,27,fixed,reuse,,False,,,0,,6008,unavailable,751.0,unavailable,exact
06_handheld_sign,fixed_int8,28,fixed,reuse,,False,,,0,,6008,unavailable,751.0,unavailable,exact
06_handheld_sign,fixed_int8,29,fixed,reuse,,False,,,0,,6008,unavailable,751.0,unavailable,exact
06_handheld_sign,fixed_int8,3,fixed,reuse,,False,,,0,,6000,unavailable,750.0,unavailable,exact
06_handheld_sign,fixed_int8,30,fixed,reuse,,False,,,0,,6008,unavailable,751.0,unavailable,exact
06_handheld_sign,fixed_int8,31,fixed,reuse,,False,,,0,,6008,unavailable,751.0,unavailable,exact
06_handheld_sign,fixed_int8,32,fixed,keyframe,selected,True,,,32768,,2377672,unavailable,297209.0,unavailable,exact
06_handheld_sign,fixed_int8,33,fixed,reuse,,False,,,0,,6008,unavailable,751.0,unavailable,exact
06_handheld_sign,fixed_int8,34,fixed,reuse,,False,,,0,,6008,unavailable,751.0,unavailable,exact
06_handheld_sign,fixed_int8,35,fixed,reuse,,False,,,0,,6008,unavailable,751.0,unavailable,exact
06_handheld_sign,fixed_int8,36,fixed,reuse,,False,,,0,,6008,unavailable,751.0,unavailable,exact
06_handheld_sign,fixed_int8,37,fixed,reuse,,False,,,0,,6008,unavailable,751.0,unavailable,exact
06_handheld_sign,fixed_int8,38,fixed,reuse,,False,,,0,,6008,unavailable,751.0,unavailable,exact
06_handheld_sign,fixed_int8,39,fixed,reuse,,False,,,0,,6008,unavailable,751.0,unavailable,exact
06_handheld_sign,fixed_int8,4,fixed,reuse,,False,,,0,,6000,unavailable,750.0,unavailable,exact
06_handheld_sign,fixed_int8,40,fixed,reuse,,False,,,0,,6008,unavailable,751.0,unavailable,exact
06_handheld_sign,fixed_int8,41,fixed,reuse,,False,,,0,,6008,unavailable,751.0,unavailable,exact
06_handheld_sign,fixed_int8,42,fixed,reuse,,False,,,0,,6008,unavailable,751.0,unavailable,exact
06_handheld_sign,fixed_int8,43,fixed,reuse,,False,,,0,,6008,unavailable,751.0,unavailable,exact
06_handheld_sign,fixed_int8,44,fixed,reuse,,False,,,0,,6008,unavailable,751.0,unavailable,exact
06_handheld_sign,fixed_int8,45,fixed,reuse,,False,,,0,,6008,unavailable,751.0,unavailable,exact
06_handheld_sign,fixed_int8,46,fixed,reuse,,False,,,0,,6008,unavailable,751.0,unavailable,exact
06_handheld_sign,fixed_int8,47,fixed,reuse,,False,,,0,,6008,unavailable,751.0,unavailable,exact
06_handheld_sign,fixed_int8,48,fixed,keyframe,selected,True,,,32768,,2377672,unavailable,297209.0,unavailable,exact
06_handheld_sign,fixed_int8,49,fixed,reuse,,False,,,0,,6008,unavailable,751.0,unavailable,exact
06_handheld_sign,fixed_int8,5,fixed,reuse,,False,,,0,,6000,unavailable,750.0,unavailable,exact
06_handheld_sign,fixed_int8,50,fixed,reuse,,False,,,0,,6008,unavailable,751.0,unavailable,exact
06_handheld_sign,fixed_int8,51,fixed,reuse,,False,,,0,,6008,unavailable,751.0,unavailable,exact
06_handheld_sign,fixed_int8,52,fixed,reuse,,False,,,0,,6008,unavailable,751.0,unavailable,exact
06_handheld_sign,fixed_int8,53,fixed,reuse,,False,,,0,,6008,unavailable,751.0,unavailable,exact
06_handheld_sign,fixed_int8,54,fixed,reuse,,False,,,0,,6008,unavailable,751.0,unavailable,exact
06_handheld_sign,fixed_int8,55,fixed,reuse,,False,,,0,,6008,unavailable,751.0,unavailable,exact
06_handheld_sign,fixed_int8,56,fixed,reuse,,False,,,0,,6008,unavailable,751.0,unavailable,exact
06_handheld_sign,fixed_int8,57,fixed,reuse,,False,,,0,,6008,unavailable,751.0,unavailable,exact
06_handheld_sign,fixed_int8,58,fixed,reuse,,False,,,0,,6008,unavailable,751.0,unavailable,exact
06_handheld_sign,fixed_int8,59,fixed,reuse,,False,,,0,,6008,unavailable,751.0,unavailable,exact
06_handheld_sign,fixed_int8,6,fixed,reuse,,False,,,0,,6000,unavailable,750.0,unavailable,exact
06_handheld_sign,fixed_int8,60,fixed,reuse,,False,,,0,,6008,unavailable,751.0,unavailable,exact
06_handheld_sign,fixed_int8,61,fixed,reuse,,False,,,0,,6008,unavailable,751.0,unavailable,exact
06_handheld_sign,fixed_int8,62,fixed,reuse,,False,,,0,,6008,unavailable,751.0,unavailable,exact
06_handheld_sign,fixed_int8,63,fixed,reuse,,False,,,0,,6008,unavailable,751.0,unavailable,exact
06_handheld_sign,fixed_int8,64,fixed,keyframe,selected,True,,,32768,,2377672,unavailable,297209.0,unavailable,exact
06_handheld_sign,fixed_int8,65,fixed,reuse,,False,,,0,,6008,unavailable,751.0,unavailable,exact
06_handheld_sign,fixed_int8,66,fixed,reuse,,False,,,0,,6008,unavailable,751.0,unavailable,exact
06_handheld_sign,fixed_int8,67,fixed,reuse,,False,,,0,,6008,unavailable,751.0,unavailable,exact
06_handheld_sign,fixed_int8,68,fixed,reuse,,False,,,0,,6008,unavailable,751.0,unavailable,exact
06_handheld_sign,fixed_int8,69,fixed,reuse,,False,,,0,,6008,unavailable,751.0,unavailable,exact
06_handheld_sign,fixed_int8,7,fixed,reuse,,False,,,0,,6000,unavailable,750.0,unavailable,exact
06_handheld_sign,fixed_int8,70,fixed,reuse,,False,,,0,,6008,unavailable,751.0,unavailable,exact
06_handheld_sign,fixed_int8,71,fixed,reuse,,False,,,0,,6008,unavailable,751.0,unavailable,exact
06_handheld_sign,fixed_int8,72,fixed,reuse,,False,,,0,,6008,unavailable,751.0,unavailable,exact
06_handheld_sign,fixed_int8,73,fixed,reuse,,False,,,0,,6008,unavailable,751.0,unavailable,exact
06_handheld_sign,fixed_int8,74,fixed,reuse,,False,,,0,,6008,unavailable,751.0,unavailable,exact
06_handheld_sign,fixed_int8,75,fixed,reuse,,False,,,0,,6008,unavailable,751.0,unavailable,exact
06_handheld_sign,fixed_int8,76,fixed,reuse,,False,,,0,,6008,unavailable,751.0,unavailable,exact
06_handheld_sign,fixed_int8,77,fixed,reuse,,False,,,0,,6008,unavailable,751.0,unavailable,exact
06_handheld_sign,fixed_int8,78,fixed,reuse,,False,,,0,,6008,unavailable,751.0,unavailable,exact
06_handheld_sign,fixed_int8,79,fixed,reuse,,False,,,0,,6008,unavailable,751.0,unavailable,exact
06_handheld_sign,fixed_int8,8,fixed,reuse,,False,,,0,,6000,unavailable,750.0,unavailable,exact
06_handheld_sign,fixed_int8,80,fixed,keyframe,selected,True,,,32768,,2377672,unavailable,297209.0,unavailable,exact
06_handheld_sign,fixed_int8,81,fixed,reuse,,False,,,0,,6008,unavailable,751.0,unavailable,exact
06_handheld_sign,fixed_int8,82,fixed,reuse,,False,,,0,,6008,unavailable,751.0,unavailable,exact
06_handheld_sign,fixed_int8,83,fixed,reuse,,False,,,0,,6008,unavailable,751.0,unavailable,exact
06_handheld_sign,fixed_int8,84,fixed,reuse,,False,,,0,,6008,unavailable,751.0,unavailable,exact
06_handheld_sign,fixed_int8,85,fixed,reuse,,False,,,0,,6008,unavailable,751.0,unavailable,exact
06_handheld_sign,fixed_int8,86,fixed,reuse,,False,,,0,,6008,unavailable,751.0,unavailable,exact
06_handheld_sign,fixed_int8,87,fixed,reuse,,False,,,0,,6008,unavailable,751.0,unavailable,exact
06_handheld_sign,fixed_int8,88,fixed,reuse,,False,,,0,,6008,unavailable,751.0,unavailable,exact
06_handheld_sign,fixed_int8,89,fixed,reuse,,False,,,0,,6008,unavailable,751.0,unavailable,exact
06_handheld_sign,fixed_int8,9,fixed,reuse,,False,,,0,,6000,unavailable,750.0,unavailable,exact
06_handheld_sign,fixed_int8,90,fixed,reuse,,False,,,0,,6008,unavailable,751.0,unavailable,exact
06_handheld_sign,fixed_int8,91,fixed,reuse,,False,,,0,,6008,unavailable,751.0,unavailable,exact
06_handheld_sign,fixed_int8,92,fixed,reuse,,False,,,0,,6008,unavailable,751.0,unavailable,exact
06_handheld_sign,fixed_int8,93,fixed,reuse,,False,,,0,,6008,unavailable,751.0,unavailable,exact
06_handheld_sign,fixed_int8,94,fixed,reuse,,False,,,0,,6008,unavailable,751.0,unavailable,exact
06_handheld_sign,fixed_int8,95,fixed,reuse,,False,,,0,,6008,unavailable,751.0,unavailable,exact
06_handheld_sign,fixed_int8,96,fixed,keyframe,selected,True,,,32768,,2377672,unavailable,297209.0,unavailable,exact
06_handheld_sign,fixed_int8,97,fixed,reuse,,False,,,0,,6008,unavailable,751.0,unavailable,exact
06_handheld_sign,fixed_int8,98,fixed,reuse,,False,,,0,,6008,unavailable,751.0,unavailable,exact
06_handheld_sign,fixed_int8,99,fixed,reuse,,False,,,0,,6008,unavailable,751.0,unavailable,exact
07_person_enter,fixed_awgn,0,fixed,keyframe,first_frame,True,,,32768,32768,2107640,unavailable,263455.0,unavailable,exact
07_person_enter,fixed_awgn,1,fixed,reuse,,False,,,0,,5336,unavailable,667.0,unavailable,exact
07_person_enter,fixed_awgn,10,fixed,reuse,,False,,,0,,5344,unavailable,668.0,unavailable,exact
07_person_enter,fixed_awgn,11,fixed,reuse,,False,,,0,,5344,unavailable,668.0,unavailable,exact
07_person_enter,fixed_awgn,12,fixed,reuse,,False,,,0,,5344,unavailable,668.0,unavailable,exact
07_person_enter,fixed_awgn,13,fixed,reuse,,False,,,0,,5344,unavailable,668.0,unavailable,exact
07_person_enter,fixed_awgn,14,fixed,reuse,,False,,,0,,5344,unavailable,668.0,unavailable,exact
07_person_enter,fixed_awgn,15,fixed,reuse,,False,,,0,,5344,unavailable,668.0,unavailable,exact
07_person_enter,fixed_awgn,16,fixed,keyframe,selected,True,,,32768,32768,2107648,unavailable,263456.0,unavailable,exact
07_person_enter,fixed_awgn,17,fixed,reuse,,False,,,0,,5344,unavailable,668.0,unavailable,exact
07_person_enter,fixed_awgn,18,fixed,reuse,,False,,,0,,5344,unavailable,668.0,unavailable,exact
07_person_enter,fixed_awgn,19,fixed,reuse,,False,,,0,,5344,unavailable,668.0,unavailable,exact
07_person_enter,fixed_awgn,2,fixed,reuse,,False,,,0,,5336,unavailable,667.0,unavailable,exact
07_person_enter,fixed_awgn,20,fixed,reuse,,False,,,0,,5344,unavailable,668.0,unavailable,exact
07_person_enter,fixed_awgn,21,fixed,recompute_semantic,selected,True,,,32768,32768,2109992,unavailable,263749.0,unavailable,exact
07_person_enter,fixed_awgn,22,fixed,recompute_semantic,selected,True,,,32768,32768,2109992,unavailable,263749.0,unavailable,exact
07_person_enter,fixed_awgn,23,fixed,recompute_semantic,selected,True,,,32768,32768,2109992,unavailable,263749.0,unavailable,exact
07_person_enter,fixed_awgn,24,fixed,recompute_semantic,selected,True,,,32768,32768,2109992,unavailable,263749.0,unavailable,exact
07_person_enter,fixed_awgn,25,fixed,recompute_semantic,selected,True,,,32768,32768,2109992,unavailable,263749.0,unavailable,exact
07_person_enter,fixed_awgn,26,fixed,recompute_semantic,selected,True,,,32768,32768,2109992,unavailable,263749.0,unavailable,exact
07_person_enter,fixed_awgn,27,fixed,recompute_semantic,selected,True,,,32768,32768,2109992,unavailable,263749.0,unavailable,exact
07_person_enter,fixed_awgn,28,fixed,recompute_semantic,selected,True,,,32768,32768,2109992,unavailable,263749.0,unavailable,exact
07_person_enter,fixed_awgn,29,fixed,recompute_semantic,selected,True,,,32768,32768,2109992,unavailable,263749.0,unavailable,exact
07_person_enter,fixed_awgn,3,fixed,reuse,,False,,,0,,5336,unavailable,667.0,unavailable,exact
07_person_enter,fixed_awgn,30,fixed,recompute_semantic,selected,True,,,32768,32768,2109992,unavailable,263749.0,unavailable,exact
07_person_enter,fixed_awgn,31,fixed,recompute_semantic,selected,True,,,32768,32768,2109992,unavailable,263749.0,unavailable,exact
07_person_enter,fixed_awgn,32,fixed,keyframe,selected,True,,,32768,32768,2109992,unavailable,263749.0,unavailable,exact
07_person_enter,fixed_awgn,33,fixed,reuse,,False,,,0,,6088,unavailable,761.0,unavailable,exact
07_person_enter,fixed_awgn,34,fixed,reuse,,False,,,0,,6088,unavailable,761.0,unavailable,exact
07_person_enter,fixed_awgn,35,fixed,reuse,,False,,,0,,6088,unavailable,761.0,unavailable,exact
07_person_enter,fixed_awgn,36,fixed,reuse,,False,,,0,,6088,unavailable,761.0,unavailable,exact
07_person_enter,fixed_awgn,37,fixed,reuse,,False,,,0,,6088,unavailable,761.0,unavailable,exact
07_person_enter,fixed_awgn,38,fixed,reuse,,False,,,0,,6088,unavailable,761.0,unavailable,exact
07_person_enter,fixed_awgn,39,fixed,reuse,,False,,,0,,6088,unavailable,761.0,unavailable,exact
07_person_enter,fixed_awgn,4,fixed,reuse,,False,,,0,,5336,unavailable,667.0,unavailable,exact
07_person_enter,fixed_awgn,40,fixed,reuse,,False,,,0,,6088,unavailable,761.0,unavailable,exact
07_person_enter,fixed_awgn,41,fixed,reuse,,False,,,0,,6088,unavailable,761.0,unavailable,exact
07_person_enter,fixed_awgn,42,fixed,reuse,,False,,,0,,6088,unavailable,761.0,unavailable,exact
07_person_enter,fixed_awgn,43,fixed,reuse,,False,,,0,,6088,unavailable,761.0,unavailable,exact
07_person_enter,fixed_awgn,44,fixed,reuse,,False,,,0,,6088,unavailable,761.0,unavailable,exact
07_person_enter,fixed_awgn,45,fixed,reuse,,False,,,0,,6088,unavailable,761.0,unavailable,exact
07_person_enter,fixed_awgn,46,fixed,reuse,,False,,,0,,6088,unavailable,761.0,unavailable,exact
07_person_enter,fixed_awgn,47,fixed,reuse,,False,,,0,,6088,unavailable,761.0,unavailable,exact
07_person_enter,fixed_awgn,48,fixed,keyframe,selected,True,,,32768,32768,2109992,unavailable,263749.0,unavailable,exact
07_person_enter,fixed_awgn,49,fixed,reuse,,False,,,0,,6088,unavailable,761.0,unavailable,exact
07_person_enter,fixed_awgn,5,fixed,reuse,,False,,,0,,5336,unavailable,667.0,unavailable,exact
07_person_enter,fixed_awgn,50,fixed,reuse,,False,,,0,,6088,unavailable,761.0,unavailable,exact
07_person_enter,fixed_awgn,51,fixed,reuse,,False,,,0,,6088,unavailable,761.0,unavailable,exact
07_person_enter,fixed_awgn,52,fixed,reuse,,False,,,0,,6088,unavailable,761.0,unavailable,exact
07_person_enter,fixed_awgn,53,fixed,reuse,,False,,,0,,6088,unavailable,761.0,unavailable,exact
07_person_enter,fixed_awgn,54,fixed,reuse,,False,,,0,,6088,unavailable,761.0,unavailable,exact
07_person_enter,fixed_awgn,55,fixed,reuse,,False,,,0,,6088,unavailable,761.0,unavailable,exact
07_person_enter,fixed_awgn,56,fixed,reuse,,False,,,0,,6088,unavailable,761.0,unavailable,exact
07_person_enter,fixed_awgn,57,fixed,reuse,,False,,,0,,6088,unavailable,761.0,unavailable,exact
07_person_enter,fixed_awgn,58,fixed,reuse,,False,,,0,,6088,unavailable,761.0,unavailable,exact
07_person_enter,fixed_awgn,59,fixed,reuse,,False,,,0,,6088,unavailable,761.0,unavailable,exact
07_person_enter,fixed_awgn,6,fixed,reuse,,False,,,0,,5336,unavailable,667.0,unavailable,exact
07_person_enter,fixed_awgn,60,fixed,reuse,,False,,,0,,6088,unavailable,761.0,unavailable,exact
07_person_enter,fixed_awgn,61,fixed,reuse,,False,,,0,,6088,unavailable,761.0,unavailable,exact
07_person_enter,fixed_awgn,62,fixed,reuse,,False,,,0,,6088,unavailable,761.0,unavailable,exact
07_person_enter,fixed_awgn,63,fixed,reuse,,False,,,0,,6088,unavailable,761.0,unavailable,exact
07_person_enter,fixed_awgn,64,fixed,keyframe,selected,True,,,32768,32768,2109992,unavailable,263749.0,unavailable,exact
07_person_enter,fixed_awgn,65,fixed,reuse,,False,,,0,,6088,unavailable,761.0,unavailable,exact
07_person_enter,fixed_awgn,66,fixed,reuse,,False,,,0,,6088,unavailable,761.0,unavailable,exact
07_person_enter,fixed_awgn,67,fixed,reuse,,False,,,0,,6088,unavailable,761.0,unavailable,exact
07_person_enter,fixed_awgn,68,fixed,reuse,,False,,,0,,6088,unavailable,761.0,unavailable,exact
07_person_enter,fixed_awgn,69,fixed,reuse,,False,,,0,,6088,unavailable,761.0,unavailable,exact
07_person_enter,fixed_awgn,7,fixed,reuse,,False,,,0,,5336,unavailable,667.0,unavailable,exact
07_person_enter,fixed_awgn,70,fixed,reuse,,False,,,0,,6088,unavailable,761.0,unavailable,exact
07_person_enter,fixed_awgn,71,fixed,reuse,,False,,,0,,6088,unavailable,761.0,unavailable,exact
07_person_enter,fixed_awgn,72,fixed,reuse,,False,,,0,,6088,unavailable,761.0,unavailable,exact
07_person_enter,fixed_awgn,73,fixed,reuse,,False,,,0,,6088,unavailable,761.0,unavailable,exact
07_person_enter,fixed_awgn,74,fixed,reuse,,False,,,0,,6088,unavailable,761.0,unavailable,exact
07_person_enter,fixed_awgn,75,fixed,reuse,,False,,,0,,6088,unavailable,761.0,unavailable,exact
07_person_enter,fixed_awgn,76,fixed,reuse,,False,,,0,,6088,unavailable,761.0,unavailable,exact
07_person_enter,fixed_awgn,77,fixed,reuse,,False,,,0,,6088,unavailable,761.0,unavailable,exact
07_person_enter,fixed_awgn,78,fixed,reuse,,False,,,0,,6088,unavailable,761.0,unavailable,exact
07_person_enter,fixed_awgn,79,fixed,reuse,,False,,,0,,6088,unavailable,761.0,unavailable,exact
07_person_enter,fixed_awgn,8,fixed,reuse,,False,,,0,,5336,unavailable,667.0,unavailable,exact
07_person_enter,fixed_awgn,80,fixed,keyframe,selected,True,,,32768,32768,2109992,unavailable,263749.0,unavailable,exact
07_person_enter,fixed_awgn,81,fixed,reuse,,False,,,0,,6088,unavailable,761.0,unavailable,exact
07_person_enter,fixed_awgn,82,fixed,reuse,,False,,,0,,6088,unavailable,761.0,unavailable,exact
07_person_enter,fixed_awgn,83,fixed,reuse,,False,,,0,,6088,unavailable,761.0,unavailable,exact
07_person_enter,fixed_awgn,84,fixed,reuse,,False,,,0,,6088,unavailable,761.0,unavailable,exact
07_person_enter,fixed_awgn,85,fixed,reuse,,False,,,0,,6088,unavailable,761.0,unavailable,exact
07_person_enter,fixed_awgn,86,fixed,reuse,,False,,,0,,6088,unavailable,761.0,unavailable,exact
07_person_enter,fixed_awgn,87,fixed,reuse,,False,,,0,,6088,unavailable,761.0,unavailable,exact
07_person_enter,fixed_awgn,88,fixed,reuse,,False,,,0,,6088,unavailable,761.0,unavailable,exact
07_person_enter,fixed_awgn,89,fixed,reuse,,False,,,0,,6088,unavailable,761.0,unavailable,exact
07_person_enter,fixed_awgn,9,fixed,reuse,,False,,,0,,5336,unavailable,667.0,unavailable,exact
07_person_enter,fixed_awgn,90,fixed,reuse,,False,,,0,,6088,unavailable,761.0,unavailable,exact
07_person_enter,fixed_awgn,91,fixed,reuse,,False,,,0,,6088,unavailable,761.0,unavailable,exact
07_person_enter,fixed_awgn,92,fixed,reuse,,False,,,0,,6088,unavailable,761.0,unavailable,exact
07_person_enter,fixed_awgn,93,fixed,reuse,,False,,,0,,6088,unavailable,761.0,unavailable,exact
07_person_enter,fixed_awgn,94,fixed,reuse,,False,,,0,,6088,unavailable,761.0,unavailable,exact
07_person_enter,fixed_awgn,95,fixed,reuse,,False,,,0,,6088,unavailable,761.0,unavailable,exact
07_person_enter,fixed_awgn,96,fixed,keyframe,selected,True,,,32768,32768,2109992,unavailable,263749.0,unavailable,exact
07_person_enter,fixed_awgn,97,fixed,reuse,,False,,,0,,6088,unavailable,761.0,unavailable,exact
07_person_enter,fixed_awgn,98,fixed,reuse,,False,,,0,,6088,unavailable,761.0,unavailable,exact
07_person_enter,fixed_awgn,99,fixed,reuse,,False,,,0,,6088,unavailable,761.0,unavailable,exact
07_person_enter,fixed_float32,0,fixed,keyframe,first_frame,True,,,32768,,3162752,unavailable,395344.0,unavailable,exact
07_person_enter,fixed_float32,1,fixed,reuse,,False,,,0,,5360,unavailable,670.0,unavailable,exact
07_person_enter,fixed_float32,10,fixed,reuse,,False,,,0,,5368,unavailable,671.0,unavailable,exact
07_person_enter,fixed_float32,11,fixed,reuse,,False,,,0,,5368,unavailable,671.0,unavailable,exact
07_person_enter,fixed_float32,12,fixed,reuse,,False,,,0,,5368,unavailable,671.0,unavailable,exact
07_person_enter,fixed_float32,13,fixed,reuse,,False,,,0,,5368,unavailable,671.0,unavailable,exact
07_person_enter,fixed_float32,14,fixed,reuse,,False,,,0,,5368,unavailable,671.0,unavailable,exact
07_person_enter,fixed_float32,15,fixed,reuse,,False,,,0,,5368,unavailable,671.0,unavailable,exact
07_person_enter,fixed_float32,16,fixed,keyframe,selected,True,,,32768,,3162760,unavailable,395345.0,unavailable,exact
07_person_enter,fixed_float32,17,fixed,reuse,,False,,,0,,5368,unavailable,671.0,unavailable,exact
07_person_enter,fixed_float32,18,fixed,reuse,,False,,,0,,5368,unavailable,671.0,unavailable,exact
07_person_enter,fixed_float32,19,fixed,reuse,,False,,,0,,5368,unavailable,671.0,unavailable,exact
07_person_enter,fixed_float32,2,fixed,reuse,,False,,,0,,5360,unavailable,670.0,unavailable,exact
07_person_enter,fixed_float32,20,fixed,reuse,,False,,,0,,5368,unavailable,671.0,unavailable,exact
07_person_enter,fixed_float32,21,fixed,recompute_semantic,selected,True,,,32768,,3165104,unavailable,395638.0,unavailable,exact
07_person_enter,fixed_float32,22,fixed,recompute_semantic,selected,True,,,32768,,3165104,unavailable,395638.0,unavailable,exact
07_person_enter,fixed_float32,23,fixed,recompute_semantic,selected,True,,,32768,,3165104,unavailable,395638.0,unavailable,exact
07_person_enter,fixed_float32,24,fixed,recompute_semantic,selected,True,,,32768,,3165104,unavailable,395638.0,unavailable,exact
07_person_enter,fixed_float32,25,fixed,recompute_semantic,selected,True,,,32768,,3165104,unavailable,395638.0,unavailable,exact
07_person_enter,fixed_float32,26,fixed,recompute_semantic,selected,True,,,32768,,3165104,unavailable,395638.0,unavailable,exact
07_person_enter,fixed_float32,27,fixed,recompute_semantic,selected,True,,,32768,,3165104,unavailable,395638.0,unavailable,exact
07_person_enter,fixed_float32,28,fixed,recompute_semantic,selected,True,,,32768,,3165104,unavailable,395638.0,unavailable,exact
07_person_enter,fixed_float32,29,fixed,recompute_semantic,selected,True,,,32768,,3165104,unavailable,395638.0,unavailable,exact
07_person_enter,fixed_float32,3,fixed,reuse,,False,,,0,,5360,unavailable,670.0,unavailable,exact
07_person_enter,fixed_float32,30,fixed,recompute_semantic,selected,True,,,32768,,3165104,unavailable,395638.0,unavailable,exact
07_person_enter,fixed_float32,31,fixed,recompute_semantic,selected,True,,,32768,,3165104,unavailable,395638.0,unavailable,exact
07_person_enter,fixed_float32,32,fixed,keyframe,selected,True,,,32768,,3165104,unavailable,395638.0,unavailable,exact
07_person_enter,fixed_float32,33,fixed,reuse,,False,,,0,,6112,unavailable,764.0,unavailable,exact
07_person_enter,fixed_float32,34,fixed,reuse,,False,,,0,,6112,unavailable,764.0,unavailable,exact
07_person_enter,fixed_float32,35,fixed,reuse,,False,,,0,,6112,unavailable,764.0,unavailable,exact
07_person_enter,fixed_float32,36,fixed,reuse,,False,,,0,,6112,unavailable,764.0,unavailable,exact
07_person_enter,fixed_float32,37,fixed,reuse,,False,,,0,,6112,unavailable,764.0,unavailable,exact
07_person_enter,fixed_float32,38,fixed,reuse,,False,,,0,,6112,unavailable,764.0,unavailable,exact
07_person_enter,fixed_float32,39,fixed,reuse,,False,,,0,,6112,unavailable,764.0,unavailable,exact
07_person_enter,fixed_float32,4,fixed,reuse,,False,,,0,,5360,unavailable,670.0,unavailable,exact
07_person_enter,fixed_float32,40,fixed,reuse,,False,,,0,,6112,unavailable,764.0,unavailable,exact
07_person_enter,fixed_float32,41,fixed,reuse,,False,,,0,,6112,unavailable,764.0,unavailable,exact
07_person_enter,fixed_float32,42,fixed,reuse,,False,,,0,,6112,unavailable,764.0,unavailable,exact
07_person_enter,fixed_float32,43,fixed,reuse,,False,,,0,,6112,unavailable,764.0,unavailable,exact
07_person_enter,fixed_float32,44,fixed,reuse,,False,,,0,,6112,unavailable,764.0,unavailable,exact
07_person_enter,fixed_float32,45,fixed,reuse,,False,,,0,,6112,unavailable,764.0,unavailable,exact
07_person_enter,fixed_float32,46,fixed,reuse,,False,,,0,,6112,unavailable,764.0,unavailable,exact
07_person_enter,fixed_float32,47,fixed,reuse,,False,,,0,,6112,unavailable,764.0,unavailable,exact
07_person_enter,fixed_float32,48,fixed,keyframe,selected,True,,,32768,,3165104,unavailable,395638.0,unavailable,exact
07_person_enter,fixed_float32,49,fixed,reuse,,False,,,0,,6112,unavailable,764.0,unavailable,exact
07_person_enter,fixed_float32,5,fixed,reuse,,False,,,0,,5360,unavailable,670.0,unavailable,exact
07_person_enter,fixed_float32,50,fixed,reuse,,False,,,0,,6112,unavailable,764.0,unavailable,exact
07_person_enter,fixed_float32,51,fixed,reuse,,False,,,0,,6112,unavailable,764.0,unavailable,exact
07_person_enter,fixed_float32,52,fixed,reuse,,False,,,0,,6112,unavailable,764.0,unavailable,exact
07_person_enter,fixed_float32,53,fixed,reuse,,False,,,0,,6112,unavailable,764.0,unavailable,exact
07_person_enter,fixed_float32,54,fixed,reuse,,False,,,0,,6112,unavailable,764.0,unavailable,exact
07_person_enter,fixed_float32,55,fixed,reuse,,False,,,0,,6112,unavailable,764.0,unavailable,exact
07_person_enter,fixed_float32,56,fixed,reuse,,False,,,0,,6112,unavailable,764.0,unavailable,exact
07_person_enter,fixed_float32,57,fixed,reuse,,False,,,0,,6112,unavailable,764.0,unavailable,exact
07_person_enter,fixed_float32,58,fixed,reuse,,False,,,0,,6112,unavailable,764.0,unavailable,exact
07_person_enter,fixed_float32,59,fixed,reuse,,False,,,0,,6112,unavailable,764.0,unavailable,exact
07_person_enter,fixed_float32,6,fixed,reuse,,False,,,0,,5360,unavailable,670.0,unavailable,exact
07_person_enter,fixed_float32,60,fixed,reuse,,False,,,0,,6112,unavailable,764.0,unavailable,exact
07_person_enter,fixed_float32,61,fixed,reuse,,False,,,0,,6112,unavailable,764.0,unavailable,exact
07_person_enter,fixed_float32,62,fixed,reuse,,False,,,0,,6112,unavailable,764.0,unavailable,exact
07_person_enter,fixed_float32,63,fixed,reuse,,False,,,0,,6112,unavailable,764.0,unavailable,exact
07_person_enter,fixed_float32,64,fixed,keyframe,selected,True,,,32768,,3165104,unavailable,395638.0,unavailable,exact
07_person_enter,fixed_float32,65,fixed,reuse,,False,,,0,,6112,unavailable,764.0,unavailable,exact
07_person_enter,fixed_float32,66,fixed,reuse,,False,,,0,,6112,unavailable,764.0,unavailable,exact
07_person_enter,fixed_float32,67,fixed,reuse,,False,,,0,,6112,unavailable,764.0,unavailable,exact
07_person_enter,fixed_float32,68,fixed,reuse,,False,,,0,,6112,unavailable,764.0,unavailable,exact
07_person_enter,fixed_float32,69,fixed,reuse,,False,,,0,,6112,unavailable,764.0,unavailable,exact
07_person_enter,fixed_float32,7,fixed,reuse,,False,,,0,,5360,unavailable,670.0,unavailable,exact
07_person_enter,fixed_float32,70,fixed,reuse,,False,,,0,,6112,unavailable,764.0,unavailable,exact
07_person_enter,fixed_float32,71,fixed,reuse,,False,,,0,,6112,unavailable,764.0,unavailable,exact
07_person_enter,fixed_float32,72,fixed,reuse,,False,,,0,,6112,unavailable,764.0,unavailable,exact
07_person_enter,fixed_float32,73,fixed,reuse,,False,,,0,,6112,unavailable,764.0,unavailable,exact
07_person_enter,fixed_float32,74,fixed,reuse,,False,,,0,,6112,unavailable,764.0,unavailable,exact
07_person_enter,fixed_float32,75,fixed,reuse,,False,,,0,,6112,unavailable,764.0,unavailable,exact
07_person_enter,fixed_float32,76,fixed,reuse,,False,,,0,,6112,unavailable,764.0,unavailable,exact
07_person_enter,fixed_float32,77,fixed,reuse,,False,,,0,,6112,unavailable,764.0,unavailable,exact
07_person_enter,fixed_float32,78,fixed,reuse,,False,,,0,,6112,unavailable,764.0,unavailable,exact
07_person_enter,fixed_float32,79,fixed,reuse,,False,,,0,,6112,unavailable,764.0,unavailable,exact
07_person_enter,fixed_float32,8,fixed,reuse,,False,,,0,,5360,unavailable,670.0,unavailable,exact
07_person_enter,fixed_float32,80,fixed,keyframe,selected,True,,,32768,,3165104,unavailable,395638.0,unavailable,exact
07_person_enter,fixed_float32,81,fixed,reuse,,False,,,0,,6112,unavailable,764.0,unavailable,exact
07_person_enter,fixed_float32,82,fixed,reuse,,False,,,0,,6112,unavailable,764.0,unavailable,exact
07_person_enter,fixed_float32,83,fixed,reuse,,False,,,0,,6112,unavailable,764.0,unavailable,exact
07_person_enter,fixed_float32,84,fixed,reuse,,False,,,0,,6112,unavailable,764.0,unavailable,exact
07_person_enter,fixed_float32,85,fixed,reuse,,False,,,0,,6112,unavailable,764.0,unavailable,exact
07_person_enter,fixed_float32,86,fixed,reuse,,False,,,0,,6112,unavailable,764.0,unavailable,exact
07_person_enter,fixed_float32,87,fixed,reuse,,False,,,0,,6112,unavailable,764.0,unavailable,exact
07_person_enter,fixed_float32,88,fixed,reuse,,False,,,0,,6112,unavailable,764.0,unavailable,exact
07_person_enter,fixed_float32,89,fixed,reuse,,False,,,0,,6112,unavailable,764.0,unavailable,exact
07_person_enter,fixed_float32,9,fixed,reuse,,False,,,0,,5360,unavailable,670.0,unavailable,exact
07_person_enter,fixed_float32,90,fixed,reuse,,False,,,0,,6112,unavailable,764.0,unavailable,exact
07_person_enter,fixed_float32,91,fixed,reuse,,False,,,0,,6112,unavailable,764.0,unavailable,exact
07_person_enter,fixed_float32,92,fixed,reuse,,False,,,0,,6112,unavailable,764.0,unavailable,exact
07_person_enter,fixed_float32,93,fixed,reuse,,False,,,0,,6112,unavailable,764.0,unavailable,exact
07_person_enter,fixed_float32,94,fixed,reuse,,False,,,0,,6112,unavailable,764.0,unavailable,exact
07_person_enter,fixed_float32,95,fixed,reuse,,False,,,0,,6112,unavailable,764.0,unavailable,exact
07_person_enter,fixed_float32,96,fixed,keyframe,selected,True,,,32768,,3165104,unavailable,395638.0,unavailable,exact
07_person_enter,fixed_float32,97,fixed,reuse,,False,,,0,,6112,unavailable,764.0,unavailable,exact
07_person_enter,fixed_float32,98,fixed,reuse,,False,,,0,,6112,unavailable,764.0,unavailable,exact
07_person_enter,fixed_float32,99,fixed,reuse,,False,,,0,,6112,unavailable,764.0,unavailable,exact
07_person_enter,fixed_int16,0,fixed,keyframe,first_frame,True,,,32768,,2638448,unavailable,329806.0,unavailable,exact
07_person_enter,fixed_int16,1,fixed,reuse,,False,,,0,,5344,unavailable,668.0,unavailable,exact
07_person_enter,fixed_int16,10,fixed,reuse,,False,,,0,,5352,unavailable,669.0,unavailable,exact
07_person_enter,fixed_int16,11,fixed,reuse,,False,,,0,,5352,unavailable,669.0,unavailable,exact
07_person_enter,fixed_int16,12,fixed,reuse,,False,,,0,,5352,unavailable,669.0,unavailable,exact
07_person_enter,fixed_int16,13,fixed,reuse,,False,,,0,,5352,unavailable,669.0,unavailable,exact
07_person_enter,fixed_int16,14,fixed,reuse,,False,,,0,,5352,unavailable,669.0,unavailable,exact
07_person_enter,fixed_int16,15,fixed,reuse,,False,,,0,,5352,unavailable,669.0,unavailable,exact
07_person_enter,fixed_int16,16,fixed,keyframe,selected,True,,,32768,,2638456,unavailable,329807.0,unavailable,exact
07_person_enter,fixed_int16,17,fixed,reuse,,False,,,0,,5352,unavailable,669.0,unavailable,exact
07_person_enter,fixed_int16,18,fixed,reuse,,False,,,0,,5352,unavailable,669.0,unavailable,exact
07_person_enter,fixed_int16,19,fixed,reuse,,False,,,0,,5352,unavailable,669.0,unavailable,exact
07_person_enter,fixed_int16,2,fixed,reuse,,False,,,0,,5344,unavailable,668.0,unavailable,exact
07_person_enter,fixed_int16,20,fixed,reuse,,False,,,0,,5352,unavailable,669.0,unavailable,exact
07_person_enter,fixed_int16,21,fixed,recompute_semantic,selected,True,,,32768,,2640800,unavailable,330100.0,unavailable,exact
07_person_enter,fixed_int16,22,fixed,recompute_semantic,selected,True,,,32768,,2640800,unavailable,330100.0,unavailable,exact
07_person_enter,fixed_int16,23,fixed,recompute_semantic,selected,True,,,32768,,2640800,unavailable,330100.0,unavailable,exact
07_person_enter,fixed_int16,24,fixed,recompute_semantic,selected,True,,,32768,,2640800,unavailable,330100.0,unavailable,exact
07_person_enter,fixed_int16,25,fixed,recompute_semantic,selected,True,,,32768,,2640800,unavailable,330100.0,unavailable,exact
07_person_enter,fixed_int16,26,fixed,recompute_semantic,selected,True,,,32768,,2640800,unavailable,330100.0,unavailable,exact
07_person_enter,fixed_int16,27,fixed,recompute_semantic,selected,True,,,32768,,2640800,unavailable,330100.0,unavailable,exact
07_person_enter,fixed_int16,28,fixed,recompute_semantic,selected,True,,,32768,,2640800,unavailable,330100.0,unavailable,exact
07_person_enter,fixed_int16,29,fixed,recompute_semantic,selected,True,,,32768,,2640800,unavailable,330100.0,unavailable,exact
07_person_enter,fixed_int16,3,fixed,reuse,,False,,,0,,5344,unavailable,668.0,unavailable,exact
07_person_enter,fixed_int16,30,fixed,recompute_semantic,selected,True,,,32768,,2640800,unavailable,330100.0,unavailable,exact
07_person_enter,fixed_int16,31,fixed,recompute_semantic,selected,True,,,32768,,2640800,unavailable,330100.0,unavailable,exact
07_person_enter,fixed_int16,32,fixed,keyframe,selected,True,,,32768,,2640800,unavailable,330100.0,unavailable,exact
07_person_enter,fixed_int16,33,fixed,reuse,,False,,,0,,6096,unavailable,762.0,unavailable,exact
07_person_enter,fixed_int16,34,fixed,reuse,,False,,,0,,6096,unavailable,762.0,unavailable,exact
07_person_enter,fixed_int16,35,fixed,reuse,,False,,,0,,6096,unavailable,762.0,unavailable,exact
07_person_enter,fixed_int16,36,fixed,reuse,,False,,,0,,6096,unavailable,762.0,unavailable,exact
07_person_enter,fixed_int16,37,fixed,reuse,,False,,,0,,6096,unavailable,762.0,unavailable,exact
07_person_enter,fixed_int16,38,fixed,reuse,,False,,,0,,6096,unavailable,762.0,unavailable,exact
07_person_enter,fixed_int16,39,fixed,reuse,,False,,,0,,6096,unavailable,762.0,unavailable,exact
07_person_enter,fixed_int16,4,fixed,reuse,,False,,,0,,5344,unavailable,668.0,unavailable,exact
07_person_enter,fixed_int16,40,fixed,reuse,,False,,,0,,6096,unavailable,762.0,unavailable,exact
07_person_enter,fixed_int16,41,fixed,reuse,,False,,,0,,6096,unavailable,762.0,unavailable,exact
07_person_enter,fixed_int16,42,fixed,reuse,,False,,,0,,6096,unavailable,762.0,unavailable,exact
07_person_enter,fixed_int16,43,fixed,reuse,,False,,,0,,6096,unavailable,762.0,unavailable,exact
07_person_enter,fixed_int16,44,fixed,reuse,,False,,,0,,6096,unavailable,762.0,unavailable,exact
07_person_enter,fixed_int16,45,fixed,reuse,,False,,,0,,6096,unavailable,762.0,unavailable,exact
07_person_enter,fixed_int16,46,fixed,reuse,,False,,,0,,6096,unavailable,762.0,unavailable,exact
07_person_enter,fixed_int16,47,fixed,reuse,,False,,,0,,6096,unavailable,762.0,unavailable,exact
07_person_enter,fixed_int16,48,fixed,keyframe,selected,True,,,32768,,2640800,unavailable,330100.0,unavailable,exact
07_person_enter,fixed_int16,49,fixed,reuse,,False,,,0,,6096,unavailable,762.0,unavailable,exact
07_person_enter,fixed_int16,5,fixed,reuse,,False,,,0,,5344,unavailable,668.0,unavailable,exact
07_person_enter,fixed_int16,50,fixed,reuse,,False,,,0,,6096,unavailable,762.0,unavailable,exact
07_person_enter,fixed_int16,51,fixed,reuse,,False,,,0,,6096,unavailable,762.0,unavailable,exact
07_person_enter,fixed_int16,52,fixed,reuse,,False,,,0,,6096,unavailable,762.0,unavailable,exact
07_person_enter,fixed_int16,53,fixed,reuse,,False,,,0,,6096,unavailable,762.0,unavailable,exact
07_person_enter,fixed_int16,54,fixed,reuse,,False,,,0,,6096,unavailable,762.0,unavailable,exact
07_person_enter,fixed_int16,55,fixed,reuse,,False,,,0,,6096,unavailable,762.0,unavailable,exact
07_person_enter,fixed_int16,56,fixed,reuse,,False,,,0,,6096,unavailable,762.0,unavailable,exact
07_person_enter,fixed_int16,57,fixed,reuse,,False,,,0,,6096,unavailable,762.0,unavailable,exact
07_person_enter,fixed_int16,58,fixed,reuse,,False,,,0,,6096,unavailable,762.0,unavailable,exact
07_person_enter,fixed_int16,59,fixed,reuse,,False,,,0,,6096,unavailable,762.0,unavailable,exact
07_person_enter,fixed_int16,6,fixed,reuse,,False,,,0,,5344,unavailable,668.0,unavailable,exact
07_person_enter,fixed_int16,60,fixed,reuse,,False,,,0,,6096,unavailable,762.0,unavailable,exact
07_person_enter,fixed_int16,61,fixed,reuse,,False,,,0,,6096,unavailable,762.0,unavailable,exact
07_person_enter,fixed_int16,62,fixed,reuse,,False,,,0,,6096,unavailable,762.0,unavailable,exact
07_person_enter,fixed_int16,63,fixed,reuse,,False,,,0,,6096,unavailable,762.0,unavailable,exact
07_person_enter,fixed_int16,64,fixed,keyframe,selected,True,,,32768,,2640800,unavailable,330100.0,unavailable,exact
07_person_enter,fixed_int16,65,fixed,reuse,,False,,,0,,6096,unavailable,762.0,unavailable,exact
07_person_enter,fixed_int16,66,fixed,reuse,,False,,,0,,6096,unavailable,762.0,unavailable,exact
07_person_enter,fixed_int16,67,fixed,reuse,,False,,,0,,6096,unavailable,762.0,unavailable,exact
07_person_enter,fixed_int16,68,fixed,reuse,,False,,,0,,6096,unavailable,762.0,unavailable,exact
07_person_enter,fixed_int16,69,fixed,reuse,,False,,,0,,6096,unavailable,762.0,unavailable,exact
07_person_enter,fixed_int16,7,fixed,reuse,,False,,,0,,5344,unavailable,668.0,unavailable,exact
07_person_enter,fixed_int16,70,fixed,reuse,,False,,,0,,6096,unavailable,762.0,unavailable,exact
07_person_enter,fixed_int16,71,fixed,reuse,,False,,,0,,6096,unavailable,762.0,unavailable,exact
07_person_enter,fixed_int16,72,fixed,reuse,,False,,,0,,6096,unavailable,762.0,unavailable,exact
07_person_enter,fixed_int16,73,fixed,reuse,,False,,,0,,6096,unavailable,762.0,unavailable,exact
07_person_enter,fixed_int16,74,fixed,reuse,,False,,,0,,6096,unavailable,762.0,unavailable,exact
07_person_enter,fixed_int16,75,fixed,reuse,,False,,,0,,6096,unavailable,762.0,unavailable,exact
07_person_enter,fixed_int16,76,fixed,reuse,,False,,,0,,6096,unavailable,762.0,unavailable,exact
07_person_enter,fixed_int16,77,fixed,reuse,,False,,,0,,6096,unavailable,762.0,unavailable,exact
07_person_enter,fixed_int16,78,fixed,reuse,,False,,,0,,6096,unavailable,762.0,unavailable,exact
07_person_enter,fixed_int16,79,fixed,reuse,,False,,,0,,6096,unavailable,762.0,unavailable,exact
07_person_enter,fixed_int16,8,fixed,reuse,,False,,,0,,5344,unavailable,668.0,unavailable,exact
07_person_enter,fixed_int16,80,fixed,keyframe,selected,True,,,32768,,2640800,unavailable,330100.0,unavailable,exact
07_person_enter,fixed_int16,81,fixed,reuse,,False,,,0,,6096,unavailable,762.0,unavailable,exact
07_person_enter,fixed_int16,82,fixed,reuse,,False,,,0,,6096,unavailable,762.0,unavailable,exact
07_person_enter,fixed_int16,83,fixed,reuse,,False,,,0,,6096,unavailable,762.0,unavailable,exact
07_person_enter,fixed_int16,84,fixed,reuse,,False,,,0,,6096,unavailable,762.0,unavailable,exact
07_person_enter,fixed_int16,85,fixed,reuse,,False,,,0,,6096,unavailable,762.0,unavailable,exact
07_person_enter,fixed_int16,86,fixed,reuse,,False,,,0,,6096,unavailable,762.0,unavailable,exact
07_person_enter,fixed_int16,87,fixed,reuse,,False,,,0,,6096,unavailable,762.0,unavailable,exact
07_person_enter,fixed_int16,88,fixed,reuse,,False,,,0,,6096,unavailable,762.0,unavailable,exact
07_person_enter,fixed_int16,89,fixed,reuse,,False,,,0,,6096,unavailable,762.0,unavailable,exact
07_person_enter,fixed_int16,9,fixed,reuse,,False,,,0,,5344,unavailable,668.0,unavailable,exact
07_person_enter,fixed_int16,90,fixed,reuse,,False,,,0,,6096,unavailable,762.0,unavailable,exact
07_person_enter,fixed_int16,91,fixed,reuse,,False,,,0,,6096,unavailable,762.0,unavailable,exact
07_person_enter,fixed_int16,92,fixed,reuse,,False,,,0,,6096,unavailable,762.0,unavailable,exact
07_person_enter,fixed_int16,93,fixed,reuse,,False,,,0,,6096,unavailable,762.0,unavailable,exact
07_person_enter,fixed_int16,94,fixed,reuse,,False,,,0,,6096,unavailable,762.0,unavailable,exact
07_person_enter,fixed_int16,95,fixed,reuse,,False,,,0,,6096,unavailable,762.0,unavailable,exact
07_person_enter,fixed_int16,96,fixed,keyframe,selected,True,,,32768,,2640800,unavailable,330100.0,unavailable,exact
07_person_enter,fixed_int16,97,fixed,reuse,,False,,,0,,6096,unavailable,762.0,unavailable,exact
07_person_enter,fixed_int16,98,fixed,reuse,,False,,,0,,6096,unavailable,762.0,unavailable,exact
07_person_enter,fixed_int16,99,fixed,reuse,,False,,,0,,6096,unavailable,762.0,unavailable,exact
07_person_enter,fixed_int4,0,fixed,keyframe,first_frame,True,,,32768,,2245224,unavailable,280653.0,unavailable,exact
07_person_enter,fixed_int4,1,fixed,reuse,,False,,,0,,5336,unavailable,667.0,unavailable,exact
07_person_enter,fixed_int4,10,fixed,reuse,,False,,,0,,5344,unavailable,668.0,unavailable,exact
07_person_enter,fixed_int4,11,fixed,reuse,,False,,,0,,5344,unavailable,668.0,unavailable,exact
07_person_enter,fixed_int4,12,fixed,reuse,,False,,,0,,5344,unavailable,668.0,unavailable,exact
07_person_enter,fixed_int4,13,fixed,reuse,,False,,,0,,5344,unavailable,668.0,unavailable,exact
07_person_enter,fixed_int4,14,fixed,reuse,,False,,,0,,5344,unavailable,668.0,unavailable,exact
07_person_enter,fixed_int4,15,fixed,reuse,,False,,,0,,5344,unavailable,668.0,unavailable,exact
07_person_enter,fixed_int4,16,fixed,keyframe,selected,True,,,32768,,2245232,unavailable,280654.0,unavailable,exact
07_person_enter,fixed_int4,17,fixed,reuse,,False,,,0,,5344,unavailable,668.0,unavailable,exact
07_person_enter,fixed_int4,18,fixed,reuse,,False,,,0,,5344,unavailable,668.0,unavailable,exact
07_person_enter,fixed_int4,19,fixed,reuse,,False,,,0,,5344,unavailable,668.0,unavailable,exact
07_person_enter,fixed_int4,2,fixed,reuse,,False,,,0,,5336,unavailable,667.0,unavailable,exact
07_person_enter,fixed_int4,20,fixed,reuse,,False,,,0,,5344,unavailable,668.0,unavailable,exact
07_person_enter,fixed_int4,21,fixed,recompute_semantic,selected,True,,,32768,,2247576,unavailable,280947.0,unavailable,exact
07_person_enter,fixed_int4,22,fixed,recompute_semantic,selected,True,,,32768,,2247576,unavailable,280947.0,unavailable,exact
07_person_enter,fixed_int4,23,fixed,recompute_semantic,selected,True,,,32768,,2247576,unavailable,280947.0,unavailable,exact
07_person_enter,fixed_int4,24,fixed,recompute_semantic,selected,True,,,32768,,2247576,unavailable,280947.0,unavailable,exact
07_person_enter,fixed_int4,25,fixed,recompute_semantic,selected,True,,,32768,,2247576,unavailable,280947.0,unavailable,exact
07_person_enter,fixed_int4,26,fixed,recompute_semantic,selected,True,,,32768,,2247576,unavailable,280947.0,unavailable,exact
07_person_enter,fixed_int4,27,fixed,recompute_semantic,selected,True,,,32768,,2247576,unavailable,280947.0,unavailable,exact
07_person_enter,fixed_int4,28,fixed,recompute_semantic,selected,True,,,32768,,2247576,unavailable,280947.0,unavailable,exact
07_person_enter,fixed_int4,29,fixed,recompute_semantic,selected,True,,,32768,,2247576,unavailable,280947.0,unavailable,exact
07_person_enter,fixed_int4,3,fixed,reuse,,False,,,0,,5336,unavailable,667.0,unavailable,exact
07_person_enter,fixed_int4,30,fixed,recompute_semantic,selected,True,,,32768,,2247576,unavailable,280947.0,unavailable,exact
07_person_enter,fixed_int4,31,fixed,recompute_semantic,selected,True,,,32768,,2247576,unavailable,280947.0,unavailable,exact
07_person_enter,fixed_int4,32,fixed,keyframe,selected,True,,,32768,,2247576,unavailable,280947.0,unavailable,exact
07_person_enter,fixed_int4,33,fixed,reuse,,False,,,0,,6088,unavailable,761.0,unavailable,exact
07_person_enter,fixed_int4,34,fixed,reuse,,False,,,0,,6088,unavailable,761.0,unavailable,exact
07_person_enter,fixed_int4,35,fixed,reuse,,False,,,0,,6088,unavailable,761.0,unavailable,exact
07_person_enter,fixed_int4,36,fixed,reuse,,False,,,0,,6088,unavailable,761.0,unavailable,exact
07_person_enter,fixed_int4,37,fixed,reuse,,False,,,0,,6088,unavailable,761.0,unavailable,exact
07_person_enter,fixed_int4,38,fixed,reuse,,False,,,0,,6088,unavailable,761.0,unavailable,exact
07_person_enter,fixed_int4,39,fixed,reuse,,False,,,0,,6088,unavailable,761.0,unavailable,exact
07_person_enter,fixed_int4,4,fixed,reuse,,False,,,0,,5336,unavailable,667.0,unavailable,exact
07_person_enter,fixed_int4,40,fixed,reuse,,False,,,0,,6088,unavailable,761.0,unavailable,exact
07_person_enter,fixed_int4,41,fixed,reuse,,False,,,0,,6088,unavailable,761.0,unavailable,exact
07_person_enter,fixed_int4,42,fixed,reuse,,False,,,0,,6088,unavailable,761.0,unavailable,exact
07_person_enter,fixed_int4,43,fixed,reuse,,False,,,0,,6088,unavailable,761.0,unavailable,exact
07_person_enter,fixed_int4,44,fixed,reuse,,False,,,0,,6088,unavailable,761.0,unavailable,exact
07_person_enter,fixed_int4,45,fixed,reuse,,False,,,0,,6088,unavailable,761.0,unavailable,exact
07_person_enter,fixed_int4,46,fixed,reuse,,False,,,0,,6088,unavailable,761.0,unavailable,exact
07_person_enter,fixed_int4,47,fixed,reuse,,False,,,0,,6088,unavailable,761.0,unavailable,exact
07_person_enter,fixed_int4,48,fixed,keyframe,selected,True,,,32768,,2247576,unavailable,280947.0,unavailable,exact
07_person_enter,fixed_int4,49,fixed,reuse,,False,,,0,,6088,unavailable,761.0,unavailable,exact
07_person_enter,fixed_int4,5,fixed,reuse,,False,,,0,,5336,unavailable,667.0,unavailable,exact
07_person_enter,fixed_int4,50,fixed,reuse,,False,,,0,,6088,unavailable,761.0,unavailable,exact
07_person_enter,fixed_int4,51,fixed,reuse,,False,,,0,,6088,unavailable,761.0,unavailable,exact
07_person_enter,fixed_int4,52,fixed,reuse,,False,,,0,,6088,unavailable,761.0,unavailable,exact
07_person_enter,fixed_int4,53,fixed,reuse,,False,,,0,,6088,unavailable,761.0,unavailable,exact
07_person_enter,fixed_int4,54,fixed,reuse,,False,,,0,,6088,unavailable,761.0,unavailable,exact
07_person_enter,fixed_int4,55,fixed,reuse,,False,,,0,,6088,unavailable,761.0,unavailable,exact
07_person_enter,fixed_int4,56,fixed,reuse,,False,,,0,,6088,unavailable,761.0,unavailable,exact
07_person_enter,fixed_int4,57,fixed,reuse,,False,,,0,,6088,unavailable,761.0,unavailable,exact
07_person_enter,fixed_int4,58,fixed,reuse,,False,,,0,,6088,unavailable,761.0,unavailable,exact
07_person_enter,fixed_int4,59,fixed,reuse,,False,,,0,,6088,unavailable,761.0,unavailable,exact
07_person_enter,fixed_int4,6,fixed,reuse,,False,,,0,,5336,unavailable,667.0,unavailable,exact
07_person_enter,fixed_int4,60,fixed,reuse,,False,,,0,,6088,unavailable,761.0,unavailable,exact
07_person_enter,fixed_int4,61,fixed,reuse,,False,,,0,,6088,unavailable,761.0,unavailable,exact
07_person_enter,fixed_int4,62,fixed,reuse,,False,,,0,,6088,unavailable,761.0,unavailable,exact
07_person_enter,fixed_int4,63,fixed,reuse,,False,,,0,,6088,unavailable,761.0,unavailable,exact
07_person_enter,fixed_int4,64,fixed,keyframe,selected,True,,,32768,,2247576,unavailable,280947.0,unavailable,exact
07_person_enter,fixed_int4,65,fixed,reuse,,False,,,0,,6088,unavailable,761.0,unavailable,exact
07_person_enter,fixed_int4,66,fixed,reuse,,False,,,0,,6088,unavailable,761.0,unavailable,exact
07_person_enter,fixed_int4,67,fixed,reuse,,False,,,0,,6088,unavailable,761.0,unavailable,exact
07_person_enter,fixed_int4,68,fixed,reuse,,False,,,0,,6088,unavailable,761.0,unavailable,exact
07_person_enter,fixed_int4,69,fixed,reuse,,False,,,0,,6088,unavailable,761.0,unavailable,exact
07_person_enter,fixed_int4,7,fixed,reuse,,False,,,0,,5336,unavailable,667.0,unavailable,exact
07_person_enter,fixed_int4,70,fixed,reuse,,False,,,0,,6088,unavailable,761.0,unavailable,exact
07_person_enter,fixed_int4,71,fixed,reuse,,False,,,0,,6088,unavailable,761.0,unavailable,exact
07_person_enter,fixed_int4,72,fixed,reuse,,False,,,0,,6088,unavailable,761.0,unavailable,exact
07_person_enter,fixed_int4,73,fixed,reuse,,False,,,0,,6088,unavailable,761.0,unavailable,exact
07_person_enter,fixed_int4,74,fixed,reuse,,False,,,0,,6088,unavailable,761.0,unavailable,exact
07_person_enter,fixed_int4,75,fixed,reuse,,False,,,0,,6088,unavailable,761.0,unavailable,exact
07_person_enter,fixed_int4,76,fixed,reuse,,False,,,0,,6088,unavailable,761.0,unavailable,exact
07_person_enter,fixed_int4,77,fixed,reuse,,False,,,0,,6088,unavailable,761.0,unavailable,exact
07_person_enter,fixed_int4,78,fixed,reuse,,False,,,0,,6088,unavailable,761.0,unavailable,exact
07_person_enter,fixed_int4,79,fixed,reuse,,False,,,0,,6088,unavailable,761.0,unavailable,exact
07_person_enter,fixed_int4,8,fixed,reuse,,False,,,0,,5336,unavailable,667.0,unavailable,exact
07_person_enter,fixed_int4,80,fixed,keyframe,selected,True,,,32768,,2247576,unavailable,280947.0,unavailable,exact
07_person_enter,fixed_int4,81,fixed,reuse,,False,,,0,,6088,unavailable,761.0,unavailable,exact
07_person_enter,fixed_int4,82,fixed,reuse,,False,,,0,,6088,unavailable,761.0,unavailable,exact
07_person_enter,fixed_int4,83,fixed,reuse,,False,,,0,,6088,unavailable,761.0,unavailable,exact
07_person_enter,fixed_int4,84,fixed,reuse,,False,,,0,,6088,unavailable,761.0,unavailable,exact
07_person_enter,fixed_int4,85,fixed,reuse,,False,,,0,,6088,unavailable,761.0,unavailable,exact
07_person_enter,fixed_int4,86,fixed,reuse,,False,,,0,,6088,unavailable,761.0,unavailable,exact
07_person_enter,fixed_int4,87,fixed,reuse,,False,,,0,,6088,unavailable,761.0,unavailable,exact
07_person_enter,fixed_int4,88,fixed,reuse,,False,,,0,,6088,unavailable,761.0,unavailable,exact
07_person_enter,fixed_int4,89,fixed,reuse,,False,,,0,,6088,unavailable,761.0,unavailable,exact
07_person_enter,fixed_int4,9,fixed,reuse,,False,,,0,,5336,unavailable,667.0,unavailable,exact
07_person_enter,fixed_int4,90,fixed,reuse,,False,,,0,,6088,unavailable,761.0,unavailable,exact
07_person_enter,fixed_int4,91,fixed,reuse,,False,,,0,,6088,unavailable,761.0,unavailable,exact
07_person_enter,fixed_int4,92,fixed,reuse,,False,,,0,,6088,unavailable,761.0,unavailable,exact
07_person_enter,fixed_int4,93,fixed,reuse,,False,,,0,,6088,unavailable,761.0,unavailable,exact
07_person_enter,fixed_int4,94,fixed,reuse,,False,,,0,,6088,unavailable,761.0,unavailable,exact
07_person_enter,fixed_int4,95,fixed,reuse,,False,,,0,,6088,unavailable,761.0,unavailable,exact
07_person_enter,fixed_int4,96,fixed,keyframe,selected,True,,,32768,,2247576,unavailable,280947.0,unavailable,exact
07_person_enter,fixed_int4,97,fixed,reuse,,False,,,0,,6088,unavailable,761.0,unavailable,exact
07_person_enter,fixed_int4,98,fixed,reuse,,False,,,0,,6088,unavailable,761.0,unavailable,exact
07_person_enter,fixed_int4,99,fixed,reuse,,False,,,0,,6088,unavailable,761.0,unavailable,exact
07_person_enter,fixed_int6,0,fixed,keyframe,first_frame,True,,,32768,,2310760,unavailable,288845.0,unavailable,exact
07_person_enter,fixed_int6,1,fixed,reuse,,False,,,0,,5336,unavailable,667.0,unavailable,exact
07_person_enter,fixed_int6,10,fixed,reuse,,False,,,0,,5344,unavailable,668.0,unavailable,exact
07_person_enter,fixed_int6,11,fixed,reuse,,False,,,0,,5344,unavailable,668.0,unavailable,exact
07_person_enter,fixed_int6,12,fixed,reuse,,False,,,0,,5344,unavailable,668.0,unavailable,exact
07_person_enter,fixed_int6,13,fixed,reuse,,False,,,0,,5344,unavailable,668.0,unavailable,exact
07_person_enter,fixed_int6,14,fixed,reuse,,False,,,0,,5344,unavailable,668.0,unavailable,exact
07_person_enter,fixed_int6,15,fixed,reuse,,False,,,0,,5344,unavailable,668.0,unavailable,exact
07_person_enter,fixed_int6,16,fixed,keyframe,selected,True,,,32768,,2310768,unavailable,288846.0,unavailable,exact
07_person_enter,fixed_int6,17,fixed,reuse,,False,,,0,,5344,unavailable,668.0,unavailable,exact
07_person_enter,fixed_int6,18,fixed,reuse,,False,,,0,,5344,unavailable,668.0,unavailable,exact
07_person_enter,fixed_int6,19,fixed,reuse,,False,,,0,,5344,unavailable,668.0,unavailable,exact
07_person_enter,fixed_int6,2,fixed,reuse,,False,,,0,,5336,unavailable,667.0,unavailable,exact
07_person_enter,fixed_int6,20,fixed,reuse,,False,,,0,,5344,unavailable,668.0,unavailable,exact
07_person_enter,fixed_int6,21,fixed,recompute_semantic,selected,True,,,32768,,2313112,unavailable,289139.0,unavailable,exact
07_person_enter,fixed_int6,22,fixed,recompute_semantic,selected,True,,,32768,,2313112,unavailable,289139.0,unavailable,exact
07_person_enter,fixed_int6,23,fixed,recompute_semantic,selected,True,,,32768,,2313112,unavailable,289139.0,unavailable,exact
07_person_enter,fixed_int6,24,fixed,recompute_semantic,selected,True,,,32768,,2313112,unavailable,289139.0,unavailable,exact
07_person_enter,fixed_int6,25,fixed,recompute_semantic,selected,True,,,32768,,2313112,unavailable,289139.0,unavailable,exact
07_person_enter,fixed_int6,26,fixed,recompute_semantic,selected,True,,,32768,,2313112,unavailable,289139.0,unavailable,exact
07_person_enter,fixed_int6,27,fixed,recompute_semantic,selected,True,,,32768,,2313112,unavailable,289139.0,unavailable,exact
07_person_enter,fixed_int6,28,fixed,recompute_semantic,selected,True,,,32768,,2313112,unavailable,289139.0,unavailable,exact
07_person_enter,fixed_int6,29,fixed,recompute_semantic,selected,True,,,32768,,2313112,unavailable,289139.0,unavailable,exact
07_person_enter,fixed_int6,3,fixed,reuse,,False,,,0,,5336,unavailable,667.0,unavailable,exact
07_person_enter,fixed_int6,30,fixed,recompute_semantic,selected,True,,,32768,,2313112,unavailable,289139.0,unavailable,exact
07_person_enter,fixed_int6,31,fixed,recompute_semantic,selected,True,,,32768,,2313112,unavailable,289139.0,unavailable,exact
07_person_enter,fixed_int6,32,fixed,keyframe,selected,True,,,32768,,2313112,unavailable,289139.0,unavailable,exact
07_person_enter,fixed_int6,33,fixed,reuse,,False,,,0,,6088,unavailable,761.0,unavailable,exact
07_person_enter,fixed_int6,34,fixed,reuse,,False,,,0,,6088,unavailable,761.0,unavailable,exact
07_person_enter,fixed_int6,35,fixed,reuse,,False,,,0,,6088,unavailable,761.0,unavailable,exact
07_person_enter,fixed_int6,36,fixed,reuse,,False,,,0,,6088,unavailable,761.0,unavailable,exact
07_person_enter,fixed_int6,37,fixed,reuse,,False,,,0,,6088,unavailable,761.0,unavailable,exact
07_person_enter,fixed_int6,38,fixed,reuse,,False,,,0,,6088,unavailable,761.0,unavailable,exact
07_person_enter,fixed_int6,39,fixed,reuse,,False,,,0,,6088,unavailable,761.0,unavailable,exact
07_person_enter,fixed_int6,4,fixed,reuse,,False,,,0,,5336,unavailable,667.0,unavailable,exact
07_person_enter,fixed_int6,40,fixed,reuse,,False,,,0,,6088,unavailable,761.0,unavailable,exact
07_person_enter,fixed_int6,41,fixed,reuse,,False,,,0,,6088,unavailable,761.0,unavailable,exact
07_person_enter,fixed_int6,42,fixed,reuse,,False,,,0,,6088,unavailable,761.0,unavailable,exact
07_person_enter,fixed_int6,43,fixed,reuse,,False,,,0,,6088,unavailable,761.0,unavailable,exact
07_person_enter,fixed_int6,44,fixed,reuse,,False,,,0,,6088,unavailable,761.0,unavailable,exact
07_person_enter,fixed_int6,45,fixed,reuse,,False,,,0,,6088,unavailable,761.0,unavailable,exact
07_person_enter,fixed_int6,46,fixed,reuse,,False,,,0,,6088,unavailable,761.0,unavailable,exact
07_person_enter,fixed_int6,47,fixed,reuse,,False,,,0,,6088,unavailable,761.0,unavailable,exact
07_person_enter,fixed_int6,48,fixed,keyframe,selected,True,,,32768,,2313112,unavailable,289139.0,unavailable,exact
07_person_enter,fixed_int6,49,fixed,reuse,,False,,,0,,6088,unavailable,761.0,unavailable,exact
07_person_enter,fixed_int6,5,fixed,reuse,,False,,,0,,5336,unavailable,667.0,unavailable,exact
07_person_enter,fixed_int6,50,fixed,reuse,,False,,,0,,6088,unavailable,761.0,unavailable,exact
07_person_enter,fixed_int6,51,fixed,reuse,,False,,,0,,6088,unavailable,761.0,unavailable,exact
07_person_enter,fixed_int6,52,fixed,reuse,,False,,,0,,6088,unavailable,761.0,unavailable,exact
07_person_enter,fixed_int6,53,fixed,reuse,,False,,,0,,6088,unavailable,761.0,unavailable,exact
07_person_enter,fixed_int6,54,fixed,reuse,,False,,,0,,6088,unavailable,761.0,unavailable,exact
07_person_enter,fixed_int6,55,fixed,reuse,,False,,,0,,6088,unavailable,761.0,unavailable,exact
07_person_enter,fixed_int6,56,fixed,reuse,,False,,,0,,6088,unavailable,761.0,unavailable,exact
07_person_enter,fixed_int6,57,fixed,reuse,,False,,,0,,6088,unavailable,761.0,unavailable,exact
07_person_enter,fixed_int6,58,fixed,reuse,,False,,,0,,6088,unavailable,761.0,unavailable,exact
07_person_enter,fixed_int6,59,fixed,reuse,,False,,,0,,6088,unavailable,761.0,unavailable,exact
07_person_enter,fixed_int6,6,fixed,reuse,,False,,,0,,5336,unavailable,667.0,unavailable,exact
07_person_enter,fixed_int6,60,fixed,reuse,,False,,,0,,6088,unavailable,761.0,unavailable,exact
07_person_enter,fixed_int6,61,fixed,reuse,,False,,,0,,6088,unavailable,761.0,unavailable,exact
07_person_enter,fixed_int6,62,fixed,reuse,,False,,,0,,6088,unavailable,761.0,unavailable,exact
07_person_enter,fixed_int6,63,fixed,reuse,,False,,,0,,6088,unavailable,761.0,unavailable,exact
07_person_enter,fixed_int6,64,fixed,keyframe,selected,True,,,32768,,2313112,unavailable,289139.0,unavailable,exact
07_person_enter,fixed_int6,65,fixed,reuse,,False,,,0,,6088,unavailable,761.0,unavailable,exact
07_person_enter,fixed_int6,66,fixed,reuse,,False,,,0,,6088,unavailable,761.0,unavailable,exact
07_person_enter,fixed_int6,67,fixed,reuse,,False,,,0,,6088,unavailable,761.0,unavailable,exact
07_person_enter,fixed_int6,68,fixed,reuse,,False,,,0,,6088,unavailable,761.0,unavailable,exact
07_person_enter,fixed_int6,69,fixed,reuse,,False,,,0,,6088,unavailable,761.0,unavailable,exact
07_person_enter,fixed_int6,7,fixed,reuse,,False,,,0,,5336,unavailable,667.0,unavailable,exact
07_person_enter,fixed_int6,70,fixed,reuse,,False,,,0,,6088,unavailable,761.0,unavailable,exact
07_person_enter,fixed_int6,71,fixed,reuse,,False,,,0,,6088,unavailable,761.0,unavailable,exact
07_person_enter,fixed_int6,72,fixed,reuse,,False,,,0,,6088,unavailable,761.0,unavailable,exact
07_person_enter,fixed_int6,73,fixed,reuse,,False,,,0,,6088,unavailable,761.0,unavailable,exact
07_person_enter,fixed_int6,74,fixed,reuse,,False,,,0,,6088,unavailable,761.0,unavailable,exact
07_person_enter,fixed_int6,75,fixed,reuse,,False,,,0,,6088,unavailable,761.0,unavailable,exact
07_person_enter,fixed_int6,76,fixed,reuse,,False,,,0,,6088,unavailable,761.0,unavailable,exact
07_person_enter,fixed_int6,77,fixed,reuse,,False,,,0,,6088,unavailable,761.0,unavailable,exact
07_person_enter,fixed_int6,78,fixed,reuse,,False,,,0,,6088,unavailable,761.0,unavailable,exact
07_person_enter,fixed_int6,79,fixed,reuse,,False,,,0,,6088,unavailable,761.0,unavailable,exact
07_person_enter,fixed_int6,8,fixed,reuse,,False,,,0,,5336,unavailable,667.0,unavailable,exact
07_person_enter,fixed_int6,80,fixed,keyframe,selected,True,,,32768,,2313112,unavailable,289139.0,unavailable,exact
07_person_enter,fixed_int6,81,fixed,reuse,,False,,,0,,6088,unavailable,761.0,unavailable,exact
07_person_enter,fixed_int6,82,fixed,reuse,,False,,,0,,6088,unavailable,761.0,unavailable,exact
07_person_enter,fixed_int6,83,fixed,reuse,,False,,,0,,6088,unavailable,761.0,unavailable,exact
07_person_enter,fixed_int6,84,fixed,reuse,,False,,,0,,6088,unavailable,761.0,unavailable,exact
07_person_enter,fixed_int6,85,fixed,reuse,,False,,,0,,6088,unavailable,761.0,unavailable,exact
07_person_enter,fixed_int6,86,fixed,reuse,,False,,,0,,6088,unavailable,761.0,unavailable,exact
07_person_enter,fixed_int6,87,fixed,reuse,,False,,,0,,6088,unavailable,761.0,unavailable,exact
07_person_enter,fixed_int6,88,fixed,reuse,,False,,,0,,6088,unavailable,761.0,unavailable,exact
07_person_enter,fixed_int6,89,fixed,reuse,,False,,,0,,6088,unavailable,761.0,unavailable,exact
07_person_enter,fixed_int6,9,fixed,reuse,,False,,,0,,5336,unavailable,667.0,unavailable,exact
07_person_enter,fixed_int6,90,fixed,reuse,,False,,,0,,6088,unavailable,761.0,unavailable,exact
07_person_enter,fixed_int6,91,fixed,reuse,,False,,,0,,6088,unavailable,761.0,unavailable,exact
07_person_enter,fixed_int6,92,fixed,reuse,,False,,,0,,6088,unavailable,761.0,unavailable,exact
07_person_enter,fixed_int6,93,fixed,reuse,,False,,,0,,6088,unavailable,761.0,unavailable,exact
07_person_enter,fixed_int6,94,fixed,reuse,,False,,,0,,6088,unavailable,761.0,unavailable,exact
07_person_enter,fixed_int6,95,fixed,reuse,,False,,,0,,6088,unavailable,761.0,unavailable,exact
07_person_enter,fixed_int6,96,fixed,keyframe,selected,True,,,32768,,2313112,unavailable,289139.0,unavailable,exact
07_person_enter,fixed_int6,97,fixed,reuse,,False,,,0,,6088,unavailable,761.0,unavailable,exact
07_person_enter,fixed_int6,98,fixed,reuse,,False,,,0,,6088,unavailable,761.0,unavailable,exact
07_person_enter,fixed_int6,99,fixed,reuse,,False,,,0,,6088,unavailable,761.0,unavailable,exact
07_person_enter,fixed_int8,0,fixed,keyframe,first_frame,True,,,32768,,2376296,unavailable,297037.0,unavailable,exact
07_person_enter,fixed_int8,1,fixed,reuse,,False,,,0,,5336,unavailable,667.0,unavailable,exact
07_person_enter,fixed_int8,10,fixed,reuse,,False,,,0,,5344,unavailable,668.0,unavailable,exact
07_person_enter,fixed_int8,11,fixed,reuse,,False,,,0,,5344,unavailable,668.0,unavailable,exact
07_person_enter,fixed_int8,12,fixed,reuse,,False,,,0,,5344,unavailable,668.0,unavailable,exact
07_person_enter,fixed_int8,13,fixed,reuse,,False,,,0,,5344,unavailable,668.0,unavailable,exact
07_person_enter,fixed_int8,14,fixed,reuse,,False,,,0,,5344,unavailable,668.0,unavailable,exact
07_person_enter,fixed_int8,15,fixed,reuse,,False,,,0,,5344,unavailable,668.0,unavailable,exact
07_person_enter,fixed_int8,16,fixed,keyframe,selected,True,,,32768,,2376304,unavailable,297038.0,unavailable,exact
07_person_enter,fixed_int8,17,fixed,reuse,,False,,,0,,5344,unavailable,668.0,unavailable,exact
07_person_enter,fixed_int8,18,fixed,reuse,,False,,,0,,5344,unavailable,668.0,unavailable,exact
07_person_enter,fixed_int8,19,fixed,reuse,,False,,,0,,5344,unavailable,668.0,unavailable,exact
07_person_enter,fixed_int8,2,fixed,reuse,,False,,,0,,5336,unavailable,667.0,unavailable,exact
07_person_enter,fixed_int8,20,fixed,reuse,,False,,,0,,5344,unavailable,668.0,unavailable,exact
07_person_enter,fixed_int8,21,fixed,recompute_semantic,selected,True,,,32768,,2378648,unavailable,297331.0,unavailable,exact
07_person_enter,fixed_int8,22,fixed,recompute_semantic,selected,True,,,32768,,2378648,unavailable,297331.0,unavailable,exact
07_person_enter,fixed_int8,23,fixed,recompute_semantic,selected,True,,,32768,,2378648,unavailable,297331.0,unavailable,exact
07_person_enter,fixed_int8,24,fixed,recompute_semantic,selected,True,,,32768,,2378648,unavailable,297331.0,unavailable,exact
07_person_enter,fixed_int8,25,fixed,recompute_semantic,selected,True,,,32768,,2378648,unavailable,297331.0,unavailable,exact
07_person_enter,fixed_int8,26,fixed,recompute_semantic,selected,True,,,32768,,2378648,unavailable,297331.0,unavailable,exact
07_person_enter,fixed_int8,27,fixed,recompute_semantic,selected,True,,,32768,,2378648,unavailable,297331.0,unavailable,exact
07_person_enter,fixed_int8,28,fixed,recompute_semantic,selected,True,,,32768,,2378648,unavailable,297331.0,unavailable,exact
07_person_enter,fixed_int8,29,fixed,recompute_semantic,selected,True,,,32768,,2378648,unavailable,297331.0,unavailable,exact
07_person_enter,fixed_int8,3,fixed,reuse,,False,,,0,,5336,unavailable,667.0,unavailable,exact
07_person_enter,fixed_int8,30,fixed,recompute_semantic,selected,True,,,32768,,2378648,unavailable,297331.0,unavailable,exact
07_person_enter,fixed_int8,31,fixed,recompute_semantic,selected,True,,,32768,,2378648,unavailable,297331.0,unavailable,exact
07_person_enter,fixed_int8,32,fixed,keyframe,selected,True,,,32768,,2378648,unavailable,297331.0,unavailable,exact
07_person_enter,fixed_int8,33,fixed,reuse,,False,,,0,,6088,unavailable,761.0,unavailable,exact
07_person_enter,fixed_int8,34,fixed,reuse,,False,,,0,,6088,unavailable,761.0,unavailable,exact
07_person_enter,fixed_int8,35,fixed,reuse,,False,,,0,,6088,unavailable,761.0,unavailable,exact
07_person_enter,fixed_int8,36,fixed,reuse,,False,,,0,,6088,unavailable,761.0,unavailable,exact
07_person_enter,fixed_int8,37,fixed,reuse,,False,,,0,,6088,unavailable,761.0,unavailable,exact
07_person_enter,fixed_int8,38,fixed,reuse,,False,,,0,,6088,unavailable,761.0,unavailable,exact
07_person_enter,fixed_int8,39,fixed,reuse,,False,,,0,,6088,unavailable,761.0,unavailable,exact
07_person_enter,fixed_int8,4,fixed,reuse,,False,,,0,,5336,unavailable,667.0,unavailable,exact
07_person_enter,fixed_int8,40,fixed,reuse,,False,,,0,,6088,unavailable,761.0,unavailable,exact
07_person_enter,fixed_int8,41,fixed,reuse,,False,,,0,,6088,unavailable,761.0,unavailable,exact
07_person_enter,fixed_int8,42,fixed,reuse,,False,,,0,,6088,unavailable,761.0,unavailable,exact
07_person_enter,fixed_int8,43,fixed,reuse,,False,,,0,,6088,unavailable,761.0,unavailable,exact
07_person_enter,fixed_int8,44,fixed,reuse,,False,,,0,,6088,unavailable,761.0,unavailable,exact
07_person_enter,fixed_int8,45,fixed,reuse,,False,,,0,,6088,unavailable,761.0,unavailable,exact
07_person_enter,fixed_int8,46,fixed,reuse,,False,,,0,,6088,unavailable,761.0,unavailable,exact
07_person_enter,fixed_int8,47,fixed,reuse,,False,,,0,,6088,unavailable,761.0,unavailable,exact
07_person_enter,fixed_int8,48,fixed,keyframe,selected,True,,,32768,,2378648,unavailable,297331.0,unavailable,exact
07_person_enter,fixed_int8,49,fixed,reuse,,False,,,0,,6088,unavailable,761.0,unavailable,exact
07_person_enter,fixed_int8,5,fixed,reuse,,False,,,0,,5336,unavailable,667.0,unavailable,exact
07_person_enter,fixed_int8,50,fixed,reuse,,False,,,0,,6088,unavailable,761.0,unavailable,exact
07_person_enter,fixed_int8,51,fixed,reuse,,False,,,0,,6088,unavailable,761.0,unavailable,exact
07_person_enter,fixed_int8,52,fixed,reuse,,False,,,0,,6088,unavailable,761.0,unavailable,exact
07_person_enter,fixed_int8,53,fixed,reuse,,False,,,0,,6088,unavailable,761.0,unavailable,exact
07_person_enter,fixed_int8,54,fixed,reuse,,False,,,0,,6088,unavailable,761.0,unavailable,exact
07_person_enter,fixed_int8,55,fixed,reuse,,False,,,0,,6088,unavailable,761.0,unavailable,exact
07_person_enter,fixed_int8,56,fixed,reuse,,False,,,0,,6088,unavailable,761.0,unavailable,exact
07_person_enter,fixed_int8,57,fixed,reuse,,False,,,0,,6088,unavailable,761.0,unavailable,exact
07_person_enter,fixed_int8,58,fixed,reuse,,False,,,0,,6088,unavailable,761.0,unavailable,exact
07_person_enter,fixed_int8,59,fixed,reuse,,False,,,0,,6088,unavailable,761.0,unavailable,exact
07_person_enter,fixed_int8,6,fixed,reuse,,False,,,0,,5336,unavailable,667.0,unavailable,exact
07_person_enter,fixed_int8,60,fixed,reuse,,False,,,0,,6088,unavailable,761.0,unavailable,exact
07_person_enter,fixed_int8,61,fixed,reuse,,False,,,0,,6088,unavailable,761.0,unavailable,exact
07_person_enter,fixed_int8,62,fixed,reuse,,False,,,0,,6088,unavailable,761.0,unavailable,exact
07_person_enter,fixed_int8,63,fixed,reuse,,False,,,0,,6088,unavailable,761.0,unavailable,exact
07_person_enter,fixed_int8,64,fixed,keyframe,selected,True,,,32768,,2378648,unavailable,297331.0,unavailable,exact
07_person_enter,fixed_int8,65,fixed,reuse,,False,,,0,,6088,unavailable,761.0,unavailable,exact
07_person_enter,fixed_int8,66,fixed,reuse,,False,,,0,,6088,unavailable,761.0,unavailable,exact
07_person_enter,fixed_int8,67,fixed,reuse,,False,,,0,,6088,unavailable,761.0,unavailable,exact
07_person_enter,fixed_int8,68,fixed,reuse,,False,,,0,,6088,unavailable,761.0,unavailable,exact
07_person_enter,fixed_int8,69,fixed,reuse,,False,,,0,,6088,unavailable,761.0,unavailable,exact
07_person_enter,fixed_int8,7,fixed,reuse,,False,,,0,,5336,unavailable,667.0,unavailable,exact
07_person_enter,fixed_int8,70,fixed,reuse,,False,,,0,,6088,unavailable,761.0,unavailable,exact
07_person_enter,fixed_int8,71,fixed,reuse,,False,,,0,,6088,unavailable,761.0,unavailable,exact
07_person_enter,fixed_int8,72,fixed,reuse,,False,,,0,,6088,unavailable,761.0,unavailable,exact
07_person_enter,fixed_int8,73,fixed,reuse,,False,,,0,,6088,unavailable,761.0,unavailable,exact
07_person_enter,fixed_int8,74,fixed,reuse,,False,,,0,,6088,unavailable,761.0,unavailable,exact
07_person_enter,fixed_int8,75,fixed,reuse,,False,,,0,,6088,unavailable,761.0,unavailable,exact
07_person_enter,fixed_int8,76,fixed,reuse,,False,,,0,,6088,unavailable,761.0,unavailable,exact
07_person_enter,fixed_int8,77,fixed,reuse,,False,,,0,,6088,unavailable,761.0,unavailable,exact
07_person_enter,fixed_int8,78,fixed,reuse,,False,,,0,,6088,unavailable,761.0,unavailable,exact
07_person_enter,fixed_int8,79,fixed,reuse,,False,,,0,,6088,unavailable,761.0,unavailable,exact
07_person_enter,fixed_int8,8,fixed,reuse,,False,,,0,,5336,unavailable,667.0,unavailable,exact
07_person_enter,fixed_int8,80,fixed,keyframe,selected,True,,,32768,,2378648,unavailable,297331.0,unavailable,exact
07_person_enter,fixed_int8,81,fixed,reuse,,False,,,0,,6088,unavailable,761.0,unavailable,exact
07_person_enter,fixed_int8,82,fixed,reuse,,False,,,0,,6088,unavailable,761.0,unavailable,exact
07_person_enter,fixed_int8,83,fixed,reuse,,False,,,0,,6088,unavailable,761.0,unavailable,exact
07_person_enter,fixed_int8,84,fixed,reuse,,False,,,0,,6088,unavailable,761.0,unavailable,exact
07_person_enter,fixed_int8,85,fixed,reuse,,False,,,0,,6088,unavailable,761.0,unavailable,exact
07_person_enter,fixed_int8,86,fixed,reuse,,False,,,0,,6088,unavailable,761.0,unavailable,exact
07_person_enter,fixed_int8,87,fixed,reuse,,False,,,0,,6088,unavailable,761.0,unavailable,exact
07_person_enter,fixed_int8,88,fixed,reuse,,False,,,0,,6088,unavailable,761.0,unavailable,exact
07_person_enter,fixed_int8,89,fixed,reuse,,False,,,0,,6088,unavailable,761.0,unavailable,exact
07_person_enter,fixed_int8,9,fixed,reuse,,False,,,0,,5336,unavailable,667.0,unavailable,exact
07_person_enter,fixed_int8,90,fixed,reuse,,False,,,0,,6088,unavailable,761.0,unavailable,exact
07_person_enter,fixed_int8,91,fixed,reuse,,False,,,0,,6088,unavailable,761.0,unavailable,exact
07_person_enter,fixed_int8,92,fixed,reuse,,False,,,0,,6088,unavailable,761.0,unavailable,exact
07_person_enter,fixed_int8,93,fixed,reuse,,False,,,0,,6088,unavailable,761.0,unavailable,exact
07_person_enter,fixed_int8,94,fixed,reuse,,False,,,0,,6088,unavailable,761.0,unavailable,exact
07_person_enter,fixed_int8,95,fixed,reuse,,False,,,0,,6088,unavailable,761.0,unavailable,exact
07_person_enter,fixed_int8,96,fixed,keyframe,selected,True,,,32768,,2378648,unavailable,297331.0,unavailable,exact
07_person_enter,fixed_int8,97,fixed,reuse,,False,,,0,,6088,unavailable,761.0,unavailable,exact
07_person_enter,fixed_int8,98,fixed,reuse,,False,,,0,,6088,unavailable,761.0,unavailable,exact
07_person_enter,fixed_int8,99,fixed,reuse,,False,,,0,,6088,unavailable,761.0,unavailable,exact
08_car_exit,fixed_awgn,0,fixed,keyframe,first_frame,True,,,32768,32768,2111112,unavailable,263889.0,unavailable,exact
08_car_exit,fixed_awgn,1,fixed,reuse,,False,,,0,,6824,unavailable,853.0,unavailable,exact
08_car_exit,fixed_awgn,10,fixed,reuse,,False,,,0,,6832,unavailable,854.0,unavailable,exact
08_car_exit,fixed_awgn,11,fixed,reuse,,False,,,0,,6832,unavailable,854.0,unavailable,exact
08_car_exit,fixed_awgn,12,fixed,reuse,,False,,,0,,6832,unavailable,854.0,unavailable,exact
08_car_exit,fixed_awgn,13,fixed,reuse,,False,,,0,,6832,unavailable,854.0,unavailable,exact
08_car_exit,fixed_awgn,14,fixed,reuse,,False,,,0,,6832,unavailable,854.0,unavailable,exact
08_car_exit,fixed_awgn,15,fixed,reuse,,False,,,0,,6832,unavailable,854.0,unavailable,exact
08_car_exit,fixed_awgn,16,fixed,keyframe,selected,True,,,32768,32768,2111120,unavailable,263890.0,unavailable,exact
08_car_exit,fixed_awgn,17,fixed,reuse,,False,,,0,,6832,unavailable,854.0,unavailable,exact
08_car_exit,fixed_awgn,18,fixed,reuse,,False,,,0,,6832,unavailable,854.0,unavailable,exact
08_car_exit,fixed_awgn,19,fixed,reuse,,False,,,0,,6832,unavailable,854.0,unavailable,exact
08_car_exit,fixed_awgn,2,fixed,reuse,,False,,,0,,6824,unavailable,853.0,unavailable,exact
08_car_exit,fixed_awgn,20,fixed,reuse,,False,,,0,,6832,unavailable,854.0,unavailable,exact
08_car_exit,fixed_awgn,21,fixed,reuse,,False,,,0,,6832,unavailable,854.0,unavailable,exact
08_car_exit,fixed_awgn,22,fixed,reuse,,False,,,0,,6832,unavailable,854.0,unavailable,exact
08_car_exit,fixed_awgn,23,fixed,reuse,,False,,,0,,6832,unavailable,854.0,unavailable,exact
08_car_exit,fixed_awgn,24,fixed,reuse,,False,,,0,,6832,unavailable,854.0,unavailable,exact
08_car_exit,fixed_awgn,25,fixed,reuse,,False,,,0,,6832,unavailable,854.0,unavailable,exact
08_car_exit,fixed_awgn,26,fixed,reuse,,False,,,0,,6832,unavailable,854.0,unavailable,exact
08_car_exit,fixed_awgn,27,fixed,reuse,,False,,,0,,6832,unavailable,854.0,unavailable,exact
08_car_exit,fixed_awgn,28,fixed,reuse,,False,,,0,,6832,unavailable,854.0,unavailable,exact
08_car_exit,fixed_awgn,29,fixed,reuse,,False,,,0,,6832,unavailable,854.0,unavailable,exact
08_car_exit,fixed_awgn,3,fixed,reuse,,False,,,0,,6824,unavailable,853.0,unavailable,exact
08_car_exit,fixed_awgn,30,fixed,reuse,,False,,,0,,6832,unavailable,854.0,unavailable,exact
08_car_exit,fixed_awgn,31,fixed,reuse,,False,,,0,,6832,unavailable,854.0,unavailable,exact
08_car_exit,fixed_awgn,32,fixed,keyframe,selected,True,,,32768,32768,2111120,unavailable,263890.0,unavailable,exact
08_car_exit,fixed_awgn,33,fixed,reuse,,False,,,0,,6832,unavailable,854.0,unavailable,exact
08_car_exit,fixed_awgn,34,fixed,reuse,,False,,,0,,6832,unavailable,854.0,unavailable,exact
08_car_exit,fixed_awgn,35,fixed,reuse,,False,,,0,,6832,unavailable,854.0,unavailable,exact
08_car_exit,fixed_awgn,36,fixed,reuse,,False,,,0,,6832,unavailable,854.0,unavailable,exact
08_car_exit,fixed_awgn,37,fixed,reuse,,False,,,0,,6832,unavailable,854.0,unavailable,exact
08_car_exit,fixed_awgn,38,fixed,reuse,,False,,,0,,6832,unavailable,854.0,unavailable,exact
08_car_exit,fixed_awgn,39,fixed,reuse,,False,,,0,,6832,unavailable,854.0,unavailable,exact
08_car_exit,fixed_awgn,4,fixed,reuse,,False,,,0,,6824,unavailable,853.0,unavailable,exact
08_car_exit,fixed_awgn,40,fixed,reuse,,False,,,0,,6832,unavailable,854.0,unavailable,exact
08_car_exit,fixed_awgn,41,fixed,reuse,,False,,,0,,6832,unavailable,854.0,unavailable,exact
08_car_exit,fixed_awgn,42,fixed,reuse,,False,,,0,,6832,unavailable,854.0,unavailable,exact
08_car_exit,fixed_awgn,43,fixed,reuse,,False,,,0,,6832,unavailable,854.0,unavailable,exact
08_car_exit,fixed_awgn,44,fixed,reuse,,False,,,0,,6832,unavailable,854.0,unavailable,exact
08_car_exit,fixed_awgn,45,fixed,reuse,,False,,,0,,6832,unavailable,854.0,unavailable,exact
08_car_exit,fixed_awgn,46,fixed,reuse,,False,,,0,,6832,unavailable,854.0,unavailable,exact
08_car_exit,fixed_awgn,47,fixed,reuse,,False,,,0,,6832,unavailable,854.0,unavailable,exact
08_car_exit,fixed_awgn,48,fixed,keyframe,selected,True,,,32768,32768,2111120,unavailable,263890.0,unavailable,exact
08_car_exit,fixed_awgn,49,fixed,reuse,,False,,,0,,6832,unavailable,854.0,unavailable,exact
08_car_exit,fixed_awgn,5,fixed,reuse,,False,,,0,,6824,unavailable,853.0,unavailable,exact
08_car_exit,fixed_awgn,50,fixed,reuse,,False,,,0,,6832,unavailable,854.0,unavailable,exact
08_car_exit,fixed_awgn,51,fixed,reuse,,False,,,0,,6832,unavailable,854.0,unavailable,exact
08_car_exit,fixed_awgn,52,fixed,reuse,,False,,,0,,6832,unavailable,854.0,unavailable,exact
08_car_exit,fixed_awgn,53,fixed,reuse,,False,,,0,,6832,unavailable,854.0,unavailable,exact
08_car_exit,fixed_awgn,54,fixed,reuse,,False,,,0,,6832,unavailable,854.0,unavailable,exact
08_car_exit,fixed_awgn,55,fixed,reuse,,False,,,0,,6832,unavailable,854.0,unavailable,exact
08_car_exit,fixed_awgn,56,fixed,reuse,,False,,,0,,6832,unavailable,854.0,unavailable,exact
08_car_exit,fixed_awgn,57,fixed,reuse,,False,,,0,,6832,unavailable,854.0,unavailable,exact
08_car_exit,fixed_awgn,58,fixed,reuse,,False,,,0,,6832,unavailable,854.0,unavailable,exact
08_car_exit,fixed_awgn,59,fixed,reuse,,False,,,0,,6832,unavailable,854.0,unavailable,exact
08_car_exit,fixed_awgn,6,fixed,reuse,,False,,,0,,6824,unavailable,853.0,unavailable,exact
08_car_exit,fixed_awgn,60,fixed,reuse,,False,,,0,,6832,unavailable,854.0,unavailable,exact
08_car_exit,fixed_awgn,61,fixed,reuse,,False,,,0,,6832,unavailable,854.0,unavailable,exact
08_car_exit,fixed_awgn,62,fixed,reuse,,False,,,0,,6832,unavailable,854.0,unavailable,exact
08_car_exit,fixed_awgn,63,fixed,reuse,,False,,,0,,6832,unavailable,854.0,unavailable,exact
08_car_exit,fixed_awgn,64,fixed,keyframe,selected,True,,,32768,32768,2111120,unavailable,263890.0,unavailable,exact
08_car_exit,fixed_awgn,65,fixed,reuse,,False,,,0,,6832,unavailable,854.0,unavailable,exact
08_car_exit,fixed_awgn,66,fixed,reuse,,False,,,0,,6832,unavailable,854.0,unavailable,exact
08_car_exit,fixed_awgn,67,fixed,reuse,,False,,,0,,6832,unavailable,854.0,unavailable,exact
08_car_exit,fixed_awgn,68,fixed,reuse,,False,,,0,,6832,unavailable,854.0,unavailable,exact
08_car_exit,fixed_awgn,69,fixed,reuse,,False,,,0,,6832,unavailable,854.0,unavailable,exact
08_car_exit,fixed_awgn,7,fixed,reuse,,False,,,0,,6824,unavailable,853.0,unavailable,exact
08_car_exit,fixed_awgn,70,fixed,reuse,,False,,,0,,6832,unavailable,854.0,unavailable,exact
08_car_exit,fixed_awgn,71,fixed,reuse,,False,,,0,,6832,unavailable,854.0,unavailable,exact
08_car_exit,fixed_awgn,72,fixed,reuse,,False,,,0,,6832,unavailable,854.0,unavailable,exact
08_car_exit,fixed_awgn,73,fixed,reuse,,False,,,0,,6832,unavailable,854.0,unavailable,exact
08_car_exit,fixed_awgn,74,fixed,reuse,,False,,,0,,6832,unavailable,854.0,unavailable,exact
08_car_exit,fixed_awgn,75,fixed,reuse,,False,,,0,,6832,unavailable,854.0,unavailable,exact
08_car_exit,fixed_awgn,76,fixed,reuse,,False,,,0,,6832,unavailable,854.0,unavailable,exact
08_car_exit,fixed_awgn,77,fixed,reuse,,False,,,0,,6832,unavailable,854.0,unavailable,exact
08_car_exit,fixed_awgn,78,fixed,reuse,,False,,,0,,6832,unavailable,854.0,unavailable,exact
08_car_exit,fixed_awgn,79,fixed,reuse,,False,,,0,,6832,unavailable,854.0,unavailable,exact
08_car_exit,fixed_awgn,8,fixed,reuse,,False,,,0,,6824,unavailable,853.0,unavailable,exact
08_car_exit,fixed_awgn,80,fixed,keyframe,selected,True,,,32768,32768,2111120,unavailable,263890.0,unavailable,exact
08_car_exit,fixed_awgn,81,fixed,reuse,,False,,,0,,6832,unavailable,854.0,unavailable,exact
08_car_exit,fixed_awgn,82,fixed,reuse,,False,,,0,,6832,unavailable,854.0,unavailable,exact
08_car_exit,fixed_awgn,83,fixed,reuse,,False,,,0,,6832,unavailable,854.0,unavailable,exact
08_car_exit,fixed_awgn,84,fixed,reuse,,False,,,0,,6832,unavailable,854.0,unavailable,exact
08_car_exit,fixed_awgn,85,fixed,reuse,,False,,,0,,6832,unavailable,854.0,unavailable,exact
08_car_exit,fixed_awgn,86,fixed,reuse,,False,,,0,,6832,unavailable,854.0,unavailable,exact
08_car_exit,fixed_awgn,87,fixed,reuse,,False,,,0,,6832,unavailable,854.0,unavailable,exact
08_car_exit,fixed_awgn,88,fixed,reuse,,False,,,0,,6832,unavailable,854.0,unavailable,exact
08_car_exit,fixed_awgn,89,fixed,reuse,,False,,,0,,6832,unavailable,854.0,unavailable,exact
08_car_exit,fixed_awgn,9,fixed,reuse,,False,,,0,,6824,unavailable,853.0,unavailable,exact
08_car_exit,fixed_awgn,90,fixed,reuse,,False,,,0,,6832,unavailable,854.0,unavailable,exact
08_car_exit,fixed_awgn,91,fixed,reuse,,False,,,0,,6832,unavailable,854.0,unavailable,exact
08_car_exit,fixed_awgn,92,fixed,reuse,,False,,,0,,6832,unavailable,854.0,unavailable,exact
08_car_exit,fixed_awgn,93,fixed,reuse,,False,,,0,,6832,unavailable,854.0,unavailable,exact
08_car_exit,fixed_awgn,94,fixed,reuse,,False,,,0,,6832,unavailable,854.0,unavailable,exact
08_car_exit,fixed_awgn,95,fixed,reuse,,False,,,0,,6832,unavailable,854.0,unavailable,exact
08_car_exit,fixed_awgn,96,fixed,keyframe,selected,True,,,32768,32768,2111120,unavailable,263890.0,unavailable,exact
08_car_exit,fixed_awgn,97,fixed,reuse,,False,,,0,,6832,unavailable,854.0,unavailable,exact
08_car_exit,fixed_awgn,98,fixed,reuse,,False,,,0,,6832,unavailable,854.0,unavailable,exact
08_car_exit,fixed_awgn,99,fixed,reuse,,False,,,0,,6832,unavailable,854.0,unavailable,exact
08_car_exit,fixed_float32,0,fixed,keyframe,first_frame,True,,,32768,,3166224,unavailable,395778.0,unavailable,exact
08_car_exit,fixed_float32,1,fixed,reuse,,False,,,0,,6848,unavailable,856.0,unavailable,exact
08_car_exit,fixed_float32,10,fixed,reuse,,False,,,0,,6856,unavailable,857.0,unavailable,exact
08_car_exit,fixed_float32,11,fixed,reuse,,False,,,0,,6856,unavailable,857.0,unavailable,exact
08_car_exit,fixed_float32,12,fixed,reuse,,False,,,0,,6856,unavailable,857.0,unavailable,exact
08_car_exit,fixed_float32,13,fixed,reuse,,False,,,0,,6856,unavailable,857.0,unavailable,exact
08_car_exit,fixed_float32,14,fixed,reuse,,False,,,0,,6856,unavailable,857.0,unavailable,exact
08_car_exit,fixed_float32,15,fixed,reuse,,False,,,0,,6856,unavailable,857.0,unavailable,exact
08_car_exit,fixed_float32,16,fixed,keyframe,selected,True,,,32768,,3166232,unavailable,395779.0,unavailable,exact
08_car_exit,fixed_float32,17,fixed,reuse,,False,,,0,,6856,unavailable,857.0,unavailable,exact
08_car_exit,fixed_float32,18,fixed,reuse,,False,,,0,,6856,unavailable,857.0,unavailable,exact
08_car_exit,fixed_float32,19,fixed,reuse,,False,,,0,,6856,unavailable,857.0,unavailable,exact
08_car_exit,fixed_float32,2,fixed,reuse,,False,,,0,,6848,unavailable,856.0,unavailable,exact
08_car_exit,fixed_float32,20,fixed,reuse,,False,,,0,,6856,unavailable,857.0,unavailable,exact
08_car_exit,fixed_float32,21,fixed,reuse,,False,,,0,,6856,unavailable,857.0,unavailable,exact
08_car_exit,fixed_float32,22,fixed,reuse,,False,,,0,,6856,unavailable,857.0,unavailable,exact
08_car_exit,fixed_float32,23,fixed,reuse,,False,,,0,,6856,unavailable,857.0,unavailable,exact
08_car_exit,fixed_float32,24,fixed,reuse,,False,,,0,,6856,unavailable,857.0,unavailable,exact
08_car_exit,fixed_float32,25,fixed,reuse,,False,,,0,,6856,unavailable,857.0,unavailable,exact
08_car_exit,fixed_float32,26,fixed,reuse,,False,,,0,,6856,unavailable,857.0,unavailable,exact
08_car_exit,fixed_float32,27,fixed,reuse,,False,,,0,,6856,unavailable,857.0,unavailable,exact
08_car_exit,fixed_float32,28,fixed,reuse,,False,,,0,,6856,unavailable,857.0,unavailable,exact
08_car_exit,fixed_float32,29,fixed,reuse,,False,,,0,,6856,unavailable,857.0,unavailable,exact
08_car_exit,fixed_float32,3,fixed,reuse,,False,,,0,,6848,unavailable,856.0,unavailable,exact
08_car_exit,fixed_float32,30,fixed,reuse,,False,,,0,,6856,unavailable,857.0,unavailable,exact
08_car_exit,fixed_float32,31,fixed,reuse,,False,,,0,,6856,unavailable,857.0,unavailable,exact
08_car_exit,fixed_float32,32,fixed,keyframe,selected,True,,,32768,,3166232,unavailable,395779.0,unavailable,exact
08_car_exit,fixed_float32,33,fixed,reuse,,False,,,0,,6856,unavailable,857.0,unavailable,exact
08_car_exit,fixed_float32,34,fixed,reuse,,False,,,0,,6856,unavailable,857.0,unavailable,exact
08_car_exit,fixed_float32,35,fixed,reuse,,False,,,0,,6856,unavailable,857.0,unavailable,exact
08_car_exit,fixed_float32,36,fixed,reuse,,False,,,0,,6856,unavailable,857.0,unavailable,exact
08_car_exit,fixed_float32,37,fixed,reuse,,False,,,0,,6856,unavailable,857.0,unavailable,exact
08_car_exit,fixed_float32,38,fixed,reuse,,False,,,0,,6856,unavailable,857.0,unavailable,exact
08_car_exit,fixed_float32,39,fixed,reuse,,False,,,0,,6856,unavailable,857.0,unavailable,exact
08_car_exit,fixed_float32,4,fixed,reuse,,False,,,0,,6848,unavailable,856.0,unavailable,exact
08_car_exit,fixed_float32,40,fixed,reuse,,False,,,0,,6856,unavailable,857.0,unavailable,exact
08_car_exit,fixed_float32,41,fixed,reuse,,False,,,0,,6856,unavailable,857.0,unavailable,exact
08_car_exit,fixed_float32,42,fixed,reuse,,False,,,0,,6856,unavailable,857.0,unavailable,exact
08_car_exit,fixed_float32,43,fixed,reuse,,False,,,0,,6856,unavailable,857.0,unavailable,exact
08_car_exit,fixed_float32,44,fixed,reuse,,False,,,0,,6856,unavailable,857.0,unavailable,exact
08_car_exit,fixed_float32,45,fixed,reuse,,False,,,0,,6856,unavailable,857.0,unavailable,exact
08_car_exit,fixed_float32,46,fixed,reuse,,False,,,0,,6856,unavailable,857.0,unavailable,exact
08_car_exit,fixed_float32,47,fixed,reuse,,False,,,0,,6856,unavailable,857.0,unavailable,exact
08_car_exit,fixed_float32,48,fixed,keyframe,selected,True,,,32768,,3166232,unavailable,395779.0,unavailable,exact
08_car_exit,fixed_float32,49,fixed,reuse,,False,,,0,,6856,unavailable,857.0,unavailable,exact
08_car_exit,fixed_float32,5,fixed,reuse,,False,,,0,,6848,unavailable,856.0,unavailable,exact
08_car_exit,fixed_float32,50,fixed,reuse,,False,,,0,,6856,unavailable,857.0,unavailable,exact
08_car_exit,fixed_float32,51,fixed,reuse,,False,,,0,,6856,unavailable,857.0,unavailable,exact
08_car_exit,fixed_float32,52,fixed,reuse,,False,,,0,,6856,unavailable,857.0,unavailable,exact
08_car_exit,fixed_float32,53,fixed,reuse,,False,,,0,,6856,unavailable,857.0,unavailable,exact
08_car_exit,fixed_float32,54,fixed,reuse,,False,,,0,,6856,unavailable,857.0,unavailable,exact
08_car_exit,fixed_float32,55,fixed,reuse,,False,,,0,,6856,unavailable,857.0,unavailable,exact
08_car_exit,fixed_float32,56,fixed,reuse,,False,,,0,,6856,unavailable,857.0,unavailable,exact
08_car_exit,fixed_float32,57,fixed,reuse,,False,,,0,,6856,unavailable,857.0,unavailable,exact
08_car_exit,fixed_float32,58,fixed,reuse,,False,,,0,,6856,unavailable,857.0,unavailable,exact
08_car_exit,fixed_float32,59,fixed,reuse,,False,,,0,,6856,unavailable,857.0,unavailable,exact
08_car_exit,fixed_float32,6,fixed,reuse,,False,,,0,,6848,unavailable,856.0,unavailable,exact
08_car_exit,fixed_float32,60,fixed,reuse,,False,,,0,,6856,unavailable,857.0,unavailable,exact
08_car_exit,fixed_float32,61,fixed,reuse,,False,,,0,,6856,unavailable,857.0,unavailable,exact
08_car_exit,fixed_float32,62,fixed,reuse,,False,,,0,,6856,unavailable,857.0,unavailable,exact
08_car_exit,fixed_float32,63,fixed,reuse,,False,,,0,,6856,unavailable,857.0,unavailable,exact
08_car_exit,fixed_float32,64,fixed,keyframe,selected,True,,,32768,,3166232,unavailable,395779.0,unavailable,exact
08_car_exit,fixed_float32,65,fixed,reuse,,False,,,0,,6856,unavailable,857.0,unavailable,exact
08_car_exit,fixed_float32,66,fixed,reuse,,False,,,0,,6856,unavailable,857.0,unavailable,exact
08_car_exit,fixed_float32,67,fixed,reuse,,False,,,0,,6856,unavailable,857.0,unavailable,exact
08_car_exit,fixed_float32,68,fixed,reuse,,False,,,0,,6856,unavailable,857.0,unavailable,exact
08_car_exit,fixed_float32,69,fixed,reuse,,False,,,0,,6856,unavailable,857.0,unavailable,exact
08_car_exit,fixed_float32,7,fixed,reuse,,False,,,0,,6848,unavailable,856.0,unavailable,exact
08_car_exit,fixed_float32,70,fixed,reuse,,False,,,0,,6856,unavailable,857.0,unavailable,exact
08_car_exit,fixed_float32,71,fixed,reuse,,False,,,0,,6856,unavailable,857.0,unavailable,exact
08_car_exit,fixed_float32,72,fixed,reuse,,False,,,0,,6856,unavailable,857.0,unavailable,exact
08_car_exit,fixed_float32,73,fixed,reuse,,False,,,0,,6856,unavailable,857.0,unavailable,exact
08_car_exit,fixed_float32,74,fixed,reuse,,False,,,0,,6856,unavailable,857.0,unavailable,exact
08_car_exit,fixed_float32,75,fixed,reuse,,False,,,0,,6856,unavailable,857.0,unavailable,exact
08_car_exit,fixed_float32,76,fixed,reuse,,False,,,0,,6856,unavailable,857.0,unavailable,exact
08_car_exit,fixed_float32,77,fixed,reuse,,False,,,0,,6856,unavailable,857.0,unavailable,exact
08_car_exit,fixed_float32,78,fixed,reuse,,False,,,0,,6856,unavailable,857.0,unavailable,exact
08_car_exit,fixed_float32,79,fixed,reuse,,False,,,0,,6856,unavailable,857.0,unavailable,exact
08_car_exit,fixed_float32,8,fixed,reuse,,False,,,0,,6848,unavailable,856.0,unavailable,exact
08_car_exit,fixed_float32,80,fixed,keyframe,selected,True,,,32768,,3166232,unavailable,395779.0,unavailable,exact
08_car_exit,fixed_float32,81,fixed,reuse,,False,,,0,,6856,unavailable,857.0,unavailable,exact
08_car_exit,fixed_float32,82,fixed,reuse,,False,,,0,,6856,unavailable,857.0,unavailable,exact
08_car_exit,fixed_float32,83,fixed,reuse,,False,,,0,,6856,unavailable,857.0,unavailable,exact
08_car_exit,fixed_float32,84,fixed,reuse,,False,,,0,,6856,unavailable,857.0,unavailable,exact
08_car_exit,fixed_float32,85,fixed,reuse,,False,,,0,,6856,unavailable,857.0,unavailable,exact
08_car_exit,fixed_float32,86,fixed,reuse,,False,,,0,,6856,unavailable,857.0,unavailable,exact
08_car_exit,fixed_float32,87,fixed,reuse,,False,,,0,,6856,unavailable,857.0,unavailable,exact
08_car_exit,fixed_float32,88,fixed,reuse,,False,,,0,,6856,unavailable,857.0,unavailable,exact
08_car_exit,fixed_float32,89,fixed,reuse,,False,,,0,,6856,unavailable,857.0,unavailable,exact
08_car_exit,fixed_float32,9,fixed,reuse,,False,,,0,,6848,unavailable,856.0,unavailable,exact
08_car_exit,fixed_float32,90,fixed,reuse,,False,,,0,,6856,unavailable,857.0,unavailable,exact
08_car_exit,fixed_float32,91,fixed,reuse,,False,,,0,,6856,unavailable,857.0,unavailable,exact
08_car_exit,fixed_float32,92,fixed,reuse,,False,,,0,,6856,unavailable,857.0,unavailable,exact
08_car_exit,fixed_float32,93,fixed,reuse,,False,,,0,,6856,unavailable,857.0,unavailable,exact
08_car_exit,fixed_float32,94,fixed,reuse,,False,,,0,,6856,unavailable,857.0,unavailable,exact
08_car_exit,fixed_float32,95,fixed,reuse,,False,,,0,,6856,unavailable,857.0,unavailable,exact
08_car_exit,fixed_float32,96,fixed,keyframe,selected,True,,,32768,,3166232,unavailable,395779.0,unavailable,exact
08_car_exit,fixed_float32,97,fixed,reuse,,False,,,0,,6856,unavailable,857.0,unavailable,exact
08_car_exit,fixed_float32,98,fixed,reuse,,False,,,0,,6856,unavailable,857.0,unavailable,exact
08_car_exit,fixed_float32,99,fixed,reuse,,False,,,0,,6856,unavailable,857.0,unavailable,exact
08_car_exit,fixed_int16,0,fixed,keyframe,first_frame,True,,,32768,,2641920,unavailable,330240.0,unavailable,exact
08_car_exit,fixed_int16,1,fixed,reuse,,False,,,0,,6832,unavailable,854.0,unavailable,exact
08_car_exit,fixed_int16,10,fixed,reuse,,False,,,0,,6840,unavailable,855.0,unavailable,exact
08_car_exit,fixed_int16,11,fixed,reuse,,False,,,0,,6840,unavailable,855.0,unavailable,exact
08_car_exit,fixed_int16,12,fixed,reuse,,False,,,0,,6840,unavailable,855.0,unavailable,exact
08_car_exit,fixed_int16,13,fixed,reuse,,False,,,0,,6840,unavailable,855.0,unavailable,exact
08_car_exit,fixed_int16,14,fixed,reuse,,False,,,0,,6840,unavailable,855.0,unavailable,exact
08_car_exit,fixed_int16,15,fixed,reuse,,False,,,0,,6840,unavailable,855.0,unavailable,exact
08_car_exit,fixed_int16,16,fixed,keyframe,selected,True,,,32768,,2641928,unavailable,330241.0,unavailable,exact
08_car_exit,fixed_int16,17,fixed,reuse,,False,,,0,,6840,unavailable,855.0,unavailable,exact
08_car_exit,fixed_int16,18,fixed,reuse,,False,,,0,,6840,unavailable,855.0,unavailable,exact
08_car_exit,fixed_int16,19,fixed,reuse,,False,,,0,,6840,unavailable,855.0,unavailable,exact
08_car_exit,fixed_int16,2,fixed,reuse,,False,,,0,,6832,unavailable,854.0,unavailable,exact
08_car_exit,fixed_int16,20,fixed,reuse,,False,,,0,,6840,unavailable,855.0,unavailable,exact
08_car_exit,fixed_int16,21,fixed,reuse,,False,,,0,,6840,unavailable,855.0,unavailable,exact
08_car_exit,fixed_int16,22,fixed,reuse,,False,,,0,,6840,unavailable,855.0,unavailable,exact
08_car_exit,fixed_int16,23,fixed,reuse,,False,,,0,,6840,unavailable,855.0,unavailable,exact
08_car_exit,fixed_int16,24,fixed,reuse,,False,,,0,,6840,unavailable,855.0,unavailable,exact
08_car_exit,fixed_int16,25,fixed,reuse,,False,,,0,,6840,unavailable,855.0,unavailable,exact
08_car_exit,fixed_int16,26,fixed,reuse,,False,,,0,,6840,unavailable,855.0,unavailable,exact
08_car_exit,fixed_int16,27,fixed,reuse,,False,,,0,,6840,unavailable,855.0,unavailable,exact
08_car_exit,fixed_int16,28,fixed,reuse,,False,,,0,,6840,unavailable,855.0,unavailable,exact
08_car_exit,fixed_int16,29,fixed,reuse,,False,,,0,,6840,unavailable,855.0,unavailable,exact
08_car_exit,fixed_int16,3,fixed,reuse,,False,,,0,,6832,unavailable,854.0,unavailable,exact
08_car_exit,fixed_int16,30,fixed,reuse,,False,,,0,,6840,unavailable,855.0,unavailable,exact
08_car_exit,fixed_int16,31,fixed,reuse,,False,,,0,,6840,unavailable,855.0,unavailable,exact
08_car_exit,fixed_int16,32,fixed,keyframe,selected,True,,,32768,,2641928,unavailable,330241.0,unavailable,exact
08_car_exit,fixed_int16,33,fixed,reuse,,False,,,0,,6840,unavailable,855.0,unavailable,exact
08_car_exit,fixed_int16,34,fixed,reuse,,False,,,0,,6840,unavailable,855.0,unavailable,exact
08_car_exit,fixed_int16,35,fixed,reuse,,False,,,0,,6840,unavailable,855.0,unavailable,exact
08_car_exit,fixed_int16,36,fixed,reuse,,False,,,0,,6840,unavailable,855.0,unavailable,exact
08_car_exit,fixed_int16,37,fixed,reuse,,False,,,0,,6840,unavailable,855.0,unavailable,exact
08_car_exit,fixed_int16,38,fixed,reuse,,False,,,0,,6840,unavailable,855.0,unavailable,exact
08_car_exit,fixed_int16,39,fixed,reuse,,False,,,0,,6840,unavailable,855.0,unavailable,exact
08_car_exit,fixed_int16,4,fixed,reuse,,False,,,0,,6832,unavailable,854.0,unavailable,exact
08_car_exit,fixed_int16,40,fixed,reuse,,False,,,0,,6840,unavailable,855.0,unavailable,exact
08_car_exit,fixed_int16,41,fixed,reuse,,False,,,0,,6840,unavailable,855.0,unavailable,exact
08_car_exit,fixed_int16,42,fixed,reuse,,False,,,0,,6840,unavailable,855.0,unavailable,exact
08_car_exit,fixed_int16,43,fixed,reuse,,False,,,0,,6840,unavailable,855.0,unavailable,exact
08_car_exit,fixed_int16,44,fixed,reuse,,False,,,0,,6840,unavailable,855.0,unavailable,exact
08_car_exit,fixed_int16,45,fixed,reuse,,False,,,0,,6840,unavailable,855.0,unavailable,exact
08_car_exit,fixed_int16,46,fixed,reuse,,False,,,0,,6840,unavailable,855.0,unavailable,exact
08_car_exit,fixed_int16,47,fixed,reuse,,False,,,0,,6840,unavailable,855.0,unavailable,exact
08_car_exit,fixed_int16,48,fixed,keyframe,selected,True,,,32768,,2641928,unavailable,330241.0,unavailable,exact
08_car_exit,fixed_int16,49,fixed,reuse,,False,,,0,,6840,unavailable,855.0,unavailable,exact
08_car_exit,fixed_int16,5,fixed,reuse,,False,,,0,,6832,unavailable,854.0,unavailable,exact
08_car_exit,fixed_int16,50,fixed,reuse,,False,,,0,,6840,unavailable,855.0,unavailable,exact
08_car_exit,fixed_int16,51,fixed,reuse,,False,,,0,,6840,unavailable,855.0,unavailable,exact
08_car_exit,fixed_int16,52,fixed,reuse,,False,,,0,,6840,unavailable,855.0,unavailable,exact
08_car_exit,fixed_int16,53,fixed,reuse,,False,,,0,,6840,unavailable,855.0,unavailable,exact
08_car_exit,fixed_int16,54,fixed,reuse,,False,,,0,,6840,unavailable,855.0,unavailable,exact
08_car_exit,fixed_int16,55,fixed,reuse,,False,,,0,,6840,unavailable,855.0,unavailable,exact
08_car_exit,fixed_int16,56,fixed,reuse,,False,,,0,,6840,unavailable,855.0,unavailable,exact
08_car_exit,fixed_int16,57,fixed,reuse,,False,,,0,,6840,unavailable,855.0,unavailable,exact
08_car_exit,fixed_int16,58,fixed,reuse,,False,,,0,,6840,unavailable,855.0,unavailable,exact
08_car_exit,fixed_int16,59,fixed,reuse,,False,,,0,,6840,unavailable,855.0,unavailable,exact
08_car_exit,fixed_int16,6,fixed,reuse,,False,,,0,,6832,unavailable,854.0,unavailable,exact
08_car_exit,fixed_int16,60,fixed,reuse,,False,,,0,,6840,unavailable,855.0,unavailable,exact
08_car_exit,fixed_int16,61,fixed,reuse,,False,,,0,,6840,unavailable,855.0,unavailable,exact
08_car_exit,fixed_int16,62,fixed,reuse,,False,,,0,,6840,unavailable,855.0,unavailable,exact
08_car_exit,fixed_int16,63,fixed,reuse,,False,,,0,,6840,unavailable,855.0,unavailable,exact
08_car_exit,fixed_int16,64,fixed,keyframe,selected,True,,,32768,,2641928,unavailable,330241.0,unavailable,exact
08_car_exit,fixed_int16,65,fixed,reuse,,False,,,0,,6840,unavailable,855.0,unavailable,exact
08_car_exit,fixed_int16,66,fixed,reuse,,False,,,0,,6840,unavailable,855.0,unavailable,exact
08_car_exit,fixed_int16,67,fixed,reuse,,False,,,0,,6840,unavailable,855.0,unavailable,exact
08_car_exit,fixed_int16,68,fixed,reuse,,False,,,0,,6840,unavailable,855.0,unavailable,exact
08_car_exit,fixed_int16,69,fixed,reuse,,False,,,0,,6840,unavailable,855.0,unavailable,exact
08_car_exit,fixed_int16,7,fixed,reuse,,False,,,0,,6832,unavailable,854.0,unavailable,exact
08_car_exit,fixed_int16,70,fixed,reuse,,False,,,0,,6840,unavailable,855.0,unavailable,exact
08_car_exit,fixed_int16,71,fixed,reuse,,False,,,0,,6840,unavailable,855.0,unavailable,exact
08_car_exit,fixed_int16,72,fixed,reuse,,False,,,0,,6840,unavailable,855.0,unavailable,exact
08_car_exit,fixed_int16,73,fixed,reuse,,False,,,0,,6840,unavailable,855.0,unavailable,exact
08_car_exit,fixed_int16,74,fixed,reuse,,False,,,0,,6840,unavailable,855.0,unavailable,exact
08_car_exit,fixed_int16,75,fixed,reuse,,False,,,0,,6840,unavailable,855.0,unavailable,exact
08_car_exit,fixed_int16,76,fixed,reuse,,False,,,0,,6840,unavailable,855.0,unavailable,exact
08_car_exit,fixed_int16,77,fixed,reuse,,False,,,0,,6840,unavailable,855.0,unavailable,exact
08_car_exit,fixed_int16,78,fixed,reuse,,False,,,0,,6840,unavailable,855.0,unavailable,exact
08_car_exit,fixed_int16,79,fixed,reuse,,False,,,0,,6840,unavailable,855.0,unavailable,exact
08_car_exit,fixed_int16,8,fixed,reuse,,False,,,0,,6832,unavailable,854.0,unavailable,exact
08_car_exit,fixed_int16,80,fixed,keyframe,selected,True,,,32768,,2641928,unavailable,330241.0,unavailable,exact
08_car_exit,fixed_int16,81,fixed,reuse,,False,,,0,,6840,unavailable,855.0,unavailable,exact
08_car_exit,fixed_int16,82,fixed,reuse,,False,,,0,,6840,unavailable,855.0,unavailable,exact
08_car_exit,fixed_int16,83,fixed,reuse,,False,,,0,,6840,unavailable,855.0,unavailable,exact
08_car_exit,fixed_int16,84,fixed,reuse,,False,,,0,,6840,unavailable,855.0,unavailable,exact
08_car_exit,fixed_int16,85,fixed,reuse,,False,,,0,,6840,unavailable,855.0,unavailable,exact
08_car_exit,fixed_int16,86,fixed,reuse,,False,,,0,,6840,unavailable,855.0,unavailable,exact
08_car_exit,fixed_int16,87,fixed,reuse,,False,,,0,,6840,unavailable,855.0,unavailable,exact
08_car_exit,fixed_int16,88,fixed,reuse,,False,,,0,,6840,unavailable,855.0,unavailable,exact
08_car_exit,fixed_int16,89,fixed,reuse,,False,,,0,,6840,unavailable,855.0,unavailable,exact
08_car_exit,fixed_int16,9,fixed,reuse,,False,,,0,,6832,unavailable,854.0,unavailable,exact
08_car_exit,fixed_int16,90,fixed,reuse,,False,,,0,,6840,unavailable,855.0,unavailable,exact
08_car_exit,fixed_int16,91,fixed,reuse,,False,,,0,,6840,unavailable,855.0,unavailable,exact
08_car_exit,fixed_int16,92,fixed,reuse,,False,,,0,,6840,unavailable,855.0,unavailable,exact
08_car_exit,fixed_int16,93,fixed,reuse,,False,,,0,,6840,unavailable,855.0,unavailable,exact
08_car_exit,fixed_int16,94,fixed,reuse,,False,,,0,,6840,unavailable,855.0,unavailable,exact
08_car_exit,fixed_int16,95,fixed,reuse,,False,,,0,,6840,unavailable,855.0,unavailable,exact
08_car_exit,fixed_int16,96,fixed,keyframe,selected,True,,,32768,,2641928,unavailable,330241.0,unavailable,exact
08_car_exit,fixed_int16,97,fixed,reuse,,False,,,0,,6840,unavailable,855.0,unavailable,exact
08_car_exit,fixed_int16,98,fixed,reuse,,False,,,0,,6840,unavailable,855.0,unavailable,exact
08_car_exit,fixed_int16,99,fixed,reuse,,False,,,0,,6840,unavailable,855.0,unavailable,exact
08_car_exit,fixed_int4,0,fixed,keyframe,first_frame,True,,,32768,,2248696,unavailable,281087.0,unavailable,exact
08_car_exit,fixed_int4,1,fixed,reuse,,False,,,0,,6824,unavailable,853.0,unavailable,exact
08_car_exit,fixed_int4,10,fixed,reuse,,False,,,0,,6832,unavailable,854.0,unavailable,exact
08_car_exit,fixed_int4,11,fixed,reuse,,False,,,0,,6832,unavailable,854.0,unavailable,exact
08_car_exit,fixed_int4,12,fixed,reuse,,False,,,0,,6832,unavailable,854.0,unavailable,exact
08_car_exit,fixed_int4,13,fixed,reuse,,False,,,0,,6832,unavailable,854.0,unavailable,exact
08_car_exit,fixed_int4,14,fixed,reuse,,False,,,0,,6832,unavailable,854.0,unavailable,exact
08_car_exit,fixed_int4,15,fixed,reuse,,False,,,0,,6832,unavailable,854.0,unavailable,exact
08_car_exit,fixed_int4,16,fixed,keyframe,selected,True,,,32768,,2248704,unavailable,281088.0,unavailable,exact
08_car_exit,fixed_int4,17,fixed,reuse,,False,,,0,,6832,unavailable,854.0,unavailable,exact
08_car_exit,fixed_int4,18,fixed,reuse,,False,,,0,,6832,unavailable,854.0,unavailable,exact
08_car_exit,fixed_int4,19,fixed,reuse,,False,,,0,,6832,unavailable,854.0,unavailable,exact
08_car_exit,fixed_int4,2,fixed,reuse,,False,,,0,,6824,unavailable,853.0,unavailable,exact
08_car_exit,fixed_int4,20,fixed,reuse,,False,,,0,,6832,unavailable,854.0,unavailable,exact
08_car_exit,fixed_int4,21,fixed,reuse,,False,,,0,,6832,unavailable,854.0,unavailable,exact
08_car_exit,fixed_int4,22,fixed,reuse,,False,,,0,,6832,unavailable,854.0,unavailable,exact
08_car_exit,fixed_int4,23,fixed,reuse,,False,,,0,,6832,unavailable,854.0,unavailable,exact
08_car_exit,fixed_int4,24,fixed,reuse,,False,,,0,,6832,unavailable,854.0,unavailable,exact
08_car_exit,fixed_int4,25,fixed,reuse,,False,,,0,,6832,unavailable,854.0,unavailable,exact
08_car_exit,fixed_int4,26,fixed,reuse,,False,,,0,,6832,unavailable,854.0,unavailable,exact
08_car_exit,fixed_int4,27,fixed,reuse,,False,,,0,,6832,unavailable,854.0,unavailable,exact
08_car_exit,fixed_int4,28,fixed,reuse,,False,,,0,,6832,unavailable,854.0,unavailable,exact
08_car_exit,fixed_int4,29,fixed,reuse,,False,,,0,,6832,unavailable,854.0,unavailable,exact
08_car_exit,fixed_int4,3,fixed,reuse,,False,,,0,,6824,unavailable,853.0,unavailable,exact
08_car_exit,fixed_int4,30,fixed,reuse,,False,,,0,,6832,unavailable,854.0,unavailable,exact
08_car_exit,fixed_int4,31,fixed,reuse,,False,,,0,,6832,unavailable,854.0,unavailable,exact
08_car_exit,fixed_int4,32,fixed,keyframe,selected,True,,,32768,,2248704,unavailable,281088.0,unavailable,exact
08_car_exit,fixed_int4,33,fixed,reuse,,False,,,0,,6832,unavailable,854.0,unavailable,exact
08_car_exit,fixed_int4,34,fixed,reuse,,False,,,0,,6832,unavailable,854.0,unavailable,exact
08_car_exit,fixed_int4,35,fixed,reuse,,False,,,0,,6832,unavailable,854.0,unavailable,exact
08_car_exit,fixed_int4,36,fixed,reuse,,False,,,0,,6832,unavailable,854.0,unavailable,exact
08_car_exit,fixed_int4,37,fixed,reuse,,False,,,0,,6832,unavailable,854.0,unavailable,exact
08_car_exit,fixed_int4,38,fixed,reuse,,False,,,0,,6832,unavailable,854.0,unavailable,exact
08_car_exit,fixed_int4,39,fixed,reuse,,False,,,0,,6832,unavailable,854.0,unavailable,exact
08_car_exit,fixed_int4,4,fixed,reuse,,False,,,0,,6824,unavailable,853.0,unavailable,exact
08_car_exit,fixed_int4,40,fixed,reuse,,False,,,0,,6832,unavailable,854.0,unavailable,exact
08_car_exit,fixed_int4,41,fixed,reuse,,False,,,0,,6832,unavailable,854.0,unavailable,exact
08_car_exit,fixed_int4,42,fixed,reuse,,False,,,0,,6832,unavailable,854.0,unavailable,exact
08_car_exit,fixed_int4,43,fixed,reuse,,False,,,0,,6832,unavailable,854.0,unavailable,exact
08_car_exit,fixed_int4,44,fixed,reuse,,False,,,0,,6832,unavailable,854.0,unavailable,exact
08_car_exit,fixed_int4,45,fixed,reuse,,False,,,0,,6832,unavailable,854.0,unavailable,exact
08_car_exit,fixed_int4,46,fixed,reuse,,False,,,0,,6832,unavailable,854.0,unavailable,exact
08_car_exit,fixed_int4,47,fixed,reuse,,False,,,0,,6832,unavailable,854.0,unavailable,exact
08_car_exit,fixed_int4,48,fixed,keyframe,selected,True,,,32768,,2248704,unavailable,281088.0,unavailable,exact
08_car_exit,fixed_int4,49,fixed,reuse,,False,,,0,,6832,unavailable,854.0,unavailable,exact
08_car_exit,fixed_int4,5,fixed,reuse,,False,,,0,,6824,unavailable,853.0,unavailable,exact
08_car_exit,fixed_int4,50,fixed,reuse,,False,,,0,,6832,unavailable,854.0,unavailable,exact
08_car_exit,fixed_int4,51,fixed,reuse,,False,,,0,,6832,unavailable,854.0,unavailable,exact
08_car_exit,fixed_int4,52,fixed,reuse,,False,,,0,,6832,unavailable,854.0,unavailable,exact
08_car_exit,fixed_int4,53,fixed,reuse,,False,,,0,,6832,unavailable,854.0,unavailable,exact
08_car_exit,fixed_int4,54,fixed,reuse,,False,,,0,,6832,unavailable,854.0,unavailable,exact
08_car_exit,fixed_int4,55,fixed,reuse,,False,,,0,,6832,unavailable,854.0,unavailable,exact
08_car_exit,fixed_int4,56,fixed,reuse,,False,,,0,,6832,unavailable,854.0,unavailable,exact
08_car_exit,fixed_int4,57,fixed,reuse,,False,,,0,,6832,unavailable,854.0,unavailable,exact
08_car_exit,fixed_int4,58,fixed,reuse,,False,,,0,,6832,unavailable,854.0,unavailable,exact
08_car_exit,fixed_int4,59,fixed,reuse,,False,,,0,,6832,unavailable,854.0,unavailable,exact
08_car_exit,fixed_int4,6,fixed,reuse,,False,,,0,,6824,unavailable,853.0,unavailable,exact
08_car_exit,fixed_int4,60,fixed,reuse,,False,,,0,,6832,unavailable,854.0,unavailable,exact
08_car_exit,fixed_int4,61,fixed,reuse,,False,,,0,,6832,unavailable,854.0,unavailable,exact
08_car_exit,fixed_int4,62,fixed,reuse,,False,,,0,,6832,unavailable,854.0,unavailable,exact
08_car_exit,fixed_int4,63,fixed,reuse,,False,,,0,,6832,unavailable,854.0,unavailable,exact
08_car_exit,fixed_int4,64,fixed,keyframe,selected,True,,,32768,,2248704,unavailable,281088.0,unavailable,exact
08_car_exit,fixed_int4,65,fixed,reuse,,False,,,0,,6832,unavailable,854.0,unavailable,exact
08_car_exit,fixed_int4,66,fixed,reuse,,False,,,0,,6832,unavailable,854.0,unavailable,exact
08_car_exit,fixed_int4,67,fixed,reuse,,False,,,0,,6832,unavailable,854.0,unavailable,exact
08_car_exit,fixed_int4,68,fixed,reuse,,False,,,0,,6832,unavailable,854.0,unavailable,exact
08_car_exit,fixed_int4,69,fixed,reuse,,False,,,0,,6832,unavailable,854.0,unavailable,exact
08_car_exit,fixed_int4,7,fixed,reuse,,False,,,0,,6824,unavailable,853.0,unavailable,exact
08_car_exit,fixed_int4,70,fixed,reuse,,False,,,0,,6832,unavailable,854.0,unavailable,exact
08_car_exit,fixed_int4,71,fixed,reuse,,False,,,0,,6832,unavailable,854.0,unavailable,exact
08_car_exit,fixed_int4,72,fixed,reuse,,False,,,0,,6832,unavailable,854.0,unavailable,exact
08_car_exit,fixed_int4,73,fixed,reuse,,False,,,0,,6832,unavailable,854.0,unavailable,exact
08_car_exit,fixed_int4,74,fixed,reuse,,False,,,0,,6832,unavailable,854.0,unavailable,exact
08_car_exit,fixed_int4,75,fixed,reuse,,False,,,0,,6832,unavailable,854.0,unavailable,exact
08_car_exit,fixed_int4,76,fixed,reuse,,False,,,0,,6832,unavailable,854.0,unavailable,exact
08_car_exit,fixed_int4,77,fixed,reuse,,False,,,0,,6832,unavailable,854.0,unavailable,exact
08_car_exit,fixed_int4,78,fixed,reuse,,False,,,0,,6832,unavailable,854.0,unavailable,exact
08_car_exit,fixed_int4,79,fixed,reuse,,False,,,0,,6832,unavailable,854.0,unavailable,exact
08_car_exit,fixed_int4,8,fixed,reuse,,False,,,0,,6824,unavailable,853.0,unavailable,exact
08_car_exit,fixed_int4,80,fixed,keyframe,selected,True,,,32768,,2248704,unavailable,281088.0,unavailable,exact
08_car_exit,fixed_int4,81,fixed,reuse,,False,,,0,,6832,unavailable,854.0,unavailable,exact
08_car_exit,fixed_int4,82,fixed,reuse,,False,,,0,,6832,unavailable,854.0,unavailable,exact
08_car_exit,fixed_int4,83,fixed,reuse,,False,,,0,,6832,unavailable,854.0,unavailable,exact
08_car_exit,fixed_int4,84,fixed,reuse,,False,,,0,,6832,unavailable,854.0,unavailable,exact
08_car_exit,fixed_int4,85,fixed,reuse,,False,,,0,,6832,unavailable,854.0,unavailable,exact
08_car_exit,fixed_int4,86,fixed,reuse,,False,,,0,,6832,unavailable,854.0,unavailable,exact
08_car_exit,fixed_int4,87,fixed,reuse,,False,,,0,,6832,unavailable,854.0,unavailable,exact
08_car_exit,fixed_int4,88,fixed,reuse,,False,,,0,,6832,unavailable,854.0,unavailable,exact
08_car_exit,fixed_int4,89,fixed,reuse,,False,,,0,,6832,unavailable,854.0,unavailable,exact
08_car_exit,fixed_int4,9,fixed,reuse,,False,,,0,,6824,unavailable,853.0,unavailable,exact
08_car_exit,fixed_int4,90,fixed,reuse,,False,,,0,,6832,unavailable,854.0,unavailable,exact
08_car_exit,fixed_int4,91,fixed,reuse,,False,,,0,,6832,unavailable,854.0,unavailable,exact
08_car_exit,fixed_int4,92,fixed,reuse,,False,,,0,,6832,unavailable,854.0,unavailable,exact
08_car_exit,fixed_int4,93,fixed,reuse,,False,,,0,,6832,unavailable,854.0,unavailable,exact
08_car_exit,fixed_int4,94,fixed,reuse,,False,,,0,,6832,unavailable,854.0,unavailable,exact
08_car_exit,fixed_int4,95,fixed,reuse,,False,,,0,,6832,unavailable,854.0,unavailable,exact
08_car_exit,fixed_int4,96,fixed,keyframe,selected,True,,,32768,,2248704,unavailable,281088.0,unavailable,exact
08_car_exit,fixed_int4,97,fixed,reuse,,False,,,0,,6832,unavailable,854.0,unavailable,exact
08_car_exit,fixed_int4,98,fixed,reuse,,False,,,0,,6832,unavailable,854.0,unavailable,exact
08_car_exit,fixed_int4,99,fixed,reuse,,False,,,0,,6832,unavailable,854.0,unavailable,exact
08_car_exit,fixed_int6,0,fixed,keyframe,first_frame,True,,,32768,,2314232,unavailable,289279.0,unavailable,exact
08_car_exit,fixed_int6,1,fixed,reuse,,False,,,0,,6824,unavailable,853.0,unavailable,exact
08_car_exit,fixed_int6,10,fixed,reuse,,False,,,0,,6832,unavailable,854.0,unavailable,exact
08_car_exit,fixed_int6,11,fixed,reuse,,False,,,0,,6832,unavailable,854.0,unavailable,exact
08_car_exit,fixed_int6,12,fixed,reuse,,False,,,0,,6832,unavailable,854.0,unavailable,exact
08_car_exit,fixed_int6,13,fixed,reuse,,False,,,0,,6832,unavailable,854.0,unavailable,exact
08_car_exit,fixed_int6,14,fixed,reuse,,False,,,0,,6832,unavailable,854.0,unavailable,exact
08_car_exit,fixed_int6,15,fixed,reuse,,False,,,0,,6832,unavailable,854.0,unavailable,exact
08_car_exit,fixed_int6,16,fixed,keyframe,selected,True,,,32768,,2314240,unavailable,289280.0,unavailable,exact
08_car_exit,fixed_int6,17,fixed,reuse,,False,,,0,,6832,unavailable,854.0,unavailable,exact
08_car_exit,fixed_int6,18,fixed,reuse,,False,,,0,,6832,unavailable,854.0,unavailable,exact
08_car_exit,fixed_int6,19,fixed,reuse,,False,,,0,,6832,unavailable,854.0,unavailable,exact
08_car_exit,fixed_int6,2,fixed,reuse,,False,,,0,,6824,unavailable,853.0,unavailable,exact
08_car_exit,fixed_int6,20,fixed,reuse,,False,,,0,,6832,unavailable,854.0,unavailable,exact
08_car_exit,fixed_int6,21,fixed,reuse,,False,,,0,,6832,unavailable,854.0,unavailable,exact
08_car_exit,fixed_int6,22,fixed,reuse,,False,,,0,,6832,unavailable,854.0,unavailable,exact
08_car_exit,fixed_int6,23,fixed,reuse,,False,,,0,,6832,unavailable,854.0,unavailable,exact
08_car_exit,fixed_int6,24,fixed,reuse,,False,,,0,,6832,unavailable,854.0,unavailable,exact
08_car_exit,fixed_int6,25,fixed,reuse,,False,,,0,,6832,unavailable,854.0,unavailable,exact
08_car_exit,fixed_int6,26,fixed,reuse,,False,,,0,,6832,unavailable,854.0,unavailable,exact
08_car_exit,fixed_int6,27,fixed,reuse,,False,,,0,,6832,unavailable,854.0,unavailable,exact
08_car_exit,fixed_int6,28,fixed,reuse,,False,,,0,,6832,unavailable,854.0,unavailable,exact
08_car_exit,fixed_int6,29,fixed,reuse,,False,,,0,,6832,unavailable,854.0,unavailable,exact
08_car_exit,fixed_int6,3,fixed,reuse,,False,,,0,,6824,unavailable,853.0,unavailable,exact
08_car_exit,fixed_int6,30,fixed,reuse,,False,,,0,,6832,unavailable,854.0,unavailable,exact
08_car_exit,fixed_int6,31,fixed,reuse,,False,,,0,,6832,unavailable,854.0,unavailable,exact
08_car_exit,fixed_int6,32,fixed,keyframe,selected,True,,,32768,,2314240,unavailable,289280.0,unavailable,exact
08_car_exit,fixed_int6,33,fixed,reuse,,False,,,0,,6832,unavailable,854.0,unavailable,exact
08_car_exit,fixed_int6,34,fixed,reuse,,False,,,0,,6832,unavailable,854.0,unavailable,exact
08_car_exit,fixed_int6,35,fixed,reuse,,False,,,0,,6832,unavailable,854.0,unavailable,exact
08_car_exit,fixed_int6,36,fixed,reuse,,False,,,0,,6832,unavailable,854.0,unavailable,exact
08_car_exit,fixed_int6,37,fixed,reuse,,False,,,0,,6832,unavailable,854.0,unavailable,exact
08_car_exit,fixed_int6,38,fixed,reuse,,False,,,0,,6832,unavailable,854.0,unavailable,exact
08_car_exit,fixed_int6,39,fixed,reuse,,False,,,0,,6832,unavailable,854.0,unavailable,exact
08_car_exit,fixed_int6,4,fixed,reuse,,False,,,0,,6824,unavailable,853.0,unavailable,exact
08_car_exit,fixed_int6,40,fixed,reuse,,False,,,0,,6832,unavailable,854.0,unavailable,exact
08_car_exit,fixed_int6,41,fixed,reuse,,False,,,0,,6832,unavailable,854.0,unavailable,exact
08_car_exit,fixed_int6,42,fixed,reuse,,False,,,0,,6832,unavailable,854.0,unavailable,exact
08_car_exit,fixed_int6,43,fixed,reuse,,False,,,0,,6832,unavailable,854.0,unavailable,exact
08_car_exit,fixed_int6,44,fixed,reuse,,False,,,0,,6832,unavailable,854.0,unavailable,exact
08_car_exit,fixed_int6,45,fixed,reuse,,False,,,0,,6832,unavailable,854.0,unavailable,exact
08_car_exit,fixed_int6,46,fixed,reuse,,False,,,0,,6832,unavailable,854.0,unavailable,exact
08_car_exit,fixed_int6,47,fixed,reuse,,False,,,0,,6832,unavailable,854.0,unavailable,exact
08_car_exit,fixed_int6,48,fixed,keyframe,selected,True,,,32768,,2314240,unavailable,289280.0,unavailable,exact
08_car_exit,fixed_int6,49,fixed,reuse,,False,,,0,,6832,unavailable,854.0,unavailable,exact
08_car_exit,fixed_int6,5,fixed,reuse,,False,,,0,,6824,unavailable,853.0,unavailable,exact
08_car_exit,fixed_int6,50,fixed,reuse,,False,,,0,,6832,unavailable,854.0,unavailable,exact
08_car_exit,fixed_int6,51,fixed,reuse,,False,,,0,,6832,unavailable,854.0,unavailable,exact
08_car_exit,fixed_int6,52,fixed,reuse,,False,,,0,,6832,unavailable,854.0,unavailable,exact
08_car_exit,fixed_int6,53,fixed,reuse,,False,,,0,,6832,unavailable,854.0,unavailable,exact
08_car_exit,fixed_int6,54,fixed,reuse,,False,,,0,,6832,unavailable,854.0,unavailable,exact
08_car_exit,fixed_int6,55,fixed,reuse,,False,,,0,,6832,unavailable,854.0,unavailable,exact
08_car_exit,fixed_int6,56,fixed,reuse,,False,,,0,,6832,unavailable,854.0,unavailable,exact
08_car_exit,fixed_int6,57,fixed,reuse,,False,,,0,,6832,unavailable,854.0,unavailable,exact
08_car_exit,fixed_int6,58,fixed,reuse,,False,,,0,,6832,unavailable,854.0,unavailable,exact
08_car_exit,fixed_int6,59,fixed,reuse,,False,,,0,,6832,unavailable,854.0,unavailable,exact
08_car_exit,fixed_int6,6,fixed,reuse,,False,,,0,,6824,unavailable,853.0,unavailable,exact
08_car_exit,fixed_int6,60,fixed,reuse,,False,,,0,,6832,unavailable,854.0,unavailable,exact
08_car_exit,fixed_int6,61,fixed,reuse,,False,,,0,,6832,unavailable,854.0,unavailable,exact
08_car_exit,fixed_int6,62,fixed,reuse,,False,,,0,,6832,unavailable,854.0,unavailable,exact
08_car_exit,fixed_int6,63,fixed,reuse,,False,,,0,,6832,unavailable,854.0,unavailable,exact
08_car_exit,fixed_int6,64,fixed,keyframe,selected,True,,,32768,,2314240,unavailable,289280.0,unavailable,exact
08_car_exit,fixed_int6,65,fixed,reuse,,False,,,0,,6832,unavailable,854.0,unavailable,exact
08_car_exit,fixed_int6,66,fixed,reuse,,False,,,0,,6832,unavailable,854.0,unavailable,exact
08_car_exit,fixed_int6,67,fixed,reuse,,False,,,0,,6832,unavailable,854.0,unavailable,exact
08_car_exit,fixed_int6,68,fixed,reuse,,False,,,0,,6832,unavailable,854.0,unavailable,exact
08_car_exit,fixed_int6,69,fixed,reuse,,False,,,0,,6832,unavailable,854.0,unavailable,exact
08_car_exit,fixed_int6,7,fixed,reuse,,False,,,0,,6824,unavailable,853.0,unavailable,exact
08_car_exit,fixed_int6,70,fixed,reuse,,False,,,0,,6832,unavailable,854.0,unavailable,exact
08_car_exit,fixed_int6,71,fixed,reuse,,False,,,0,,6832,unavailable,854.0,unavailable,exact
08_car_exit,fixed_int6,72,fixed,reuse,,False,,,0,,6832,unavailable,854.0,unavailable,exact
08_car_exit,fixed_int6,73,fixed,reuse,,False,,,0,,6832,unavailable,854.0,unavailable,exact
08_car_exit,fixed_int6,74,fixed,reuse,,False,,,0,,6832,unavailable,854.0,unavailable,exact
08_car_exit,fixed_int6,75,fixed,reuse,,False,,,0,,6832,unavailable,854.0,unavailable,exact
08_car_exit,fixed_int6,76,fixed,reuse,,False,,,0,,6832,unavailable,854.0,unavailable,exact
08_car_exit,fixed_int6,77,fixed,reuse,,False,,,0,,6832,unavailable,854.0,unavailable,exact
08_car_exit,fixed_int6,78,fixed,reuse,,False,,,0,,6832,unavailable,854.0,unavailable,exact
08_car_exit,fixed_int6,79,fixed,reuse,,False,,,0,,6832,unavailable,854.0,unavailable,exact
08_car_exit,fixed_int6,8,fixed,reuse,,False,,,0,,6824,unavailable,853.0,unavailable,exact
08_car_exit,fixed_int6,80,fixed,keyframe,selected,True,,,32768,,2314240,unavailable,289280.0,unavailable,exact
08_car_exit,fixed_int6,81,fixed,reuse,,False,,,0,,6832,unavailable,854.0,unavailable,exact
08_car_exit,fixed_int6,82,fixed,reuse,,False,,,0,,6832,unavailable,854.0,unavailable,exact
08_car_exit,fixed_int6,83,fixed,reuse,,False,,,0,,6832,unavailable,854.0,unavailable,exact
08_car_exit,fixed_int6,84,fixed,reuse,,False,,,0,,6832,unavailable,854.0,unavailable,exact
08_car_exit,fixed_int6,85,fixed,reuse,,False,,,0,,6832,unavailable,854.0,unavailable,exact
08_car_exit,fixed_int6,86,fixed,reuse,,False,,,0,,6832,unavailable,854.0,unavailable,exact
08_car_exit,fixed_int6,87,fixed,reuse,,False,,,0,,6832,unavailable,854.0,unavailable,exact
08_car_exit,fixed_int6,88,fixed,reuse,,False,,,0,,6832,unavailable,854.0,unavailable,exact
08_car_exit,fixed_int6,89,fixed,reuse,,False,,,0,,6832,unavailable,854.0,unavailable,exact
08_car_exit,fixed_int6,9,fixed,reuse,,False,,,0,,6824,unavailable,853.0,unavailable,exact
08_car_exit,fixed_int6,90,fixed,reuse,,False,,,0,,6832,unavailable,854.0,unavailable,exact
08_car_exit,fixed_int6,91,fixed,reuse,,False,,,0,,6832,unavailable,854.0,unavailable,exact
08_car_exit,fixed_int6,92,fixed,reuse,,False,,,0,,6832,unavailable,854.0,unavailable,exact
08_car_exit,fixed_int6,93,fixed,reuse,,False,,,0,,6832,unavailable,854.0,unavailable,exact
08_car_exit,fixed_int6,94,fixed,reuse,,False,,,0,,6832,unavailable,854.0,unavailable,exact
08_car_exit,fixed_int6,95,fixed,reuse,,False,,,0,,6832,unavailable,854.0,unavailable,exact
08_car_exit,fixed_int6,96,fixed,keyframe,selected,True,,,32768,,2314240,unavailable,289280.0,unavailable,exact
08_car_exit,fixed_int6,97,fixed,reuse,,False,,,0,,6832,unavailable,854.0,unavailable,exact
08_car_exit,fixed_int6,98,fixed,reuse,,False,,,0,,6832,unavailable,854.0,unavailable,exact
08_car_exit,fixed_int6,99,fixed,reuse,,False,,,0,,6832,unavailable,854.0,unavailable,exact
08_car_exit,fixed_int8,0,fixed,keyframe,first_frame,True,,,32768,,2379768,unavailable,297471.0,unavailable,exact
08_car_exit,fixed_int8,1,fixed,reuse,,False,,,0,,6824,unavailable,853.0,unavailable,exact
08_car_exit,fixed_int8,10,fixed,reuse,,False,,,0,,6832,unavailable,854.0,unavailable,exact
08_car_exit,fixed_int8,11,fixed,reuse,,False,,,0,,6832,unavailable,854.0,unavailable,exact
08_car_exit,fixed_int8,12,fixed,reuse,,False,,,0,,6832,unavailable,854.0,unavailable,exact
08_car_exit,fixed_int8,13,fixed,reuse,,False,,,0,,6832,unavailable,854.0,unavailable,exact
08_car_exit,fixed_int8,14,fixed,reuse,,False,,,0,,6832,unavailable,854.0,unavailable,exact
08_car_exit,fixed_int8,15,fixed,reuse,,False,,,0,,6832,unavailable,854.0,unavailable,exact
08_car_exit,fixed_int8,16,fixed,keyframe,selected,True,,,32768,,2379776,unavailable,297472.0,unavailable,exact
08_car_exit,fixed_int8,17,fixed,reuse,,False,,,0,,6832,unavailable,854.0,unavailable,exact
08_car_exit,fixed_int8,18,fixed,reuse,,False,,,0,,6832,unavailable,854.0,unavailable,exact
08_car_exit,fixed_int8,19,fixed,reuse,,False,,,0,,6832,unavailable,854.0,unavailable,exact
08_car_exit,fixed_int8,2,fixed,reuse,,False,,,0,,6824,unavailable,853.0,unavailable,exact
08_car_exit,fixed_int8,20,fixed,reuse,,False,,,0,,6832,unavailable,854.0,unavailable,exact
08_car_exit,fixed_int8,21,fixed,reuse,,False,,,0,,6832,unavailable,854.0,unavailable,exact
08_car_exit,fixed_int8,22,fixed,reuse,,False,,,0,,6832,unavailable,854.0,unavailable,exact
08_car_exit,fixed_int8,23,fixed,reuse,,False,,,0,,6832,unavailable,854.0,unavailable,exact
08_car_exit,fixed_int8,24,fixed,reuse,,False,,,0,,6832,unavailable,854.0,unavailable,exact
08_car_exit,fixed_int8,25,fixed,reuse,,False,,,0,,6832,unavailable,854.0,unavailable,exact
08_car_exit,fixed_int8,26,fixed,reuse,,False,,,0,,6832,unavailable,854.0,unavailable,exact
08_car_exit,fixed_int8,27,fixed,reuse,,False,,,0,,6832,unavailable,854.0,unavailable,exact
08_car_exit,fixed_int8,28,fixed,reuse,,False,,,0,,6832,unavailable,854.0,unavailable,exact
08_car_exit,fixed_int8,29,fixed,reuse,,False,,,0,,6832,unavailable,854.0,unavailable,exact
08_car_exit,fixed_int8,3,fixed,reuse,,False,,,0,,6824,unavailable,853.0,unavailable,exact
08_car_exit,fixed_int8,30,fixed,reuse,,False,,,0,,6832,unavailable,854.0,unavailable,exact
08_car_exit,fixed_int8,31,fixed,reuse,,False,,,0,,6832,unavailable,854.0,unavailable,exact
08_car_exit,fixed_int8,32,fixed,keyframe,selected,True,,,32768,,2379776,unavailable,297472.0,unavailable,exact
08_car_exit,fixed_int8,33,fixed,reuse,,False,,,0,,6832,unavailable,854.0,unavailable,exact
08_car_exit,fixed_int8,34,fixed,reuse,,False,,,0,,6832,unavailable,854.0,unavailable,exact
08_car_exit,fixed_int8,35,fixed,reuse,,False,,,0,,6832,unavailable,854.0,unavailable,exact
08_car_exit,fixed_int8,36,fixed,reuse,,False,,,0,,6832,unavailable,854.0,unavailable,exact
08_car_exit,fixed_int8,37,fixed,reuse,,False,,,0,,6832,unavailable,854.0,unavailable,exact
08_car_exit,fixed_int8,38,fixed,reuse,,False,,,0,,6832,unavailable,854.0,unavailable,exact
08_car_exit,fixed_int8,39,fixed,reuse,,False,,,0,,6832,unavailable,854.0,unavailable,exact
08_car_exit,fixed_int8,4,fixed,reuse,,False,,,0,,6824,unavailable,853.0,unavailable,exact
08_car_exit,fixed_int8,40,fixed,reuse,,False,,,0,,6832,unavailable,854.0,unavailable,exact
08_car_exit,fixed_int8,41,fixed,reuse,,False,,,0,,6832,unavailable,854.0,unavailable,exact
08_car_exit,fixed_int8,42,fixed,reuse,,False,,,0,,6832,unavailable,854.0,unavailable,exact
08_car_exit,fixed_int8,43,fixed,reuse,,False,,,0,,6832,unavailable,854.0,unavailable,exact
08_car_exit,fixed_int8,44,fixed,reuse,,False,,,0,,6832,unavailable,854.0,unavailable,exact
08_car_exit,fixed_int8,45,fixed,reuse,,False,,,0,,6832,unavailable,854.0,unavailable,exact
08_car_exit,fixed_int8,46,fixed,reuse,,False,,,0,,6832,unavailable,854.0,unavailable,exact
08_car_exit,fixed_int8,47,fixed,reuse,,False,,,0,,6832,unavailable,854.0,unavailable,exact
08_car_exit,fixed_int8,48,fixed,keyframe,selected,True,,,32768,,2379776,unavailable,297472.0,unavailable,exact
08_car_exit,fixed_int8,49,fixed,reuse,,False,,,0,,6832,unavailable,854.0,unavailable,exact
08_car_exit,fixed_int8,5,fixed,reuse,,False,,,0,,6824,unavailable,853.0,unavailable,exact
08_car_exit,fixed_int8,50,fixed,reuse,,False,,,0,,6832,unavailable,854.0,unavailable,exact
08_car_exit,fixed_int8,51,fixed,reuse,,False,,,0,,6832,unavailable,854.0,unavailable,exact
08_car_exit,fixed_int8,52,fixed,reuse,,False,,,0,,6832,unavailable,854.0,unavailable,exact
08_car_exit,fixed_int8,53,fixed,reuse,,False,,,0,,6832,unavailable,854.0,unavailable,exact
08_car_exit,fixed_int8,54,fixed,reuse,,False,,,0,,6832,unavailable,854.0,unavailable,exact
08_car_exit,fixed_int8,55,fixed,reuse,,False,,,0,,6832,unavailable,854.0,unavailable,exact
08_car_exit,fixed_int8,56,fixed,reuse,,False,,,0,,6832,unavailable,854.0,unavailable,exact
08_car_exit,fixed_int8,57,fixed,reuse,,False,,,0,,6832,unavailable,854.0,unavailable,exact
08_car_exit,fixed_int8,58,fixed,reuse,,False,,,0,,6832,unavailable,854.0,unavailable,exact
08_car_exit,fixed_int8,59,fixed,reuse,,False,,,0,,6832,unavailable,854.0,unavailable,exact
08_car_exit,fixed_int8,6,fixed,reuse,,False,,,0,,6824,unavailable,853.0,unavailable,exact
08_car_exit,fixed_int8,60,fixed,reuse,,False,,,0,,6832,unavailable,854.0,unavailable,exact
08_car_exit,fixed_int8,61,fixed,reuse,,False,,,0,,6832,unavailable,854.0,unavailable,exact
08_car_exit,fixed_int8,62,fixed,reuse,,False,,,0,,6832,unavailable,854.0,unavailable,exact
08_car_exit,fixed_int8,63,fixed,reuse,,False,,,0,,6832,unavailable,854.0,unavailable,exact
08_car_exit,fixed_int8,64,fixed,keyframe,selected,True,,,32768,,2379776,unavailable,297472.0,unavailable,exact
08_car_exit,fixed_int8,65,fixed,reuse,,False,,,0,,6832,unavailable,854.0,unavailable,exact
08_car_exit,fixed_int8,66,fixed,reuse,,False,,,0,,6832,unavailable,854.0,unavailable,exact
08_car_exit,fixed_int8,67,fixed,reuse,,False,,,0,,6832,unavailable,854.0,unavailable,exact
08_car_exit,fixed_int8,68,fixed,reuse,,False,,,0,,6832,unavailable,854.0,unavailable,exact
08_car_exit,fixed_int8,69,fixed,reuse,,False,,,0,,6832,unavailable,854.0,unavailable,exact
08_car_exit,fixed_int8,7,fixed,reuse,,False,,,0,,6824,unavailable,853.0,unavailable,exact
08_car_exit,fixed_int8,70,fixed,reuse,,False,,,0,,6832,unavailable,854.0,unavailable,exact
08_car_exit,fixed_int8,71,fixed,reuse,,False,,,0,,6832,unavailable,854.0,unavailable,exact
08_car_exit,fixed_int8,72,fixed,reuse,,False,,,0,,6832,unavailable,854.0,unavailable,exact
08_car_exit,fixed_int8,73,fixed,reuse,,False,,,0,,6832,unavailable,854.0,unavailable,exact
08_car_exit,fixed_int8,74,fixed,reuse,,False,,,0,,6832,unavailable,854.0,unavailable,exact
08_car_exit,fixed_int8,75,fixed,reuse,,False,,,0,,6832,unavailable,854.0,unavailable,exact
08_car_exit,fixed_int8,76,fixed,reuse,,False,,,0,,6832,unavailable,854.0,unavailable,exact
08_car_exit,fixed_int8,77,fixed,reuse,,False,,,0,,6832,unavailable,854.0,unavailable,exact
08_car_exit,fixed_int8,78,fixed,reuse,,False,,,0,,6832,unavailable,854.0,unavailable,exact
08_car_exit,fixed_int8,79,fixed,reuse,,False,,,0,,6832,unavailable,854.0,unavailable,exact
08_car_exit,fixed_int8,8,fixed,reuse,,False,,,0,,6824,unavailable,853.0,unavailable,exact
08_car_exit,fixed_int8,80,fixed,keyframe,selected,True,,,32768,,2379776,unavailable,297472.0,unavailable,exact
08_car_exit,fixed_int8,81,fixed,reuse,,False,,,0,,6832,unavailable,854.0,unavailable,exact
08_car_exit,fixed_int8,82,fixed,reuse,,False,,,0,,6832,unavailable,854.0,unavailable,exact
08_car_exit,fixed_int8,83,fixed,reuse,,False,,,0,,6832,unavailable,854.0,unavailable,exact
08_car_exit,fixed_int8,84,fixed,reuse,,False,,,0,,6832,unavailable,854.0,unavailable,exact
08_car_exit,fixed_int8,85,fixed,reuse,,False,,,0,,6832,unavailable,854.0,unavailable,exact
08_car_exit,fixed_int8,86,fixed,reuse,,False,,,0,,6832,unavailable,854.0,unavailable,exact
08_car_exit,fixed_int8,87,fixed,reuse,,False,,,0,,6832,unavailable,854.0,unavailable,exact
08_car_exit,fixed_int8,88,fixed,reuse,,False,,,0,,6832,unavailable,854.0,unavailable,exact
08_car_exit,fixed_int8,89,fixed,reuse,,False,,,0,,6832,unavailable,854.0,unavailable,exact
08_car_exit,fixed_int8,9,fixed,reuse,,False,,,0,,6824,unavailable,853.0,unavailable,exact
08_car_exit,fixed_int8,90,fixed,reuse,,False,,,0,,6832,unavailable,854.0,unavailable,exact
08_car_exit,fixed_int8,91,fixed,reuse,,False,,,0,,6832,unavailable,854.0,unavailable,exact
08_car_exit,fixed_int8,92,fixed,reuse,,False,,,0,,6832,unavailable,854.0,unavailable,exact
08_car_exit,fixed_int8,93,fixed,reuse,,False,,,0,,6832,unavailable,854.0,unavailable,exact
08_car_exit,fixed_int8,94,fixed,reuse,,False,,,0,,6832,unavailable,854.0,unavailable,exact
08_car_exit,fixed_int8,95,fixed,reuse,,False,,,0,,6832,unavailable,854.0,unavailable,exact
08_car_exit,fixed_int8,96,fixed,keyframe,selected,True,,,32768,,2379776,unavailable,297472.0,unavailable,exact
08_car_exit,fixed_int8,97,fixed,reuse,,False,,,0,,6832,unavailable,854.0,unavailable,exact
08_car_exit,fixed_int8,98,fixed,reuse,,False,,,0,,6832,unavailable,854.0,unavailable,exact
08_car_exit,fixed_int8,99,fixed,reuse,,False,,,0,,6832,unavailable,854.0,unavailable,exact
09_scene_cut_chair_car,fixed_awgn,0,fixed,keyframe,first_frame,True,,,32768,32768,2106728,unavailable,263341.0,unavailable,exact
09_scene_cut_chair_car,fixed_awgn,1,fixed,reuse,,False,,,0,,5064,unavailable,633.0,unavailable,exact
09_scene_cut_chair_car,fixed_awgn,10,fixed,reuse,,False,,,0,,5072,unavailable,634.0,unavailable,exact
09_scene_cut_chair_car,fixed_awgn,11,fixed,reuse,,False,,,0,,5072,unavailable,634.0,unavailable,exact
09_scene_cut_chair_car,fixed_awgn,12,fixed,reuse,,False,,,0,,5072,unavailable,634.0,unavailable,exact
09_scene_cut_chair_car,fixed_awgn,13,fixed,reuse,,False,,,0,,5072,unavailable,634.0,unavailable,exact
09_scene_cut_chair_car,fixed_awgn,14,fixed,reuse,,False,,,0,,5072,unavailable,634.0,unavailable,exact
09_scene_cut_chair_car,fixed_awgn,15,fixed,reuse,,False,,,0,,5072,unavailable,634.0,unavailable,exact
09_scene_cut_chair_car,fixed_awgn,16,fixed,keyframe,selected,True,,,32768,32768,2106736,unavailable,263342.0,unavailable,exact
09_scene_cut_chair_car,fixed_awgn,17,fixed,reuse,,False,,,0,,5072,unavailable,634.0,unavailable,exact
09_scene_cut_chair_car,fixed_awgn,18,fixed,reuse,,False,,,0,,5072,unavailable,634.0,unavailable,exact
09_scene_cut_chair_car,fixed_awgn,19,fixed,reuse,,False,,,0,,5072,unavailable,634.0,unavailable,exact
09_scene_cut_chair_car,fixed_awgn,2,fixed,reuse,,False,,,0,,5064,unavailable,633.0,unavailable,exact
09_scene_cut_chair_car,fixed_awgn,20,fixed,reuse,,False,,,0,,5072,unavailable,634.0,unavailable,exact
09_scene_cut_chair_car,fixed_awgn,21,fixed,reuse,,False,,,0,,5072,unavailable,634.0,unavailable,exact
09_scene_cut_chair_car,fixed_awgn,22,fixed,reuse,,False,,,0,,5072,unavailable,634.0,unavailable,exact
09_scene_cut_chair_car,fixed_awgn,23,fixed,reuse,,False,,,0,,5072,unavailable,634.0,unavailable,exact
09_scene_cut_chair_car,fixed_awgn,24,fixed,reuse,,False,,,0,,5072,unavailable,634.0,unavailable,exact
09_scene_cut_chair_car,fixed_awgn,25,fixed,reuse,,False,,,0,,5072,unavailable,634.0,unavailable,exact
09_scene_cut_chair_car,fixed_awgn,26,fixed,reuse,,False,,,0,,5072,unavailable,634.0,unavailable,exact
09_scene_cut_chair_car,fixed_awgn,27,fixed,reuse,,False,,,0,,5072,unavailable,634.0,unavailable,exact
09_scene_cut_chair_car,fixed_awgn,28,fixed,reuse,,False,,,0,,5072,unavailable,634.0,unavailable,exact
09_scene_cut_chair_car,fixed_awgn,29,fixed,reuse,,False,,,0,,5072,unavailable,634.0,unavailable,exact
09_scene_cut_chair_car,fixed_awgn,3,fixed,reuse,,False,,,0,,5064,unavailable,633.0,unavailable,exact
09_scene_cut_chair_car,fixed_awgn,30,fixed,keyframe,selected,True,,,32768,32768,2108608,unavailable,263576.0,unavailable,exact
09_scene_cut_chair_car,fixed_awgn,31,fixed,reuse,,False,,,0,,5728,unavailable,716.0,unavailable,exact
09_scene_cut_chair_car,fixed_awgn,32,fixed,reuse,,False,,,0,,5728,unavailable,716.0,unavailable,exact
09_scene_cut_chair_car,fixed_awgn,33,fixed,reuse,,False,,,0,,5728,unavailable,716.0,unavailable,exact
09_scene_cut_chair_car,fixed_awgn,34,fixed,reuse,,False,,,0,,5728,unavailable,716.0,unavailable,exact
09_scene_cut_chair_car,fixed_awgn,35,fixed,reuse,,False,,,0,,5728,unavailable,716.0,unavailable,exact
09_scene_cut_chair_car,fixed_awgn,36,fixed,reuse,,False,,,0,,5728,unavailable,716.0,unavailable,exact
09_scene_cut_chair_car,fixed_awgn,37,fixed,reuse,,False,,,0,,5728,unavailable,716.0,unavailable,exact
09_scene_cut_chair_car,fixed_awgn,38,fixed,reuse,,False,,,0,,5728,unavailable,716.0,unavailable,exact
09_scene_cut_chair_car,fixed_awgn,39,fixed,reuse,,False,,,0,,5728,unavailable,716.0,unavailable,exact
09_scene_cut_chair_car,fixed_awgn,4,fixed,reuse,,False,,,0,,5064,unavailable,633.0,unavailable,exact
09_scene_cut_chair_car,fixed_awgn,40,fixed,reuse,,False,,,0,,5728,unavailable,716.0,unavailable,exact
09_scene_cut_chair_car,fixed_awgn,41,fixed,reuse,,False,,,0,,5728,unavailable,716.0,unavailable,exact
09_scene_cut_chair_car,fixed_awgn,42,fixed,reuse,,False,,,0,,5728,unavailable,716.0,unavailable,exact
09_scene_cut_chair_car,fixed_awgn,43,fixed,reuse,,False,,,0,,5728,unavailable,716.0,unavailable,exact
09_scene_cut_chair_car,fixed_awgn,44,fixed,reuse,,False,,,0,,5728,unavailable,716.0,unavailable,exact
09_scene_cut_chair_car,fixed_awgn,45,fixed,reuse,,False,,,0,,5728,unavailable,716.0,unavailable,exact
09_scene_cut_chair_car,fixed_awgn,46,fixed,keyframe,selected,True,,,32768,32768,2108608,unavailable,263576.0,unavailable,exact
09_scene_cut_chair_car,fixed_awgn,47,fixed,reuse,,False,,,0,,5728,unavailable,716.0,unavailable,exact
09_scene_cut_chair_car,fixed_awgn,48,fixed,reuse,,False,,,0,,5728,unavailable,716.0,unavailable,exact
09_scene_cut_chair_car,fixed_awgn,49,fixed,reuse,,False,,,0,,5728,unavailable,716.0,unavailable,exact
09_scene_cut_chair_car,fixed_awgn,5,fixed,reuse,,False,,,0,,5064,unavailable,633.0,unavailable,exact
09_scene_cut_chair_car,fixed_awgn,50,fixed,reuse,,False,,,0,,5728,unavailable,716.0,unavailable,exact
09_scene_cut_chair_car,fixed_awgn,51,fixed,reuse,,False,,,0,,5728,unavailable,716.0,unavailable,exact
09_scene_cut_chair_car,fixed_awgn,52,fixed,reuse,,False,,,0,,5728,unavailable,716.0,unavailable,exact
09_scene_cut_chair_car,fixed_awgn,53,fixed,reuse,,False,,,0,,5728,unavailable,716.0,unavailable,exact
09_scene_cut_chair_car,fixed_awgn,54,fixed,reuse,,False,,,0,,5728,unavailable,716.0,unavailable,exact
09_scene_cut_chair_car,fixed_awgn,55,fixed,reuse,,False,,,0,,5728,unavailable,716.0,unavailable,exact
09_scene_cut_chair_car,fixed_awgn,56,fixed,reuse,,False,,,0,,5728,unavailable,716.0,unavailable,exact
09_scene_cut_chair_car,fixed_awgn,57,fixed,reuse,,False,,,0,,5728,unavailable,716.0,unavailable,exact
09_scene_cut_chair_car,fixed_awgn,58,fixed,reuse,,False,,,0,,5728,unavailable,716.0,unavailable,exact
09_scene_cut_chair_car,fixed_awgn,59,fixed,reuse,,False,,,0,,5728,unavailable,716.0,unavailable,exact
09_scene_cut_chair_car,fixed_awgn,6,fixed,reuse,,False,,,0,,5064,unavailable,633.0,unavailable,exact
09_scene_cut_chair_car,fixed_awgn,60,fixed,reuse,,False,,,0,,5728,unavailable,716.0,unavailable,exact
09_scene_cut_chair_car,fixed_awgn,61,fixed,reuse,,False,,,0,,5728,unavailable,716.0,unavailable,exact
09_scene_cut_chair_car,fixed_awgn,62,fixed,keyframe,selected,True,,,32768,32768,2108608,unavailable,263576.0,unavailable,exact
09_scene_cut_chair_car,fixed_awgn,63,fixed,reuse,,False,,,0,,5728,unavailable,716.0,unavailable,exact
09_scene_cut_chair_car,fixed_awgn,64,fixed,reuse,,False,,,0,,5728,unavailable,716.0,unavailable,exact
09_scene_cut_chair_car,fixed_awgn,65,fixed,reuse,,False,,,0,,5728,unavailable,716.0,unavailable,exact
09_scene_cut_chair_car,fixed_awgn,66,fixed,reuse,,False,,,0,,5728,unavailable,716.0,unavailable,exact
09_scene_cut_chair_car,fixed_awgn,67,fixed,reuse,,False,,,0,,5728,unavailable,716.0,unavailable,exact
09_scene_cut_chair_car,fixed_awgn,68,fixed,reuse,,False,,,0,,5728,unavailable,716.0,unavailable,exact
09_scene_cut_chair_car,fixed_awgn,69,fixed,reuse,,False,,,0,,5728,unavailable,716.0,unavailable,exact
09_scene_cut_chair_car,fixed_awgn,7,fixed,reuse,,False,,,0,,5064,unavailable,633.0,unavailable,exact
09_scene_cut_chair_car,fixed_awgn,70,fixed,reuse,,False,,,0,,5728,unavailable,716.0,unavailable,exact
09_scene_cut_chair_car,fixed_awgn,71,fixed,reuse,,False,,,0,,5728,unavailable,716.0,unavailable,exact
09_scene_cut_chair_car,fixed_awgn,72,fixed,reuse,,False,,,0,,5728,unavailable,716.0,unavailable,exact
09_scene_cut_chair_car,fixed_awgn,73,fixed,reuse,,False,,,0,,5728,unavailable,716.0,unavailable,exact
09_scene_cut_chair_car,fixed_awgn,74,fixed,reuse,,False,,,0,,5728,unavailable,716.0,unavailable,exact
09_scene_cut_chair_car,fixed_awgn,75,fixed,reuse,,False,,,0,,5728,unavailable,716.0,unavailable,exact
09_scene_cut_chair_car,fixed_awgn,76,fixed,reuse,,False,,,0,,5728,unavailable,716.0,unavailable,exact
09_scene_cut_chair_car,fixed_awgn,77,fixed,reuse,,False,,,0,,5728,unavailable,716.0,unavailable,exact
09_scene_cut_chair_car,fixed_awgn,78,fixed,keyframe,selected,True,,,32768,32768,2108608,unavailable,263576.0,unavailable,exact
09_scene_cut_chair_car,fixed_awgn,79,fixed,reuse,,False,,,0,,5728,unavailable,716.0,unavailable,exact
09_scene_cut_chair_car,fixed_awgn,8,fixed,reuse,,False,,,0,,5064,unavailable,633.0,unavailable,exact
09_scene_cut_chair_car,fixed_awgn,80,fixed,reuse,,False,,,0,,5728,unavailable,716.0,unavailable,exact
09_scene_cut_chair_car,fixed_awgn,81,fixed,reuse,,False,,,0,,5728,unavailable,716.0,unavailable,exact
09_scene_cut_chair_car,fixed_awgn,82,fixed,reuse,,False,,,0,,5728,unavailable,716.0,unavailable,exact
09_scene_cut_chair_car,fixed_awgn,83,fixed,reuse,,False,,,0,,5728,unavailable,716.0,unavailable,exact
09_scene_cut_chair_car,fixed_awgn,84,fixed,reuse,,False,,,0,,5728,unavailable,716.0,unavailable,exact
09_scene_cut_chair_car,fixed_awgn,85,fixed,reuse,,False,,,0,,5728,unavailable,716.0,unavailable,exact
09_scene_cut_chair_car,fixed_awgn,86,fixed,reuse,,False,,,0,,5728,unavailable,716.0,unavailable,exact
09_scene_cut_chair_car,fixed_awgn,87,fixed,reuse,,False,,,0,,5728,unavailable,716.0,unavailable,exact
09_scene_cut_chair_car,fixed_awgn,88,fixed,reuse,,False,,,0,,5728,unavailable,716.0,unavailable,exact
09_scene_cut_chair_car,fixed_awgn,89,fixed,reuse,,False,,,0,,5728,unavailable,716.0,unavailable,exact
09_scene_cut_chair_car,fixed_awgn,9,fixed,reuse,,False,,,0,,5064,unavailable,633.0,unavailable,exact
09_scene_cut_chair_car,fixed_awgn,90,fixed,reuse,,False,,,0,,5728,unavailable,716.0,unavailable,exact
09_scene_cut_chair_car,fixed_awgn,91,fixed,reuse,,False,,,0,,5728,unavailable,716.0,unavailable,exact
09_scene_cut_chair_car,fixed_awgn,92,fixed,reuse,,False,,,0,,5728,unavailable,716.0,unavailable,exact
09_scene_cut_chair_car,fixed_awgn,93,fixed,reuse,,False,,,0,,5728,unavailable,716.0,unavailable,exact
09_scene_cut_chair_car,fixed_awgn,94,fixed,keyframe,selected,True,,,32768,32768,2108608,unavailable,263576.0,unavailable,exact
09_scene_cut_chair_car,fixed_awgn,95,fixed,reuse,,False,,,0,,5728,unavailable,716.0,unavailable,exact
09_scene_cut_chair_car,fixed_awgn,96,fixed,reuse,,False,,,0,,5728,unavailable,716.0,unavailable,exact
09_scene_cut_chair_car,fixed_awgn,97,fixed,reuse,,False,,,0,,5728,unavailable,716.0,unavailable,exact
09_scene_cut_chair_car,fixed_awgn,98,fixed,reuse,,False,,,0,,5728,unavailable,716.0,unavailable,exact
09_scene_cut_chair_car,fixed_awgn,99,fixed,reuse,,False,,,0,,5728,unavailable,716.0,unavailable,exact
09_scene_cut_chair_car,fixed_float32,0,fixed,keyframe,first_frame,True,,,32768,,3161840,unavailable,395230.0,unavailable,exact
09_scene_cut_chair_car,fixed_float32,1,fixed,reuse,,False,,,0,,5088,unavailable,636.0,unavailable,exact
09_scene_cut_chair_car,fixed_float32,10,fixed,reuse,,False,,,0,,5096,unavailable,637.0,unavailable,exact
09_scene_cut_chair_car,fixed_float32,11,fixed,reuse,,False,,,0,,5096,unavailable,637.0,unavailable,exact
09_scene_cut_chair_car,fixed_float32,12,fixed,reuse,,False,,,0,,5096,unavailable,637.0,unavailable,exact
09_scene_cut_chair_car,fixed_float32,13,fixed,reuse,,False,,,0,,5096,unavailable,637.0,unavailable,exact
09_scene_cut_chair_car,fixed_float32,14,fixed,reuse,,False,,,0,,5096,unavailable,637.0,unavailable,exact
09_scene_cut_chair_car,fixed_float32,15,fixed,reuse,,False,,,0,,5096,unavailable,637.0,unavailable,exact
09_scene_cut_chair_car,fixed_float32,16,fixed,keyframe,selected,True,,,32768,,3161848,unavailable,395231.0,unavailable,exact
09_scene_cut_chair_car,fixed_float32,17,fixed,reuse,,False,,,0,,5096,unavailable,637.0,unavailable,exact
09_scene_cut_chair_car,fixed_float32,18,fixed,reuse,,False,,,0,,5096,unavailable,637.0,unavailable,exact
09_scene_cut_chair_car,fixed_float32,19,fixed,reuse,,False,,,0,,5096,unavailable,637.0,unavailable,exact
09_scene_cut_chair_car,fixed_float32,2,fixed,reuse,,False,,,0,,5088,unavailable,636.0,unavailable,exact
09_scene_cut_chair_car,fixed_float32,20,fixed,reuse,,False,,,0,,5096,unavailable,637.0,unavailable,exact
09_scene_cut_chair_car,fixed_float32,21,fixed,reuse,,False,,,0,,5096,unavailable,637.0,unavailable,exact
09_scene_cut_chair_car,fixed_float32,22,fixed,reuse,,False,,,0,,5096,unavailable,637.0,unavailable,exact
09_scene_cut_chair_car,fixed_float32,23,fixed,reuse,,False,,,0,,5096,unavailable,637.0,unavailable,exact
09_scene_cut_chair_car,fixed_float32,24,fixed,reuse,,False,,,0,,5096,unavailable,637.0,unavailable,exact
09_scene_cut_chair_car,fixed_float32,25,fixed,reuse,,False,,,0,,5096,unavailable,637.0,unavailable,exact
09_scene_cut_chair_car,fixed_float32,26,fixed,reuse,,False,,,0,,5096,unavailable,637.0,unavailable,exact
09_scene_cut_chair_car,fixed_float32,27,fixed,reuse,,False,,,0,,5096,unavailable,637.0,unavailable,exact
09_scene_cut_chair_car,fixed_float32,28,fixed,reuse,,False,,,0,,5096,unavailable,637.0,unavailable,exact
09_scene_cut_chair_car,fixed_float32,29,fixed,reuse,,False,,,0,,5096,unavailable,637.0,unavailable,exact
09_scene_cut_chair_car,fixed_float32,3,fixed,reuse,,False,,,0,,5088,unavailable,636.0,unavailable,exact
09_scene_cut_chair_car,fixed_float32,30,fixed,keyframe,selected,True,,,32768,,3163720,unavailable,395465.0,unavailable,exact
09_scene_cut_chair_car,fixed_float32,31,fixed,reuse,,False,,,0,,5752,unavailable,719.0,unavailable,exact
09_scene_cut_chair_car,fixed_float32,32,fixed,reuse,,False,,,0,,5752,unavailable,719.0,unavailable,exact
09_scene_cut_chair_car,fixed_float32,33,fixed,reuse,,False,,,0,,5752,unavailable,719.0,unavailable,exact
09_scene_cut_chair_car,fixed_float32,34,fixed,reuse,,False,,,0,,5752,unavailable,719.0,unavailable,exact
09_scene_cut_chair_car,fixed_float32,35,fixed,reuse,,False,,,0,,5752,unavailable,719.0,unavailable,exact
09_scene_cut_chair_car,fixed_float32,36,fixed,reuse,,False,,,0,,5752,unavailable,719.0,unavailable,exact
09_scene_cut_chair_car,fixed_float32,37,fixed,reuse,,False,,,0,,5752,unavailable,719.0,unavailable,exact
09_scene_cut_chair_car,fixed_float32,38,fixed,reuse,,False,,,0,,5752,unavailable,719.0,unavailable,exact
09_scene_cut_chair_car,fixed_float32,39,fixed,reuse,,False,,,0,,5752,unavailable,719.0,unavailable,exact
09_scene_cut_chair_car,fixed_float32,4,fixed,reuse,,False,,,0,,5088,unavailable,636.0,unavailable,exact
09_scene_cut_chair_car,fixed_float32,40,fixed,reuse,,False,,,0,,5752,unavailable,719.0,unavailable,exact
09_scene_cut_chair_car,fixed_float32,41,fixed,reuse,,False,,,0,,5752,unavailable,719.0,unavailable,exact
09_scene_cut_chair_car,fixed_float32,42,fixed,reuse,,False,,,0,,5752,unavailable,719.0,unavailable,exact
09_scene_cut_chair_car,fixed_float32,43,fixed,reuse,,False,,,0,,5752,unavailable,719.0,unavailable,exact
09_scene_cut_chair_car,fixed_float32,44,fixed,reuse,,False,,,0,,5752,unavailable,719.0,unavailable,exact
09_scene_cut_chair_car,fixed_float32,45,fixed,reuse,,False,,,0,,5752,unavailable,719.0,unavailable,exact
09_scene_cut_chair_car,fixed_float32,46,fixed,keyframe,selected,True,,,32768,,3163720,unavailable,395465.0,unavailable,exact
09_scene_cut_chair_car,fixed_float32,47,fixed,reuse,,False,,,0,,5752,unavailable,719.0,unavailable,exact
09_scene_cut_chair_car,fixed_float32,48,fixed,reuse,,False,,,0,,5752,unavailable,719.0,unavailable,exact
09_scene_cut_chair_car,fixed_float32,49,fixed,reuse,,False,,,0,,5752,unavailable,719.0,unavailable,exact
09_scene_cut_chair_car,fixed_float32,5,fixed,reuse,,False,,,0,,5088,unavailable,636.0,unavailable,exact
09_scene_cut_chair_car,fixed_float32,50,fixed,reuse,,False,,,0,,5752,unavailable,719.0,unavailable,exact
09_scene_cut_chair_car,fixed_float32,51,fixed,reuse,,False,,,0,,5752,unavailable,719.0,unavailable,exact
09_scene_cut_chair_car,fixed_float32,52,fixed,reuse,,False,,,0,,5752,unavailable,719.0,unavailable,exact
09_scene_cut_chair_car,fixed_float32,53,fixed,reuse,,False,,,0,,5752,unavailable,719.0,unavailable,exact
09_scene_cut_chair_car,fixed_float32,54,fixed,reuse,,False,,,0,,5752,unavailable,719.0,unavailable,exact
09_scene_cut_chair_car,fixed_float32,55,fixed,reuse,,False,,,0,,5752,unavailable,719.0,unavailable,exact
09_scene_cut_chair_car,fixed_float32,56,fixed,reuse,,False,,,0,,5752,unavailable,719.0,unavailable,exact
09_scene_cut_chair_car,fixed_float32,57,fixed,reuse,,False,,,0,,5752,unavailable,719.0,unavailable,exact
09_scene_cut_chair_car,fixed_float32,58,fixed,reuse,,False,,,0,,5752,unavailable,719.0,unavailable,exact
09_scene_cut_chair_car,fixed_float32,59,fixed,reuse,,False,,,0,,5752,unavailable,719.0,unavailable,exact
09_scene_cut_chair_car,fixed_float32,6,fixed,reuse,,False,,,0,,5088,unavailable,636.0,unavailable,exact
09_scene_cut_chair_car,fixed_float32,60,fixed,reuse,,False,,,0,,5752,unavailable,719.0,unavailable,exact
09_scene_cut_chair_car,fixed_float32,61,fixed,reuse,,False,,,0,,5752,unavailable,719.0,unavailable,exact
09_scene_cut_chair_car,fixed_float32,62,fixed,keyframe,selected,True,,,32768,,3163720,unavailable,395465.0,unavailable,exact
09_scene_cut_chair_car,fixed_float32,63,fixed,reuse,,False,,,0,,5752,unavailable,719.0,unavailable,exact
09_scene_cut_chair_car,fixed_float32,64,fixed,reuse,,False,,,0,,5752,unavailable,719.0,unavailable,exact
09_scene_cut_chair_car,fixed_float32,65,fixed,reuse,,False,,,0,,5752,unavailable,719.0,unavailable,exact
09_scene_cut_chair_car,fixed_float32,66,fixed,reuse,,False,,,0,,5752,unavailable,719.0,unavailable,exact
09_scene_cut_chair_car,fixed_float32,67,fixed,reuse,,False,,,0,,5752,unavailable,719.0,unavailable,exact
09_scene_cut_chair_car,fixed_float32,68,fixed,reuse,,False,,,0,,5752,unavailable,719.0,unavailable,exact
09_scene_cut_chair_car,fixed_float32,69,fixed,reuse,,False,,,0,,5752,unavailable,719.0,unavailable,exact
09_scene_cut_chair_car,fixed_float32,7,fixed,reuse,,False,,,0,,5088,unavailable,636.0,unavailable,exact
09_scene_cut_chair_car,fixed_float32,70,fixed,reuse,,False,,,0,,5752,unavailable,719.0,unavailable,exact
09_scene_cut_chair_car,fixed_float32,71,fixed,reuse,,False,,,0,,5752,unavailable,719.0,unavailable,exact
09_scene_cut_chair_car,fixed_float32,72,fixed,reuse,,False,,,0,,5752,unavailable,719.0,unavailable,exact
09_scene_cut_chair_car,fixed_float32,73,fixed,reuse,,False,,,0,,5752,unavailable,719.0,unavailable,exact
09_scene_cut_chair_car,fixed_float32,74,fixed,reuse,,False,,,0,,5752,unavailable,719.0,unavailable,exact
09_scene_cut_chair_car,fixed_float32,75,fixed,reuse,,False,,,0,,5752,unavailable,719.0,unavailable,exact
09_scene_cut_chair_car,fixed_float32,76,fixed,reuse,,False,,,0,,5752,unavailable,719.0,unavailable,exact
09_scene_cut_chair_car,fixed_float32,77,fixed,reuse,,False,,,0,,5752,unavailable,719.0,unavailable,exact
09_scene_cut_chair_car,fixed_float32,78,fixed,keyframe,selected,True,,,32768,,3163720,unavailable,395465.0,unavailable,exact
09_scene_cut_chair_car,fixed_float32,79,fixed,reuse,,False,,,0,,5752,unavailable,719.0,unavailable,exact
09_scene_cut_chair_car,fixed_float32,8,fixed,reuse,,False,,,0,,5088,unavailable,636.0,unavailable,exact
09_scene_cut_chair_car,fixed_float32,80,fixed,reuse,,False,,,0,,5752,unavailable,719.0,unavailable,exact
09_scene_cut_chair_car,fixed_float32,81,fixed,reuse,,False,,,0,,5752,unavailable,719.0,unavailable,exact
09_scene_cut_chair_car,fixed_float32,82,fixed,reuse,,False,,,0,,5752,unavailable,719.0,unavailable,exact
09_scene_cut_chair_car,fixed_float32,83,fixed,reuse,,False,,,0,,5752,unavailable,719.0,unavailable,exact
09_scene_cut_chair_car,fixed_float32,84,fixed,reuse,,False,,,0,,5752,unavailable,719.0,unavailable,exact
09_scene_cut_chair_car,fixed_float32,85,fixed,reuse,,False,,,0,,5752,unavailable,719.0,unavailable,exact
09_scene_cut_chair_car,fixed_float32,86,fixed,reuse,,False,,,0,,5752,unavailable,719.0,unavailable,exact
09_scene_cut_chair_car,fixed_float32,87,fixed,reuse,,False,,,0,,5752,unavailable,719.0,unavailable,exact
09_scene_cut_chair_car,fixed_float32,88,fixed,reuse,,False,,,0,,5752,unavailable,719.0,unavailable,exact
09_scene_cut_chair_car,fixed_float32,89,fixed,reuse,,False,,,0,,5752,unavailable,719.0,unavailable,exact
09_scene_cut_chair_car,fixed_float32,9,fixed,reuse,,False,,,0,,5088,unavailable,636.0,unavailable,exact
09_scene_cut_chair_car,fixed_float32,90,fixed,reuse,,False,,,0,,5752,unavailable,719.0,unavailable,exact
09_scene_cut_chair_car,fixed_float32,91,fixed,reuse,,False,,,0,,5752,unavailable,719.0,unavailable,exact
09_scene_cut_chair_car,fixed_float32,92,fixed,reuse,,False,,,0,,5752,unavailable,719.0,unavailable,exact
09_scene_cut_chair_car,fixed_float32,93,fixed,reuse,,False,,,0,,5752,unavailable,719.0,unavailable,exact
09_scene_cut_chair_car,fixed_float32,94,fixed,keyframe,selected,True,,,32768,,3163720,unavailable,395465.0,unavailable,exact
09_scene_cut_chair_car,fixed_float32,95,fixed,reuse,,False,,,0,,5752,unavailable,719.0,unavailable,exact
09_scene_cut_chair_car,fixed_float32,96,fixed,reuse,,False,,,0,,5752,unavailable,719.0,unavailable,exact
09_scene_cut_chair_car,fixed_float32,97,fixed,reuse,,False,,,0,,5752,unavailable,719.0,unavailable,exact
09_scene_cut_chair_car,fixed_float32,98,fixed,reuse,,False,,,0,,5752,unavailable,719.0,unavailable,exact
09_scene_cut_chair_car,fixed_float32,99,fixed,reuse,,False,,,0,,5752,unavailable,719.0,unavailable,exact
09_scene_cut_chair_car,fixed_int16,0,fixed,keyframe,first_frame,True,,,32768,,2637536,unavailable,329692.0,unavailable,exact
09_scene_cut_chair_car,fixed_int16,1,fixed,reuse,,False,,,0,,5072,unavailable,634.0,unavailable,exact
09_scene_cut_chair_car,fixed_int16,10,fixed,reuse,,False,,,0,,5080,unavailable,635.0,unavailable,exact
09_scene_cut_chair_car,fixed_int16,11,fixed,reuse,,False,,,0,,5080,unavailable,635.0,unavailable,exact
09_scene_cut_chair_car,fixed_int16,12,fixed,reuse,,False,,,0,,5080,unavailable,635.0,unavailable,exact
09_scene_cut_chair_car,fixed_int16,13,fixed,reuse,,False,,,0,,5080,unavailable,635.0,unavailable,exact
09_scene_cut_chair_car,fixed_int16,14,fixed,reuse,,False,,,0,,5080,unavailable,635.0,unavailable,exact
09_scene_cut_chair_car,fixed_int16,15,fixed,reuse,,False,,,0,,5080,unavailable,635.0,unavailable,exact
09_scene_cut_chair_car,fixed_int16,16,fixed,keyframe,selected,True,,,32768,,2637544,unavailable,329693.0,unavailable,exact
09_scene_cut_chair_car,fixed_int16,17,fixed,reuse,,False,,,0,,5080,unavailable,635.0,unavailable,exact
09_scene_cut_chair_car,fixed_int16,18,fixed,reuse,,False,,,0,,5080,unavailable,635.0,unavailable,exact
09_scene_cut_chair_car,fixed_int16,19,fixed,reuse,,False,,,0,,5080,unavailable,635.0,unavailable,exact
09_scene_cut_chair_car,fixed_int16,2,fixed,reuse,,False,,,0,,5072,unavailable,634.0,unavailable,exact
09_scene_cut_chair_car,fixed_int16,20,fixed,reuse,,False,,,0,,5080,unavailable,635.0,unavailable,exact
09_scene_cut_chair_car,fixed_int16,21,fixed,reuse,,False,,,0,,5080,unavailable,635.0,unavailable,exact
09_scene_cut_chair_car,fixed_int16,22,fixed,reuse,,False,,,0,,5080,unavailable,635.0,unavailable,exact
09_scene_cut_chair_car,fixed_int16,23,fixed,reuse,,False,,,0,,5080,unavailable,635.0,unavailable,exact
09_scene_cut_chair_car,fixed_int16,24,fixed,reuse,,False,,,0,,5080,unavailable,635.0,unavailable,exact
09_scene_cut_chair_car,fixed_int16,25,fixed,reuse,,False,,,0,,5080,unavailable,635.0,unavailable,exact
09_scene_cut_chair_car,fixed_int16,26,fixed,reuse,,False,,,0,,5080,unavailable,635.0,unavailable,exact
09_scene_cut_chair_car,fixed_int16,27,fixed,reuse,,False,,,0,,5080,unavailable,635.0,unavailable,exact
09_scene_cut_chair_car,fixed_int16,28,fixed,reuse,,False,,,0,,5080,unavailable,635.0,unavailable,exact
09_scene_cut_chair_car,fixed_int16,29,fixed,reuse,,False,,,0,,5080,unavailable,635.0,unavailable,exact
09_scene_cut_chair_car,fixed_int16,3,fixed,reuse,,False,,,0,,5072,unavailable,634.0,unavailable,exact
09_scene_cut_chair_car,fixed_int16,30,fixed,keyframe,selected,True,,,32768,,2639416,unavailable,329927.0,unavailable,exact
09_scene_cut_chair_car,fixed_int16,31,fixed,reuse,,False,,,0,,5736,unavailable,717.0,unavailable,exact
09_scene_cut_chair_car,fixed_int16,32,fixed,reuse,,False,,,0,,5736,unavailable,717.0,unavailable,exact
09_scene_cut_chair_car,fixed_int16,33,fixed,reuse,,False,,,0,,5736,unavailable,717.0,unavailable,exact
09_scene_cut_chair_car,fixed_int16,34,fixed,reuse,,False,,,0,,5736,unavailable,717.0,unavailable,exact
09_scene_cut_chair_car,fixed_int16,35,fixed,reuse,,False,,,0,,5736,unavailable,717.0,unavailable,exact
09_scene_cut_chair_car,fixed_int16,36,fixed,reuse,,False,,,0,,5736,unavailable,717.0,unavailable,exact
09_scene_cut_chair_car,fixed_int16,37,fixed,reuse,,False,,,0,,5736,unavailable,717.0,unavailable,exact
09_scene_cut_chair_car,fixed_int16,38,fixed,reuse,,False,,,0,,5736,unavailable,717.0,unavailable,exact
09_scene_cut_chair_car,fixed_int16,39,fixed,reuse,,False,,,0,,5736,unavailable,717.0,unavailable,exact
09_scene_cut_chair_car,fixed_int16,4,fixed,reuse,,False,,,0,,5072,unavailable,634.0,unavailable,exact
09_scene_cut_chair_car,fixed_int16,40,fixed,reuse,,False,,,0,,5736,unavailable,717.0,unavailable,exact
09_scene_cut_chair_car,fixed_int16,41,fixed,reuse,,False,,,0,,5736,unavailable,717.0,unavailable,exact
09_scene_cut_chair_car,fixed_int16,42,fixed,reuse,,False,,,0,,5736,unavailable,717.0,unavailable,exact
09_scene_cut_chair_car,fixed_int16,43,fixed,reuse,,False,,,0,,5736,unavailable,717.0,unavailable,exact
09_scene_cut_chair_car,fixed_int16,44,fixed,reuse,,False,,,0,,5736,unavailable,717.0,unavailable,exact
09_scene_cut_chair_car,fixed_int16,45,fixed,reuse,,False,,,0,,5736,unavailable,717.0,unavailable,exact
09_scene_cut_chair_car,fixed_int16,46,fixed,keyframe,selected,True,,,32768,,2639416,unavailable,329927.0,unavailable,exact
09_scene_cut_chair_car,fixed_int16,47,fixed,reuse,,False,,,0,,5736,unavailable,717.0,unavailable,exact
09_scene_cut_chair_car,fixed_int16,48,fixed,reuse,,False,,,0,,5736,unavailable,717.0,unavailable,exact
09_scene_cut_chair_car,fixed_int16,49,fixed,reuse,,False,,,0,,5736,unavailable,717.0,unavailable,exact
09_scene_cut_chair_car,fixed_int16,5,fixed,reuse,,False,,,0,,5072,unavailable,634.0,unavailable,exact
09_scene_cut_chair_car,fixed_int16,50,fixed,reuse,,False,,,0,,5736,unavailable,717.0,unavailable,exact
09_scene_cut_chair_car,fixed_int16,51,fixed,reuse,,False,,,0,,5736,unavailable,717.0,unavailable,exact
09_scene_cut_chair_car,fixed_int16,52,fixed,reuse,,False,,,0,,5736,unavailable,717.0,unavailable,exact
09_scene_cut_chair_car,fixed_int16,53,fixed,reuse,,False,,,0,,5736,unavailable,717.0,unavailable,exact
09_scene_cut_chair_car,fixed_int16,54,fixed,reuse,,False,,,0,,5736,unavailable,717.0,unavailable,exact
09_scene_cut_chair_car,fixed_int16,55,fixed,reuse,,False,,,0,,5736,unavailable,717.0,unavailable,exact
09_scene_cut_chair_car,fixed_int16,56,fixed,reuse,,False,,,0,,5736,unavailable,717.0,unavailable,exact
09_scene_cut_chair_car,fixed_int16,57,fixed,reuse,,False,,,0,,5736,unavailable,717.0,unavailable,exact
09_scene_cut_chair_car,fixed_int16,58,fixed,reuse,,False,,,0,,5736,unavailable,717.0,unavailable,exact
09_scene_cut_chair_car,fixed_int16,59,fixed,reuse,,False,,,0,,5736,unavailable,717.0,unavailable,exact
09_scene_cut_chair_car,fixed_int16,6,fixed,reuse,,False,,,0,,5072,unavailable,634.0,unavailable,exact
09_scene_cut_chair_car,fixed_int16,60,fixed,reuse,,False,,,0,,5736,unavailable,717.0,unavailable,exact
09_scene_cut_chair_car,fixed_int16,61,fixed,reuse,,False,,,0,,5736,unavailable,717.0,unavailable,exact
09_scene_cut_chair_car,fixed_int16,62,fixed,keyframe,selected,True,,,32768,,2639416,unavailable,329927.0,unavailable,exact
09_scene_cut_chair_car,fixed_int16,63,fixed,reuse,,False,,,0,,5736,unavailable,717.0,unavailable,exact
09_scene_cut_chair_car,fixed_int16,64,fixed,reuse,,False,,,0,,5736,unavailable,717.0,unavailable,exact
09_scene_cut_chair_car,fixed_int16,65,fixed,reuse,,False,,,0,,5736,unavailable,717.0,unavailable,exact
09_scene_cut_chair_car,fixed_int16,66,fixed,reuse,,False,,,0,,5736,unavailable,717.0,unavailable,exact
09_scene_cut_chair_car,fixed_int16,67,fixed,reuse,,False,,,0,,5736,unavailable,717.0,unavailable,exact
09_scene_cut_chair_car,fixed_int16,68,fixed,reuse,,False,,,0,,5736,unavailable,717.0,unavailable,exact
09_scene_cut_chair_car,fixed_int16,69,fixed,reuse,,False,,,0,,5736,unavailable,717.0,unavailable,exact
09_scene_cut_chair_car,fixed_int16,7,fixed,reuse,,False,,,0,,5072,unavailable,634.0,unavailable,exact
09_scene_cut_chair_car,fixed_int16,70,fixed,reuse,,False,,,0,,5736,unavailable,717.0,unavailable,exact
09_scene_cut_chair_car,fixed_int16,71,fixed,reuse,,False,,,0,,5736,unavailable,717.0,unavailable,exact
09_scene_cut_chair_car,fixed_int16,72,fixed,reuse,,False,,,0,,5736,unavailable,717.0,unavailable,exact
09_scene_cut_chair_car,fixed_int16,73,fixed,reuse,,False,,,0,,5736,unavailable,717.0,unavailable,exact
09_scene_cut_chair_car,fixed_int16,74,fixed,reuse,,False,,,0,,5736,unavailable,717.0,unavailable,exact
09_scene_cut_chair_car,fixed_int16,75,fixed,reuse,,False,,,0,,5736,unavailable,717.0,unavailable,exact
09_scene_cut_chair_car,fixed_int16,76,fixed,reuse,,False,,,0,,5736,unavailable,717.0,unavailable,exact
09_scene_cut_chair_car,fixed_int16,77,fixed,reuse,,False,,,0,,5736,unavailable,717.0,unavailable,exact
09_scene_cut_chair_car,fixed_int16,78,fixed,keyframe,selected,True,,,32768,,2639416,unavailable,329927.0,unavailable,exact
09_scene_cut_chair_car,fixed_int16,79,fixed,reuse,,False,,,0,,5736,unavailable,717.0,unavailable,exact
09_scene_cut_chair_car,fixed_int16,8,fixed,reuse,,False,,,0,,5072,unavailable,634.0,unavailable,exact
09_scene_cut_chair_car,fixed_int16,80,fixed,reuse,,False,,,0,,5736,unavailable,717.0,unavailable,exact
09_scene_cut_chair_car,fixed_int16,81,fixed,reuse,,False,,,0,,5736,unavailable,717.0,unavailable,exact
09_scene_cut_chair_car,fixed_int16,82,fixed,reuse,,False,,,0,,5736,unavailable,717.0,unavailable,exact
09_scene_cut_chair_car,fixed_int16,83,fixed,reuse,,False,,,0,,5736,unavailable,717.0,unavailable,exact
09_scene_cut_chair_car,fixed_int16,84,fixed,reuse,,False,,,0,,5736,unavailable,717.0,unavailable,exact
09_scene_cut_chair_car,fixed_int16,85,fixed,reuse,,False,,,0,,5736,unavailable,717.0,unavailable,exact
09_scene_cut_chair_car,fixed_int16,86,fixed,reuse,,False,,,0,,5736,unavailable,717.0,unavailable,exact
09_scene_cut_chair_car,fixed_int16,87,fixed,reuse,,False,,,0,,5736,unavailable,717.0,unavailable,exact
09_scene_cut_chair_car,fixed_int16,88,fixed,reuse,,False,,,0,,5736,unavailable,717.0,unavailable,exact
09_scene_cut_chair_car,fixed_int16,89,fixed,reuse,,False,,,0,,5736,unavailable,717.0,unavailable,exact
09_scene_cut_chair_car,fixed_int16,9,fixed,reuse,,False,,,0,,5072,unavailable,634.0,unavailable,exact
09_scene_cut_chair_car,fixed_int16,90,fixed,reuse,,False,,,0,,5736,unavailable,717.0,unavailable,exact
09_scene_cut_chair_car,fixed_int16,91,fixed,reuse,,False,,,0,,5736,unavailable,717.0,unavailable,exact
09_scene_cut_chair_car,fixed_int16,92,fixed,reuse,,False,,,0,,5736,unavailable,717.0,unavailable,exact
09_scene_cut_chair_car,fixed_int16,93,fixed,reuse,,False,,,0,,5736,unavailable,717.0,unavailable,exact
09_scene_cut_chair_car,fixed_int16,94,fixed,keyframe,selected,True,,,32768,,2639416,unavailable,329927.0,unavailable,exact
09_scene_cut_chair_car,fixed_int16,95,fixed,reuse,,False,,,0,,5736,unavailable,717.0,unavailable,exact
09_scene_cut_chair_car,fixed_int16,96,fixed,reuse,,False,,,0,,5736,unavailable,717.0,unavailable,exact
09_scene_cut_chair_car,fixed_int16,97,fixed,reuse,,False,,,0,,5736,unavailable,717.0,unavailable,exact
09_scene_cut_chair_car,fixed_int16,98,fixed,reuse,,False,,,0,,5736,unavailable,717.0,unavailable,exact
09_scene_cut_chair_car,fixed_int16,99,fixed,reuse,,False,,,0,,5736,unavailable,717.0,unavailable,exact
09_scene_cut_chair_car,fixed_int4,0,fixed,keyframe,first_frame,True,,,32768,,2244312,unavailable,280539.0,unavailable,exact
09_scene_cut_chair_car,fixed_int4,1,fixed,reuse,,False,,,0,,5064,unavailable,633.0,unavailable,exact
09_scene_cut_chair_car,fixed_int4,10,fixed,reuse,,False,,,0,,5072,unavailable,634.0,unavailable,exact
09_scene_cut_chair_car,fixed_int4,11,fixed,reuse,,False,,,0,,5072,unavailable,634.0,unavailable,exact
09_scene_cut_chair_car,fixed_int4,12,fixed,reuse,,False,,,0,,5072,unavailable,634.0,unavailable,exact
09_scene_cut_chair_car,fixed_int4,13,fixed,reuse,,False,,,0,,5072,unavailable,634.0,unavailable,exact
09_scene_cut_chair_car,fixed_int4,14,fixed,reuse,,False,,,0,,5072,unavailable,634.0,unavailable,exact
09_scene_cut_chair_car,fixed_int4,15,fixed,reuse,,False,,,0,,5072,unavailable,634.0,unavailable,exact
09_scene_cut_chair_car,fixed_int4,16,fixed,keyframe,selected,True,,,32768,,2244320,unavailable,280540.0,unavailable,exact
09_scene_cut_chair_car,fixed_int4,17,fixed,reuse,,False,,,0,,5072,unavailable,634.0,unavailable,exact
09_scene_cut_chair_car,fixed_int4,18,fixed,reuse,,False,,,0,,5072,unavailable,634.0,unavailable,exact
09_scene_cut_chair_car,fixed_int4,19,fixed,reuse,,False,,,0,,5072,unavailable,634.0,unavailable,exact
09_scene_cut_chair_car,fixed_int4,2,fixed,reuse,,False,,,0,,5064,unavailable,633.0,unavailable,exact
09_scene_cut_chair_car,fixed_int4,20,fixed,reuse,,False,,,0,,5072,unavailable,634.0,unavailable,exact
09_scene_cut_chair_car,fixed_int4,21,fixed,reuse,,False,,,0,,5072,unavailable,634.0,unavailable,exact
09_scene_cut_chair_car,fixed_int4,22,fixed,reuse,,False,,,0,,5072,unavailable,634.0,unavailable,exact
09_scene_cut_chair_car,fixed_int4,23,fixed,reuse,,False,,,0,,5072,unavailable,634.0,unavailable,exact
09_scene_cut_chair_car,fixed_int4,24,fixed,reuse,,False,,,0,,5072,unavailable,634.0,unavailable,exact
09_scene_cut_chair_car,fixed_int4,25,fixed,reuse,,False,,,0,,5072,unavailable,634.0,unavailable,exact
09_scene_cut_chair_car,fixed_int4,26,fixed,reuse,,False,,,0,,5072,unavailable,634.0,unavailable,exact
09_scene_cut_chair_car,fixed_int4,27,fixed,reuse,,False,,,0,,5072,unavailable,634.0,unavailable,exact
09_scene_cut_chair_car,fixed_int4,28,fixed,reuse,,False,,,0,,5072,unavailable,634.0,unavailable,exact
09_scene_cut_chair_car,fixed_int4,29,fixed,reuse,,False,,,0,,5072,unavailable,634.0,unavailable,exact
09_scene_cut_chair_car,fixed_int4,3,fixed,reuse,,False,,,0,,5064,unavailable,633.0,unavailable,exact
09_scene_cut_chair_car,fixed_int4,30,fixed,keyframe,selected,True,,,32768,,2246192,unavailable,280774.0,unavailable,exact
09_scene_cut_chair_car,fixed_int4,31,fixed,reuse,,False,,,0,,5728,unavailable,716.0,unavailable,exact
09_scene_cut_chair_car,fixed_int4,32,fixed,reuse,,False,,,0,,5728,unavailable,716.0,unavailable,exact
09_scene_cut_chair_car,fixed_int4,33,fixed,reuse,,False,,,0,,5728,unavailable,716.0,unavailable,exact
09_scene_cut_chair_car,fixed_int4,34,fixed,reuse,,False,,,0,,5728,unavailable,716.0,unavailable,exact
09_scene_cut_chair_car,fixed_int4,35,fixed,reuse,,False,,,0,,5728,unavailable,716.0,unavailable,exact
09_scene_cut_chair_car,fixed_int4,36,fixed,reuse,,False,,,0,,5728,unavailable,716.0,unavailable,exact
09_scene_cut_chair_car,fixed_int4,37,fixed,reuse,,False,,,0,,5728,unavailable,716.0,unavailable,exact
09_scene_cut_chair_car,fixed_int4,38,fixed,reuse,,False,,,0,,5728,unavailable,716.0,unavailable,exact
09_scene_cut_chair_car,fixed_int4,39,fixed,reuse,,False,,,0,,5728,unavailable,716.0,unavailable,exact
09_scene_cut_chair_car,fixed_int4,4,fixed,reuse,,False,,,0,,5064,unavailable,633.0,unavailable,exact
09_scene_cut_chair_car,fixed_int4,40,fixed,reuse,,False,,,0,,5728,unavailable,716.0,unavailable,exact
09_scene_cut_chair_car,fixed_int4,41,fixed,reuse,,False,,,0,,5728,unavailable,716.0,unavailable,exact
09_scene_cut_chair_car,fixed_int4,42,fixed,reuse,,False,,,0,,5728,unavailable,716.0,unavailable,exact
09_scene_cut_chair_car,fixed_int4,43,fixed,reuse,,False,,,0,,5728,unavailable,716.0,unavailable,exact
09_scene_cut_chair_car,fixed_int4,44,fixed,reuse,,False,,,0,,5728,unavailable,716.0,unavailable,exact
09_scene_cut_chair_car,fixed_int4,45,fixed,reuse,,False,,,0,,5728,unavailable,716.0,unavailable,exact
09_scene_cut_chair_car,fixed_int4,46,fixed,keyframe,selected,True,,,32768,,2246192,unavailable,280774.0,unavailable,exact
09_scene_cut_chair_car,fixed_int4,47,fixed,reuse,,False,,,0,,5728,unavailable,716.0,unavailable,exact
09_scene_cut_chair_car,fixed_int4,48,fixed,reuse,,False,,,0,,5728,unavailable,716.0,unavailable,exact
09_scene_cut_chair_car,fixed_int4,49,fixed,reuse,,False,,,0,,5728,unavailable,716.0,unavailable,exact
09_scene_cut_chair_car,fixed_int4,5,fixed,reuse,,False,,,0,,5064,unavailable,633.0,unavailable,exact
09_scene_cut_chair_car,fixed_int4,50,fixed,reuse,,False,,,0,,5728,unavailable,716.0,unavailable,exact
09_scene_cut_chair_car,fixed_int4,51,fixed,reuse,,False,,,0,,5728,unavailable,716.0,unavailable,exact
09_scene_cut_chair_car,fixed_int4,52,fixed,reuse,,False,,,0,,5728,unavailable,716.0,unavailable,exact
09_scene_cut_chair_car,fixed_int4,53,fixed,reuse,,False,,,0,,5728,unavailable,716.0,unavailable,exact
09_scene_cut_chair_car,fixed_int4,54,fixed,reuse,,False,,,0,,5728,unavailable,716.0,unavailable,exact
09_scene_cut_chair_car,fixed_int4,55,fixed,reuse,,False,,,0,,5728,unavailable,716.0,unavailable,exact
09_scene_cut_chair_car,fixed_int4,56,fixed,reuse,,False,,,0,,5728,unavailable,716.0,unavailable,exact
09_scene_cut_chair_car,fixed_int4,57,fixed,reuse,,False,,,0,,5728,unavailable,716.0,unavailable,exact
09_scene_cut_chair_car,fixed_int4,58,fixed,reuse,,False,,,0,,5728,unavailable,716.0,unavailable,exact
09_scene_cut_chair_car,fixed_int4,59,fixed,reuse,,False,,,0,,5728,unavailable,716.0,unavailable,exact
09_scene_cut_chair_car,fixed_int4,6,fixed,reuse,,False,,,0,,5064,unavailable,633.0,unavailable,exact
09_scene_cut_chair_car,fixed_int4,60,fixed,reuse,,False,,,0,,5728,unavailable,716.0,unavailable,exact
09_scene_cut_chair_car,fixed_int4,61,fixed,reuse,,False,,,0,,5728,unavailable,716.0,unavailable,exact
09_scene_cut_chair_car,fixed_int4,62,fixed,keyframe,selected,True,,,32768,,2246192,unavailable,280774.0,unavailable,exact
09_scene_cut_chair_car,fixed_int4,63,fixed,reuse,,False,,,0,,5728,unavailable,716.0,unavailable,exact
09_scene_cut_chair_car,fixed_int4,64,fixed,reuse,,False,,,0,,5728,unavailable,716.0,unavailable,exact
09_scene_cut_chair_car,fixed_int4,65,fixed,reuse,,False,,,0,,5728,unavailable,716.0,unavailable,exact
09_scene_cut_chair_car,fixed_int4,66,fixed,reuse,,False,,,0,,5728,unavailable,716.0,unavailable,exact
09_scene_cut_chair_car,fixed_int4,67,fixed,reuse,,False,,,0,,5728,unavailable,716.0,unavailable,exact
09_scene_cut_chair_car,fixed_int4,68,fixed,reuse,,False,,,0,,5728,unavailable,716.0,unavailable,exact
09_scene_cut_chair_car,fixed_int4,69,fixed,reuse,,False,,,0,,5728,unavailable,716.0,unavailable,exact
09_scene_cut_chair_car,fixed_int4,7,fixed,reuse,,False,,,0,,5064,unavailable,633.0,unavailable,exact
09_scene_cut_chair_car,fixed_int4,70,fixed,reuse,,False,,,0,,5728,unavailable,716.0,unavailable,exact
09_scene_cut_chair_car,fixed_int4,71,fixed,reuse,,False,,,0,,5728,unavailable,716.0,unavailable,exact
09_scene_cut_chair_car,fixed_int4,72,fixed,reuse,,False,,,0,,5728,unavailable,716.0,unavailable,exact
09_scene_cut_chair_car,fixed_int4,73,fixed,reuse,,False,,,0,,5728,unavailable,716.0,unavailable,exact
09_scene_cut_chair_car,fixed_int4,74,fixed,reuse,,False,,,0,,5728,unavailable,716.0,unavailable,exact
09_scene_cut_chair_car,fixed_int4,75,fixed,reuse,,False,,,0,,5728,unavailable,716.0,unavailable,exact
09_scene_cut_chair_car,fixed_int4,76,fixed,reuse,,False,,,0,,5728,unavailable,716.0,unavailable,exact
09_scene_cut_chair_car,fixed_int4,77,fixed,reuse,,False,,,0,,5728,unavailable,716.0,unavailable,exact
09_scene_cut_chair_car,fixed_int4,78,fixed,keyframe,selected,True,,,32768,,2246192,unavailable,280774.0,unavailable,exact
09_scene_cut_chair_car,fixed_int4,79,fixed,reuse,,False,,,0,,5728,unavailable,716.0,unavailable,exact
09_scene_cut_chair_car,fixed_int4,8,fixed,reuse,,False,,,0,,5064,unavailable,633.0,unavailable,exact
09_scene_cut_chair_car,fixed_int4,80,fixed,reuse,,False,,,0,,5728,unavailable,716.0,unavailable,exact
09_scene_cut_chair_car,fixed_int4,81,fixed,reuse,,False,,,0,,5728,unavailable,716.0,unavailable,exact
09_scene_cut_chair_car,fixed_int4,82,fixed,reuse,,False,,,0,,5728,unavailable,716.0,unavailable,exact
09_scene_cut_chair_car,fixed_int4,83,fixed,reuse,,False,,,0,,5728,unavailable,716.0,unavailable,exact
09_scene_cut_chair_car,fixed_int4,84,fixed,reuse,,False,,,0,,5728,unavailable,716.0,unavailable,exact
09_scene_cut_chair_car,fixed_int4,85,fixed,reuse,,False,,,0,,5728,unavailable,716.0,unavailable,exact
09_scene_cut_chair_car,fixed_int4,86,fixed,reuse,,False,,,0,,5728,unavailable,716.0,unavailable,exact
09_scene_cut_chair_car,fixed_int4,87,fixed,reuse,,False,,,0,,5728,unavailable,716.0,unavailable,exact
09_scene_cut_chair_car,fixed_int4,88,fixed,reuse,,False,,,0,,5728,unavailable,716.0,unavailable,exact
09_scene_cut_chair_car,fixed_int4,89,fixed,reuse,,False,,,0,,5728,unavailable,716.0,unavailable,exact
09_scene_cut_chair_car,fixed_int4,9,fixed,reuse,,False,,,0,,5064,unavailable,633.0,unavailable,exact
09_scene_cut_chair_car,fixed_int4,90,fixed,reuse,,False,,,0,,5728,unavailable,716.0,unavailable,exact
09_scene_cut_chair_car,fixed_int4,91,fixed,reuse,,False,,,0,,5728,unavailable,716.0,unavailable,exact
09_scene_cut_chair_car,fixed_int4,92,fixed,reuse,,False,,,0,,5728,unavailable,716.0,unavailable,exact
09_scene_cut_chair_car,fixed_int4,93,fixed,reuse,,False,,,0,,5728,unavailable,716.0,unavailable,exact
09_scene_cut_chair_car,fixed_int4,94,fixed,keyframe,selected,True,,,32768,,2246192,unavailable,280774.0,unavailable,exact
09_scene_cut_chair_car,fixed_int4,95,fixed,reuse,,False,,,0,,5728,unavailable,716.0,unavailable,exact
09_scene_cut_chair_car,fixed_int4,96,fixed,reuse,,False,,,0,,5728,unavailable,716.0,unavailable,exact
09_scene_cut_chair_car,fixed_int4,97,fixed,reuse,,False,,,0,,5728,unavailable,716.0,unavailable,exact
09_scene_cut_chair_car,fixed_int4,98,fixed,reuse,,False,,,0,,5728,unavailable,716.0,unavailable,exact
09_scene_cut_chair_car,fixed_int4,99,fixed,reuse,,False,,,0,,5728,unavailable,716.0,unavailable,exact
09_scene_cut_chair_car,fixed_int6,0,fixed,keyframe,first_frame,True,,,32768,,2309848,unavailable,288731.0,unavailable,exact
09_scene_cut_chair_car,fixed_int6,1,fixed,reuse,,False,,,0,,5064,unavailable,633.0,unavailable,exact
09_scene_cut_chair_car,fixed_int6,10,fixed,reuse,,False,,,0,,5072,unavailable,634.0,unavailable,exact
09_scene_cut_chair_car,fixed_int6,11,fixed,reuse,,False,,,0,,5072,unavailable,634.0,unavailable,exact
09_scene_cut_chair_car,fixed_int6,12,fixed,reuse,,False,,,0,,5072,unavailable,634.0,unavailable,exact
09_scene_cut_chair_car,fixed_int6,13,fixed,reuse,,False,,,0,,5072,unavailable,634.0,unavailable,exact
09_scene_cut_chair_car,fixed_int6,14,fixed,reuse,,False,,,0,,5072,unavailable,634.0,unavailable,exact
09_scene_cut_chair_car,fixed_int6,15,fixed,reuse,,False,,,0,,5072,unavailable,634.0,unavailable,exact
09_scene_cut_chair_car,fixed_int6,16,fixed,keyframe,selected,True,,,32768,,2309856,unavailable,288732.0,unavailable,exact
09_scene_cut_chair_car,fixed_int6,17,fixed,reuse,,False,,,0,,5072,unavailable,634.0,unavailable,exact
09_scene_cut_chair_car,fixed_int6,18,fixed,reuse,,False,,,0,,5072,unavailable,634.0,unavailable,exact
09_scene_cut_chair_car,fixed_int6,19,fixed,reuse,,False,,,0,,5072,unavailable,634.0,unavailable,exact
09_scene_cut_chair_car,fixed_int6,2,fixed,reuse,,False,,,0,,5064,unavailable,633.0,unavailable,exact
09_scene_cut_chair_car,fixed_int6,20,fixed,reuse,,False,,,0,,5072,unavailable,634.0,unavailable,exact
09_scene_cut_chair_car,fixed_int6,21,fixed,reuse,,False,,,0,,5072,unavailable,634.0,unavailable,exact
09_scene_cut_chair_car,fixed_int6,22,fixed,reuse,,False,,,0,,5072,unavailable,634.0,unavailable,exact
09_scene_cut_chair_car,fixed_int6,23,fixed,reuse,,False,,,0,,5072,unavailable,634.0,unavailable,exact
09_scene_cut_chair_car,fixed_int6,24,fixed,reuse,,False,,,0,,5072,unavailable,634.0,unavailable,exact
09_scene_cut_chair_car,fixed_int6,25,fixed,reuse,,False,,,0,,5072,unavailable,634.0,unavailable,exact
09_scene_cut_chair_car,fixed_int6,26,fixed,reuse,,False,,,0,,5072,unavailable,634.0,unavailable,exact
09_scene_cut_chair_car,fixed_int6,27,fixed,reuse,,False,,,0,,5072,unavailable,634.0,unavailable,exact
09_scene_cut_chair_car,fixed_int6,28,fixed,reuse,,False,,,0,,5072,unavailable,634.0,unavailable,exact
09_scene_cut_chair_car,fixed_int6,29,fixed,reuse,,False,,,0,,5072,unavailable,634.0,unavailable,exact
09_scene_cut_chair_car,fixed_int6,3,fixed,reuse,,False,,,0,,5064,unavailable,633.0,unavailable,exact
09_scene_cut_chair_car,fixed_int6,30,fixed,keyframe,selected,True,,,32768,,2311728,unavailable,288966.0,unavailable,exact
09_scene_cut_chair_car,fixed_int6,31,fixed,reuse,,False,,,0,,5728,unavailable,716.0,unavailable,exact
09_scene_cut_chair_car,fixed_int6,32,fixed,reuse,,False,,,0,,5728,unavailable,716.0,unavailable,exact
09_scene_cut_chair_car,fixed_int6,33,fixed,reuse,,False,,,0,,5728,unavailable,716.0,unavailable,exact
09_scene_cut_chair_car,fixed_int6,34,fixed,reuse,,False,,,0,,5728,unavailable,716.0,unavailable,exact
09_scene_cut_chair_car,fixed_int6,35,fixed,reuse,,False,,,0,,5728,unavailable,716.0,unavailable,exact
09_scene_cut_chair_car,fixed_int6,36,fixed,reuse,,False,,,0,,5728,unavailable,716.0,unavailable,exact
09_scene_cut_chair_car,fixed_int6,37,fixed,reuse,,False,,,0,,5728,unavailable,716.0,unavailable,exact
09_scene_cut_chair_car,fixed_int6,38,fixed,reuse,,False,,,0,,5728,unavailable,716.0,unavailable,exact
09_scene_cut_chair_car,fixed_int6,39,fixed,reuse,,False,,,0,,5728,unavailable,716.0,unavailable,exact
09_scene_cut_chair_car,fixed_int6,4,fixed,reuse,,False,,,0,,5064,unavailable,633.0,unavailable,exact
09_scene_cut_chair_car,fixed_int6,40,fixed,reuse,,False,,,0,,5728,unavailable,716.0,unavailable,exact
09_scene_cut_chair_car,fixed_int6,41,fixed,reuse,,False,,,0,,5728,unavailable,716.0,unavailable,exact
09_scene_cut_chair_car,fixed_int6,42,fixed,reuse,,False,,,0,,5728,unavailable,716.0,unavailable,exact
09_scene_cut_chair_car,fixed_int6,43,fixed,reuse,,False,,,0,,5728,unavailable,716.0,unavailable,exact
09_scene_cut_chair_car,fixed_int6,44,fixed,reuse,,False,,,0,,5728,unavailable,716.0,unavailable,exact
09_scene_cut_chair_car,fixed_int6,45,fixed,reuse,,False,,,0,,5728,unavailable,716.0,unavailable,exact
09_scene_cut_chair_car,fixed_int6,46,fixed,keyframe,selected,True,,,32768,,2311728,unavailable,288966.0,unavailable,exact
09_scene_cut_chair_car,fixed_int6,47,fixed,reuse,,False,,,0,,5728,unavailable,716.0,unavailable,exact
09_scene_cut_chair_car,fixed_int6,48,fixed,reuse,,False,,,0,,5728,unavailable,716.0,unavailable,exact
09_scene_cut_chair_car,fixed_int6,49,fixed,reuse,,False,,,0,,5728,unavailable,716.0,unavailable,exact
09_scene_cut_chair_car,fixed_int6,5,fixed,reuse,,False,,,0,,5064,unavailable,633.0,unavailable,exact
09_scene_cut_chair_car,fixed_int6,50,fixed,reuse,,False,,,0,,5728,unavailable,716.0,unavailable,exact
09_scene_cut_chair_car,fixed_int6,51,fixed,reuse,,False,,,0,,5728,unavailable,716.0,unavailable,exact
09_scene_cut_chair_car,fixed_int6,52,fixed,reuse,,False,,,0,,5728,unavailable,716.0,unavailable,exact
09_scene_cut_chair_car,fixed_int6,53,fixed,reuse,,False,,,0,,5728,unavailable,716.0,unavailable,exact
09_scene_cut_chair_car,fixed_int6,54,fixed,reuse,,False,,,0,,5728,unavailable,716.0,unavailable,exact
09_scene_cut_chair_car,fixed_int6,55,fixed,reuse,,False,,,0,,5728,unavailable,716.0,unavailable,exact
09_scene_cut_chair_car,fixed_int6,56,fixed,reuse,,False,,,0,,5728,unavailable,716.0,unavailable,exact
09_scene_cut_chair_car,fixed_int6,57,fixed,reuse,,False,,,0,,5728,unavailable,716.0,unavailable,exact
09_scene_cut_chair_car,fixed_int6,58,fixed,reuse,,False,,,0,,5728,unavailable,716.0,unavailable,exact
09_scene_cut_chair_car,fixed_int6,59,fixed,reuse,,False,,,0,,5728,unavailable,716.0,unavailable,exact
09_scene_cut_chair_car,fixed_int6,6,fixed,reuse,,False,,,0,,5064,unavailable,633.0,unavailable,exact
09_scene_cut_chair_car,fixed_int6,60,fixed,reuse,,False,,,0,,5728,unavailable,716.0,unavailable,exact
09_scene_cut_chair_car,fixed_int6,61,fixed,reuse,,False,,,0,,5728,unavailable,716.0,unavailable,exact
09_scene_cut_chair_car,fixed_int6,62,fixed,keyframe,selected,True,,,32768,,2311728,unavailable,288966.0,unavailable,exact
09_scene_cut_chair_car,fixed_int6,63,fixed,reuse,,False,,,0,,5728,unavailable,716.0,unavailable,exact
09_scene_cut_chair_car,fixed_int6,64,fixed,reuse,,False,,,0,,5728,unavailable,716.0,unavailable,exact
09_scene_cut_chair_car,fixed_int6,65,fixed,reuse,,False,,,0,,5728,unavailable,716.0,unavailable,exact
09_scene_cut_chair_car,fixed_int6,66,fixed,reuse,,False,,,0,,5728,unavailable,716.0,unavailable,exact
09_scene_cut_chair_car,fixed_int6,67,fixed,reuse,,False,,,0,,5728,unavailable,716.0,unavailable,exact
09_scene_cut_chair_car,fixed_int6,68,fixed,reuse,,False,,,0,,5728,unavailable,716.0,unavailable,exact
09_scene_cut_chair_car,fixed_int6,69,fixed,reuse,,False,,,0,,5728,unavailable,716.0,unavailable,exact
09_scene_cut_chair_car,fixed_int6,7,fixed,reuse,,False,,,0,,5064,unavailable,633.0,unavailable,exact
09_scene_cut_chair_car,fixed_int6,70,fixed,reuse,,False,,,0,,5728,unavailable,716.0,unavailable,exact
09_scene_cut_chair_car,fixed_int6,71,fixed,reuse,,False,,,0,,5728,unavailable,716.0,unavailable,exact
09_scene_cut_chair_car,fixed_int6,72,fixed,reuse,,False,,,0,,5728,unavailable,716.0,unavailable,exact
09_scene_cut_chair_car,fixed_int6,73,fixed,reuse,,False,,,0,,5728,unavailable,716.0,unavailable,exact
09_scene_cut_chair_car,fixed_int6,74,fixed,reuse,,False,,,0,,5728,unavailable,716.0,unavailable,exact
09_scene_cut_chair_car,fixed_int6,75,fixed,reuse,,False,,,0,,5728,unavailable,716.0,unavailable,exact
09_scene_cut_chair_car,fixed_int6,76,fixed,reuse,,False,,,0,,5728,unavailable,716.0,unavailable,exact
09_scene_cut_chair_car,fixed_int6,77,fixed,reuse,,False,,,0,,5728,unavailable,716.0,unavailable,exact
09_scene_cut_chair_car,fixed_int6,78,fixed,keyframe,selected,True,,,32768,,2311728,unavailable,288966.0,unavailable,exact
09_scene_cut_chair_car,fixed_int6,79,fixed,reuse,,False,,,0,,5728,unavailable,716.0,unavailable,exact
09_scene_cut_chair_car,fixed_int6,8,fixed,reuse,,False,,,0,,5064,unavailable,633.0,unavailable,exact
09_scene_cut_chair_car,fixed_int6,80,fixed,reuse,,False,,,0,,5728,unavailable,716.0,unavailable,exact
09_scene_cut_chair_car,fixed_int6,81,fixed,reuse,,False,,,0,,5728,unavailable,716.0,unavailable,exact
09_scene_cut_chair_car,fixed_int6,82,fixed,reuse,,False,,,0,,5728,unavailable,716.0,unavailable,exact
09_scene_cut_chair_car,fixed_int6,83,fixed,reuse,,False,,,0,,5728,unavailable,716.0,unavailable,exact
09_scene_cut_chair_car,fixed_int6,84,fixed,reuse,,False,,,0,,5728,unavailable,716.0,unavailable,exact
09_scene_cut_chair_car,fixed_int6,85,fixed,reuse,,False,,,0,,5728,unavailable,716.0,unavailable,exact
09_scene_cut_chair_car,fixed_int6,86,fixed,reuse,,False,,,0,,5728,unavailable,716.0,unavailable,exact
09_scene_cut_chair_car,fixed_int6,87,fixed,reuse,,False,,,0,,5728,unavailable,716.0,unavailable,exact
09_scene_cut_chair_car,fixed_int6,88,fixed,reuse,,False,,,0,,5728,unavailable,716.0,unavailable,exact
09_scene_cut_chair_car,fixed_int6,89,fixed,reuse,,False,,,0,,5728,unavailable,716.0,unavailable,exact
09_scene_cut_chair_car,fixed_int6,9,fixed,reuse,,False,,,0,,5064,unavailable,633.0,unavailable,exact
09_scene_cut_chair_car,fixed_int6,90,fixed,reuse,,False,,,0,,5728,unavailable,716.0,unavailable,exact
09_scene_cut_chair_car,fixed_int6,91,fixed,reuse,,False,,,0,,5728,unavailable,716.0,unavailable,exact
09_scene_cut_chair_car,fixed_int6,92,fixed,reuse,,False,,,0,,5728,unavailable,716.0,unavailable,exact
09_scene_cut_chair_car,fixed_int6,93,fixed,reuse,,False,,,0,,5728,unavailable,716.0,unavailable,exact
09_scene_cut_chair_car,fixed_int6,94,fixed,keyframe,selected,True,,,32768,,2311728,unavailable,288966.0,unavailable,exact
09_scene_cut_chair_car,fixed_int6,95,fixed,reuse,,False,,,0,,5728,unavailable,716.0,unavailable,exact
09_scene_cut_chair_car,fixed_int6,96,fixed,reuse,,False,,,0,,5728,unavailable,716.0,unavailable,exact
09_scene_cut_chair_car,fixed_int6,97,fixed,reuse,,False,,,0,,5728,unavailable,716.0,unavailable,exact
09_scene_cut_chair_car,fixed_int6,98,fixed,reuse,,False,,,0,,5728,unavailable,716.0,unavailable,exact
09_scene_cut_chair_car,fixed_int6,99,fixed,reuse,,False,,,0,,5728,unavailable,716.0,unavailable,exact
09_scene_cut_chair_car,fixed_int8,0,fixed,keyframe,first_frame,True,,,32768,,2375384,unavailable,296923.0,unavailable,exact
09_scene_cut_chair_car,fixed_int8,1,fixed,reuse,,False,,,0,,5064,unavailable,633.0,unavailable,exact
09_scene_cut_chair_car,fixed_int8,10,fixed,reuse,,False,,,0,,5072,unavailable,634.0,unavailable,exact
09_scene_cut_chair_car,fixed_int8,11,fixed,reuse,,False,,,0,,5072,unavailable,634.0,unavailable,exact
09_scene_cut_chair_car,fixed_int8,12,fixed,reuse,,False,,,0,,5072,unavailable,634.0,unavailable,exact
09_scene_cut_chair_car,fixed_int8,13,fixed,reuse,,False,,,0,,5072,unavailable,634.0,unavailable,exact
09_scene_cut_chair_car,fixed_int8,14,fixed,reuse,,False,,,0,,5072,unavailable,634.0,unavailable,exact
09_scene_cut_chair_car,fixed_int8,15,fixed,reuse,,False,,,0,,5072,unavailable,634.0,unavailable,exact
09_scene_cut_chair_car,fixed_int8,16,fixed,keyframe,selected,True,,,32768,,2375392,unavailable,296924.0,unavailable,exact
09_scene_cut_chair_car,fixed_int8,17,fixed,reuse,,False,,,0,,5072,unavailable,634.0,unavailable,exact
09_scene_cut_chair_car,fixed_int8,18,fixed,reuse,,False,,,0,,5072,unavailable,634.0,unavailable,exact
09_scene_cut_chair_car,fixed_int8,19,fixed,reuse,,False,,,0,,5072,unavailable,634.0,unavailable,exact
09_scene_cut_chair_car,fixed_int8,2,fixed,reuse,,False,,,0,,5064,unavailable,633.0,unavailable,exact
09_scene_cut_chair_car,fixed_int8,20,fixed,reuse,,False,,,0,,5072,unavailable,634.0,unavailable,exact
09_scene_cut_chair_car,fixed_int8,21,fixed,reuse,,False,,,0,,5072,unavailable,634.0,unavailable,exact
09_scene_cut_chair_car,fixed_int8,22,fixed,reuse,,False,,,0,,5072,unavailable,634.0,unavailable,exact
09_scene_cut_chair_car,fixed_int8,23,fixed,reuse,,False,,,0,,5072,unavailable,634.0,unavailable,exact
09_scene_cut_chair_car,fixed_int8,24,fixed,reuse,,False,,,0,,5072,unavailable,634.0,unavailable,exact
09_scene_cut_chair_car,fixed_int8,25,fixed,reuse,,False,,,0,,5072,unavailable,634.0,unavailable,exact
09_scene_cut_chair_car,fixed_int8,26,fixed,reuse,,False,,,0,,5072,unavailable,634.0,unavailable,exact
09_scene_cut_chair_car,fixed_int8,27,fixed,reuse,,False,,,0,,5072,unavailable,634.0,unavailable,exact
09_scene_cut_chair_car,fixed_int8,28,fixed,reuse,,False,,,0,,5072,unavailable,634.0,unavailable,exact
09_scene_cut_chair_car,fixed_int8,29,fixed,reuse,,False,,,0,,5072,unavailable,634.0,unavailable,exact
09_scene_cut_chair_car,fixed_int8,3,fixed,reuse,,False,,,0,,5064,unavailable,633.0,unavailable,exact
09_scene_cut_chair_car,fixed_int8,30,fixed,keyframe,selected,True,,,32768,,2377264,unavailable,297158.0,unavailable,exact
09_scene_cut_chair_car,fixed_int8,31,fixed,reuse,,False,,,0,,5728,unavailable,716.0,unavailable,exact
09_scene_cut_chair_car,fixed_int8,32,fixed,reuse,,False,,,0,,5728,unavailable,716.0,unavailable,exact
09_scene_cut_chair_car,fixed_int8,33,fixed,reuse,,False,,,0,,5728,unavailable,716.0,unavailable,exact
09_scene_cut_chair_car,fixed_int8,34,fixed,reuse,,False,,,0,,5728,unavailable,716.0,unavailable,exact
09_scene_cut_chair_car,fixed_int8,35,fixed,reuse,,False,,,0,,5728,unavailable,716.0,unavailable,exact
09_scene_cut_chair_car,fixed_int8,36,fixed,reuse,,False,,,0,,5728,unavailable,716.0,unavailable,exact
09_scene_cut_chair_car,fixed_int8,37,fixed,reuse,,False,,,0,,5728,unavailable,716.0,unavailable,exact
09_scene_cut_chair_car,fixed_int8,38,fixed,reuse,,False,,,0,,5728,unavailable,716.0,unavailable,exact
09_scene_cut_chair_car,fixed_int8,39,fixed,reuse,,False,,,0,,5728,unavailable,716.0,unavailable,exact
09_scene_cut_chair_car,fixed_int8,4,fixed,reuse,,False,,,0,,5064,unavailable,633.0,unavailable,exact
09_scene_cut_chair_car,fixed_int8,40,fixed,reuse,,False,,,0,,5728,unavailable,716.0,unavailable,exact
09_scene_cut_chair_car,fixed_int8,41,fixed,reuse,,False,,,0,,5728,unavailable,716.0,unavailable,exact
09_scene_cut_chair_car,fixed_int8,42,fixed,reuse,,False,,,0,,5728,unavailable,716.0,unavailable,exact
09_scene_cut_chair_car,fixed_int8,43,fixed,reuse,,False,,,0,,5728,unavailable,716.0,unavailable,exact
09_scene_cut_chair_car,fixed_int8,44,fixed,reuse,,False,,,0,,5728,unavailable,716.0,unavailable,exact
09_scene_cut_chair_car,fixed_int8,45,fixed,reuse,,False,,,0,,5728,unavailable,716.0,unavailable,exact
09_scene_cut_chair_car,fixed_int8,46,fixed,keyframe,selected,True,,,32768,,2377264,unavailable,297158.0,unavailable,exact
09_scene_cut_chair_car,fixed_int8,47,fixed,reuse,,False,,,0,,5728,unavailable,716.0,unavailable,exact
09_scene_cut_chair_car,fixed_int8,48,fixed,reuse,,False,,,0,,5728,unavailable,716.0,unavailable,exact
09_scene_cut_chair_car,fixed_int8,49,fixed,reuse,,False,,,0,,5728,unavailable,716.0,unavailable,exact
09_scene_cut_chair_car,fixed_int8,5,fixed,reuse,,False,,,0,,5064,unavailable,633.0,unavailable,exact
09_scene_cut_chair_car,fixed_int8,50,fixed,reuse,,False,,,0,,5728,unavailable,716.0,unavailable,exact
09_scene_cut_chair_car,fixed_int8,51,fixed,reuse,,False,,,0,,5728,unavailable,716.0,unavailable,exact
09_scene_cut_chair_car,fixed_int8,52,fixed,reuse,,False,,,0,,5728,unavailable,716.0,unavailable,exact
09_scene_cut_chair_car,fixed_int8,53,fixed,reuse,,False,,,0,,5728,unavailable,716.0,unavailable,exact
09_scene_cut_chair_car,fixed_int8,54,fixed,reuse,,False,,,0,,5728,unavailable,716.0,unavailable,exact
09_scene_cut_chair_car,fixed_int8,55,fixed,reuse,,False,,,0,,5728,unavailable,716.0,unavailable,exact
09_scene_cut_chair_car,fixed_int8,56,fixed,reuse,,False,,,0,,5728,unavailable,716.0,unavailable,exact
09_scene_cut_chair_car,fixed_int8,57,fixed,reuse,,False,,,0,,5728,unavailable,716.0,unavailable,exact
09_scene_cut_chair_car,fixed_int8,58,fixed,reuse,,False,,,0,,5728,unavailable,716.0,unavailable,exact
09_scene_cut_chair_car,fixed_int8,59,fixed,reuse,,False,,,0,,5728,unavailable,716.0,unavailable,exact
09_scene_cut_chair_car,fixed_int8,6,fixed,reuse,,False,,,0,,5064,unavailable,633.0,unavailable,exact
09_scene_cut_chair_car,fixed_int8,60,fixed,reuse,,False,,,0,,5728,unavailable,716.0,unavailable,exact
09_scene_cut_chair_car,fixed_int8,61,fixed,reuse,,False,,,0,,5728,unavailable,716.0,unavailable,exact
09_scene_cut_chair_car,fixed_int8,62,fixed,keyframe,selected,True,,,32768,,2377264,unavailable,297158.0,unavailable,exact
09_scene_cut_chair_car,fixed_int8,63,fixed,reuse,,False,,,0,,5728,unavailable,716.0,unavailable,exact
09_scene_cut_chair_car,fixed_int8,64,fixed,reuse,,False,,,0,,5728,unavailable,716.0,unavailable,exact
09_scene_cut_chair_car,fixed_int8,65,fixed,reuse,,False,,,0,,5728,unavailable,716.0,unavailable,exact
09_scene_cut_chair_car,fixed_int8,66,fixed,reuse,,False,,,0,,5728,unavailable,716.0,unavailable,exact
09_scene_cut_chair_car,fixed_int8,67,fixed,reuse,,False,,,0,,5728,unavailable,716.0,unavailable,exact
09_scene_cut_chair_car,fixed_int8,68,fixed,reuse,,False,,,0,,5728,unavailable,716.0,unavailable,exact
09_scene_cut_chair_car,fixed_int8,69,fixed,reuse,,False,,,0,,5728,unavailable,716.0,unavailable,exact
09_scene_cut_chair_car,fixed_int8,7,fixed,reuse,,False,,,0,,5064,unavailable,633.0,unavailable,exact
09_scene_cut_chair_car,fixed_int8,70,fixed,reuse,,False,,,0,,5728,unavailable,716.0,unavailable,exact
09_scene_cut_chair_car,fixed_int8,71,fixed,reuse,,False,,,0,,5728,unavailable,716.0,unavailable,exact
09_scene_cut_chair_car,fixed_int8,72,fixed,reuse,,False,,,0,,5728,unavailable,716.0,unavailable,exact
09_scene_cut_chair_car,fixed_int8,73,fixed,reuse,,False,,,0,,5728,unavailable,716.0,unavailable,exact
09_scene_cut_chair_car,fixed_int8,74,fixed,reuse,,False,,,0,,5728,unavailable,716.0,unavailable,exact
09_scene_cut_chair_car,fixed_int8,75,fixed,reuse,,False,,,0,,5728,unavailable,716.0,unavailable,exact
09_scene_cut_chair_car,fixed_int8,76,fixed,reuse,,False,,,0,,5728,unavailable,716.0,unavailable,exact
09_scene_cut_chair_car,fixed_int8,77,fixed,reuse,,False,,,0,,5728,unavailable,716.0,unavailable,exact
09_scene_cut_chair_car,fixed_int8,78,fixed,keyframe,selected,True,,,32768,,2377264,unavailable,297158.0,unavailable,exact
09_scene_cut_chair_car,fixed_int8,79,fixed,reuse,,False,,,0,,5728,unavailable,716.0,unavailable,exact
09_scene_cut_chair_car,fixed_int8,8,fixed,reuse,,False,,,0,,5064,unavailable,633.0,unavailable,exact
09_scene_cut_chair_car,fixed_int8,80,fixed,reuse,,False,,,0,,5728,unavailable,716.0,unavailable,exact
09_scene_cut_chair_car,fixed_int8,81,fixed,reuse,,False,,,0,,5728,unavailable,716.0,unavailable,exact
09_scene_cut_chair_car,fixed_int8,82,fixed,reuse,,False,,,0,,5728,unavailable,716.0,unavailable,exact
09_scene_cut_chair_car,fixed_int8,83,fixed,reuse,,False,,,0,,5728,unavailable,716.0,unavailable,exact
09_scene_cut_chair_car,fixed_int8,84,fixed,reuse,,False,,,0,,5728,unavailable,716.0,unavailable,exact
09_scene_cut_chair_car,fixed_int8,85,fixed,reuse,,False,,,0,,5728,unavailable,716.0,unavailable,exact
09_scene_cut_chair_car,fixed_int8,86,fixed,reuse,,False,,,0,,5728,unavailable,716.0,unavailable,exact
09_scene_cut_chair_car,fixed_int8,87,fixed,reuse,,False,,,0,,5728,unavailable,716.0,unavailable,exact
09_scene_cut_chair_car,fixed_int8,88,fixed,reuse,,False,,,0,,5728,unavailable,716.0,unavailable,exact
09_scene_cut_chair_car,fixed_int8,89,fixed,reuse,,False,,,0,,5728,unavailable,716.0,unavailable,exact
09_scene_cut_chair_car,fixed_int8,9,fixed,reuse,,False,,,0,,5064,unavailable,633.0,unavailable,exact
09_scene_cut_chair_car,fixed_int8,90,fixed,reuse,,False,,,0,,5728,unavailable,716.0,unavailable,exact
09_scene_cut_chair_car,fixed_int8,91,fixed,reuse,,False,,,0,,5728,unavailable,716.0,unavailable,exact
09_scene_cut_chair_car,fixed_int8,92,fixed,reuse,,False,,,0,,5728,unavailable,716.0,unavailable,exact
09_scene_cut_chair_car,fixed_int8,93,fixed,reuse,,False,,,0,,5728,unavailable,716.0,unavailable,exact
09_scene_cut_chair_car,fixed_int8,94,fixed,keyframe,selected,True,,,32768,,2377264,unavailable,297158.0,unavailable,exact
09_scene_cut_chair_car,fixed_int8,95,fixed,reuse,,False,,,0,,5728,unavailable,716.0,unavailable,exact
09_scene_cut_chair_car,fixed_int8,96,fixed,reuse,,False,,,0,,5728,unavailable,716.0,unavailable,exact
09_scene_cut_chair_car,fixed_int8,97,fixed,reuse,,False,,,0,,5728,unavailable,716.0,unavailable,exact
09_scene_cut_chair_car,fixed_int8,98,fixed,reuse,,False,,,0,,5728,unavailable,716.0,unavailable,exact
09_scene_cut_chair_car,fixed_int8,99,fixed,reuse,,False,,,0,,5728,unavailable,716.0,unavailable,exact
10_busy_sidewalk,fixed_awgn,0,fixed,keyframe,first_frame,True,,,32768,32768,2110392,unavailable,263799.0,unavailable,exact
10_busy_sidewalk,fixed_awgn,1,fixed,reuse,,False,,,0,,6744,unavailable,843.0,unavailable,exact
10_busy_sidewalk,fixed_awgn,10,fixed,reuse,,False,,,0,,6752,unavailable,844.0,unavailable,exact
10_busy_sidewalk,fixed_awgn,11,fixed,reuse,,False,,,0,,6752,unavailable,844.0,unavailable,exact
10_busy_sidewalk,fixed_awgn,12,fixed,reuse,,False,,,0,,6752,unavailable,844.0,unavailable,exact
10_busy_sidewalk,fixed_awgn,13,fixed,reuse,,False,,,0,,6752,unavailable,844.0,unavailable,exact
10_busy_sidewalk,fixed_awgn,14,fixed,reuse,,False,,,0,,6752,unavailable,844.0,unavailable,exact
10_busy_sidewalk,fixed_awgn,15,fixed,reuse,,False,,,0,,6752,unavailable,844.0,unavailable,exact
10_busy_sidewalk,fixed_awgn,16,fixed,keyframe,selected,True,,,32768,32768,2110400,unavailable,263800.0,unavailable,exact
10_busy_sidewalk,fixed_awgn,17,fixed,reuse,,False,,,0,,6752,unavailable,844.0,unavailable,exact
10_busy_sidewalk,fixed_awgn,18,fixed,reuse,,False,,,0,,6752,unavailable,844.0,unavailable,exact
10_busy_sidewalk,fixed_awgn,19,fixed,reuse,,False,,,0,,6752,unavailable,844.0,unavailable,exact
10_busy_sidewalk,fixed_awgn,2,fixed,reuse,,False,,,0,,6744,unavailable,843.0,unavailable,exact
10_busy_sidewalk,fixed_awgn,20,fixed,reuse,,False,,,0,,6752,unavailable,844.0,unavailable,exact
10_busy_sidewalk,fixed_awgn,21,fixed,reuse,,False,,,0,,6752,unavailable,844.0,unavailable,exact
10_busy_sidewalk,fixed_awgn,22,fixed,reuse,,False,,,0,,6752,unavailable,844.0,unavailable,exact
10_busy_sidewalk,fixed_awgn,23,fixed,reuse,,False,,,0,,6752,unavailable,844.0,unavailable,exact
10_busy_sidewalk,fixed_awgn,24,fixed,reuse,,False,,,0,,6752,unavailable,844.0,unavailable,exact
10_busy_sidewalk,fixed_awgn,25,fixed,reuse,,False,,,0,,6752,unavailable,844.0,unavailable,exact
10_busy_sidewalk,fixed_awgn,26,fixed,reuse,,False,,,0,,6752,unavailable,844.0,unavailable,exact
10_busy_sidewalk,fixed_awgn,27,fixed,reuse,,False,,,0,,6752,unavailable,844.0,unavailable,exact
10_busy_sidewalk,fixed_awgn,28,fixed,reuse,,False,,,0,,6752,unavailable,844.0,unavailable,exact
10_busy_sidewalk,fixed_awgn,29,fixed,reuse,,False,,,0,,6752,unavailable,844.0,unavailable,exact
10_busy_sidewalk,fixed_awgn,3,fixed,reuse,,False,,,0,,6744,unavailable,843.0,unavailable,exact
10_busy_sidewalk,fixed_awgn,30,fixed,reuse,,False,,,0,,6752,unavailable,844.0,unavailable,exact
10_busy_sidewalk,fixed_awgn,31,fixed,reuse,,False,,,0,,6752,unavailable,844.0,unavailable,exact
10_busy_sidewalk,fixed_awgn,32,fixed,keyframe,selected,True,,,32768,32768,2110400,unavailable,263800.0,unavailable,exact
10_busy_sidewalk,fixed_awgn,33,fixed,reuse,,False,,,0,,6752,unavailable,844.0,unavailable,exact
10_busy_sidewalk,fixed_awgn,34,fixed,reuse,,False,,,0,,6752,unavailable,844.0,unavailable,exact
10_busy_sidewalk,fixed_awgn,35,fixed,reuse,,False,,,0,,6752,unavailable,844.0,unavailable,exact
10_busy_sidewalk,fixed_awgn,36,fixed,reuse,,False,,,0,,6752,unavailable,844.0,unavailable,exact
10_busy_sidewalk,fixed_awgn,37,fixed,reuse,,False,,,0,,6752,unavailable,844.0,unavailable,exact
10_busy_sidewalk,fixed_awgn,38,fixed,reuse,,False,,,0,,6752,unavailable,844.0,unavailable,exact
10_busy_sidewalk,fixed_awgn,39,fixed,reuse,,False,,,0,,6752,unavailable,844.0,unavailable,exact
10_busy_sidewalk,fixed_awgn,4,fixed,reuse,,False,,,0,,6744,unavailable,843.0,unavailable,exact
10_busy_sidewalk,fixed_awgn,40,fixed,reuse,,False,,,0,,6752,unavailable,844.0,unavailable,exact
10_busy_sidewalk,fixed_awgn,41,fixed,reuse,,False,,,0,,6752,unavailable,844.0,unavailable,exact
10_busy_sidewalk,fixed_awgn,42,fixed,reuse,,False,,,0,,6752,unavailable,844.0,unavailable,exact
10_busy_sidewalk,fixed_awgn,43,fixed,reuse,,False,,,0,,6752,unavailable,844.0,unavailable,exact
10_busy_sidewalk,fixed_awgn,44,fixed,reuse,,False,,,0,,6752,unavailable,844.0,unavailable,exact
10_busy_sidewalk,fixed_awgn,45,fixed,reuse,,False,,,0,,6752,unavailable,844.0,unavailable,exact
10_busy_sidewalk,fixed_awgn,46,fixed,reuse,,False,,,0,,6752,unavailable,844.0,unavailable,exact
10_busy_sidewalk,fixed_awgn,47,fixed,reuse,,False,,,0,,6752,unavailable,844.0,unavailable,exact
10_busy_sidewalk,fixed_awgn,48,fixed,keyframe,selected,True,,,32768,32768,2110400,unavailable,263800.0,unavailable,exact
10_busy_sidewalk,fixed_awgn,49,fixed,reuse,,False,,,0,,6752,unavailable,844.0,unavailable,exact
10_busy_sidewalk,fixed_awgn,5,fixed,reuse,,False,,,0,,6744,unavailable,843.0,unavailable,exact
10_busy_sidewalk,fixed_awgn,50,fixed,reuse,,False,,,0,,6752,unavailable,844.0,unavailable,exact
10_busy_sidewalk,fixed_awgn,51,fixed,reuse,,False,,,0,,6752,unavailable,844.0,unavailable,exact
10_busy_sidewalk,fixed_awgn,52,fixed,reuse,,False,,,0,,6752,unavailable,844.0,unavailable,exact
10_busy_sidewalk,fixed_awgn,53,fixed,reuse,,False,,,0,,6752,unavailable,844.0,unavailable,exact
10_busy_sidewalk,fixed_awgn,54,fixed,reuse,,False,,,0,,6752,unavailable,844.0,unavailable,exact
10_busy_sidewalk,fixed_awgn,55,fixed,reuse,,False,,,0,,6752,unavailable,844.0,unavailable,exact
10_busy_sidewalk,fixed_awgn,56,fixed,reuse,,False,,,0,,6752,unavailable,844.0,unavailable,exact
10_busy_sidewalk,fixed_awgn,57,fixed,reuse,,False,,,0,,6752,unavailable,844.0,unavailable,exact
10_busy_sidewalk,fixed_awgn,58,fixed,reuse,,False,,,0,,6752,unavailable,844.0,unavailable,exact
10_busy_sidewalk,fixed_awgn,59,fixed,reuse,,False,,,0,,6752,unavailable,844.0,unavailable,exact
10_busy_sidewalk,fixed_awgn,6,fixed,reuse,,False,,,0,,6744,unavailable,843.0,unavailable,exact
10_busy_sidewalk,fixed_awgn,60,fixed,reuse,,False,,,0,,6752,unavailable,844.0,unavailable,exact
10_busy_sidewalk,fixed_awgn,61,fixed,reuse,,False,,,0,,6752,unavailable,844.0,unavailable,exact
10_busy_sidewalk,fixed_awgn,62,fixed,reuse,,False,,,0,,6752,unavailable,844.0,unavailable,exact
10_busy_sidewalk,fixed_awgn,63,fixed,reuse,,False,,,0,,6752,unavailable,844.0,unavailable,exact
10_busy_sidewalk,fixed_awgn,64,fixed,keyframe,selected,True,,,32768,32768,2110400,unavailable,263800.0,unavailable,exact
10_busy_sidewalk,fixed_awgn,65,fixed,reuse,,False,,,0,,6752,unavailable,844.0,unavailable,exact
10_busy_sidewalk,fixed_awgn,66,fixed,reuse,,False,,,0,,6752,unavailable,844.0,unavailable,exact
10_busy_sidewalk,fixed_awgn,67,fixed,reuse,,False,,,0,,6752,unavailable,844.0,unavailable,exact
10_busy_sidewalk,fixed_awgn,68,fixed,reuse,,False,,,0,,6752,unavailable,844.0,unavailable,exact
10_busy_sidewalk,fixed_awgn,69,fixed,reuse,,False,,,0,,6752,unavailable,844.0,unavailable,exact
10_busy_sidewalk,fixed_awgn,7,fixed,reuse,,False,,,0,,6744,unavailable,843.0,unavailable,exact
10_busy_sidewalk,fixed_awgn,70,fixed,reuse,,False,,,0,,6752,unavailable,844.0,unavailable,exact
10_busy_sidewalk,fixed_awgn,71,fixed,reuse,,False,,,0,,6752,unavailable,844.0,unavailable,exact
10_busy_sidewalk,fixed_awgn,72,fixed,reuse,,False,,,0,,6752,unavailable,844.0,unavailable,exact
10_busy_sidewalk,fixed_awgn,73,fixed,reuse,,False,,,0,,6752,unavailable,844.0,unavailable,exact
10_busy_sidewalk,fixed_awgn,74,fixed,reuse,,False,,,0,,6752,unavailable,844.0,unavailable,exact
10_busy_sidewalk,fixed_awgn,75,fixed,reuse,,False,,,0,,6752,unavailable,844.0,unavailable,exact
10_busy_sidewalk,fixed_awgn,76,fixed,reuse,,False,,,0,,6752,unavailable,844.0,unavailable,exact
10_busy_sidewalk,fixed_awgn,77,fixed,reuse,,False,,,0,,6752,unavailable,844.0,unavailable,exact
10_busy_sidewalk,fixed_awgn,78,fixed,reuse,,False,,,0,,6752,unavailable,844.0,unavailable,exact
10_busy_sidewalk,fixed_awgn,79,fixed,reuse,,False,,,0,,6752,unavailable,844.0,unavailable,exact
10_busy_sidewalk,fixed_awgn,8,fixed,reuse,,False,,,0,,6744,unavailable,843.0,unavailable,exact
10_busy_sidewalk,fixed_awgn,80,fixed,keyframe,selected,True,,,32768,32768,2110400,unavailable,263800.0,unavailable,exact
10_busy_sidewalk,fixed_awgn,81,fixed,reuse,,False,,,0,,6752,unavailable,844.0,unavailable,exact
10_busy_sidewalk,fixed_awgn,82,fixed,reuse,,False,,,0,,6752,unavailable,844.0,unavailable,exact
10_busy_sidewalk,fixed_awgn,83,fixed,reuse,,False,,,0,,6752,unavailable,844.0,unavailable,exact
10_busy_sidewalk,fixed_awgn,84,fixed,reuse,,False,,,0,,6752,unavailable,844.0,unavailable,exact
10_busy_sidewalk,fixed_awgn,85,fixed,reuse,,False,,,0,,6752,unavailable,844.0,unavailable,exact
10_busy_sidewalk,fixed_awgn,86,fixed,reuse,,False,,,0,,6752,unavailable,844.0,unavailable,exact
10_busy_sidewalk,fixed_awgn,87,fixed,reuse,,False,,,0,,6752,unavailable,844.0,unavailable,exact
10_busy_sidewalk,fixed_awgn,88,fixed,reuse,,False,,,0,,6752,unavailable,844.0,unavailable,exact
10_busy_sidewalk,fixed_awgn,89,fixed,reuse,,False,,,0,,6752,unavailable,844.0,unavailable,exact
10_busy_sidewalk,fixed_awgn,9,fixed,reuse,,False,,,0,,6744,unavailable,843.0,unavailable,exact
10_busy_sidewalk,fixed_awgn,90,fixed,reuse,,False,,,0,,6752,unavailable,844.0,unavailable,exact
10_busy_sidewalk,fixed_awgn,91,fixed,reuse,,False,,,0,,6752,unavailable,844.0,unavailable,exact
10_busy_sidewalk,fixed_awgn,92,fixed,reuse,,False,,,0,,6752,unavailable,844.0,unavailable,exact
10_busy_sidewalk,fixed_awgn,93,fixed,reuse,,False,,,0,,6752,unavailable,844.0,unavailable,exact
10_busy_sidewalk,fixed_awgn,94,fixed,reuse,,False,,,0,,6752,unavailable,844.0,unavailable,exact
10_busy_sidewalk,fixed_awgn,95,fixed,reuse,,False,,,0,,6752,unavailable,844.0,unavailable,exact
10_busy_sidewalk,fixed_awgn,96,fixed,keyframe,selected,True,,,32768,32768,2110400,unavailable,263800.0,unavailable,exact
10_busy_sidewalk,fixed_awgn,97,fixed,reuse,,False,,,0,,6752,unavailable,844.0,unavailable,exact
10_busy_sidewalk,fixed_awgn,98,fixed,reuse,,False,,,0,,6752,unavailable,844.0,unavailable,exact
10_busy_sidewalk,fixed_awgn,99,fixed,reuse,,False,,,0,,6752,unavailable,844.0,unavailable,exact
10_busy_sidewalk,fixed_float32,0,fixed,keyframe,first_frame,True,,,32768,,3165504,unavailable,395688.0,unavailable,exact
10_busy_sidewalk,fixed_float32,1,fixed,reuse,,False,,,0,,6768,unavailable,846.0,unavailable,exact
10_busy_sidewalk,fixed_float32,10,fixed,reuse,,False,,,0,,6776,unavailable,847.0,unavailable,exact
10_busy_sidewalk,fixed_float32,11,fixed,reuse,,False,,,0,,6776,unavailable,847.0,unavailable,exact
10_busy_sidewalk,fixed_float32,12,fixed,reuse,,False,,,0,,6776,unavailable,847.0,unavailable,exact
10_busy_sidewalk,fixed_float32,13,fixed,reuse,,False,,,0,,6776,unavailable,847.0,unavailable,exact
10_busy_sidewalk,fixed_float32,14,fixed,reuse,,False,,,0,,6776,unavailable,847.0,unavailable,exact
10_busy_sidewalk,fixed_float32,15,fixed,reuse,,False,,,0,,6776,unavailable,847.0,unavailable,exact
10_busy_sidewalk,fixed_float32,16,fixed,keyframe,selected,True,,,32768,,3165512,unavailable,395689.0,unavailable,exact
10_busy_sidewalk,fixed_float32,17,fixed,reuse,,False,,,0,,6776,unavailable,847.0,unavailable,exact
10_busy_sidewalk,fixed_float32,18,fixed,reuse,,False,,,0,,6776,unavailable,847.0,unavailable,exact
10_busy_sidewalk,fixed_float32,19,fixed,reuse,,False,,,0,,6776,unavailable,847.0,unavailable,exact
10_busy_sidewalk,fixed_float32,2,fixed,reuse,,False,,,0,,6768,unavailable,846.0,unavailable,exact
10_busy_sidewalk,fixed_float32,20,fixed,reuse,,False,,,0,,6776,unavailable,847.0,unavailable,exact
10_busy_sidewalk,fixed_float32,21,fixed,reuse,,False,,,0,,6776,unavailable,847.0,unavailable,exact
10_busy_sidewalk,fixed_float32,22,fixed,reuse,,False,,,0,,6776,unavailable,847.0,unavailable,exact
10_busy_sidewalk,fixed_float32,23,fixed,reuse,,False,,,0,,6776,unavailable,847.0,unavailable,exact
10_busy_sidewalk,fixed_float32,24,fixed,reuse,,False,,,0,,6776,unavailable,847.0,unavailable,exact
10_busy_sidewalk,fixed_float32,25,fixed,reuse,,False,,,0,,6776,unavailable,847.0,unavailable,exact
10_busy_sidewalk,fixed_float32,26,fixed,reuse,,False,,,0,,6776,unavailable,847.0,unavailable,exact
10_busy_sidewalk,fixed_float32,27,fixed,reuse,,False,,,0,,6776,unavailable,847.0,unavailable,exact
10_busy_sidewalk,fixed_float32,28,fixed,reuse,,False,,,0,,6776,unavailable,847.0,unavailable,exact
10_busy_sidewalk,fixed_float32,29,fixed,reuse,,False,,,0,,6776,unavailable,847.0,unavailable,exact
10_busy_sidewalk,fixed_float32,3,fixed,reuse,,False,,,0,,6768,unavailable,846.0,unavailable,exact
10_busy_sidewalk,fixed_float32,30,fixed,reuse,,False,,,0,,6776,unavailable,847.0,unavailable,exact
10_busy_sidewalk,fixed_float32,31,fixed,reuse,,False,,,0,,6776,unavailable,847.0,unavailable,exact
10_busy_sidewalk,fixed_float32,32,fixed,keyframe,selected,True,,,32768,,3165512,unavailable,395689.0,unavailable,exact
10_busy_sidewalk,fixed_float32,33,fixed,reuse,,False,,,0,,6776,unavailable,847.0,unavailable,exact
10_busy_sidewalk,fixed_float32,34,fixed,reuse,,False,,,0,,6776,unavailable,847.0,unavailable,exact
10_busy_sidewalk,fixed_float32,35,fixed,reuse,,False,,,0,,6776,unavailable,847.0,unavailable,exact
10_busy_sidewalk,fixed_float32,36,fixed,reuse,,False,,,0,,6776,unavailable,847.0,unavailable,exact
10_busy_sidewalk,fixed_float32,37,fixed,reuse,,False,,,0,,6776,unavailable,847.0,unavailable,exact
10_busy_sidewalk,fixed_float32,38,fixed,reuse,,False,,,0,,6776,unavailable,847.0,unavailable,exact
10_busy_sidewalk,fixed_float32,39,fixed,reuse,,False,,,0,,6776,unavailable,847.0,unavailable,exact
10_busy_sidewalk,fixed_float32,4,fixed,reuse,,False,,,0,,6768,unavailable,846.0,unavailable,exact
10_busy_sidewalk,fixed_float32,40,fixed,reuse,,False,,,0,,6776,unavailable,847.0,unavailable,exact
10_busy_sidewalk,fixed_float32,41,fixed,reuse,,False,,,0,,6776,unavailable,847.0,unavailable,exact
10_busy_sidewalk,fixed_float32,42,fixed,reuse,,False,,,0,,6776,unavailable,847.0,unavailable,exact
10_busy_sidewalk,fixed_float32,43,fixed,reuse,,False,,,0,,6776,unavailable,847.0,unavailable,exact
10_busy_sidewalk,fixed_float32,44,fixed,reuse,,False,,,0,,6776,unavailable,847.0,unavailable,exact
10_busy_sidewalk,fixed_float32,45,fixed,reuse,,False,,,0,,6776,unavailable,847.0,unavailable,exact
10_busy_sidewalk,fixed_float32,46,fixed,reuse,,False,,,0,,6776,unavailable,847.0,unavailable,exact
10_busy_sidewalk,fixed_float32,47,fixed,reuse,,False,,,0,,6776,unavailable,847.0,unavailable,exact
10_busy_sidewalk,fixed_float32,48,fixed,keyframe,selected,True,,,32768,,3165512,unavailable,395689.0,unavailable,exact
10_busy_sidewalk,fixed_float32,49,fixed,reuse,,False,,,0,,6776,unavailable,847.0,unavailable,exact
10_busy_sidewalk,fixed_float32,5,fixed,reuse,,False,,,0,,6768,unavailable,846.0,unavailable,exact
10_busy_sidewalk,fixed_float32,50,fixed,reuse,,False,,,0,,6776,unavailable,847.0,unavailable,exact
10_busy_sidewalk,fixed_float32,51,fixed,reuse,,False,,,0,,6776,unavailable,847.0,unavailable,exact
10_busy_sidewalk,fixed_float32,52,fixed,reuse,,False,,,0,,6776,unavailable,847.0,unavailable,exact
10_busy_sidewalk,fixed_float32,53,fixed,reuse,,False,,,0,,6776,unavailable,847.0,unavailable,exact
10_busy_sidewalk,fixed_float32,54,fixed,reuse,,False,,,0,,6776,unavailable,847.0,unavailable,exact
10_busy_sidewalk,fixed_float32,55,fixed,reuse,,False,,,0,,6776,unavailable,847.0,unavailable,exact
10_busy_sidewalk,fixed_float32,56,fixed,reuse,,False,,,0,,6776,unavailable,847.0,unavailable,exact
10_busy_sidewalk,fixed_float32,57,fixed,reuse,,False,,,0,,6776,unavailable,847.0,unavailable,exact
10_busy_sidewalk,fixed_float32,58,fixed,reuse,,False,,,0,,6776,unavailable,847.0,unavailable,exact
10_busy_sidewalk,fixed_float32,59,fixed,reuse,,False,,,0,,6776,unavailable,847.0,unavailable,exact
10_busy_sidewalk,fixed_float32,6,fixed,reuse,,False,,,0,,6768,unavailable,846.0,unavailable,exact
10_busy_sidewalk,fixed_float32,60,fixed,reuse,,False,,,0,,6776,unavailable,847.0,unavailable,exact
10_busy_sidewalk,fixed_float32,61,fixed,reuse,,False,,,0,,6776,unavailable,847.0,unavailable,exact
10_busy_sidewalk,fixed_float32,62,fixed,reuse,,False,,,0,,6776,unavailable,847.0,unavailable,exact
10_busy_sidewalk,fixed_float32,63,fixed,reuse,,False,,,0,,6776,unavailable,847.0,unavailable,exact
10_busy_sidewalk,fixed_float32,64,fixed,keyframe,selected,True,,,32768,,3165512,unavailable,395689.0,unavailable,exact
10_busy_sidewalk,fixed_float32,65,fixed,reuse,,False,,,0,,6776,unavailable,847.0,unavailable,exact
10_busy_sidewalk,fixed_float32,66,fixed,reuse,,False,,,0,,6776,unavailable,847.0,unavailable,exact
10_busy_sidewalk,fixed_float32,67,fixed,reuse,,False,,,0,,6776,unavailable,847.0,unavailable,exact
10_busy_sidewalk,fixed_float32,68,fixed,reuse,,False,,,0,,6776,unavailable,847.0,unavailable,exact
10_busy_sidewalk,fixed_float32,69,fixed,reuse,,False,,,0,,6776,unavailable,847.0,unavailable,exact
10_busy_sidewalk,fixed_float32,7,fixed,reuse,,False,,,0,,6768,unavailable,846.0,unavailable,exact
10_busy_sidewalk,fixed_float32,70,fixed,reuse,,False,,,0,,6776,unavailable,847.0,unavailable,exact
10_busy_sidewalk,fixed_float32,71,fixed,reuse,,False,,,0,,6776,unavailable,847.0,unavailable,exact
10_busy_sidewalk,fixed_float32,72,fixed,reuse,,False,,,0,,6776,unavailable,847.0,unavailable,exact
10_busy_sidewalk,fixed_float32,73,fixed,reuse,,False,,,0,,6776,unavailable,847.0,unavailable,exact
10_busy_sidewalk,fixed_float32,74,fixed,reuse,,False,,,0,,6776,unavailable,847.0,unavailable,exact
10_busy_sidewalk,fixed_float32,75,fixed,reuse,,False,,,0,,6776,unavailable,847.0,unavailable,exact
10_busy_sidewalk,fixed_float32,76,fixed,reuse,,False,,,0,,6776,unavailable,847.0,unavailable,exact
10_busy_sidewalk,fixed_float32,77,fixed,reuse,,False,,,0,,6776,unavailable,847.0,unavailable,exact
10_busy_sidewalk,fixed_float32,78,fixed,reuse,,False,,,0,,6776,unavailable,847.0,unavailable,exact
10_busy_sidewalk,fixed_float32,79,fixed,reuse,,False,,,0,,6776,unavailable,847.0,unavailable,exact
10_busy_sidewalk,fixed_float32,8,fixed,reuse,,False,,,0,,6768,unavailable,846.0,unavailable,exact
10_busy_sidewalk,fixed_float32,80,fixed,keyframe,selected,True,,,32768,,3165512,unavailable,395689.0,unavailable,exact
10_busy_sidewalk,fixed_float32,81,fixed,reuse,,False,,,0,,6776,unavailable,847.0,unavailable,exact
10_busy_sidewalk,fixed_float32,82,fixed,reuse,,False,,,0,,6776,unavailable,847.0,unavailable,exact
10_busy_sidewalk,fixed_float32,83,fixed,reuse,,False,,,0,,6776,unavailable,847.0,unavailable,exact
10_busy_sidewalk,fixed_float32,84,fixed,reuse,,False,,,0,,6776,unavailable,847.0,unavailable,exact
10_busy_sidewalk,fixed_float32,85,fixed,reuse,,False,,,0,,6776,unavailable,847.0,unavailable,exact
10_busy_sidewalk,fixed_float32,86,fixed,reuse,,False,,,0,,6776,unavailable,847.0,unavailable,exact
10_busy_sidewalk,fixed_float32,87,fixed,reuse,,False,,,0,,6776,unavailable,847.0,unavailable,exact
10_busy_sidewalk,fixed_float32,88,fixed,reuse,,False,,,0,,6776,unavailable,847.0,unavailable,exact
10_busy_sidewalk,fixed_float32,89,fixed,reuse,,False,,,0,,6776,unavailable,847.0,unavailable,exact
10_busy_sidewalk,fixed_float32,9,fixed,reuse,,False,,,0,,6768,unavailable,846.0,unavailable,exact
10_busy_sidewalk,fixed_float32,90,fixed,reuse,,False,,,0,,6776,unavailable,847.0,unavailable,exact
10_busy_sidewalk,fixed_float32,91,fixed,reuse,,False,,,0,,6776,unavailable,847.0,unavailable,exact
10_busy_sidewalk,fixed_float32,92,fixed,reuse,,False,,,0,,6776,unavailable,847.0,unavailable,exact
10_busy_sidewalk,fixed_float32,93,fixed,reuse,,False,,,0,,6776,unavailable,847.0,unavailable,exact
10_busy_sidewalk,fixed_float32,94,fixed,reuse,,False,,,0,,6776,unavailable,847.0,unavailable,exact
10_busy_sidewalk,fixed_float32,95,fixed,reuse,,False,,,0,,6776,unavailable,847.0,unavailable,exact
10_busy_sidewalk,fixed_float32,96,fixed,keyframe,selected,True,,,32768,,3165512,unavailable,395689.0,unavailable,exact
10_busy_sidewalk,fixed_float32,97,fixed,reuse,,False,,,0,,6776,unavailable,847.0,unavailable,exact
10_busy_sidewalk,fixed_float32,98,fixed,reuse,,False,,,0,,6776,unavailable,847.0,unavailable,exact
10_busy_sidewalk,fixed_float32,99,fixed,reuse,,False,,,0,,6776,unavailable,847.0,unavailable,exact
10_busy_sidewalk,fixed_int16,0,fixed,keyframe,first_frame,True,,,32768,,2641200,unavailable,330150.0,unavailable,exact
10_busy_sidewalk,fixed_int16,1,fixed,reuse,,False,,,0,,6752,unavailable,844.0,unavailable,exact
10_busy_sidewalk,fixed_int16,10,fixed,reuse,,False,,,0,,6760,unavailable,845.0,unavailable,exact
10_busy_sidewalk,fixed_int16,11,fixed,reuse,,False,,,0,,6760,unavailable,845.0,unavailable,exact
10_busy_sidewalk,fixed_int16,12,fixed,reuse,,False,,,0,,6760,unavailable,845.0,unavailable,exact
10_busy_sidewalk,fixed_int16,13,fixed,reuse,,False,,,0,,6760,unavailable,845.0,unavailable,exact
10_busy_sidewalk,fixed_int16,14,fixed,reuse,,False,,,0,,6760,unavailable,845.0,unavailable,exact
10_busy_sidewalk,fixed_int16,15,fixed,reuse,,False,,,0,,6760,unavailable,845.0,unavailable,exact
10_busy_sidewalk,fixed_int16,16,fixed,keyframe,selected,True,,,32768,,2641208,unavailable,330151.0,unavailable,exact
10_busy_sidewalk,fixed_int16,17,fixed,reuse,,False,,,0,,6760,unavailable,845.0,unavailable,exact
10_busy_sidewalk,fixed_int16,18,fixed,reuse,,False,,,0,,6760,unavailable,845.0,unavailable,exact
10_busy_sidewalk,fixed_int16,19,fixed,reuse,,False,,,0,,6760,unavailable,845.0,unavailable,exact
10_busy_sidewalk,fixed_int16,2,fixed,reuse,,False,,,0,,6752,unavailable,844.0,unavailable,exact
10_busy_sidewalk,fixed_int16,20,fixed,reuse,,False,,,0,,6760,unavailable,845.0,unavailable,exact
10_busy_sidewalk,fixed_int16,21,fixed,reuse,,False,,,0,,6760,unavailable,845.0,unavailable,exact
10_busy_sidewalk,fixed_int16,22,fixed,reuse,,False,,,0,,6760,unavailable,845.0,unavailable,exact
10_busy_sidewalk,fixed_int16,23,fixed,reuse,,False,,,0,,6760,unavailable,845.0,unavailable,exact
10_busy_sidewalk,fixed_int16,24,fixed,reuse,,False,,,0,,6760,unavailable,845.0,unavailable,exact
10_busy_sidewalk,fixed_int16,25,fixed,reuse,,False,,,0,,6760,unavailable,845.0,unavailable,exact
10_busy_sidewalk,fixed_int16,26,fixed,reuse,,False,,,0,,6760,unavailable,845.0,unavailable,exact
10_busy_sidewalk,fixed_int16,27,fixed,reuse,,False,,,0,,6760,unavailable,845.0,unavailable,exact
10_busy_sidewalk,fixed_int16,28,fixed,reuse,,False,,,0,,6760,unavailable,845.0,unavailable,exact
10_busy_sidewalk,fixed_int16,29,fixed,reuse,,False,,,0,,6760,unavailable,845.0,unavailable,exact
10_busy_sidewalk,fixed_int16,3,fixed,reuse,,False,,,0,,6752,unavailable,844.0,unavailable,exact
10_busy_sidewalk,fixed_int16,30,fixed,reuse,,False,,,0,,6760,unavailable,845.0,unavailable,exact
10_busy_sidewalk,fixed_int16,31,fixed,reuse,,False,,,0,,6760,unavailable,845.0,unavailable,exact
10_busy_sidewalk,fixed_int16,32,fixed,keyframe,selected,True,,,32768,,2641208,unavailable,330151.0,unavailable,exact
10_busy_sidewalk,fixed_int16,33,fixed,reuse,,False,,,0,,6760,unavailable,845.0,unavailable,exact
10_busy_sidewalk,fixed_int16,34,fixed,reuse,,False,,,0,,6760,unavailable,845.0,unavailable,exact
10_busy_sidewalk,fixed_int16,35,fixed,reuse,,False,,,0,,6760,unavailable,845.0,unavailable,exact
10_busy_sidewalk,fixed_int16,36,fixed,reuse,,False,,,0,,6760,unavailable,845.0,unavailable,exact
10_busy_sidewalk,fixed_int16,37,fixed,reuse,,False,,,0,,6760,unavailable,845.0,unavailable,exact
10_busy_sidewalk,fixed_int16,38,fixed,reuse,,False,,,0,,6760,unavailable,845.0,unavailable,exact
10_busy_sidewalk,fixed_int16,39,fixed,reuse,,False,,,0,,6760,unavailable,845.0,unavailable,exact
10_busy_sidewalk,fixed_int16,4,fixed,reuse,,False,,,0,,6752,unavailable,844.0,unavailable,exact
10_busy_sidewalk,fixed_int16,40,fixed,reuse,,False,,,0,,6760,unavailable,845.0,unavailable,exact
10_busy_sidewalk,fixed_int16,41,fixed,reuse,,False,,,0,,6760,unavailable,845.0,unavailable,exact
10_busy_sidewalk,fixed_int16,42,fixed,reuse,,False,,,0,,6760,unavailable,845.0,unavailable,exact
10_busy_sidewalk,fixed_int16,43,fixed,reuse,,False,,,0,,6760,unavailable,845.0,unavailable,exact
10_busy_sidewalk,fixed_int16,44,fixed,reuse,,False,,,0,,6760,unavailable,845.0,unavailable,exact
10_busy_sidewalk,fixed_int16,45,fixed,reuse,,False,,,0,,6760,unavailable,845.0,unavailable,exact
10_busy_sidewalk,fixed_int16,46,fixed,reuse,,False,,,0,,6760,unavailable,845.0,unavailable,exact
10_busy_sidewalk,fixed_int16,47,fixed,reuse,,False,,,0,,6760,unavailable,845.0,unavailable,exact
10_busy_sidewalk,fixed_int16,48,fixed,keyframe,selected,True,,,32768,,2641208,unavailable,330151.0,unavailable,exact
10_busy_sidewalk,fixed_int16,49,fixed,reuse,,False,,,0,,6760,unavailable,845.0,unavailable,exact
10_busy_sidewalk,fixed_int16,5,fixed,reuse,,False,,,0,,6752,unavailable,844.0,unavailable,exact
10_busy_sidewalk,fixed_int16,50,fixed,reuse,,False,,,0,,6760,unavailable,845.0,unavailable,exact
10_busy_sidewalk,fixed_int16,51,fixed,reuse,,False,,,0,,6760,unavailable,845.0,unavailable,exact
10_busy_sidewalk,fixed_int16,52,fixed,reuse,,False,,,0,,6760,unavailable,845.0,unavailable,exact
10_busy_sidewalk,fixed_int16,53,fixed,reuse,,False,,,0,,6760,unavailable,845.0,unavailable,exact
10_busy_sidewalk,fixed_int16,54,fixed,reuse,,False,,,0,,6760,unavailable,845.0,unavailable,exact
10_busy_sidewalk,fixed_int16,55,fixed,reuse,,False,,,0,,6760,unavailable,845.0,unavailable,exact
10_busy_sidewalk,fixed_int16,56,fixed,reuse,,False,,,0,,6760,unavailable,845.0,unavailable,exact
10_busy_sidewalk,fixed_int16,57,fixed,reuse,,False,,,0,,6760,unavailable,845.0,unavailable,exact
10_busy_sidewalk,fixed_int16,58,fixed,reuse,,False,,,0,,6760,unavailable,845.0,unavailable,exact
10_busy_sidewalk,fixed_int16,59,fixed,reuse,,False,,,0,,6760,unavailable,845.0,unavailable,exact
10_busy_sidewalk,fixed_int16,6,fixed,reuse,,False,,,0,,6752,unavailable,844.0,unavailable,exact
10_busy_sidewalk,fixed_int16,60,fixed,reuse,,False,,,0,,6760,unavailable,845.0,unavailable,exact
10_busy_sidewalk,fixed_int16,61,fixed,reuse,,False,,,0,,6760,unavailable,845.0,unavailable,exact
10_busy_sidewalk,fixed_int16,62,fixed,reuse,,False,,,0,,6760,unavailable,845.0,unavailable,exact
10_busy_sidewalk,fixed_int16,63,fixed,reuse,,False,,,0,,6760,unavailable,845.0,unavailable,exact
10_busy_sidewalk,fixed_int16,64,fixed,keyframe,selected,True,,,32768,,2641208,unavailable,330151.0,unavailable,exact
10_busy_sidewalk,fixed_int16,65,fixed,reuse,,False,,,0,,6760,unavailable,845.0,unavailable,exact
10_busy_sidewalk,fixed_int16,66,fixed,reuse,,False,,,0,,6760,unavailable,845.0,unavailable,exact
10_busy_sidewalk,fixed_int16,67,fixed,reuse,,False,,,0,,6760,unavailable,845.0,unavailable,exact
10_busy_sidewalk,fixed_int16,68,fixed,reuse,,False,,,0,,6760,unavailable,845.0,unavailable,exact
10_busy_sidewalk,fixed_int16,69,fixed,reuse,,False,,,0,,6760,unavailable,845.0,unavailable,exact
10_busy_sidewalk,fixed_int16,7,fixed,reuse,,False,,,0,,6752,unavailable,844.0,unavailable,exact
10_busy_sidewalk,fixed_int16,70,fixed,reuse,,False,,,0,,6760,unavailable,845.0,unavailable,exact
10_busy_sidewalk,fixed_int16,71,fixed,reuse,,False,,,0,,6760,unavailable,845.0,unavailable,exact
10_busy_sidewalk,fixed_int16,72,fixed,reuse,,False,,,0,,6760,unavailable,845.0,unavailable,exact
10_busy_sidewalk,fixed_int16,73,fixed,reuse,,False,,,0,,6760,unavailable,845.0,unavailable,exact
10_busy_sidewalk,fixed_int16,74,fixed,reuse,,False,,,0,,6760,unavailable,845.0,unavailable,exact
10_busy_sidewalk,fixed_int16,75,fixed,reuse,,False,,,0,,6760,unavailable,845.0,unavailable,exact
10_busy_sidewalk,fixed_int16,76,fixed,reuse,,False,,,0,,6760,unavailable,845.0,unavailable,exact
10_busy_sidewalk,fixed_int16,77,fixed,reuse,,False,,,0,,6760,unavailable,845.0,unavailable,exact
10_busy_sidewalk,fixed_int16,78,fixed,reuse,,False,,,0,,6760,unavailable,845.0,unavailable,exact
10_busy_sidewalk,fixed_int16,79,fixed,reuse,,False,,,0,,6760,unavailable,845.0,unavailable,exact
10_busy_sidewalk,fixed_int16,8,fixed,reuse,,False,,,0,,6752,unavailable,844.0,unavailable,exact
10_busy_sidewalk,fixed_int16,80,fixed,keyframe,selected,True,,,32768,,2641208,unavailable,330151.0,unavailable,exact
10_busy_sidewalk,fixed_int16,81,fixed,reuse,,False,,,0,,6760,unavailable,845.0,unavailable,exact
10_busy_sidewalk,fixed_int16,82,fixed,reuse,,False,,,0,,6760,unavailable,845.0,unavailable,exact
10_busy_sidewalk,fixed_int16,83,fixed,reuse,,False,,,0,,6760,unavailable,845.0,unavailable,exact
10_busy_sidewalk,fixed_int16,84,fixed,reuse,,False,,,0,,6760,unavailable,845.0,unavailable,exact
10_busy_sidewalk,fixed_int16,85,fixed,reuse,,False,,,0,,6760,unavailable,845.0,unavailable,exact
10_busy_sidewalk,fixed_int16,86,fixed,reuse,,False,,,0,,6760,unavailable,845.0,unavailable,exact
10_busy_sidewalk,fixed_int16,87,fixed,reuse,,False,,,0,,6760,unavailable,845.0,unavailable,exact
10_busy_sidewalk,fixed_int16,88,fixed,reuse,,False,,,0,,6760,unavailable,845.0,unavailable,exact
10_busy_sidewalk,fixed_int16,89,fixed,reuse,,False,,,0,,6760,unavailable,845.0,unavailable,exact
10_busy_sidewalk,fixed_int16,9,fixed,reuse,,False,,,0,,6752,unavailable,844.0,unavailable,exact
10_busy_sidewalk,fixed_int16,90,fixed,reuse,,False,,,0,,6760,unavailable,845.0,unavailable,exact
10_busy_sidewalk,fixed_int16,91,fixed,reuse,,False,,,0,,6760,unavailable,845.0,unavailable,exact
10_busy_sidewalk,fixed_int16,92,fixed,reuse,,False,,,0,,6760,unavailable,845.0,unavailable,exact
10_busy_sidewalk,fixed_int16,93,fixed,reuse,,False,,,0,,6760,unavailable,845.0,unavailable,exact
10_busy_sidewalk,fixed_int16,94,fixed,reuse,,False,,,0,,6760,unavailable,845.0,unavailable,exact
10_busy_sidewalk,fixed_int16,95,fixed,reuse,,False,,,0,,6760,unavailable,845.0,unavailable,exact
10_busy_sidewalk,fixed_int16,96,fixed,keyframe,selected,True,,,32768,,2641208,unavailable,330151.0,unavailable,exact
10_busy_sidewalk,fixed_int16,97,fixed,reuse,,False,,,0,,6760,unavailable,845.0,unavailable,exact
10_busy_sidewalk,fixed_int16,98,fixed,reuse,,False,,,0,,6760,unavailable,845.0,unavailable,exact
10_busy_sidewalk,fixed_int16,99,fixed,reuse,,False,,,0,,6760,unavailable,845.0,unavailable,exact
10_busy_sidewalk,fixed_int4,0,fixed,keyframe,first_frame,True,,,32768,,2247976,unavailable,280997.0,unavailable,exact
10_busy_sidewalk,fixed_int4,1,fixed,reuse,,False,,,0,,6744,unavailable,843.0,unavailable,exact
10_busy_sidewalk,fixed_int4,10,fixed,reuse,,False,,,0,,6752,unavailable,844.0,unavailable,exact
10_busy_sidewalk,fixed_int4,11,fixed,reuse,,False,,,0,,6752,unavailable,844.0,unavailable,exact
10_busy_sidewalk,fixed_int4,12,fixed,reuse,,False,,,0,,6752,unavailable,844.0,unavailable,exact
10_busy_sidewalk,fixed_int4,13,fixed,reuse,,False,,,0,,6752,unavailable,844.0,unavailable,exact
10_busy_sidewalk,fixed_int4,14,fixed,reuse,,False,,,0,,6752,unavailable,844.0,unavailable,exact
10_busy_sidewalk,fixed_int4,15,fixed,reuse,,False,,,0,,6752,unavailable,844.0,unavailable,exact
10_busy_sidewalk,fixed_int4,16,fixed,keyframe,selected,True,,,32768,,2247984,unavailable,280998.0,unavailable,exact
10_busy_sidewalk,fixed_int4,17,fixed,reuse,,False,,,0,,6752,unavailable,844.0,unavailable,exact
10_busy_sidewalk,fixed_int4,18,fixed,reuse,,False,,,0,,6752,unavailable,844.0,unavailable,exact
10_busy_sidewalk,fixed_int4,19,fixed,reuse,,False,,,0,,6752,unavailable,844.0,unavailable,exact
10_busy_sidewalk,fixed_int4,2,fixed,reuse,,False,,,0,,6744,unavailable,843.0,unavailable,exact
10_busy_sidewalk,fixed_int4,20,fixed,reuse,,False,,,0,,6752,unavailable,844.0,unavailable,exact
10_busy_sidewalk,fixed_int4,21,fixed,reuse,,False,,,0,,6752,unavailable,844.0,unavailable,exact
10_busy_sidewalk,fixed_int4,22,fixed,reuse,,False,,,0,,6752,unavailable,844.0,unavailable,exact
10_busy_sidewalk,fixed_int4,23,fixed,reuse,,False,,,0,,6752,unavailable,844.0,unavailable,exact
10_busy_sidewalk,fixed_int4,24,fixed,reuse,,False,,,0,,6752,unavailable,844.0,unavailable,exact
10_busy_sidewalk,fixed_int4,25,fixed,reuse,,False,,,0,,6752,unavailable,844.0,unavailable,exact
10_busy_sidewalk,fixed_int4,26,fixed,reuse,,False,,,0,,6752,unavailable,844.0,unavailable,exact
10_busy_sidewalk,fixed_int4,27,fixed,reuse,,False,,,0,,6752,unavailable,844.0,unavailable,exact
10_busy_sidewalk,fixed_int4,28,fixed,reuse,,False,,,0,,6752,unavailable,844.0,unavailable,exact
10_busy_sidewalk,fixed_int4,29,fixed,reuse,,False,,,0,,6752,unavailable,844.0,unavailable,exact
10_busy_sidewalk,fixed_int4,3,fixed,reuse,,False,,,0,,6744,unavailable,843.0,unavailable,exact
10_busy_sidewalk,fixed_int4,30,fixed,reuse,,False,,,0,,6752,unavailable,844.0,unavailable,exact
10_busy_sidewalk,fixed_int4,31,fixed,reuse,,False,,,0,,6752,unavailable,844.0,unavailable,exact
10_busy_sidewalk,fixed_int4,32,fixed,keyframe,selected,True,,,32768,,2247984,unavailable,280998.0,unavailable,exact
10_busy_sidewalk,fixed_int4,33,fixed,reuse,,False,,,0,,6752,unavailable,844.0,unavailable,exact
10_busy_sidewalk,fixed_int4,34,fixed,reuse,,False,,,0,,6752,unavailable,844.0,unavailable,exact
10_busy_sidewalk,fixed_int4,35,fixed,reuse,,False,,,0,,6752,unavailable,844.0,unavailable,exact
10_busy_sidewalk,fixed_int4,36,fixed,reuse,,False,,,0,,6752,unavailable,844.0,unavailable,exact
10_busy_sidewalk,fixed_int4,37,fixed,reuse,,False,,,0,,6752,unavailable,844.0,unavailable,exact
10_busy_sidewalk,fixed_int4,38,fixed,reuse,,False,,,0,,6752,unavailable,844.0,unavailable,exact
10_busy_sidewalk,fixed_int4,39,fixed,reuse,,False,,,0,,6752,unavailable,844.0,unavailable,exact
10_busy_sidewalk,fixed_int4,4,fixed,reuse,,False,,,0,,6744,unavailable,843.0,unavailable,exact
10_busy_sidewalk,fixed_int4,40,fixed,reuse,,False,,,0,,6752,unavailable,844.0,unavailable,exact
10_busy_sidewalk,fixed_int4,41,fixed,reuse,,False,,,0,,6752,unavailable,844.0,unavailable,exact
10_busy_sidewalk,fixed_int4,42,fixed,reuse,,False,,,0,,6752,unavailable,844.0,unavailable,exact
10_busy_sidewalk,fixed_int4,43,fixed,reuse,,False,,,0,,6752,unavailable,844.0,unavailable,exact
10_busy_sidewalk,fixed_int4,44,fixed,reuse,,False,,,0,,6752,unavailable,844.0,unavailable,exact
10_busy_sidewalk,fixed_int4,45,fixed,reuse,,False,,,0,,6752,unavailable,844.0,unavailable,exact
10_busy_sidewalk,fixed_int4,46,fixed,reuse,,False,,,0,,6752,unavailable,844.0,unavailable,exact
10_busy_sidewalk,fixed_int4,47,fixed,reuse,,False,,,0,,6752,unavailable,844.0,unavailable,exact
10_busy_sidewalk,fixed_int4,48,fixed,keyframe,selected,True,,,32768,,2247984,unavailable,280998.0,unavailable,exact
10_busy_sidewalk,fixed_int4,49,fixed,reuse,,False,,,0,,6752,unavailable,844.0,unavailable,exact
10_busy_sidewalk,fixed_int4,5,fixed,reuse,,False,,,0,,6744,unavailable,843.0,unavailable,exact
10_busy_sidewalk,fixed_int4,50,fixed,reuse,,False,,,0,,6752,unavailable,844.0,unavailable,exact
10_busy_sidewalk,fixed_int4,51,fixed,reuse,,False,,,0,,6752,unavailable,844.0,unavailable,exact
10_busy_sidewalk,fixed_int4,52,fixed,reuse,,False,,,0,,6752,unavailable,844.0,unavailable,exact
10_busy_sidewalk,fixed_int4,53,fixed,reuse,,False,,,0,,6752,unavailable,844.0,unavailable,exact
10_busy_sidewalk,fixed_int4,54,fixed,reuse,,False,,,0,,6752,unavailable,844.0,unavailable,exact
10_busy_sidewalk,fixed_int4,55,fixed,reuse,,False,,,0,,6752,unavailable,844.0,unavailable,exact
10_busy_sidewalk,fixed_int4,56,fixed,reuse,,False,,,0,,6752,unavailable,844.0,unavailable,exact
10_busy_sidewalk,fixed_int4,57,fixed,reuse,,False,,,0,,6752,unavailable,844.0,unavailable,exact
10_busy_sidewalk,fixed_int4,58,fixed,reuse,,False,,,0,,6752,unavailable,844.0,unavailable,exact
10_busy_sidewalk,fixed_int4,59,fixed,reuse,,False,,,0,,6752,unavailable,844.0,unavailable,exact
10_busy_sidewalk,fixed_int4,6,fixed,reuse,,False,,,0,,6744,unavailable,843.0,unavailable,exact
10_busy_sidewalk,fixed_int4,60,fixed,reuse,,False,,,0,,6752,unavailable,844.0,unavailable,exact
10_busy_sidewalk,fixed_int4,61,fixed,reuse,,False,,,0,,6752,unavailable,844.0,unavailable,exact
10_busy_sidewalk,fixed_int4,62,fixed,reuse,,False,,,0,,6752,unavailable,844.0,unavailable,exact
10_busy_sidewalk,fixed_int4,63,fixed,reuse,,False,,,0,,6752,unavailable,844.0,unavailable,exact
10_busy_sidewalk,fixed_int4,64,fixed,keyframe,selected,True,,,32768,,2247984,unavailable,280998.0,unavailable,exact
10_busy_sidewalk,fixed_int4,65,fixed,reuse,,False,,,0,,6752,unavailable,844.0,unavailable,exact
10_busy_sidewalk,fixed_int4,66,fixed,reuse,,False,,,0,,6752,unavailable,844.0,unavailable,exact
10_busy_sidewalk,fixed_int4,67,fixed,reuse,,False,,,0,,6752,unavailable,844.0,unavailable,exact
10_busy_sidewalk,fixed_int4,68,fixed,reuse,,False,,,0,,6752,unavailable,844.0,unavailable,exact
10_busy_sidewalk,fixed_int4,69,fixed,reuse,,False,,,0,,6752,unavailable,844.0,unavailable,exact
10_busy_sidewalk,fixed_int4,7,fixed,reuse,,False,,,0,,6744,unavailable,843.0,unavailable,exact
10_busy_sidewalk,fixed_int4,70,fixed,reuse,,False,,,0,,6752,unavailable,844.0,unavailable,exact
10_busy_sidewalk,fixed_int4,71,fixed,reuse,,False,,,0,,6752,unavailable,844.0,unavailable,exact
10_busy_sidewalk,fixed_int4,72,fixed,reuse,,False,,,0,,6752,unavailable,844.0,unavailable,exact
10_busy_sidewalk,fixed_int4,73,fixed,reuse,,False,,,0,,6752,unavailable,844.0,unavailable,exact
10_busy_sidewalk,fixed_int4,74,fixed,reuse,,False,,,0,,6752,unavailable,844.0,unavailable,exact
10_busy_sidewalk,fixed_int4,75,fixed,reuse,,False,,,0,,6752,unavailable,844.0,unavailable,exact
10_busy_sidewalk,fixed_int4,76,fixed,reuse,,False,,,0,,6752,unavailable,844.0,unavailable,exact
10_busy_sidewalk,fixed_int4,77,fixed,reuse,,False,,,0,,6752,unavailable,844.0,unavailable,exact
10_busy_sidewalk,fixed_int4,78,fixed,reuse,,False,,,0,,6752,unavailable,844.0,unavailable,exact
10_busy_sidewalk,fixed_int4,79,fixed,reuse,,False,,,0,,6752,unavailable,844.0,unavailable,exact
10_busy_sidewalk,fixed_int4,8,fixed,reuse,,False,,,0,,6744,unavailable,843.0,unavailable,exact
10_busy_sidewalk,fixed_int4,80,fixed,keyframe,selected,True,,,32768,,2247984,unavailable,280998.0,unavailable,exact
10_busy_sidewalk,fixed_int4,81,fixed,reuse,,False,,,0,,6752,unavailable,844.0,unavailable,exact
10_busy_sidewalk,fixed_int4,82,fixed,reuse,,False,,,0,,6752,unavailable,844.0,unavailable,exact
10_busy_sidewalk,fixed_int4,83,fixed,reuse,,False,,,0,,6752,unavailable,844.0,unavailable,exact
10_busy_sidewalk,fixed_int4,84,fixed,reuse,,False,,,0,,6752,unavailable,844.0,unavailable,exact
10_busy_sidewalk,fixed_int4,85,fixed,reuse,,False,,,0,,6752,unavailable,844.0,unavailable,exact
10_busy_sidewalk,fixed_int4,86,fixed,reuse,,False,,,0,,6752,unavailable,844.0,unavailable,exact
10_busy_sidewalk,fixed_int4,87,fixed,reuse,,False,,,0,,6752,unavailable,844.0,unavailable,exact
10_busy_sidewalk,fixed_int4,88,fixed,reuse,,False,,,0,,6752,unavailable,844.0,unavailable,exact
10_busy_sidewalk,fixed_int4,89,fixed,reuse,,False,,,0,,6752,unavailable,844.0,unavailable,exact
10_busy_sidewalk,fixed_int4,9,fixed,reuse,,False,,,0,,6744,unavailable,843.0,unavailable,exact
10_busy_sidewalk,fixed_int4,90,fixed,reuse,,False,,,0,,6752,unavailable,844.0,unavailable,exact
10_busy_sidewalk,fixed_int4,91,fixed,reuse,,False,,,0,,6752,unavailable,844.0,unavailable,exact
10_busy_sidewalk,fixed_int4,92,fixed,reuse,,False,,,0,,6752,unavailable,844.0,unavailable,exact
10_busy_sidewalk,fixed_int4,93,fixed,reuse,,False,,,0,,6752,unavailable,844.0,unavailable,exact
10_busy_sidewalk,fixed_int4,94,fixed,reuse,,False,,,0,,6752,unavailable,844.0,unavailable,exact
10_busy_sidewalk,fixed_int4,95,fixed,reuse,,False,,,0,,6752,unavailable,844.0,unavailable,exact
10_busy_sidewalk,fixed_int4,96,fixed,keyframe,selected,True,,,32768,,2247984,unavailable,280998.0,unavailable,exact
10_busy_sidewalk,fixed_int4,97,fixed,reuse,,False,,,0,,6752,unavailable,844.0,unavailable,exact
10_busy_sidewalk,fixed_int4,98,fixed,reuse,,False,,,0,,6752,unavailable,844.0,unavailable,exact
10_busy_sidewalk,fixed_int4,99,fixed,reuse,,False,,,0,,6752,unavailable,844.0,unavailable,exact
10_busy_sidewalk,fixed_int6,0,fixed,keyframe,first_frame,True,,,32768,,2313512,unavailable,289189.0,unavailable,exact
10_busy_sidewalk,fixed_int6,1,fixed,reuse,,False,,,0,,6744,unavailable,843.0,unavailable,exact
10_busy_sidewalk,fixed_int6,10,fixed,reuse,,False,,,0,,6752,unavailable,844.0,unavailable,exact
10_busy_sidewalk,fixed_int6,11,fixed,reuse,,False,,,0,,6752,unavailable,844.0,unavailable,exact
10_busy_sidewalk,fixed_int6,12,fixed,reuse,,False,,,0,,6752,unavailable,844.0,unavailable,exact
10_busy_sidewalk,fixed_int6,13,fixed,reuse,,False,,,0,,6752,unavailable,844.0,unavailable,exact
10_busy_sidewalk,fixed_int6,14,fixed,reuse,,False,,,0,,6752,unavailable,844.0,unavailable,exact
10_busy_sidewalk,fixed_int6,15,fixed,reuse,,False,,,0,,6752,unavailable,844.0,unavailable,exact
10_busy_sidewalk,fixed_int6,16,fixed,keyframe,selected,True,,,32768,,2313520,unavailable,289190.0,unavailable,exact
10_busy_sidewalk,fixed_int6,17,fixed,reuse,,False,,,0,,6752,unavailable,844.0,unavailable,exact
10_busy_sidewalk,fixed_int6,18,fixed,reuse,,False,,,0,,6752,unavailable,844.0,unavailable,exact
10_busy_sidewalk,fixed_int6,19,fixed,reuse,,False,,,0,,6752,unavailable,844.0,unavailable,exact
10_busy_sidewalk,fixed_int6,2,fixed,reuse,,False,,,0,,6744,unavailable,843.0,unavailable,exact
10_busy_sidewalk,fixed_int6,20,fixed,reuse,,False,,,0,,6752,unavailable,844.0,unavailable,exact
10_busy_sidewalk,fixed_int6,21,fixed,reuse,,False,,,0,,6752,unavailable,844.0,unavailable,exact
10_busy_sidewalk,fixed_int6,22,fixed,reuse,,False,,,0,,6752,unavailable,844.0,unavailable,exact
10_busy_sidewalk,fixed_int6,23,fixed,reuse,,False,,,0,,6752,unavailable,844.0,unavailable,exact
10_busy_sidewalk,fixed_int6,24,fixed,reuse,,False,,,0,,6752,unavailable,844.0,unavailable,exact
10_busy_sidewalk,fixed_int6,25,fixed,reuse,,False,,,0,,6752,unavailable,844.0,unavailable,exact
10_busy_sidewalk,fixed_int6,26,fixed,reuse,,False,,,0,,6752,unavailable,844.0,unavailable,exact
10_busy_sidewalk,fixed_int6,27,fixed,reuse,,False,,,0,,6752,unavailable,844.0,unavailable,exact
10_busy_sidewalk,fixed_int6,28,fixed,reuse,,False,,,0,,6752,unavailable,844.0,unavailable,exact
10_busy_sidewalk,fixed_int6,29,fixed,reuse,,False,,,0,,6752,unavailable,844.0,unavailable,exact
10_busy_sidewalk,fixed_int6,3,fixed,reuse,,False,,,0,,6744,unavailable,843.0,unavailable,exact
10_busy_sidewalk,fixed_int6,30,fixed,reuse,,False,,,0,,6752,unavailable,844.0,unavailable,exact
10_busy_sidewalk,fixed_int6,31,fixed,reuse,,False,,,0,,6752,unavailable,844.0,unavailable,exact
10_busy_sidewalk,fixed_int6,32,fixed,keyframe,selected,True,,,32768,,2313520,unavailable,289190.0,unavailable,exact
10_busy_sidewalk,fixed_int6,33,fixed,reuse,,False,,,0,,6752,unavailable,844.0,unavailable,exact
10_busy_sidewalk,fixed_int6,34,fixed,reuse,,False,,,0,,6752,unavailable,844.0,unavailable,exact
10_busy_sidewalk,fixed_int6,35,fixed,reuse,,False,,,0,,6752,unavailable,844.0,unavailable,exact
10_busy_sidewalk,fixed_int6,36,fixed,reuse,,False,,,0,,6752,unavailable,844.0,unavailable,exact
10_busy_sidewalk,fixed_int6,37,fixed,reuse,,False,,,0,,6752,unavailable,844.0,unavailable,exact
10_busy_sidewalk,fixed_int6,38,fixed,reuse,,False,,,0,,6752,unavailable,844.0,unavailable,exact
10_busy_sidewalk,fixed_int6,39,fixed,reuse,,False,,,0,,6752,unavailable,844.0,unavailable,exact
10_busy_sidewalk,fixed_int6,4,fixed,reuse,,False,,,0,,6744,unavailable,843.0,unavailable,exact
10_busy_sidewalk,fixed_int6,40,fixed,reuse,,False,,,0,,6752,unavailable,844.0,unavailable,exact
10_busy_sidewalk,fixed_int6,41,fixed,reuse,,False,,,0,,6752,unavailable,844.0,unavailable,exact
10_busy_sidewalk,fixed_int6,42,fixed,reuse,,False,,,0,,6752,unavailable,844.0,unavailable,exact
10_busy_sidewalk,fixed_int6,43,fixed,reuse,,False,,,0,,6752,unavailable,844.0,unavailable,exact
10_busy_sidewalk,fixed_int6,44,fixed,reuse,,False,,,0,,6752,unavailable,844.0,unavailable,exact
10_busy_sidewalk,fixed_int6,45,fixed,reuse,,False,,,0,,6752,unavailable,844.0,unavailable,exact
10_busy_sidewalk,fixed_int6,46,fixed,reuse,,False,,,0,,6752,unavailable,844.0,unavailable,exact
10_busy_sidewalk,fixed_int6,47,fixed,reuse,,False,,,0,,6752,unavailable,844.0,unavailable,exact
10_busy_sidewalk,fixed_int6,48,fixed,keyframe,selected,True,,,32768,,2313520,unavailable,289190.0,unavailable,exact
10_busy_sidewalk,fixed_int6,49,fixed,reuse,,False,,,0,,6752,unavailable,844.0,unavailable,exact
10_busy_sidewalk,fixed_int6,5,fixed,reuse,,False,,,0,,6744,unavailable,843.0,unavailable,exact
10_busy_sidewalk,fixed_int6,50,fixed,reuse,,False,,,0,,6752,unavailable,844.0,unavailable,exact
10_busy_sidewalk,fixed_int6,51,fixed,reuse,,False,,,0,,6752,unavailable,844.0,unavailable,exact
10_busy_sidewalk,fixed_int6,52,fixed,reuse,,False,,,0,,6752,unavailable,844.0,unavailable,exact
10_busy_sidewalk,fixed_int6,53,fixed,reuse,,False,,,0,,6752,unavailable,844.0,unavailable,exact
10_busy_sidewalk,fixed_int6,54,fixed,reuse,,False,,,0,,6752,unavailable,844.0,unavailable,exact
10_busy_sidewalk,fixed_int6,55,fixed,reuse,,False,,,0,,6752,unavailable,844.0,unavailable,exact
10_busy_sidewalk,fixed_int6,56,fixed,reuse,,False,,,0,,6752,unavailable,844.0,unavailable,exact
10_busy_sidewalk,fixed_int6,57,fixed,reuse,,False,,,0,,6752,unavailable,844.0,unavailable,exact
10_busy_sidewalk,fixed_int6,58,fixed,reuse,,False,,,0,,6752,unavailable,844.0,unavailable,exact
10_busy_sidewalk,fixed_int6,59,fixed,reuse,,False,,,0,,6752,unavailable,844.0,unavailable,exact
10_busy_sidewalk,fixed_int6,6,fixed,reuse,,False,,,0,,6744,unavailable,843.0,unavailable,exact
10_busy_sidewalk,fixed_int6,60,fixed,reuse,,False,,,0,,6752,unavailable,844.0,unavailable,exact
10_busy_sidewalk,fixed_int6,61,fixed,reuse,,False,,,0,,6752,unavailable,844.0,unavailable,exact
10_busy_sidewalk,fixed_int6,62,fixed,reuse,,False,,,0,,6752,unavailable,844.0,unavailable,exact
10_busy_sidewalk,fixed_int6,63,fixed,reuse,,False,,,0,,6752,unavailable,844.0,unavailable,exact
10_busy_sidewalk,fixed_int6,64,fixed,keyframe,selected,True,,,32768,,2313520,unavailable,289190.0,unavailable,exact
10_busy_sidewalk,fixed_int6,65,fixed,reuse,,False,,,0,,6752,unavailable,844.0,unavailable,exact
10_busy_sidewalk,fixed_int6,66,fixed,reuse,,False,,,0,,6752,unavailable,844.0,unavailable,exact
10_busy_sidewalk,fixed_int6,67,fixed,reuse,,False,,,0,,6752,unavailable,844.0,unavailable,exact
10_busy_sidewalk,fixed_int6,68,fixed,reuse,,False,,,0,,6752,unavailable,844.0,unavailable,exact
10_busy_sidewalk,fixed_int6,69,fixed,reuse,,False,,,0,,6752,unavailable,844.0,unavailable,exact
10_busy_sidewalk,fixed_int6,7,fixed,reuse,,False,,,0,,6744,unavailable,843.0,unavailable,exact
10_busy_sidewalk,fixed_int6,70,fixed,reuse,,False,,,0,,6752,unavailable,844.0,unavailable,exact
10_busy_sidewalk,fixed_int6,71,fixed,reuse,,False,,,0,,6752,unavailable,844.0,unavailable,exact
10_busy_sidewalk,fixed_int6,72,fixed,reuse,,False,,,0,,6752,unavailable,844.0,unavailable,exact
10_busy_sidewalk,fixed_int6,73,fixed,reuse,,False,,,0,,6752,unavailable,844.0,unavailable,exact
10_busy_sidewalk,fixed_int6,74,fixed,reuse,,False,,,0,,6752,unavailable,844.0,unavailable,exact
10_busy_sidewalk,fixed_int6,75,fixed,reuse,,False,,,0,,6752,unavailable,844.0,unavailable,exact
10_busy_sidewalk,fixed_int6,76,fixed,reuse,,False,,,0,,6752,unavailable,844.0,unavailable,exact
10_busy_sidewalk,fixed_int6,77,fixed,reuse,,False,,,0,,6752,unavailable,844.0,unavailable,exact
10_busy_sidewalk,fixed_int6,78,fixed,reuse,,False,,,0,,6752,unavailable,844.0,unavailable,exact
10_busy_sidewalk,fixed_int6,79,fixed,reuse,,False,,,0,,6752,unavailable,844.0,unavailable,exact
10_busy_sidewalk,fixed_int6,8,fixed,reuse,,False,,,0,,6744,unavailable,843.0,unavailable,exact
10_busy_sidewalk,fixed_int6,80,fixed,keyframe,selected,True,,,32768,,2313520,unavailable,289190.0,unavailable,exact
10_busy_sidewalk,fixed_int6,81,fixed,reuse,,False,,,0,,6752,unavailable,844.0,unavailable,exact
10_busy_sidewalk,fixed_int6,82,fixed,reuse,,False,,,0,,6752,unavailable,844.0,unavailable,exact
10_busy_sidewalk,fixed_int6,83,fixed,reuse,,False,,,0,,6752,unavailable,844.0,unavailable,exact
10_busy_sidewalk,fixed_int6,84,fixed,reuse,,False,,,0,,6752,unavailable,844.0,unavailable,exact
10_busy_sidewalk,fixed_int6,85,fixed,reuse,,False,,,0,,6752,unavailable,844.0,unavailable,exact
10_busy_sidewalk,fixed_int6,86,fixed,reuse,,False,,,0,,6752,unavailable,844.0,unavailable,exact
10_busy_sidewalk,fixed_int6,87,fixed,reuse,,False,,,0,,6752,unavailable,844.0,unavailable,exact
10_busy_sidewalk,fixed_int6,88,fixed,reuse,,False,,,0,,6752,unavailable,844.0,unavailable,exact
10_busy_sidewalk,fixed_int6,89,fixed,reuse,,False,,,0,,6752,unavailable,844.0,unavailable,exact
10_busy_sidewalk,fixed_int6,9,fixed,reuse,,False,,,0,,6744,unavailable,843.0,unavailable,exact
10_busy_sidewalk,fixed_int6,90,fixed,reuse,,False,,,0,,6752,unavailable,844.0,unavailable,exact
10_busy_sidewalk,fixed_int6,91,fixed,reuse,,False,,,0,,6752,unavailable,844.0,unavailable,exact
10_busy_sidewalk,fixed_int6,92,fixed,reuse,,False,,,0,,6752,unavailable,844.0,unavailable,exact
10_busy_sidewalk,fixed_int6,93,fixed,reuse,,False,,,0,,6752,unavailable,844.0,unavailable,exact
10_busy_sidewalk,fixed_int6,94,fixed,reuse,,False,,,0,,6752,unavailable,844.0,unavailable,exact
10_busy_sidewalk,fixed_int6,95,fixed,reuse,,False,,,0,,6752,unavailable,844.0,unavailable,exact
10_busy_sidewalk,fixed_int6,96,fixed,keyframe,selected,True,,,32768,,2313520,unavailable,289190.0,unavailable,exact
10_busy_sidewalk,fixed_int6,97,fixed,reuse,,False,,,0,,6752,unavailable,844.0,unavailable,exact
10_busy_sidewalk,fixed_int6,98,fixed,reuse,,False,,,0,,6752,unavailable,844.0,unavailable,exact
10_busy_sidewalk,fixed_int6,99,fixed,reuse,,False,,,0,,6752,unavailable,844.0,unavailable,exact
10_busy_sidewalk,fixed_int8,0,fixed,keyframe,first_frame,True,,,32768,,2379048,unavailable,297381.0,unavailable,exact
10_busy_sidewalk,fixed_int8,1,fixed,reuse,,False,,,0,,6744,unavailable,843.0,unavailable,exact
10_busy_sidewalk,fixed_int8,10,fixed,reuse,,False,,,0,,6752,unavailable,844.0,unavailable,exact
10_busy_sidewalk,fixed_int8,11,fixed,reuse,,False,,,0,,6752,unavailable,844.0,unavailable,exact
10_busy_sidewalk,fixed_int8,12,fixed,reuse,,False,,,0,,6752,unavailable,844.0,unavailable,exact
10_busy_sidewalk,fixed_int8,13,fixed,reuse,,False,,,0,,6752,unavailable,844.0,unavailable,exact
10_busy_sidewalk,fixed_int8,14,fixed,reuse,,False,,,0,,6752,unavailable,844.0,unavailable,exact
10_busy_sidewalk,fixed_int8,15,fixed,reuse,,False,,,0,,6752,unavailable,844.0,unavailable,exact
10_busy_sidewalk,fixed_int8,16,fixed,keyframe,selected,True,,,32768,,2379056,unavailable,297382.0,unavailable,exact
10_busy_sidewalk,fixed_int8,17,fixed,reuse,,False,,,0,,6752,unavailable,844.0,unavailable,exact
10_busy_sidewalk,fixed_int8,18,fixed,reuse,,False,,,0,,6752,unavailable,844.0,unavailable,exact
10_busy_sidewalk,fixed_int8,19,fixed,reuse,,False,,,0,,6752,unavailable,844.0,unavailable,exact
10_busy_sidewalk,fixed_int8,2,fixed,reuse,,False,,,0,,6744,unavailable,843.0,unavailable,exact
10_busy_sidewalk,fixed_int8,20,fixed,reuse,,False,,,0,,6752,unavailable,844.0,unavailable,exact
10_busy_sidewalk,fixed_int8,21,fixed,reuse,,False,,,0,,6752,unavailable,844.0,unavailable,exact
10_busy_sidewalk,fixed_int8,22,fixed,reuse,,False,,,0,,6752,unavailable,844.0,unavailable,exact
10_busy_sidewalk,fixed_int8,23,fixed,reuse,,False,,,0,,6752,unavailable,844.0,unavailable,exact
10_busy_sidewalk,fixed_int8,24,fixed,reuse,,False,,,0,,6752,unavailable,844.0,unavailable,exact
10_busy_sidewalk,fixed_int8,25,fixed,reuse,,False,,,0,,6752,unavailable,844.0,unavailable,exact
10_busy_sidewalk,fixed_int8,26,fixed,reuse,,False,,,0,,6752,unavailable,844.0,unavailable,exact
10_busy_sidewalk,fixed_int8,27,fixed,reuse,,False,,,0,,6752,unavailable,844.0,unavailable,exact
10_busy_sidewalk,fixed_int8,28,fixed,reuse,,False,,,0,,6752,unavailable,844.0,unavailable,exact
10_busy_sidewalk,fixed_int8,29,fixed,reuse,,False,,,0,,6752,unavailable,844.0,unavailable,exact
10_busy_sidewalk,fixed_int8,3,fixed,reuse,,False,,,0,,6744,unavailable,843.0,unavailable,exact
10_busy_sidewalk,fixed_int8,30,fixed,reuse,,False,,,0,,6752,unavailable,844.0,unavailable,exact
10_busy_sidewalk,fixed_int8,31,fixed,reuse,,False,,,0,,6752,unavailable,844.0,unavailable,exact
10_busy_sidewalk,fixed_int8,32,fixed,keyframe,selected,True,,,32768,,2379056,unavailable,297382.0,unavailable,exact
10_busy_sidewalk,fixed_int8,33,fixed,reuse,,False,,,0,,6752,unavailable,844.0,unavailable,exact
10_busy_sidewalk,fixed_int8,34,fixed,reuse,,False,,,0,,6752,unavailable,844.0,unavailable,exact
10_busy_sidewalk,fixed_int8,35,fixed,reuse,,False,,,0,,6752,unavailable,844.0,unavailable,exact
10_busy_sidewalk,fixed_int8,36,fixed,reuse,,False,,,0,,6752,unavailable,844.0,unavailable,exact
10_busy_sidewalk,fixed_int8,37,fixed,reuse,,False,,,0,,6752,unavailable,844.0,unavailable,exact
10_busy_sidewalk,fixed_int8,38,fixed,reuse,,False,,,0,,6752,unavailable,844.0,unavailable,exact
10_busy_sidewalk,fixed_int8,39,fixed,reuse,,False,,,0,,6752,unavailable,844.0,unavailable,exact
10_busy_sidewalk,fixed_int8,4,fixed,reuse,,False,,,0,,6744,unavailable,843.0,unavailable,exact
10_busy_sidewalk,fixed_int8,40,fixed,reuse,,False,,,0,,6752,unavailable,844.0,unavailable,exact
10_busy_sidewalk,fixed_int8,41,fixed,reuse,,False,,,0,,6752,unavailable,844.0,unavailable,exact
10_busy_sidewalk,fixed_int8,42,fixed,reuse,,False,,,0,,6752,unavailable,844.0,unavailable,exact
10_busy_sidewalk,fixed_int8,43,fixed,reuse,,False,,,0,,6752,unavailable,844.0,unavailable,exact
10_busy_sidewalk,fixed_int8,44,fixed,reuse,,False,,,0,,6752,unavailable,844.0,unavailable,exact
10_busy_sidewalk,fixed_int8,45,fixed,reuse,,False,,,0,,6752,unavailable,844.0,unavailable,exact
10_busy_sidewalk,fixed_int8,46,fixed,reuse,,False,,,0,,6752,unavailable,844.0,unavailable,exact
10_busy_sidewalk,fixed_int8,47,fixed,reuse,,False,,,0,,6752,unavailable,844.0,unavailable,exact
10_busy_sidewalk,fixed_int8,48,fixed,keyframe,selected,True,,,32768,,2379056,unavailable,297382.0,unavailable,exact
10_busy_sidewalk,fixed_int8,49,fixed,reuse,,False,,,0,,6752,unavailable,844.0,unavailable,exact
10_busy_sidewalk,fixed_int8,5,fixed,reuse,,False,,,0,,6744,unavailable,843.0,unavailable,exact
10_busy_sidewalk,fixed_int8,50,fixed,reuse,,False,,,0,,6752,unavailable,844.0,unavailable,exact
10_busy_sidewalk,fixed_int8,51,fixed,reuse,,False,,,0,,6752,unavailable,844.0,unavailable,exact
10_busy_sidewalk,fixed_int8,52,fixed,reuse,,False,,,0,,6752,unavailable,844.0,unavailable,exact
10_busy_sidewalk,fixed_int8,53,fixed,reuse,,False,,,0,,6752,unavailable,844.0,unavailable,exact
10_busy_sidewalk,fixed_int8,54,fixed,reuse,,False,,,0,,6752,unavailable,844.0,unavailable,exact
10_busy_sidewalk,fixed_int8,55,fixed,reuse,,False,,,0,,6752,unavailable,844.0,unavailable,exact
10_busy_sidewalk,fixed_int8,56,fixed,reuse,,False,,,0,,6752,unavailable,844.0,unavailable,exact
10_busy_sidewalk,fixed_int8,57,fixed,reuse,,False,,,0,,6752,unavailable,844.0,unavailable,exact
10_busy_sidewalk,fixed_int8,58,fixed,reuse,,False,,,0,,6752,unavailable,844.0,unavailable,exact
10_busy_sidewalk,fixed_int8,59,fixed,reuse,,False,,,0,,6752,unavailable,844.0,unavailable,exact
10_busy_sidewalk,fixed_int8,6,fixed,reuse,,False,,,0,,6744,unavailable,843.0,unavailable,exact
10_busy_sidewalk,fixed_int8,60,fixed,reuse,,False,,,0,,6752,unavailable,844.0,unavailable,exact
10_busy_sidewalk,fixed_int8,61,fixed,reuse,,False,,,0,,6752,unavailable,844.0,unavailable,exact
10_busy_sidewalk,fixed_int8,62,fixed,reuse,,False,,,0,,6752,unavailable,844.0,unavailable,exact
10_busy_sidewalk,fixed_int8,63,fixed,reuse,,False,,,0,,6752,unavailable,844.0,unavailable,exact
10_busy_sidewalk,fixed_int8,64,fixed,keyframe,selected,True,,,32768,,2379056,unavailable,297382.0,unavailable,exact
10_busy_sidewalk,fixed_int8,65,fixed,reuse,,False,,,0,,6752,unavailable,844.0,unavailable,exact
10_busy_sidewalk,fixed_int8,66,fixed,reuse,,False,,,0,,6752,unavailable,844.0,unavailable,exact
10_busy_sidewalk,fixed_int8,67,fixed,reuse,,False,,,0,,6752,unavailable,844.0,unavailable,exact
10_busy_sidewalk,fixed_int8,68,fixed,reuse,,False,,,0,,6752,unavailable,844.0,unavailable,exact
10_busy_sidewalk,fixed_int8,69,fixed,reuse,,False,,,0,,6752,unavailable,844.0,unavailable,exact
10_busy_sidewalk,fixed_int8,7,fixed,reuse,,False,,,0,,6744,unavailable,843.0,unavailable,exact
10_busy_sidewalk,fixed_int8,70,fixed,reuse,,False,,,0,,6752,unavailable,844.0,unavailable,exact
10_busy_sidewalk,fixed_int8,71,fixed,reuse,,False,,,0,,6752,unavailable,844.0,unavailable,exact
10_busy_sidewalk,fixed_int8,72,fixed,reuse,,False,,,0,,6752,unavailable,844.0,unavailable,exact
10_busy_sidewalk,fixed_int8,73,fixed,reuse,,False,,,0,,6752,unavailable,844.0,unavailable,exact
10_busy_sidewalk,fixed_int8,74,fixed,reuse,,False,,,0,,6752,unavailable,844.0,unavailable,exact
10_busy_sidewalk,fixed_int8,75,fixed,reuse,,False,,,0,,6752,unavailable,844.0,unavailable,exact
10_busy_sidewalk,fixed_int8,76,fixed,reuse,,False,,,0,,6752,unavailable,844.0,unavailable,exact
10_busy_sidewalk,fixed_int8,77,fixed,reuse,,False,,,0,,6752,unavailable,844.0,unavailable,exact
10_busy_sidewalk,fixed_int8,78,fixed,reuse,,False,,,0,,6752,unavailable,844.0,unavailable,exact
10_busy_sidewalk,fixed_int8,79,fixed,reuse,,False,,,0,,6752,unavailable,844.0,unavailable,exact
10_busy_sidewalk,fixed_int8,8,fixed,reuse,,False,,,0,,6744,unavailable,843.0,unavailable,exact
10_busy_sidewalk,fixed_int8,80,fixed,keyframe,selected,True,,,32768,,2379056,unavailable,297382.0,unavailable,exact
10_busy_sidewalk,fixed_int8,81,fixed,reuse,,False,,,0,,6752,unavailable,844.0,unavailable,exact
10_busy_sidewalk,fixed_int8,82,fixed,reuse,,False,,,0,,6752,unavailable,844.0,unavailable,exact
10_busy_sidewalk,fixed_int8,83,fixed,reuse,,False,,,0,,6752,unavailable,844.0,unavailable,exact
10_busy_sidewalk,fixed_int8,84,fixed,reuse,,False,,,0,,6752,unavailable,844.0,unavailable,exact
10_busy_sidewalk,fixed_int8,85,fixed,reuse,,False,,,0,,6752,unavailable,844.0,unavailable,exact
10_busy_sidewalk,fixed_int8,86,fixed,reuse,,False,,,0,,6752,unavailable,844.0,unavailable,exact
10_busy_sidewalk,fixed_int8,87,fixed,reuse,,False,,,0,,6752,unavailable,844.0,unavailable,exact
10_busy_sidewalk,fixed_int8,88,fixed,reuse,,False,,,0,,6752,unavailable,844.0,unavailable,exact
10_busy_sidewalk,fixed_int8,89,fixed,reuse,,False,,,0,,6752,unavailable,844.0,unavailable,exact
10_busy_sidewalk,fixed_int8,9,fixed,reuse,,False,,,0,,6744,unavailable,843.0,unavailable,exact
10_busy_sidewalk,fixed_int8,90,fixed,reuse,,False,,,0,,6752,unavailable,844.0,unavailable,exact
10_busy_sidewalk,fixed_int8,91,fixed,reuse,,False,,,0,,6752,unavailable,844.0,unavailable,exact
10_busy_sidewalk,fixed_int8,92,fixed,reuse,,False,,,0,,6752,unavailable,844.0,unavailable,exact
10_busy_sidewalk,fixed_int8,93,fixed,reuse,,False,,,0,,6752,unavailable,844.0,unavailable,exact
10_busy_sidewalk,fixed_int8,94,fixed,reuse,,False,,,0,,6752,unavailable,844.0,unavailable,exact
10_busy_sidewalk,fixed_int8,95,fixed,reuse,,False,,,0,,6752,unavailable,844.0,unavailable,exact
10_busy_sidewalk,fixed_int8,96,fixed,keyframe,selected,True,,,32768,,2379056,unavailable,297382.0,unavailable,exact
10_busy_sidewalk,fixed_int8,97,fixed,reuse,,False,,,0,,6752,unavailable,844.0,unavailable,exact
10_busy_sidewalk,fixed_int8,98,fixed,reuse,,False,,,0,,6752,unavailable,844.0,unavailable,exact
10_busy_sidewalk,fixed_int8,99,fixed,reuse,,False,,,0,,6752,unavailable,844.0,unavailable,exact
