caption_bytes,edge_bytes,edge_uncertainty_bytes,manifest_bytes,semantic_packet_bytes,visual_bytes,bundle_overhead_bytes,total_bundle_bytes,video,config,frame_index,bit_depth
281,131133,131133,248,453,0,146,263394,01_person_walk,fixed_awgn,0,
0,0,0,129,453,0,64,646,01_person_walk,fixed_awgn,1,
0,0,0,130,453,0,64,647,01_person_walk,fixed_awgn,10,
0,0,0,130,453,0,64,647,01_person_walk,fixed_awgn,11,
0,0,0,130,453,0,64,647,01_person_walk,fixed_awgn,12,
0,0,0,130,453,0,64,647,01_person_walk,fixed_awgn,13,
0,0,0,130,453,0,64,647,01_person_walk,fixed_awgn,14,
0,0,0,130,453,0,64,647,01_person_walk,fixed_awgn,15,
281,131133,131133,249,453,0,146,263395,01_person_walk,fixed_awgn,16,
0,0,0,130,453,0,64,647,01_person_walk,fixed_awgn,17,
0,0,0,130,453,0,64,647,01_person_walk,fixed_awgn,18,
0,0,0,130,453,0,64,647,01_person_walk,fixed_awgn,19,
0,0,0,129,453,0,64,646,01_person_walk,fixed_awgn,2,
0,0,0,130,453,0,64,647,01_person_walk,fixed_awgn,20,
0,0,0,130,453,0,64,647,01_person_walk,fixed_awgn,21,
0,0,0,130,453,0,64,647,01_person_walk,fixed_awgn,22,
0,0,0,130,453,0,64,647,01_person_walk,fixed_awgn,23,
0,0,0,130,453,0,64,647,01_person_walk,fixed_awgn,24,
0,0,0,130,453,0,64,647,01_person_walk,fixed_awgn,25,
0,0,0,130,453,0,64,647,01_person_walk,fixed_awgn,26,
0,0,0,130,453,0,64,647,01_person_walk,fixed_awgn,27,
0,0,0,130,453,0,64,647,01_person_walk,fixed_awgn,28,
0,0,0,130,453,0,64,647,01_person_walk,fixed_awgn,29,
0,0,0,129,453,0,64,646,01_person_walk,fixed_awgn,3,
0,0,0,130,453,0,64,647,01_person_walk,fixed_awgn,30,
0,0,0,130,453,0,64,647,01_person_walk,fixed_awgn,31,
281,131133,131133,249,453,0,146,263395,01_person_walk,fixed_awgn,32,
0,0,0,130,453,0,64,647,01_person_walk,fixed_awgn,33,
0,0,0,130,453,0,64,647,01_person_walk,fixed_awgn,34,
0,0,0,130,453,0,64,647,01_person_walk,fixed_awgn,35,
0,0,0,130,453,0,64,647,01_person_walk,fixed_awgn,36,
0,0,0,130,453,0,64,647,01_person_walk,fixed_awgn,37,
0,0,0,130,453,0,64,647,01_person_walk,fixed_awgn,38,
0,0,0,130,453,0,64,647,01_person_walk,fixed_awgn,39,
0,0,0,129,453,0,64,646,01_person_walk,fixed_awgn,4,
0,0,0,130,453,0,64,647,01_person_walk,fixed_awgn,40,
0,0,0,130,453,0,64,647,01_person_walk,fixed_awgn,41,
0,0,0,130,453,0,64,647,01_person_walk,fixed_awgn,42,
0,0,0,130,453,0,64,647,01_person_walk,fixed_awgn,43,
0,0,0,130,453,0,64,647,01_person_walk,fixed_awgn,44,
0,0,0,130,453,0,64,647,01_person_walk,fixed_awgn,45,
0,0,0,130,453,0,64,647,01_person_walk,fixed_awgn,46,
0,0,0,130,453,0,64,647,01_person_walk,fixed_awgn,47,
281,131133,131133,249,453,0,146,263395,01_person_walk,fixed_awgn,48,
0,0,0,130,453,0,64,647,01_person_walk,fixed_awgn,49,
0,0,0,129,453,0,64,646,01_person_walk,fixed_awgn,5,
0,0,0,130,453,0,64,647,01_person_walk,fixed_awgn,50,
0,0,0,130,453,0,64,647,01_person_walk,fixed_awgn,51,
0,0,0,130,453,0,64,647,01_person_walk,fixed_awgn,52,
0,0,0,130,453,0,64,647,01_person_walk,fixed_awgn,53,
0,0,0,130,453,0,64,647,01_person_walk,fixed_awgn,54,
0,0,0,130,453,0,64,647,01_person_walk,fixed_awgn,55,
0,0,0,130,453,0,64,647,01_person_walk,fixed_awgn,56,
0,0,0,130,453,0,64,647,01_person_walk,fixed_awgn,57,
0,0,0,130,453,0,64,647,01_person_walk,fixed_awgn,58,
0,0,0,130,453,0,64,647,01_person_walk,fixed_awgn,59,
0,0,0,129,453,0,64,646,01_person_walk,fixed_awgn,6,
0,0,0,130,453,0,64,647,01_person_walk,fixed_awgn,60,
0,0,0,130,453,0,64,647,01_person_walk,fixed_awgn,61,
0,0,0,130,453,0,64,647,01_person_walk,fixed_awgn,62,
0,0,0,130,453,0,64,647,01_person_walk,fixed_awgn,63,
281,131133,131133,249,453,0,146,263395,01_person_walk,fixed_awgn,64,
0,0,0,130,453,0,64,647,01_person_walk,fixed_awgn,65,
0,0,0,130,453,0,64,647,01_person_walk,fixed_awgn,66,
0,0,0,130,453,0,64,647,01_person_walk,fixed_awgn,67,
0,0,0,130,453,0,64,647,01_person_walk,fixed_awgn,68,
0,0,0,130,453,0,64,647,01_person_walk,fixed_awgn,69,
0,0,0,129,453,0,64,646,01_person_walk,fixed_awgn,7,
0,0,0,130,453,0,64,647,01_person_walk,fixed_awgn,70,
0,0,0,130,453,0,64,647,01_person_walk,fixed_awgn,71,
0,0,0,130,453,0,64,647,01_person_walk,fixed_awgn,72,
0,0,0,130,453,0,64,647,01_person_walk,fixed_awgn,73,
0,0,0,130,453,0,64,647,01_person_walk,fixed_awgn,74,
0,0,0,130,453,0,64,647,01_person_walk,fixed_awgn,75,
0,0,0,130,453,0,64,647,01_person_walk,fixed_awgn,76,
0,0,0,130,453,0,64,647,01_person_walk,fixed_awgn,77,
0,0,0,130,453,0,64,647,01_person_walk,fixed_awgn,78,
0,0,0,130,453,0,64,647,01_person_walk,fixed_awgn,79,
0,0,0,129,453,0,64,646,01_person_walk,fixed_awgn,8,
281,131133,131133,249,453,0,146,263395,01_person_walk,fixed_awgn,80,
0,0,0,130,453,0,64,647,01_person_walk,fixed_awgn,81,
0,0,0,130,453,0,64,647,01_person_walk,fixed_awgn,82,
0,0,0,130,453,0,64,647,01_person_walk,fixed_awgn,83,
0,0,0,130,453,0,64,647,01_person_walk,fixed_awgn,84,
0,0,0,130,453,0,64,647,01_person_walk,fixed_awgn,85,
0,0,0,130,453,0,64,647,01_person_walk,fixed_awgn,86,
0,0,0,130,453,0,64,647,01_person_walk,fixed_awgn,87,
0,0,0,130,453,0,64,647,01_person_walk,fixed_awgn,88,
0,0,0,130,453,0,64,647,01_person_walk,fixed_awgn,89,
0,0,0,129,453,0,64,646,01_person_walk,fixed_awgn,9,
0,0,0,130,453,0,64,647,01_person_walk,fixed_awgn,90,
0,0,0,130,453,0,64,647,01_person_walk,fixed_awgn,91,
0,0,0,130,453,0,64,647,01_person_walk,fixed_awgn,92,
0,0,0,130,453,0,64,647,01_person_walk,fixed_awgn,93,
0,0,0,130,453,0,64,647,01_person_walk,fixed_awgn,94,
0,0,0,130,453,0,64,647,01_person_walk,fixed_awgn,95,
281,131133,131133,249,453,0,146,263395,01_person_walk,fixed_awgn,96,
0,0,0,130,453,0,64,647,01_person_walk,fixed_awgn,97,
0,0,0,130,453,0,64,647,01_person_walk,fixed_awgn,98,
0,0,0,130,453,0,64,647,01_person_walk,fixed_awgn,99,
281,131133,131133,251,453,131680,352,395283,01_person_walk,fixed_float32,0,32
0,0,0,132,453,0,64,649,01_person_walk,fixed_float32,1,32
0,0,0,133,453,0,64,650,01_person_walk,fixed_float32,10,32
0,0,0,133,453,0,64,650,01_person_walk,fixed_float32,11,32
0,0,0,133,453,0,64,650,01_person_walk,fixed_float32,12,32
0,0,0,133,453,0,64,650,01_person_walk,fixed_float32,13,32
0,0,0,133,453,0,64,650,01_person_walk,fixed_float32,14,32
0,0,0,133,453,0,64,650,01_person_walk,fixed_float32,15,32
281,131133,131133,252,453,131680,352,395284,01_person_walk,fixed_float32,16,32
0,0,0,133,453,0,64,650,01_person_walk,fixed_float32,17,32
0,0,0,133,453,0,64,650,01_person_walk,fixed_float32,18,32
0,0,0,133,453,0,64,650,01_person_walk,fixed_float32,19,32
0,0,0,132,453,0,64,649,01_person_walk,fixed_float32,2,32
0,0,0,133,453,0,64,650,01_person_walk,fixed_float32,20,32
0,0,0,133,453,0,64,650,01_person_walk,fixed_float32,21,32
0,0,0,133,453,0,64,650,01_person_walk,fixed_float32,22,32
0,0,0,133,453,0,64,650,01_person_walk,fixed_float32,23,32
0,0,0,133,453,0,64,650,01_person_walk,fixed_float32,24,32
0,0,0,133,453,0,64,650,01_person_walk,fixed_float32,25,32
0,0,0,133,453,0,64,650,01_person_walk,fixed_float32,26,32
0,0,0,133,453,0,64,650,01_person_walk,fixed_float32,27,32
0,0,0,133,453,0,64,650,01_person_walk,fixed_float32,28,32
0,0,0,133,453,0,64,650,01_person_walk,fixed_float32,29,32
0,0,0,132,453,0,64,649,01_person_walk,fixed_float32,3,32
0,0,0,133,453,0,64,650,01_person_walk,fixed_float32,30,32
0,0,0,133,453,0,64,650,01_person_walk,fixed_float32,31,32
281,131133,131133,252,453,131680,352,395284,01_person_walk,fixed_float32,32,32
0,0,0,133,453,0,64,650,01_person_walk,fixed_float32,33,32
0,0,0,133,453,0,64,650,01_person_walk,fixed_float32,34,32
0,0,0,133,453,0,64,650,01_person_walk,fixed_float32,35,32
0,0,0,133,453,0,64,650,01_person_walk,fixed_float32,36,32
0,0,0,133,453,0,64,650,01_person_walk,fixed_float32,37,32
0,0,0,133,453,0,64,650,01_person_walk,fixed_float32,38,32
0,0,0,133,453,0,64,650,01_person_walk,fixed_float32,39,32
0,0,0,132,453,0,64,649,01_person_walk,fixed_float32,4,32
0,0,0,133,453,0,64,650,01_person_walk,fixed_float32,40,32
0,0,0,133,453,0,64,650,01_person_walk,fixed_float32,41,32
0,0,0,133,453,0,64,650,01_person_walk,fixed_float32,42,32
0,0,0,133,453,0,64,650,01_person_walk,fixed_float32,43,32
0,0,0,133,453,0,64,650,01_person_walk,fixed_float32,44,32
0,0,0,133,453,0,64,650,01_person_walk,fixed_float32,45,32
0,0,0,133,453,0,64,650,01_person_walk,fixed_float32,46,32
0,0,0,133,453,0,64,650,01_person_walk,fixed_float32,47,32
281,131133,131133,252,453,131680,352,395284,01_person_walk,fixed_float32,48,32
0,0,0,133,453,0,64,650,01_person_walk,fixed_float32,49,32
0,0,0,132,453,0,64,649,01_person_walk,fixed_float32,5,32
0,0,0,133,453,0,64,650,01_person_walk,fixed_float32,50,32
0,0,0,133,453,0,64,650,01_person_walk,fixed_float32,51,32
0,0,0,133,453,0,64,650,01_person_walk,fixed_float32,52,32
0,0,0,133,453,0,64,650,01_person_walk,fixed_float32,53,32
0,0,0,133,453,0,64,650,01_person_walk,fixed_float32,54,32
0,0,0,133,453,0,64,650,01_person_walk,fixed_float32,55,32
0,0,0,133,453,0,64,650,01_person_walk,fixed_float32,56,32
0,0,0,133,453,0,64,650,01_person_walk,fixed_float32,57,32
0,0,0,133,453,0,64,650,01_person_walk,fixed_float32,58,32
0,0,0,133,453,0,64,650,01_person_walk,fixed_float32,59,32
0,0,0,132,453,0,64,649,01_person_walk,fixed_float32,6,32
0,0,0,133,453,0,64,650,01_person_walk,fixed_float32,60,32
0,0,0,133,453,0,64,650,01_person_walk,fixed_float32,61,32
0,0,0,133,453,0,64,650,01_person_walk,fixed_float32,62,32
0,0,0,133,453,0,64,650,01_person_walk,fixed_float32,63,32
281,131133,131133,252,453,131680,352,395284,01_person_walk,fixed_float32,64,32
0,0,0,133,453,0,64,650,01_person_walk,fixed_float32,65,32
0,0,0,133,453,0,64,650,01_person_walk,fixed_float32,66,32
0,0,0,133,453,0,64,650,01_person_walk,fixed_float32,67,32
0,0,0,133,453,0,64,650,01_person_walk,fixed_float32,68,32
0,0,0,133,453,0,64,650,01_person_walk,fixed_float32,69,32
0,0,0,132,453,0,64,649,01_person_walk,fixed_float32,7,32
0,0,0,133,453,0,64,650,01_person_walk,fixed_float32,70,32
0,0,0,133,453,0,64,650,01_person_walk,fixed_float32,71,32
0,0,0,133,453,0,64,650,01_person_walk,fixed_float32,72,32
0,0,0,133,453,0,64,650,01_person_walk,fixed_float32,73,32
0,0,0,133,453,0,64,650,01_person_walk,fixed_float32,74,32
0,0,0,133,453,0,64,650,01_person_walk,fixed_float32,75,32
0,0,0,133,453,0,64,650,01_person_walk,fixed_float32,76,32
0,0,0,133,453,0,64,650,01_person_walk,fixed_float32,77,32
0,0,0,133,453,0,64,650,01_person_walk,fixed_float32,78,32
0,0,0,133,453,0,64,650,01_person_walk,fixed_float32,79,32
0,0,0,132,453,0,64,649,01_person_walk,fixed_float32,8,32
281,131133,131133,252,453,131680,352,395284,01_person_walk,fixed_float32,80,32
0,0,0,133,453,0,64,650,01_person_walk,fixed_float32,81,32
0,0,0,133,453,0,64,650,01_person_walk,fixed_float32,82,32
0,0,0,133,453,0,64,650,01_person_walk,fixed_float32,83,32
0,0,0,133,453,0,64,650,01_person_walk,fixed_float32,84,32
0,0,0,133,453,0,64,650,01_person_walk,fixed_float32,85,32
0,0,0,133,453,0,64,650,01_person_walk,fixed_float32,86,32
0,0,0,133,453,0,64,650,01_person_walk,fixed_float32,87,32
0,0,0,133,453,0,64,650,01_person_walk,fixed_float32,88,32
0,0,0,133,453,0,64,650,01_person_walk,fixed_float32,89,32
0,0,0,132,453,0,64,649,01_person_walk,fixed_float32,9,32
0,0,0,133,453,0,64,650,01_person_walk,fixed_float32,90,32
0,0,0,133,453,0,64,650,01_person_walk,fixed_float32,91,32
0,0,0,133,453,0,64,650,01_person_walk,fixed_float32,92,32
0,0,0,133,453,0,64,650,01_person_walk,fixed_float32,93,32
0,0,0,133,453,0,64,650,01_person_walk,fixed_float32,94,32
0,0,0,133,453,0,64,650,01_person_walk,fixed_float32,95,32
281,131133,131133,252,453,131680,352,395284,01_person_walk,fixed_float32,96,32
0,0,0,133,453,0,64,650,01_person_walk,fixed_float32,97,32
0,0,0,133,453,0,64,650,01_person_walk,fixed_float32,98,32
0,0,0,133,453,0,64,650,01_person_walk,fixed_float32,99,32
281,131133,131133,249,453,66144,352,329745,01_person_walk,fixed_int16,0,16
0,0,0,130,453,0,64,647,01_person_walk,fixed_int16,1,16
0,0,0,131,453,0,64,648,01_person_walk,fixed_int16,10,16
0,0,0,131,453,0,64,648,01_person_walk,fixed_int16,11,16
0,0,0,131,453,0,64,648,01_person_walk,fixed_int16,12,16
0,0,0,131,453,0,64,648,01_person_walk,fixed_int16,13,16
0,0,0,131,453,0,64,648,01_person_walk,fixed_int16,14,16
0,0,0,131,453,0,64,648,01_person_walk,fixed_int16,15,16
281,131133,131133,250,453,66144,352,329746,01_person_walk,fixed_int16,16,16
0,0,0,131,453,0,64,648,01_person_walk,fixed_int16,17,16
0,0,0,131,453,0,64,648,01_person_walk,fixed_int16,18,16
0,0,0,131,453,0,64,648,01_person_walk,fixed_int16,19,16
0,0,0,130,453,0,64,647,01_person_walk,fixed_int16,2,16
0,0,0,131,453,0,64,648,01_person_walk,fixed_int16,20,16
0,0,0,131,453,0,64,648,01_person_walk,fixed_int16,21,16
0,0,0,131,453,0,64,648,01_person_walk,fixed_int16,22,16
0,0,0,131,453,0,64,648,01_person_walk,fixed_int16,23,16
0,0,0,131,453,0,64,648,01_person_walk,fixed_int16,24,16
0,0,0,131,453,0,64,648,01_person_walk,fixed_int16,25,16
0,0,0,131,453,0,64,648,01_person_walk,fixed_int16,26,16
0,0,0,131,453,0,64,648,01_person_walk,fixed_int16,27,16
0,0,0,131,453,0,64,648,01_person_walk,fixed_int16,28,16
0,0,0,131,453,0,64,648,01_person_walk,fixed_int16,29,16
0,0,0,130,453,0,64,647,01_person_walk,fixed_int16,3,16
0,0,0,131,453,0,64,648,01_person_walk,fixed_int16,30,16
0,0,0,131,453,0,64,648,01_person_walk,fixed_int16,31,16
281,131133,131133,250,453,66144,352,329746,01_person_walk,fixed_int16,32,16
0,0,0,131,453,0,64,648,01_person_walk,fixed_int16,33,16
0,0,0,131,453,0,64,648,01_person_walk,fixed_int16,34,16
0,0,0,131,453,0,64,648,01_person_walk,fixed_int16,35,16
0,0,0,131,453,0,64,648,01_person_walk,fixed_int16,36,16
0,0,0,131,453,0,64,648,01_person_walk,fixed_int16,37,16
0,0,0,131,453,0,64,648,01_person_walk,fixed_int16,38,16
0,0,0,131,453,0,64,648,01_person_walk,fixed_int16,39,16
0,0,0,130,453,0,64,647,01_person_walk,fixed_int16,4,16
0,0,0,131,453,0,64,648,01_person_walk,fixed_int16,40,16
0,0,0,131,453,0,64,648,01_person_walk,fixed_int16,41,16
0,0,0,131,453,0,64,648,01_person_walk,fixed_int16,42,16
0,0,0,131,453,0,64,648,01_person_walk,fixed_int16,43,16
0,0,0,131,453,0,64,648,01_person_walk,fixed_int16,44,16
0,0,0,131,453,0,64,648,01_person_walk,fixed_int16,45,16
0,0,0,131,453,0,64,648,01_person_walk,fixed_int16,46,16
0,0,0,131,453,0,64,648,01_person_walk,fixed_int16,47,16
281,131133,131133,250,453,66144,352,329746,01_person_walk,fixed_int16,48,16
0,0,0,131,453,0,64,648,01_person_walk,fixed_int16,49,16
0,0,0,130,453,0,64,647,01_person_walk,fixed_int16,5,16
0,0,0,131,453,0,64,648,01_person_walk,fixed_int16,50,16
0,0,0,131,453,0,64,648,01_person_walk,fixed_int16,51,16
0,0,0,131,453,0,64,648,01_person_walk,fixed_int16,52,16
0,0,0,131,453,0,64,648,01_person_walk,fixed_int16,53,16
0,0,0,131,453,0,64,648,01_person_walk,fixed_int16,54,16
0,0,0,131,453,0,64,648,01_person_walk,fixed_int16,55,16
0,0,0,131,453,0,64,648,01_person_walk,fixed_int16,56,16
0,0,0,131,453,0,64,648,01_person_walk,fixed_int16,57,16
0,0,0,131,453,0,64,648,01_person_walk,fixed_int16,58,16
0,0,0,131,453,0,64,648,01_person_walk,fixed_int16,59,16
0,0,0,130,453,0,64,647,01_person_walk,fixed_int16,6,16
0,0,0,131,453,0,64,648,01_person_walk,fixed_int16,60,16
0,0,0,131,453,0,64,648,01_person_walk,fixed_int16,61,16
0,0,0,131,453,0,64,648,01_person_walk,fixed_int16,62,16
0,0,0,131,453,0,64,648,01_person_walk,fixed_int16,63,16
281,131133,131133,250,453,66144,352,329746,01_person_walk,fixed_int16,64,16
0,0,0,131,453,0,64,648,01_person_walk,fixed_int16,65,16
0,0,0,131,453,0,64,648,01_person_walk,fixed_int16,66,16
0,0,0,131,453,0,64,648,01_person_walk,fixed_int16,67,16
0,0,0,131,453,0,64,648,01_person_walk,fixed_int16,68,16
0,0,0,131,453,0,64,648,01_person_walk,fixed_int16,69,16
0,0,0,130,453,0,64,647,01_person_walk,fixed_int16,7,16
0,0,0,131,453,0,64,648,01_person_walk,fixed_int16,70,16
0,0,0,131,453,0,64,648,01_person_walk,fixed_int16,71,16
0,0,0,131,453,0,64,648,01_person_walk,fixed_int16,72,16
0,0,0,131,453,0,64,648,01_person_walk,fixed_int16,73,16
0,0,0,131,453,0,64,648,01_person_walk,fixed_int16,74,16
0,0,0,131,453,0,64,648,01_person_walk,fixed_int16,75,16
0,0,0,131,453,0,64,648,01_person_walk,fixed_int16,76,16
0,0,0,131,453,0,64,648,01_person_walk,fixed_int16,77,16
0,0,0,131,453,0,64,648,01_person_walk,fixed_int16,78,16
0,0,0,131,453,0,64,648,01_person_walk,fixed_int16,79,16
0,0,0,130,453,0,64,647,01_person_walk,fixed_int16,8,16
281,131133,131133,250,453,66144,352,329746,01_person_walk,fixed_int16,80,16
0,0,0,131,453,0,64,648,01_person_walk,fixed_int16,81,16
0,0,0,131,453,0,64,648,01_person_walk,fixed_int16,82,16
0,0,0,131,453,0,64,648,01_person_walk,fixed_int16,83,16
0,0,0,131,453,0,64,648,01_person_walk,fixed_int16,84,16
0,0,0,131,453,0,64,648,01_person_walk,fixed_int16,85,16
0,0,0,131,453,0,64,648,01_person_walk,fixed_int16,86,16
0,0,0,131,453,0,64,648,01_person_walk,fixed_int16,87,16
0,0,0,131,453,0,64,648,01_person_walk,fixed_int16,88,16
0,0,0,131,453,0,64,648,01_person_walk,fixed_int16,89,16
0,0,0,130,453,0,64,647,01_person_walk,fixed_int16,9,16
0,0,0,131,453,0,64,648,01_person_walk,fixed_int16,90,16
0,0,0,131,453,0,64,648,01_person_walk,fixed_int16,91,16
0,0,0,131,453,0,64,648,01_person_walk,fixed_int16,92,16
0,0,0,131,453,0,64,648,01_person_walk,fixed_int16,93,16
0,0,0,131,453,0,64,648,01_person_walk,fixed_int16,94,16
0,0,0,131,453,0,64,648,01_person_walk,fixed_int16,95,16
281,131133,131133,250,453,66144,352,329746,01_person_walk,fixed_int16,96,16
0,0,0,131,453,0,64,648,01_person_walk,fixed_int16,97,16
0,0,0,131,453,0,64,648,01_person_walk,fixed_int16,98,16
0,0,0,131,453,0,64,648,01_person_walk,fixed_int16,99,16
281,131133,131133,248,453,16992,352,280592,01_person_walk,fixed_int4,0,4
0,0,0,129,453,0,64,646,01_person_walk,fixed_int4,1,4
0,0,0,130,453,0,64,647,01_person_walk,fixed_int4,10,4
0,0,0,130,453,0,64,647,01_person_walk,fixed_int4,11,4
0,0,0,130,453,0,64,647,01_person_walk,fixed_int4,12,4
0,0,0,130,453,0,64,647,01_person_walk,fixed_int4,13,4
0,0,0,130,453,0,64,647,01_person_walk,fixed_int4,14,4
0,0,0,130,453,0,64,647,01_person_walk,fixed_int4,15,4
281,131133,131133,249,453,16992,352,280593,01_person_walk,fixed_int4,16,4
0,0,0,130,453,0,64,647,01_person_walk,fixed_int4,17,4
0,0,0,130,453,0,64,647,01_person_walk,fixed_int4,18,4
0,0,0,130,453,0,64,647,01_person_walk,fixed_int4,19,4
0,0,0,129,453,0,64,646,01_person_walk,fixed_int4,2,4
0,0,0,130,453,0,64,647,01_person_walk,fixed_int4,20,4
0,0,0,130,453,0,64,647,01_person_walk,fixed_int4,21,4
0,0,0,130,453,0,64,647,01_person_walk,fixed_int4,22,4
0,0,0,130,453,0,64,647,01_person_walk,fixed_int4,23,4
0,0,0,130,453,0,64,647,01_person_walk,fixed_int4,24,4
0,0,0,130,453,0,64,647,01_person_walk,fixed_int4,25,4
0,0,0,130,453,0,64,647,01_person_walk,fixed_int4,26,4
0,0,0,130,453,0,64,647,01_person_walk,fixed_int4,27,4
0,0,0,130,453,0,64,647,01_person_walk,fixed_int4,28,4
0,0,0,130,453,0,64,647,01_person_walk,fixed_int4,29,4
0,0,0,129,453,0,64,646,01_person_walk,fixed_int4,3,4
0,0,0,130,453,0,64,647,01_person_walk,fixed_int4,30,4
0,0,0,130,453,0,64,647,01_person_walk,fixed_int4,31,4
281,131133,131133,249,453,16992,352,280593,01_person_walk,fixed_int4,32,4
0,0,0,130,453,0,64,647,01_person_walk,fixed_int4,33,4
0,0,0,130,453,0,64,647,01_person_walk,fixed_int4,34,4
0,0,0,130,453,0,64,647,01_person_walk,fixed_int4,35,4
0,0,0,130,453,0,64,647,01_person_walk,fixed_int4,36,4
0,0,0,130,453,0,64,647,01_person_walk,fixed_int4,37,4
0,0,0,130,453,0,64,647,01_person_walk,fixed_int4,38,4
0,0,0,130,453,0,64,647,01_person_walk,fixed_int4,39,4
0,0,0,129,453,0,64,646,01_person_walk,fixed_int4,4,4
0,0,0,130,453,0,64,647,01_person_walk,fixed_int4,40,4
0,0,0,130,453,0,64,647,01_person_walk,fixed_int4,41,4
0,0,0,130,453,0,64,647,01_person_walk,fixed_int4,42,4
0,0,0,130,453,0,64,647,01_person_walk,fixed_int4,43,4
0,0,0,130,453,0,64,647,01_person_walk,fixed_int4,44,4
0,0,0,130,453,0,64,647,01_person_walk,fixed_int4,45,4
0,0,0,130,453,0,64,647,01_person_walk,fixed_int4,46,4
0,0,0,130,453,0,64,647,01_person_walk,fixed_int4,47,4
281,131133,131133,249,453,16992,352,280593,01_person_walk,fixed_int4,48,4
0,0,0,130,453,0,64,647,01_person_walk,fixed_int4,49,4
0,0,0,129,453,0,64,646,01_person_walk,fixed_int4,5,4
0,0,0,130,453,0,64,647,01_person_walk,fixed_int4,50,4
0,0,0,130,453,0,64,647,01_person_walk,fixed_int4,51,4
0,0,0,130,453,0,64,647,01_person_walk,fixed_int4,52,4
0,0,0,130,453,0,64,647,01_person_walk,fixed_int4,53,4
0,0,0,130,453,0,64,647,01_person_walk,fixed_int4,54,4
0,0,0,130,453,0,64,647,01_person_walk,fixed_int4,55,4
0,0,0,130,453,0,64,647,01_person_walk,fixed_int4,56,4
0,0,0,130,453,0,64,647,01_person_walk,fixed_int4,57,4
0,0,0,130,453,0,64,647,01_person_walk,fixed_int4,58,4
0,0,0,130,453,0,64,647,01_person_walk,fixed_int4,59,4
0,0,0,129,453,0,64,646,01_person_walk,fixed_int4,6,4
0,0,0,130,453,0,64,647,01_person_walk,fixed_int4,60,4
0,0,0,130,453,0,64,647,01_person_walk,fixed_int4,61,4
0,0,0,130,453,0,64,647,01_person_walk,fixed_int4,62,4
0,0,0,130,453,0,64,647,01_person_walk,fixed_int4,63,4
281,131133,131133,249,453,16992,352,280593,01_person_walk,fixed_int4,64,4
0,0,0,130,453,0,64,647,01_person_walk,fixed_int4,65,4
0,0,0,130,453,0,64,647,01_person_walk,fixed_int4,66,4
0,0,0,130,453,0,64,647,01_person_walk,fixed_int4,67,4
0,0,0,130,453,0,64,647,01_person_walk,fixed_int4,68,4
0,0,0,130,453,0,64,647,01_person_walk,fixed_int4,69,4
0,0,0,129,453,0,64,646,01_person_walk,fixed_int4,7,4
0,0,0,130,453,0,64,647,01_person_walk,fixed_int4,70,4
0,0,0,130,453,0,64,647,01_person_walk,fixed_int4,71,4
0,0,0,130,453,0,64,647,01_person_walk,fixed_int4,72,4
0,0,0,130,453,0,64,647,01_person_walk,fixed_int4,73,4
0,0,0,130,453,0,64,647,01_person_walk,fixed_int4,74,4
0,0,0,130,453,0,64,647,01_person_walk,fixed_int4,75,4
0,0,0,130,453,0,64,647,01_person_walk,fixed_int4,76,4
0,0,0,130,453,0,64,647,01_person_walk,fixed_int4,77,4
0,0,0,130,453,0,64,647,01_person_walk,fixed_int4,78,4
0,0,0,130,453,0,64,647,01_person_walk,fixed_int4,79,4
0,0,0,129,453,0,64,646,01_person_walk,fixed_int4,8,4
281,131133,131133,249,453,16992,352,280593,01_person_walk,fixed_int4,80,4
0,0,0,130,453,0,64,647,01_person_walk,fixed_int4,81,4
0,0,0,130,453,0,64,647,01_person_walk,fixed_int4,82,4
0,0,0,130,453,0,64,647,01_person_walk,fixed_int4,83,4
0,0,0,130,453,0,64,647,01_person_walk,fixed_int4,84,4
0,0,0,130,453,0,64,647,01_person_walk,fixed_int4,85,4
0,0,0,130,453,0,64,647,01_person_walk,fixed_int4,86,4
0,0,0,130,453,0,64,647,01_person_walk,fixed_int4,87,4
0,0,0,130,453,0,64,647,01_person_walk,fixed_int4,88,4
0,0,0,130,453,0,64,647,01_person_walk,fixed_int4,89,4
0,0,0,129,453,0,64,646,01_person_walk,fixed_int4,9,4
0,0,0,130,453,0,64,647,01_person_walk,fixed_int4,90,4
0,0,0,130,453,0,64,647,01_person_walk,fixed_int4,91,4
0,0,0,130,453,0,64,647,01_person_walk,fixed_int4,92,4
0,0,0,130,453,0,64,647,01_person_walk,fixed_int4,93,4
0,0,0,130,453,0,64,647,01_person_walk,fixed_int4,94,4
0,0,0,130,453,0,64,647,01_person_walk,fixed_int4,95,4
281,131133,131133,249,453,16992,352,280593,01_person_walk,fixed_int4,96,4
0,0,0,130,453,0,64,647,01_person_walk,fixed_int4,97,4
0,0,0,130,453,0,64,647,01_person_walk,fixed_int4,98,4
0,0,0,130,453,0,64,647,01_person_walk,fixed_int4,99,4
281,131133,131133,248,453,25184,352,288784,01_person_walk,fixed_int6,0,6
0,0,0,129,453,0,64,646,01_person_walk,fixed_int6,1,6
0,0,0,130,453,0,64,647,01_person_walk,fixed_int6,10,6
0,0,0,130,453,0,64,647,01_person_walk,fixed_int6,11,6
0,0,0,130,453,0,64,647,01_person_walk,fixed_int6,12,6
0,0,0,130,453,0,64,647,01_person_walk,fixed_int6,13,6
0,0,0,130,453,0,64,647,01_person_walk,fixed_int6,14,6
0,0,0,130,453,0,64,647,01_person_walk,fixed_int6,15,6
281,131133,131133,249,453,25184,352,288785,01_person_walk,fixed_int6,16,6
0,0,0,130,453,0,64,647,01_person_walk,fixed_int6,17,6
0,0,0,130,453,0,64,647,01_person_walk,fixed_int6,18,6
0,0,0,130,453,0,64,647,01_person_walk,fixed_int6,19,6
0,0,0,129,453,0,64,646,01_person_walk,fixed_int6,2,6
0,0,0,130,453,0,64,647,01_person_walk,fixed_int6,20,6
0,0,0,130,453,0,64,647,01_person_walk,fixed_int6,21,6
0,0,0,130,453,0,64,647,01_person_walk,fixed_int6,22,6
0,0,0,130,453,0,64,647,01_person_walk,fixed_int6,23,6
0,0,0,130,453,0,64,647,01_person_walk,fixed_int6,24,6
0,0,0,130,453,0,64,647,01_person_walk,fixed_int6,25,6
0,0,0,130,453,0,64,647,01_person_walk,fixed_int6,26,6
0,0,0,130,453,0,64,647,01_person_walk,fixed_int6,27,6
0,0,0,130,453,0,64,647,01_person_walk,fixed_int6,28,6
0,0,0,130,453,0,64,647,01_person_walk,fixed_int6,29,6
0,0,0,129,453,0,64,646,01_person_walk,fixed_int6,3,6
0,0,0,130,453,0,64,647,01_person_walk,fixed_int6,30,6
0,0,0,130,453,0,64,647,01_person_walk,fixed_int6,31,6
281,131133,131133,249,453,25184,352,288785,01_person_walk,fixed_int6,32,6
0,0,0,130,453,0,64,647,01_person_walk,fixed_int6,33,6
0,0,0,130,453,0,64,647,01_person_walk,fixed_int6,34,6
0,0,0,130,453,0,64,647,01_person_walk,fixed_int6,35,6
0,0,0,130,453,0,64,647,01_person_walk,fixed_int6,36,6
0,0,0,130,453,0,64,647,01_person_walk,fixed_int6,37,6
0,0,0,130,453,0,64,647,01_person_walk,fixed_int6,38,6
0,0,0,130,453,0,64,647,01_person_walk,fixed_int6,39,6
0,0,0,129,453,0,64,646,01_person_walk,fixed_int6,4,6
0,0,0,130,453,0,64,647,01_person_walk,fixed_int6,40,6
0,0,0,130,453,0,64,647,01_person_walk,fixed_int6,41,6
0,0,0,130,453,0,64,647,01_person_walk,fixed_int6,42,6
0,0,0,130,453,0,64,647,01_person_walk,fixed_int6,43,6
0,0,0,130,453,0,64,647,01_person_walk,fixed_int6,44,6
0,0,0,130,453,0,64,647,01_person_walk,fixed_int6,45,6
0,0,0,130,453,0,64,647,01_person_walk,fixed_int6,46,6
0,0,0,130,453,0,64,647,01_person_walk,fixed_int6,47,6
281,131133,131133,249,453,25184,352,288785,01_person_walk,fixed_int6,48,6
0,0,0,130,453,0,64,647,01_person_walk,fixed_int6,49,6
0,0,0,129,453,0,64,646,01_person_walk,fixed_int6,5,6
0,0,0,130,453,0,64,647,01_person_walk,fixed_int6,50,6
0,0,0,130,453,0,64,647,01_person_walk,fixed_int6,51,6
0,0,0,130,453,0,64,647,01_person_walk,fixed_int6,52,6
0,0,0,130,453,0,64,647,01_person_walk,fixed_int6,53,6
0,0,0,130,453,0,64,647,01_person_walk,fixed_int6,54,6
0,0,0,130,453,0,64,647,01_person_walk,fixed_int6,55,6
0,0,0,130,453,0,64,647,01_person_walk,fixed_int6,56,6
0,0,0,130,453,0,64,647,01_person_walk,fixed_int6,57,6
0,0,0,130,453,0,64,647,01_person_walk,fixed_int6,58,6
0,0,0,130,453,0,64,647,01_person_walk,fixed_int6,59,6
0,0,0,129,453,0,64,646,01_person_walk,fixed_int6,6,6
0,0,0,130,453,0,64,647,01_person_walk,fixed_int6,60,6
0,0,0,130,453,0,64,647,01_person_walk,fixed_int6,61,6
0,0,0,130,453,0,64,647,01_person_walk,fixed_int6,62,6
0,0,0,130,453,0,64,647,01_person_walk,fixed_int6,63,6
281,131133,131133,249,453,25184,352,288785,01_person_walk,fixed_int6,64,6
0,0,0,130,453,0,64,647,01_person_walk,fixed_int6,65,6
0,0,0,130,453,0,64,647,01_person_walk,fixed_int6,66,6
0,0,0,130,453,0,64,647,01_person_walk,fixed_int6,67,6
0,0,0,130,453,0,64,647,01_person_walk,fixed_int6,68,6
0,0,0,130,453,0,64,647,01_person_walk,fixed_int6,69,6
0,0,0,129,453,0,64,646,01_person_walk,fixed_int6,7,6
0,0,0,130,453,0,64,647,01_person_walk,fixed_int6,70,6
0,0,0,130,453,0,64,647,01_person_walk,fixed_int6,71,6
0,0,0,130,453,0,64,647,01_person_walk,fixed_int6,72,6
0,0,0,130,453,0,64,647,01_person_walk,fixed_int6,73,6
0,0,0,130,453,0,64,647,01_person_walk,fixed_int6,74,6
0,0,0,130,453,0,64,647,01_person_walk,fixed_int6,75,6
0,0,0,130,453,0,64,647,01_person_walk,fixed_int6,76,6
0,0,0,130,453,0,64,647,01_person_walk,fixed_int6,77,6
0,0,0,130,453,0,64,647,01_person_walk,fixed_int6,78,6
0,0,0,130,453,0,64,647,01_person_walk,fixed_int6,79,6
0,0,0,129,453,0,64,646,01_person_walk,fixed_int6,8,6
281,131133,131133,249,453,25184,352,288785,01_person_walk,fixed_int6,80,6
0,0,0,130,453,0,64,647,01_person_walk,fixed_int6,81,6
0,0,0,130,453,0,64,647,01_person_walk,fixed_int6,82,6
0,0,0,130,453,0,64,647,01_person_walk,fixed_int6,83,6
0,0,0,130,453,0,64,647,01_person_walk,fixed_int6,84,6
0,0,0,130,453,0,64,647,01_person_walk,fixed_int6,85,6
0,0,0,130,453,0,64,647,01_person_walk,fixed_int6,86,6
0,0,0,130,453,0,64,647,01_person_walk,fixed_int6,87,6
0,0,0,130,453,0,64,647,01_person_walk,fixed_int6,88,6
0,0,0,130,453,0,64,647,01_person_walk,fixed_int6,89,6
0,0,0,129,453,0,64,646,01_person_walk,fixed_int6,9,6
0,0,0,130,453,0,64,647,01_person_walk,fixed_int6,90,6
0,0,0,130,453,0,64,647,01_person_walk,fixed_int6,91,6
0,0,0,130,453,0,64,647,01_person_walk,fixed_int6,92,6
0,0,0,130,453,0,64,647,01_person_walk,fixed_int6,93,6
0,0,0,130,453,0,64,647,01_person_walk,fixed_int6,94,6
0,0,0,130,453,0,64,647,01_person_walk,fixed_int6,95,6
281,131133,131133,249,453,25184,352,288785,01_person_walk,fixed_int6,96,6
0,0,0,130,453,0,64,647,01_person_walk,fixed_int6,97,6
0,0,0,130,453,0,64,647,01_person_walk,fixed_int6,98,6
0,0,0,130,453,0,64,647,01_person_walk,fixed_int6,99,6
281,131133,131133,248,453,33376,352,296976,01_person_walk,fixed_int8,0,8
0,0,0,129,453,0,64,646,01_person_walk,fixed_int8,1,8
0,0,0,130,453,0,64,647,01_person_walk,fixed_int8,10,8
0,0,0,130,453,0,64,647,01_person_walk,fixed_int8,11,8
0,0,0,130,453,0,64,647,01_person_walk,fixed_int8,12,8
0,0,0,130,453,0,64,647,01_person_walk,fixed_int8,13,8
0,0,0,130,453,0,64,647,01_person_walk,fixed_int8,14,8
0,0,0,130,453,0,64,647,01_person_walk,fixed_int8,15,8
281,131133,131133,249,453,33376,352,296977,01_person_walk,fixed_int8,16,8
0,0,0,130,453,0,64,647,01_person_walk,fixed_int8,17,8
0,0,0,130,453,0,64,647,01_person_walk,fixed_int8,18,8
0,0,0,130,453,0,64,647,01_person_walk,fixed_int8,19,8
0,0,0,129,453,0,64,646,01_person_walk,fixed_int8,2,8
0,0,0,130,453,0,64,647,01_person_walk,fixed_int8,20,8
0,0,0,130,453,0,64,647,01_person_walk,fixed_int8,21,8
0,0,0,130,453,0,64,647,01_person_walk,fixed_int8,22,8
0,0,0,130,453,0,64,647,01_person_walk,fixed_int8,23,8
0,0,0,130,453,0,64,647,01_person_walk,fixed_int8,24,8
0,0,0,130,453,0,64,647,01_person_walk,fixed_int8,25,8
0,0,0,130,453,0,64,647,01_person_walk,fixed_int8,26,8
0,0,0,130,453,0,64,647,01_person_walk,fixed_int8,27,8
0,0,0,130,453,0,64,647,01_person_walk,fixed_int8,28,8
0,0,0,130,453,0,64,647,01_person_walk,fixed_int8,29,8
0,0,0,129,453,0,64,646,01_person_walk,fixed_int8,3,8
0,0,0,130,453,0,64,647,01_person_walk,fixed_int8,30,8
0,0,0,130,453,0,64,647,01_person_walk,fixed_int8,31,8
281,131133,131133,249,453,33376,352,296977,01_person_walk,fixed_int8,32,8
0,0,0,130,453,0,64,647,01_person_walk,fixed_int8,33,8
0,0,0,130,453,0,64,647,01_person_walk,fixed_int8,34,8
0,0,0,130,453,0,64,647,01_person_walk,fixed_int8,35,8
0,0,0,130,453,0,64,647,01_person_walk,fixed_int8,36,8
0,0,0,130,453,0,64,647,01_person_walk,fixed_int8,37,8
0,0,0,130,453,0,64,647,01_person_walk,fixed_int8,38,8
0,0,0,130,453,0,64,647,01_person_walk,fixed_int8,39,8
0,0,0,129,453,0,64,646,01_person_walk,fixed_int8,4,8
0,0,0,130,453,0,64,647,01_person_walk,fixed_int8,40,8
0,0,0,130,453,0,64,647,01_person_walk,fixed_int8,41,8
0,0,0,130,453,0,64,647,01_person_walk,fixed_int8,42,8
0,0,0,130,453,0,64,647,01_person_walk,fixed_int8,43,8
0,0,0,130,453,0,64,647,01_person_walk,fixed_int8,44,8
0,0,0,130,453,0,64,647,01_person_walk,fixed_int8,45,8
0,0,0,130,453,0,64,647,01_person_walk,fixed_int8,46,8
0,0,0,130,453,0,64,647,01_person_walk,fixed_int8,47,8
281,131133,131133,249,453,33376,352,296977,01_person_walk,fixed_int8,48,8
0,0,0,130,453,0,64,647,01_person_walk,fixed_int8,49,8
0,0,0,129,453,0,64,646,01_person_walk,fixed_int8,5,8
0,0,0,130,453,0,64,647,01_person_walk,fixed_int8,50,8
0,0,0,130,453,0,64,647,01_person_walk,fixed_int8,51,8
0,0,0,130,453,0,64,647,01_person_walk,fixed_int8,52,8
0,0,0,130,453,0,64,647,01_person_walk,fixed_int8,53,8
0,0,0,130,453,0,64,647,01_person_walk,fixed_int8,54,8
0,0,0,130,453,0,64,647,01_person_walk,fixed_int8,55,8
0,0,0,130,453,0,64,647,01_person_walk,fixed_int8,56,8
0,0,0,130,453,0,64,647,01_person_walk,fixed_int8,57,8
0,0,0,130,453,0,64,647,01_person_walk,fixed_int8,58,8
0,0,0,130,453,0,64,647,01_person_walk,fixed_int8,59,8
0,0,0,129,453,0,64,646,01_person_walk,fixed_int8,6,8
0,0,0,130,453,0,64,647,01_person_walk,fixed_int8,60,8
0,0,0,130,453,0,64,647,01_person_walk,fixed_int8,61,8
0,0,0,130,453,0,64,647,01_person_walk,fixed_int8,62,8
0,0,0,130,453,0,64,647,01_person_walk,fixed_int8,63,8
281,131133,131133,249,453,33376,352,296977,01_person_walk,fixed_int8,64,8
0,0,0,130,453,0,64,647,01_person_walk,fixed_int8,65,8
0,0,0,130,453,0,64,647,01_person_walk,fixed_int8,66,8
0,0,0,130,453,0,64,647,01_person_walk,fixed_int8,67,8
0,0,0,130,453,0,64,647,01_person_walk,fixed_int8,68,8
0,0,0,130,453,0,64,647,01_person_walk,fixed_int8,69,8
0,0,0,129,453,0,64,646,01_person_walk,fixed_int8,7,8
0,0,0,130,453,0,64,647,01_person_walk,fixed_int8,70,8
0,0,0,130,453,0,64,647,01_person_walk,fixed_int8,71,8
0,0,0,130,453,0,64,647,01_person_walk,fixed_int8,72,8
0,0,0,130,453,0,64,647,01_person_walk,fixed_int8,73,8
0,0,0,130,453,0,64,647,01_person_walk,fixed_int8,74,8
0,0,0,130,453,0,64,647,01_person_walk,fixed_int8,75,8
0,0,0,130,453,0,64,647,01_person_walk,fixed_int8,76,8
0,0,0,130,453,0,64,647,01_person_walk,fixed_int8,77,8
0,0,0,130,453,0,64,647,01_person_walk,fixed_int8,78,8
0,0,0,130,453,0,64,647,01_person_walk,fixed_int8,79,8
0,0,0,129,453,0,64,646,01_person_walk,fixed_int8,8,8
281,131133,131133,249,453,33376,352,296977,01_person_walk,fixed_int8,80,8
0,0,0,130,453,0,64,647,01_person_walk,fixed_int8,81,8
0,0,0,130,453,0,64,647,01_person_walk,fixed_int8,82,8
0,0,0,130,453,0,64,647,01_person_walk,fixed_int8,83,8
0,0,0,130,453,0,64,647,01_person_walk,fixed_int8,84,8
0,0,0,130,453,0,64,647,01_person_walk,fixed_int8,85,8
0,0,0,130,453,0,64,647,01_person_walk,fixed_int8,86,8
0,0,0,130,453,0,64,647,01_person_walk,fixed_int8,87,8
0,0,0,130,453,0,64,647,01_person_walk,fixed_int8,88,8
0,0,0,130,453,0,64,647,01_person_walk,fixed_int8,89,8
0,0,0,129,453,0,64,646,01_person_walk,fixed_int8,9,8
0,0,0,130,453,0,64,647,01_person_walk,fixed_int8,90,8
0,0,0,130,453,0,64,647,01_person_walk,fixed_int8,91,8
0,0,0,130,453,0,64,647,01_person_walk,fixed_int8,92,8
0,0,0,130,453,0,64,647,01_person_walk,fixed_int8,93,8
0,0,0,130,453,0,64,647,01_person_walk,fixed_int8,94,8
0,0,0,130,453,0,64,647,01_person_walk,fixed_int8,95,8
281,131133,131133,249,453,33376,352,296977,01_person_walk,fixed_int8,96,8
0,0,0,130,453,0,64,647,01_person_walk,fixed_int8,97,8
0,0,0,130,453,0,64,647,01_person_walk,fixed_int8,98,8
0,0,0,130,453,0,64,647,01_person_walk,fixed_int8,99,8
265,131133,131133,245,434,0,146,263356,02_car_pass,fixed_awgn,0,
0,0,0,126,434,0,64,624,02_car_pass,fixed_awgn,1,
0,0,0,127,434,0,64,625,02_car_pass,fixed_awgn,10,
0,0,0,127,434,0,64,625,02_car_pass,fixed_awgn,11,
0,0,0,127,434,0,64,625,02_car_pass,fixed_awgn,12,
0,0,0,127,434,0,64,625,02_car_pass,fixed_awgn,13,
273,131133,131133,246,466,0,146,263397,02_car_pass,fixed_awgn,14,
273,131133,131133,246,466,0,146,263397,02_car_pass,fixed_awgn,15,
273,131133,131133,246,466,0,146,263397,02_car_pass,fixed_awgn,16,
0,0,0,127,466,0,64,657,02_car_pass,fixed_awgn,17,
0,0,0,127,466,0,64,657,02_car_pass,fixed_awgn,18,
0,0,0,127,466,0,64,657,02_car_pass,fixed_awgn,19,
0,0,0,126,434,0,64,624,02_car_pass,fixed_awgn,2,
0,0,0,127,466,0,64,657,02_car_pass,fixed_awgn,20,
0,0,0,127,466,0,64,657,02_car_pass,fixed_awgn,21,
0,0,0,127,466,0,64,657,02_car_pass,fixed_awgn,22,
0,0,0,127,466,0,64,657,02_car_pass,fixed_awgn,23,
0,0,0,127,466,0,64,657,02_car_pass,fixed_awgn,24,
0,0,0,127,466,0,64,657,02_car_pass,fixed_awgn,25,
0,0,0,127,466,0,64,657,02_car_pass,fixed_awgn,26,
0,0,0,127,466,0,64,657,02_car_pass,fixed_awgn,27,
0,0,0,127,466,0,64,657,02_car_pass,fixed_awgn,28,
0,0,0,127,466,0,64,657,02_car_pass,fixed_awgn,29,
0,0,0,126,434,0,64,624,02_car_pass,fixed_awgn,3,
0,0,0,127,466,0,64,657,02_car_pass,fixed_awgn,30,
0,0,0,127,466,0,64,657,02_car_pass,fixed_awgn,31,
273,131133,131133,246,466,0,146,263397,02_car_pass,fixed_awgn,32,
0,0,0,127,466,0,64,657,02_car_pass,fixed_awgn,33,
0,0,0,127,466,0,64,657,02_car_pass,fixed_awgn,34,
0,0,0,127,466,0,64,657,02_car_pass,fixed_awgn,35,
0,0,0,127,466,0,64,657,02_car_pass,fixed_awgn,36,
0,0,0,127,466,0,64,657,02_car_pass,fixed_awgn,37,
0,0,0,127,466,0,64,657,02_car_pass,fixed_awgn,38,
0,0,0,127,466,0,64,657,02_car_pass,fixed_awgn,39,
0,0,0,126,434,0,64,624,02_car_pass,fixed_awgn,4,
0,0,0,127,466,0,64,657,02_car_pass,fixed_awgn,40,
0,0,0,127,466,0,64,657,02_car_pass,fixed_awgn,41,
0,0,0,127,466,0,64,657,02_car_pass,fixed_awgn,42,
0,0,0,127,466,0,64,657,02_car_pass,fixed_awgn,43,
0,0,0,127,466,0,64,657,02_car_pass,fixed_awgn,44,
0,0,0,127,466,0,64,657,02_car_pass,fixed_awgn,45,
0,0,0,127,466,0,64,657,02_car_pass,fixed_awgn,46,
0,0,0,127,466,0,64,657,02_car_pass,fixed_awgn,47,
273,131133,131133,246,466,0,146,263397,02_car_pass,fixed_awgn,48,
0,0,0,127,466,0,64,657,02_car_pass,fixed_awgn,49,
0,0,0,126,434,0,64,624,02_car_pass,fixed_awgn,5,
0,0,0,127,466,0,64,657,02_car_pass,fixed_awgn,50,
0,0,0,127,466,0,64,657,02_car_pass,fixed_awgn,51,
0,0,0,127,466,0,64,657,02_car_pass,fixed_awgn,52,
0,0,0,127,466,0,64,657,02_car_pass,fixed_awgn,53,
0,0,0,127,466,0,64,657,02_car_pass,fixed_awgn,54,
0,0,0,127,466,0,64,657,02_car_pass,fixed_awgn,55,
0,0,0,127,466,0,64,657,02_car_pass,fixed_awgn,56,
0,0,0,127,466,0,64,657,02_car_pass,fixed_awgn,57,
0,0,0,127,466,0,64,657,02_car_pass,fixed_awgn,58,
0,0,0,127,466,0,64,657,02_car_pass,fixed_awgn,59,
0,0,0,126,434,0,64,624,02_car_pass,fixed_awgn,6,
0,0,0,127,466,0,64,657,02_car_pass,fixed_awgn,60,
0,0,0,127,466,0,64,657,02_car_pass,fixed_awgn,61,
0,0,0,127,466,0,64,657,02_car_pass,fixed_awgn,62,
0,0,0,127,466,0,64,657,02_car_pass,fixed_awgn,63,
273,131133,131133,246,466,0,146,263397,02_car_pass,fixed_awgn,64,
0,0,0,127,466,0,64,657,02_car_pass,fixed_awgn,65,
0,0,0,127,466,0,64,657,02_car_pass,fixed_awgn,66,
0,0,0,127,466,0,64,657,02_car_pass,fixed_awgn,67,
0,0,0,127,466,0,64,657,02_car_pass,fixed_awgn,68,
0,0,0,127,466,0,64,657,02_car_pass,fixed_awgn,69,
0,0,0,126,434,0,64,624,02_car_pass,fixed_awgn,7,
0,0,0,127,466,0,64,657,02_car_pass,fixed_awgn,70,
0,0,0,127,466,0,64,657,02_car_pass,fixed_awgn,71,
0,0,0,127,466,0,64,657,02_car_pass,fixed_awgn,72,
0,0,0,127,466,0,64,657,02_car_pass,fixed_awgn,73,
0,0,0,127,466,0,64,657,02_car_pass,fixed_awgn,74,
0,0,0,127,466,0,64,657,02_car_pass,fixed_awgn,75,
0,0,0,127,466,0,64,657,02_car_pass,fixed_awgn,76,
0,0,0,127,466,0,64,657,02_car_pass,fixed_awgn,77,
0,0,0,127,466,0,64,657,02_car_pass,fixed_awgn,78,
0,0,0,127,466,0,64,657,02_car_pass,fixed_awgn,79,
0,0,0,126,434,0,64,624,02_car_pass,fixed_awgn,8,
273,131133,131133,246,466,0,146,263397,02_car_pass,fixed_awgn,80,
0,0,0,127,466,0,64,657,02_car_pass,fixed_awgn,81,
0,0,0,127,466,0,64,657,02_car_pass,fixed_awgn,82,
0,0,0,127,466,0,64,657,02_car_pass,fixed_awgn,83,
0,0,0,127,466,0,64,657,02_car_pass,fixed_awgn,84,
0,0,0,127,466,0,64,657,02_car_pass,fixed_awgn,85,
0,0,0,127,466,0,64,657,02_car_pass,fixed_awgn,86,
0,0,0,127,466,0,64,657,02_car_pass,fixed_awgn,87,
0,0,0,127,466,0,64,657,02_car_pass,fixed_awgn,88,
0,0,0,127,466,0,64,657,02_car_pass,fixed_awgn,89,
0,0,0,126,434,0,64,624,02_car_pass,fixed_awgn,9,
0,0,0,127,466,0,64,657,02_car_pass,fixed_awgn,90,
0,0,0,127,466,0,64,657,02_car_pass,fixed_awgn,91,
0,0,0,127,466,0,64,657,02_car_pass,fixed_awgn,92,
0,0,0,127,466,0,64,657,02_car_pass,fixed_awgn,93,
0,0,0,127,466,0,64,657,02_car_pass,fixed_awgn,94,
0,0,0,127,466,0,64,657,02_car_pass,fixed_awgn,95,
273,131133,131133,246,466,0,146,263397,02_car_pass,fixed_awgn,96,
0,0,0,127,466,0,64,657,02_car_pass,fixed_awgn,97,
0,0,0,127,466,0,64,657,02_car_pass,fixed_awgn,98,
0,0,0,127,466,0,64,657,02_car_pass,fixed_awgn,99,
265,131133,131133,248,434,131680,352,395245,02_car_pass,fixed_float32,0,32
0,0,0,129,434,0,64,627,02_car_pass,fixed_float32,1,32
0,0,0,130,434,0,64,628,02_car_pass,fixed_float32,10,32
0,0,0,130,434,0,64,628,02_car_pass,fixed_float32,11,32
0,0,0,130,434,0,64,628,02_car_pass,fixed_float32,12,32
0,0,0,130,434,0,64,628,02_car_pass,fixed_float32,13,32
273,131133,131133,249,466,131680,352,395286,02_car_pass,fixed_float32,14,32
273,131133,131133,249,466,131680,352,395286,02_car_pass,fixed_float32,15,32
273,131133,131133,249,466,131680,352,395286,02_car_pass,fixed_float32,16,32
0,0,0,130,466,0,64,660,02_car_pass,fixed_float32,17,32
0,0,0,130,466,0,64,660,02_car_pass,fixed_float32,18,32
0,0,0,130,466,0,64,660,02_car_pass,fixed_float32,19,32
0,0,0,129,434,0,64,627,02_car_pass,fixed_float32,2,32
0,0,0,130,466,0,64,660,02_car_pass,fixed_float32,20,32
0,0,0,130,466,0,64,660,02_car_pass,fixed_float32,21,32
0,0,0,130,466,0,64,660,02_car_pass,fixed_float32,22,32
0,0,0,130,466,0,64,660,02_car_pass,fixed_float32,23,32
0,0,0,130,466,0,64,660,02_car_pass,fixed_float32,24,32
0,0,0,130,466,0,64,660,02_car_pass,fixed_float32,25,32
0,0,0,130,466,0,64,660,02_car_pass,fixed_float32,26,32
0,0,0,130,466,0,64,660,02_car_pass,fixed_float32,27,32
0,0,0,130,466,0,64,660,02_car_pass,fixed_float32,28,32
0,0,0,130,466,0,64,660,02_car_pass,fixed_float32,29,32
0,0,0,129,434,0,64,627,02_car_pass,fixed_float32,3,32
0,0,0,130,466,0,64,660,02_car_pass,fixed_float32,30,32
0,0,0,130,466,0,64,660,02_car_pass,fixed_float32,31,32
273,131133,131133,249,466,131680,352,395286,02_car_pass,fixed_float32,32,32
0,0,0,130,466,0,64,660,02_car_pass,fixed_float32,33,32
0,0,0,130,466,0,64,660,02_car_pass,fixed_float32,34,32
0,0,0,130,466,0,64,660,02_car_pass,fixed_float32,35,32
0,0,0,130,466,0,64,660,02_car_pass,fixed_float32,36,32
0,0,0,130,466,0,64,660,02_car_pass,fixed_float32,37,32
0,0,0,130,466,0,64,660,02_car_pass,fixed_float32,38,32
0,0,0,130,466,0,64,660,02_car_pass,fixed_float32,39,32
0,0,0,129,434,0,64,627,02_car_pass,fixed_float32,4,32
0,0,0,130,466,0,64,660,02_car_pass,fixed_float32,40,32
0,0,0,130,466,0,64,660,02_car_pass,fixed_float32,41,32
0,0,0,130,466,0,64,660,02_car_pass,fixed_float32,42,32
0,0,0,130,466,0,64,660,02_car_pass,fixed_float32,43,32
0,0,0,130,466,0,64,660,02_car_pass,fixed_float32,44,32
0,0,0,130,466,0,64,660,02_car_pass,fixed_float32,45,32
0,0,0,130,466,0,64,660,02_car_pass,fixed_float32,46,32
0,0,0,130,466,0,64,660,02_car_pass,fixed_float32,47,32
273,131133,131133,249,466,131680,352,395286,02_car_pass,fixed_float32,48,32
0,0,0,130,466,0,64,660,02_car_pass,fixed_float32,49,32
0,0,0,129,434,0,64,627,02_car_pass,fixed_float32,5,32
0,0,0,130,466,0,64,660,02_car_pass,fixed_float32,50,32
0,0,0,130,466,0,64,660,02_car_pass,fixed_float32,51,32
0,0,0,130,466,0,64,660,02_car_pass,fixed_float32,52,32
0,0,0,130,466,0,64,660,02_car_pass,fixed_float32,53,32
0,0,0,130,466,0,64,660,02_car_pass,fixed_float32,54,32
0,0,0,130,466,0,64,660,02_car_pass,fixed_float32,55,32
0,0,0,130,466,0,64,660,02_car_pass,fixed_float32,56,32
0,0,0,130,466,0,64,660,02_car_pass,fixed_float32,57,32
0,0,0,130,466,0,64,660,02_car_pass,fixed_float32,58,32
0,0,0,130,466,0,64,660,02_car_pass,fixed_float32,59,32
0,0,0,129,434,0,64,627,02_car_pass,fixed_float32,6,32
0,0,0,130,466,0,64,660,02_car_pass,fixed_float32,60,32
0,0,0,130,466,0,64,660,02_car_pass,fixed_float32,61,32
0,0,0,130,466,0,64,660,02_car_pass,fixed_float32,62,32
0,0,0,130,466,0,64,660,02_car_pass,fixed_float32,63,32
273,131133,131133,249,466,131680,352,395286,02_car_pass,fixed_float32,64,32
0,0,0,130,466,0,64,660,02_car_pass,fixed_float32,65,32
0,0,0,130,466,0,64,660,02_car_pass,fixed_float32,66,32
0,0,0,130,466,0,64,660,02_car_pass,fixed_float32,67,32
0,0,0,130,466,0,64,660,02_car_pass,fixed_float32,68,32
0,0,0,130,466,0,64,660,02_car_pass,fixed_float32,69,32
0,0,0,129,434,0,64,627,02_car_pass,fixed_float32,7,32
0,0,0,130,466,0,64,660,02_car_pass,fixed_float32,70,32
0,0,0,130,466,0,64,660,02_car_pass,fixed_float32,71,32
0,0,0,130,466,0,64,660,02_car_pass,fixed_float32,72,32
0,0,0,130,466,0,64,660,02_car_pass,fixed_float32,73,32
0,0,0,130,466,0,64,660,02_car_pass,fixed_float32,74,32
0,0,0,130,466,0,64,660,02_car_pass,fixed_float32,75,32
0,0,0,130,466,0,64,660,02_car_pass,fixed_float32,76,32
0,0,0,130,466,0,64,660,02_car_pass,fixed_float32,77,32
0,0,0,130,466,0,64,660,02_car_pass,fixed_float32,78,32
0,0,0,130,466,0,64,660,02_car_pass,fixed_float32,79,32
0,0,0,129,434,0,64,627,02_car_pass,fixed_float32,8,32
273,131133,131133,249,466,131680,352,395286,02_car_pass,fixed_float32,80,32
0,0,0,130,466,0,64,660,02_car_pass,fixed_float32,81,32
0,0,0,130,466,0,64,660,02_car_pass,fixed_float32,82,32
0,0,0,130,466,0,64,660,02_car_pass,fixed_float32,83,32
0,0,0,130,466,0,64,660,02_car_pass,fixed_float32,84,32
0,0,0,130,466,0,64,660,02_car_pass,fixed_float32,85,32
0,0,0,130,466,0,64,660,02_car_pass,fixed_float32,86,32
0,0,0,130,466,0,64,660,02_car_pass,fixed_float32,87,32
0,0,0,130,466,0,64,660,02_car_pass,fixed_float32,88,32
0,0,0,130,466,0,64,660,02_car_pass,fixed_float32,89,32
0,0,0,129,434,0,64,627,02_car_pass,fixed_float32,9,32
0,0,0,130,466,0,64,660,02_car_pass,fixed_float32,90,32
0,0,0,130,466,0,64,660,02_car_pass,fixed_float32,91,32
0,0,0,130,466,0,64,660,02_car_pass,fixed_float32,92,32
0,0,0,130,466,0,64,660,02_car_pass,fixed_float32,93,32
0,0,0,130,466,0,64,660,02_car_pass,fixed_float32,94,32
0,0,0,130,466,0,64,660,02_car_pass,fixed_float32,95,32
273,131133,131133,249,466,131680,352,395286,02_car_pass,fixed_float32,96,32
0,0,0,130,466,0,64,660,02_car_pass,fixed_float32,97,32
0,0,0,130,466,0,64,660,02_car_pass,fixed_float32,98,32
0,0,0,130,466,0,64,660,02_car_pass,fixed_float32,99,32
265,131133,131133,246,434,66144,352,329707,02_car_pass,fixed_int16,0,16
0,0,0,127,434,0,64,625,02_car_pass,fixed_int16,1,16
0,0,0,128,434,0,64,626,02_car_pass,fixed_int16,10,16
0,0,0,128,434,0,64,626,02_car_pass,fixed_int16,11,16
0,0,0,128,434,0,64,626,02_car_pass,fixed_int16,12,16
0,0,0,128,434,0,64,626,02_car_pass,fixed_int16,13,16
273,131133,131133,247,466,66144,352,329748,02_car_pass,fixed_int16,14,16
273,131133,131133,247,466,66144,352,329748,02_car_pass,fixed_int16,15,16
273,131133,131133,247,466,66144,352,329748,02_car_pass,fixed_int16,16,16
0,0,0,128,466,0,64,658,02_car_pass,fixed_int16,17,16
0,0,0,128,466,0,64,658,02_car_pass,fixed_int16,18,16
0,0,0,128,466,0,64,658,02_car_pass,fixed_int16,19,16
0,0,0,127,434,0,64,625,02_car_pass,fixed_int16,2,16
0,0,0,128,466,0,64,658,02_car_pass,fixed_int16,20,16
0,0,0,128,466,0,64,658,02_car_pass,fixed_int16,21,16
0,0,0,128,466,0,64,658,02_car_pass,fixed_int16,22,16
0,0,0,128,466,0,64,658,02_car_pass,fixed_int16,23,16
0,0,0,128,466,0,64,658,02_car_pass,fixed_int16,24,16
0,0,0,128,466,0,64,658,02_car_pass,fixed_int16,25,16
0,0,0,128,466,0,64,658,02_car_pass,fixed_int16,26,16
0,0,0,128,466,0,64,658,02_car_pass,fixed_int16,27,16
0,0,0,128,466,0,64,658,02_car_pass,fixed_int16,28,16
0,0,0,128,466,0,64,658,02_car_pass,fixed_int16,29,16
0,0,0,127,434,0,64,625,02_car_pass,fixed_int16,3,16
0,0,0,128,466,0,64,658,02_car_pass,fixed_int16,30,16
0,0,0,128,466,0,64,658,02_car_pass,fixed_int16,31,16
273,131133,131133,247,466,66144,352,329748,02_car_pass,fixed_int16,32,16
0,0,0,128,466,0,64,658,02_car_pass,fixed_int16,33,16
0,0,0,128,466,0,64,658,02_car_pass,fixed_int16,34,16
0,0,0,128,466,0,64,658,02_car_pass,fixed_int16,35,16
0,0,0,128,466,0,64,658,02_car_pass,fixed_int16,36,16
0,0,0,128,466,0,64,658,02_car_pass,fixed_int16,37,16
0,0,0,128,466,0,64,658,02_car_pass,fixed_int16,38,16
0,0,0,128,466,0,64,658,02_car_pass,fixed_int16,39,16
0,0,0,127,434,0,64,625,02_car_pass,fixed_int16,4,16
0,0,0,128,466,0,64,658,02_car_pass,fixed_int16,40,16
0,0,0,128,466,0,64,658,02_car_pass,fixed_int16,41,16
0,0,0,128,466,0,64,658,02_car_pass,fixed_int16,42,16
0,0,0,128,466,0,64,658,02_car_pass,fixed_int16,43,16
0,0,0,128,466,0,64,658,02_car_pass,fixed_int16,44,16
0,0,0,128,466,0,64,658,02_car_pass,fixed_int16,45,16
0,0,0,128,466,0,64,658,02_car_pass,fixed_int16,46,16
0,0,0,128,466,0,64,658,02_car_pass,fixed_int16,47,16
273,131133,131133,247,466,66144,352,329748,02_car_pass,fixed_int16,48,16
0,0,0,128,466,0,64,658,02_car_pass,fixed_int16,49,16
0,0,0,127,434,0,64,625,02_car_pass,fixed_int16,5,16
0,0,0,128,466,0,64,658,02_car_pass,fixed_int16,50,16
0,0,0,128,466,0,64,658,02_car_pass,fixed_int16,51,16
0,0,0,128,466,0,64,658,02_car_pass,fixed_int16,52,16
0,0,0,128,466,0,64,658,02_car_pass,fixed_int16,53,16
0,0,0,128,466,0,64,658,02_car_pass,fixed_int16,54,16
0,0,0,128,466,0,64,658,02_car_pass,fixed_int16,55,16
0,0,0,128,466,0,64,658,02_car_pass,fixed_int16,56,16
0,0,0,128,466,0,64,658,02_car_pass,fixed_int16,57,16
0,0,0,128,466,0,64,658,02_car_pass,fixed_int16,58,16
0,0,0,128,466,0,64,658,02_car_pass,fixed_int16,59,16
0,0,0,127,434,0,64,625,02_car_pass,fixed_int16,6,16
0,0,0,128,466,0,64,658,02_car_pass,fixed_int16,60,16
0,0,0,128,466,0,64,658,02_car_pass,fixed_int16,61,16
0,0,0,128,466,0,64,658,02_car_pass,fixed_int16,62,16
0,0,0,128,466,0,64,658,02_car_pass,fixed_int16,63,16
273,131133,131133,247,466,66144,352,329748,02_car_pass,fixed_int16,64,16
0,0,0,128,466,0,64,658,02_car_pass,fixed_int16,65,16
0,0,0,128,466,0,64,658,02_car_pass,fixed_int16,66,16
0,0,0,128,466,0,64,658,02_car_pass,fixed_int16,67,16
0,0,0,128,466,0,64,658,02_car_pass,fixed_int16,68,16
0,0,0,128,466,0,64,658,02_car_pass,fixed_int16,69,16
0,0,0,127,434,0,64,625,02_car_pass,fixed_int16,7,16
0,0,0,128,466,0,64,658,02_car_pass,fixed_int16,70,16
0,0,0,128,466,0,64,658,02_car_pass,fixed_int16,71,16
0,0,0,128,466,0,64,658,02_car_pass,fixed_int16,72,16
0,0,0,128,466,0,64,658,02_car_pass,fixed_int16,73,16
0,0,0,128,466,0,64,658,02_car_pass,fixed_int16,74,16
0,0,0,128,466,0,64,658,02_car_pass,fixed_int16,75,16
0,0,0,128,466,0,64,658,02_car_pass,fixed_int16,76,16
0,0,0,128,466,0,64,658,02_car_pass,fixed_int16,77,16
0,0,0,128,466,0,64,658,02_car_pass,fixed_int16,78,16
0,0,0,128,466,0,64,658,02_car_pass,fixed_int16,79,16
0,0,0,127,434,0,64,625,02_car_pass,fixed_int16,8,16
273,131133,131133,247,466,66144,352,329748,02_car_pass,fixed_int16,80,16
0,0,0,128,466,0,64,658,02_car_pass,fixed_int16,81,16
0,0,0,128,466,0,64,658,02_car_pass,fixed_int16,82,16
0,0,0,128,466,0,64,658,02_car_pass,fixed_int16,83,16
0,0,0,128,466,0,64,658,02_car_pass,fixed_int16,84,16
0,0,0,128,466,0,64,658,02_car_pass,fixed_int16,85,16
0,0,0,128,466,0,64,658,02_car_pass,fixed_int16,86,16
0,0,0,128,466,0,64,658,02_car_pass,fixed_int16,87,16
0,0,0,128,466,0,64,658,02_car_pass,fixed_int16,88,16
0,0,0,128,466,0,64,658,02_car_pass,fixed_int16,89,16
0,0,0,127,434,0,64,625,02_car_pass,fixed_int16,9,16
0,0,0,128,466,0,64,658,02_car_pass,fixed_int16,90,16
0,0,0,128,466,0,64,658,02_car_pass,fixed_int16,91,16
0,0,0,128,466,0,64,658,02_car_pass,fixed_int16,92,16
0,0,0,128,466,0,64,658,02_car_pass,fixed_int16,93,16
0,0,0,128,466,0,64,658,02_car_pass,fixed_int16,94,16
0,0,0,128,466,0,64,658,02_car_pass,fixed_int16,95,16
273,131133,131133,247,466,66144,352,329748,02_car_pass,fixed_int16,96,16
0,0,0,128,466,0,64,658,02_car_pass,fixed_int16,97,16
0,0,0,128,466,0,64,658,02_car_pass,fixed_int16,98,16
0,0,0,128,466,0,64,658,02_car_pass,fixed_int16,99,16
265,131133,131133,245,434,16992,352,280554,02_car_pass,fixed_int4,0,4
0,0,0,126,434,0,64,624,02_car_pass,fixed_int4,1,4
0,0,0,127,434,0,64,625,02_car_pass,fixed_int4,10,4
0,0,0,127,434,0,64,625,02_car_pass,fixed_int4,11,4
0,0,0,127,434,0,64,625,02_car_pass,fixed_int4,12,4
0,0,0,127,434,0,64,625,02_car_pass,fixed_int4,13,4
273,131133,131133,246,466,16992,352,280595,02_car_pass,fixed_int4,14,4
273,131133,131133,246,466,16992,352,280595,02_car_pass,fixed_int4,15,4
273,131133,131133,246,466,16992,352,280595,02_car_pass,fixed_int4,16,4
0,0,0,127,466,0,64,657,02_car_pass,fixed_int4,17,4
0,0,0,127,466,0,64,657,02_car_pass,fixed_int4,18,4
0,0,0,127,466,0,64,657,02_car_pass,fixed_int4,19,4
0,0,0,126,434,0,64,624,02_car_pass,fixed_int4,2,4
0,0,0,127,466,0,64,657,02_car_pass,fixed_int4,20,4
0,0,0,127,466,0,64,657,02_car_pass,fixed_int4,21,4
0,0,0,127,466,0,64,657,02_car_pass,fixed_int4,22,4
0,0,0,127,466,0,64,657,02_car_pass,fixed_int4,23,4
0,0,0,127,466,0,64,657,02_car_pass,fixed_int4,24,4
0,0,0,127,466,0,64,657,02_car_pass,fixed_int4,25,4
0,0,0,127,466,0,64,657,02_car_pass,fixed_int4,26,4
0,0,0,127,466,0,64,657,02_car_pass,fixed_int4,27,4
0,0,0,127,466,0,64,657,02_car_pass,fixed_int4,28,4
0,0,0,127,466,0,64,657,02_car_pass,fixed_int4,29,4
0,0,0,126,434,0,64,624,02_car_pass,fixed_int4,3,4
0,0,0,127,466,0,64,657,02_car_pass,fixed_int4,30,4
0,0,0,127,466,0,64,657,02_car_pass,fixed_int4,31,4
273,131133,131133,246,466,16992,352,280595,02_car_pass,fixed_int4,32,4
0,0,0,127,466,0,64,657,02_car_pass,fixed_int4,33,4
0,0,0,127,466,0,64,657,02_car_pass,fixed_int4,34,4
0,0,0,127,466,0,64,657,02_car_pass,fixed_int4,35,4
0,0,0,127,466,0,64,657,02_car_pass,fixed_int4,36,4
0,0,0,127,466,0,64,657,02_car_pass,fixed_int4,37,4
0,0,0,127,466,0,64,657,02_car_pass,fixed_int4,38,4
0,0,0,127,466,0,64,657,02_car_pass,fixed_int4,39,4
0,0,0,126,434,0,64,624,02_car_pass,fixed_int4,4,4
0,0,0,127,466,0,64,657,02_car_pass,fixed_int4,40,4
0,0,0,127,466,0,64,657,02_car_pass,fixed_int4,41,4
0,0,0,127,466,0,64,657,02_car_pass,fixed_int4,42,4
0,0,0,127,466,0,64,657,02_car_pass,fixed_int4,43,4
0,0,0,127,466,0,64,657,02_car_pass,fixed_int4,44,4
0,0,0,127,466,0,64,657,02_car_pass,fixed_int4,45,4
0,0,0,127,466,0,64,657,02_car_pass,fixed_int4,46,4
0,0,0,127,466,0,64,657,02_car_pass,fixed_int4,47,4
273,131133,131133,246,466,16992,352,280595,02_car_pass,fixed_int4,48,4
0,0,0,127,466,0,64,657,02_car_pass,fixed_int4,49,4
0,0,0,126,434,0,64,624,02_car_pass,fixed_int4,5,4
0,0,0,127,466,0,64,657,02_car_pass,fixed_int4,50,4
0,0,0,127,466,0,64,657,02_car_pass,fixed_int4,51,4
0,0,0,127,466,0,64,657,02_car_pass,fixed_int4,52,4
0,0,0,127,466,0,64,657,02_car_pass,fixed_int4,53,4
0,0,0,127,466,0,64,657,02_car_pass,fixed_int4,54,4
0,0,0,127,466,0,64,657,02_car_pass,fixed_int4,55,4
0,0,0,127,466,0,64,657,02_car_pass,fixed_int4,56,4
0,0,0,127,466,0,64,657,02_car_pass,fixed_int4,57,4
0,0,0,127,466,0,64,657,02_car_pass,fixed_int4,58,4
0,0,0,127,466,0,64,657,02_car_pass,fixed_int4,59,4
0,0,0,126,434,0,64,624,02_car_pass,fixed_int4,6,4
0,0,0,127,466,0,64,657,02_car_pass,fixed_int4,60,4
0,0,0,127,466,0,64,657,02_car_pass,fixed_int4,61,4
0,0,0,127,466,0,64,657,02_car_pass,fixed_int4,62,4
0,0,0,127,466,0,64,657,02_car_pass,fixed_int4,63,4
273,131133,131133,246,466,16992,352,280595,02_car_pass,fixed_int4,64,4
0,0,0,127,466,0,64,657,02_car_pass,fixed_int4,65,4
0,0,0,127,466,0,64,657,02_car_pass,fixed_int4,66,4
0,0,0,127,466,0,64,657,02_car_pass,fixed_int4,67,4
0,0,0,127,466,0,64,657,02_car_pass,fixed_int4,68,4
0,0,0,127,466,0,64,657,02_car_pass,fixed_int4,69,4
0,0,0,126,434,0,64,624,02_car_pass,fixed_int4,7,4
0,0,0,127,466,0,64,657,02_car_pass,fixed_int4,70,4
0,0,0,127,466,0,64,657,02_car_pass,fixed_int4,71,4
0,0,0,127,466,0,64,657,02_car_pass,fixed_int4,72,4
0,0,0,127,466,0,64,657,02_car_pass,fixed_int4,73,4
0,0,0,127,466,0,64,657,02_car_pass,fixed_int4,74,4
0,0,0,127,466,0,64,657,02_car_pass,fixed_int4,75,4
0,0,0,127,466,0,64,657,02_car_pass,fixed_int4,76,4
0,0,0,127,466,0,64,657,02_car_pass,fixed_int4,77,4
0,0,0,127,466,0,64,657,02_car_pass,fixed_int4,78,4
0,0,0,127,466,0,64,657,02_car_pass,fixed_int4,79,4
0,0,0,126,434,0,64,624,02_car_pass,fixed_int4,8,4
273,131133,131133,246,466,16992,352,280595,02_car_pass,fixed_int4,80,4
0,0,0,127,466,0,64,657,02_car_pass,fixed_int4,81,4
0,0,0,127,466,0,64,657,02_car_pass,fixed_int4,82,4
0,0,0,127,466,0,64,657,02_car_pass,fixed_int4,83,4
0,0,0,127,466,0,64,657,02_car_pass,fixed_int4,84,4
0,0,0,127,466,0,64,657,02_car_pass,fixed_int4,85,4
0,0,0,127,466,0,64,657,02_car_pass,fixed_int4,86,4
0,0,0,127,466,0,64,657,02_car_pass,fixed_int4,87,4
0,0,0,127,466,0,64,657,02_car_pass,fixed_int4,88,4
0,0,0,127,466,0,64,657,02_car_pass,fixed_int4,89,4
0,0,0,126,434,0,64,624,02_car_pass,fixed_int4,9,4
0,0,0,127,466,0,64,657,02_car_pass,fixed_int4,90,4
0,0,0,127,466,0,64,657,02_car_pass,fixed_int4,91,4
0,0,0,127,466,0,64,657,02_car_pass,fixed_int4,92,4
0,0,0,127,466,0,64,657,02_car_pass,fixed_int4,93,4
0,0,0,127,466,0,64,657,02_car_pass,fixed_int4,94,4
0,0,0,127,466,0,64,657,02_car_pass,fixed_int4,95,4
273,131133,131133,246,466,16992,352,280595,02_car_pass,fixed_int4,96,4
0,0,0,127,466,0,64,657,02_car_pass,fixed_int4,97,4
0,0,0,127,466,0,64,657,02_car_pass,fixed_int4,98,4
0,0,0,127,466,0,64,657,02_car_pass,fixed_int4,99,4
265,131133,131133,245,434,25184,352,288746,02_car_pass,fixed_int6,0,6
0,0,0,126,434,0,64,624,02_car_pass,fixed_int6,1,6
0,0,0,127,434,0,64,625,02_car_pass,fixed_int6,10,6
0,0,0,127,434,0,64,625,02_car_pass,fixed_int6,11,6
0,0,0,127,434,0,64,625,02_car_pass,fixed_int6,12,6
0,0,0,127,434,0,64,625,02_car_pass,fixed_int6,13,6
273,131133,131133,246,466,25184,352,288787,02_car_pass,fixed_int6,14,6
273,131133,131133,246,466,25184,352,288787,02_car_pass,fixed_int6,15,6
273,131133,131133,246,466,25184,352,288787,02_car_pass,fixed_int6,16,6
0,0,0,127,466,0,64,657,02_car_pass,fixed_int6,17,6
0,0,0,127,466,0,64,657,02_car_pass,fixed_int6,18,6
0,0,0,127,466,0,64,657,02_car_pass,fixed_int6,19,6
0,0,0,126,434,0,64,624,02_car_pass,fixed_int6,2,6
0,0,0,127,466,0,64,657,02_car_pass,fixed_int6,20,6
0,0,0,127,466,0,64,657,02_car_pass,fixed_int6,21,6
0,0,0,127,466,0,64,657,02_car_pass,fixed_int6,22,6
0,0,0,127,466,0,64,657,02_car_pass,fixed_int6,23,6
0,0,0,127,466,0,64,657,02_car_pass,fixed_int6,24,6
0,0,0,127,466,0,64,657,02_car_pass,fixed_int6,25,6
0,0,0,127,466,0,64,657,02_car_pass,fixed_int6,26,6
0,0,0,127,466,0,64,657,02_car_pass,fixed_int6,27,6
0,0,0,127,466,0,64,657,02_car_pass,fixed_int6,28,6
0,0,0,127,466,0,64,657,02_car_pass,fixed_int6,29,6
0,0,0,126,434,0,64,624,02_car_pass,fixed_int6,3,6
0,0,0,127,466,0,64,657,02_car_pass,fixed_int6,30,6
0,0,0,127,466,0,64,657,02_car_pass,fixed_int6,31,6
273,131133,131133,246,466,25184,352,288787,02_car_pass,fixed_int6,32,6
0,0,0,127,466,0,64,657,02_car_pass,fixed_int6,33,6
0,0,0,127,466,0,64,657,02_car_pass,fixed_int6,34,6
0,0,0,127,466,0,64,657,02_car_pass,fixed_int6,35,6
0,0,0,127,466,0,64,657,02_car_pass,fixed_int6,36,6
0,0,0,127,466,0,64,657,02_car_pass,fixed_int6,37,6
0,0,0,127,466,0,64,657,02_car_pass,fixed_int6,38,6
0,0,0,127,466,0,64,657,02_car_pass,fixed_int6,39,6
0,0,0,126,434,0,64,624,02_car_pass,fixed_int6,4,6
0,0,0,127,466,0,64,657,02_car_pass,fixed_int6,40,6
0,0,0,127,466,0,64,657,02_car_pass,fixed_int6,41,6
0,0,0,127,466,0,64,657,02_car_pass,fixed_int6,42,6
0,0,0,127,466,0,64,657,02_car_pass,fixed_int6,43,6
0,0,0,127,466,0,64,657,02_car_pass,fixed_int6,44,6
0,0,0,127,466,0,64,657,02_car_pass,fixed_int6,45,6
0,0,0,127,466,0,64,657,02_car_pass,fixed_int6,46,6
0,0,0,127,466,0,64,657,02_car_pass,fixed_int6,47,6
273,131133,131133,246,466,25184,352,288787,02_car_pass,fixed_int6,48,6
0,0,0,127,466,0,64,657,02_car_pass,fixed_int6,49,6
0,0,0,126,434,0,64,624,02_car_pass,fixed_int6,5,6
0,0,0,127,466,0,64,657,02_car_pass,fixed_int6,50,6
0,0,0,127,466,0,64,657,02_car_pass,fixed_int6,51,6
0,0,0,127,466,0,64,657,02_car_pass,fixed_int6,52,6
0,0,0,127,466,0,64,657,02_car_pass,fixed_int6,53,6
0,0,0,127,466,0,64,657,02_car_pass,fixed_int6,54,6
0,0,0,127,466,0,64,657,02_car_pass,fixed_int6,55,6
0,0,0,127,466,0,64,657,02_car_pass,fixed_int6,56,6
0,0,0,127,466,0,64,657,02_car_pass,fixed_int6,57,6
0,0,0,127,466,0,64,657,02_car_pass,fixed_int6,58,6
0,0,0,127,466,0,64,657,02_car_pass,fixed_int6,59,6
0,0,0,126,434,0,64,624,02_car_pass,fixed_int6,6,6
0,0,0,127,466,0,64,657,02_car_pass,fixed_int6,60,6
0,0,0,127,466,0,64,657,02_car_pass,fixed_int6,61,6
0,0,0,127,466,0,64,657,02_car_pass,fixed_int6,62,6
0,0,0,127,466,0,64,657,02_car_pass,fixed_int6,63,6
273,131133,131133,246,466,25184,352,288787,02_car_pass,fixed_int6,64,6
0,0,0,127,466,0,64,657,02_car_pass,fixed_int6,65,6
0,0,0,127,466,0,64,657,02_car_pass,fixed_int6,66,6
0,0,0,127,466,0,64,657,02_car_pass,fixed_int6,67,6
0,0,0,127,466,0,64,657,02_car_pass,fixed_int6,68,6
0,0,0,127,466,0,64,657,02_car_pass,fixed_int6,69,6
0,0,0,126,434,0,64,624,02_car_pass,fixed_int6,7,6
0,0,0,127,466,0,64,657,02_car_pass,fixed_int6,70,6
0,0,0,127,466,0,64,657,02_car_pass,fixed_int6,71,6
0,0,0,127,466,0,64,657,02_car_pass,fixed_int6,72,6
0,0,0,127,466,0,64,657,02_car_pass,fixed_int6,73,6
0,0,0,127,466,0,64,657,02_car_pass,fixed_int6,74,6
0,0,0,127,466,0,64,657,02_car_pass,fixed_int6,75,6
0,0,0,127,466,0,64,657,02_car_pass,fixed_int6,76,6
0,0,0,127,466,0,64,657,02_car_pass,fixed_int6,77,6
0,0,0,127,466,0,64,657,02_car_pass,fixed_int6,78,6
0,0,0,127,466,0,64,657,02_car_pass,fixed_int6,79,6
0,0,0,126,434,0,64,624,02_car_pass,fixed_int6,8,6
273,131133,131133,246,466,25184,352,288787,02_car_pass,fixed_int6,80,6
0,0,0,127,466,0,64,657,02_car_pass,fixed_int6,81,6
0,0,0,127,466,0,64,657,02_car_pass,fixed_int6,82,6
0,0,0,127,466,0,64,657,02_car_pass,fixed_int6,83,6
0,0,0,127,466,0,64,657,02_car_pass,fixed_int6,84,6
0,0,0,127,466,0,64,657,02_car_pass,fixed_int6,85,6
0,0,0,127,466,0,64,657,02_car_pass,fixed_int6,86,6
0,0,0,127,466,0,64,657,02_car_pass,fixed_int6,87,6
0,0,0,127,466,0,64,657,02_car_pass,fixed_int6,88,6
0,0,0,127,466,0,64,657,02_car_pass,fixed_int6,89,6
0,0,0,126,434,0,64,624,02_car_pass,fixed_int6,9,6
0,0,0,127,466,0,64,657,02_car_pass,fixed_int6,90,6
0,0,0,127,466,0,64,657,02_car_pass,fixed_int6,91,6
0,0,0,127,466,0,64,657,02_car_pass,fixed_int6,92,6
0,0,0,127,466,0,64,657,02_car_pass,fixed_int6,93,6
0,0,0,127,466,0,64,657,02_car_pass,fixed_int6,94,6
0,0,0,127,466,0,64,657,02_car_pass,fixed_int6,95,6
273,131133,131133,246,466,25184,352,288787,02_car_pass,fixed_int6,96,6
0,0,0,127,466,0,64,657,02_car_pass,fixed_int6,97,6
0,0,0,127,466,0,64,657,02_car_pass,fixed_int6,98,6
0,0,0,127,466,0,64,657,02_car_pass,fixed_int6,99,6
265,131133,131133,245,434,33376,352,296938,02_car_pass,fixed_int8,0,8
0,0,0,126,434,0,64,624,02_car_pass,fixed_int8,1,8
0,0,0,127,434,0,64,625,02_car_pass,fixed_int8,10,8
0,0,0,127,434,0,64,625,02_car_pass,fixed_int8,11,8
0,0,0,127,434,0,64,625,02_car_pass,fixed_int8,12,8
0,0,0,127,434,0,64,625,02_car_pass,fixed_int8,13,8
273,131133,131133,246,466,33376,352,296979,02_car_pass,fixed_int8,14,8
273,131133,131133,246,466,33376,352,296979,02_car_pass,fixed_int8,15,8
273,131133,131133,246,466,33376,352,296979,02_car_pass,fixed_int8,16,8
0,0,0,127,466,0,64,657,02_car_pass,fixed_int8,17,8
0,0,0,127,466,0,64,657,02_car_pass,fixed_int8,18,8
0,0,0,127,466,0,64,657,02_car_pass,fixed_int8,19,8
0,0,0,126,434,0,64,624,02_car_pass,fixed_int8,2,8
0,0,0,127,466,0,64,657,02_car_pass,fixed_int8,20,8
0,0,0,127,466,0,64,657,02_car_pass,fixed_int8,21,8
0,0,0,127,466,0,64,657,02_car_pass,fixed_int8,22,8
0,0,0,127,466,0,64,657,02_car_pass,fixed_int8,23,8
0,0,0,127,466,0,64,657,02_car_pass,fixed_int8,24,8
0,0,0,127,466,0,64,657,02_car_pass,fixed_int8,25,8
0,0,0,127,466,0,64,657,02_car_pass,fixed_int8,26,8
0,0,0,127,466,0,64,657,02_car_pass,fixed_int8,27,8
0,0,0,127,466,0,64,657,02_car_pass,fixed_int8,28,8
0,0,0,127,466,0,64,657,02_car_pass,fixed_int8,29,8
0,0,0,126,434,0,64,624,02_car_pass,fixed_int8,3,8
0,0,0,127,466,0,64,657,02_car_pass,fixed_int8,30,8
0,0,0,127,466,0,64,657,02_car_pass,fixed_int8,31,8
273,131133,131133,246,466,33376,352,296979,02_car_pass,fixed_int8,32,8
0,0,0,127,466,0,64,657,02_car_pass,fixed_int8,33,8
0,0,0,127,466,0,64,657,02_car_pass,fixed_int8,34,8
0,0,0,127,466,0,64,657,02_car_pass,fixed_int8,35,8
0,0,0,127,466,0,64,657,02_car_pass,fixed_int8,36,8
0,0,0,127,466,0,64,657,02_car_pass,fixed_int8,37,8
0,0,0,127,466,0,64,657,02_car_pass,fixed_int8,38,8
0,0,0,127,466,0,64,657,02_car_pass,fixed_int8,39,8
0,0,0,126,434,0,64,624,02_car_pass,fixed_int8,4,8
0,0,0,127,466,0,64,657,02_car_pass,fixed_int8,40,8
0,0,0,127,466,0,64,657,02_car_pass,fixed_int8,41,8
0,0,0,127,466,0,64,657,02_car_pass,fixed_int8,42,8
0,0,0,127,466,0,64,657,02_car_pass,fixed_int8,43,8
0,0,0,127,466,0,64,657,02_car_pass,fixed_int8,44,8
0,0,0,127,466,0,64,657,02_car_pass,fixed_int8,45,8
0,0,0,127,466,0,64,657,02_car_pass,fixed_int8,46,8
0,0,0,127,466,0,64,657,02_car_pass,fixed_int8,47,8
273,131133,131133,246,466,33376,352,296979,02_car_pass,fixed_int8,48,8
0,0,0,127,466,0,64,657,02_car_pass,fixed_int8,49,8
0,0,0,126,434,0,64,624,02_car_pass,fixed_int8,5,8
0,0,0,127,466,0,64,657,02_car_pass,fixed_int8,50,8
0,0,0,127,466,0,64,657,02_car_pass,fixed_int8,51,8
0,0,0,127,466,0,64,657,02_car_pass,fixed_int8,52,8
0,0,0,127,466,0,64,657,02_car_pass,fixed_int8,53,8
0,0,0,127,466,0,64,657,02_car_pass,fixed_int8,54,8
0,0,0,127,466,0,64,657,02_car_pass,fixed_int8,55,8
0,0,0,127,466,0,64,657,02_car_pass,fixed_int8,56,8
0,0,0,127,466,0,64,657,02_car_pass,fixed_int8,57,8
0,0,0,127,466,0,64,657,02_car_pass,fixed_int8,58,8
0,0,0,127,466,0,64,657,02_car_pass,fixed_int8,59,8
0,0,0,126,434,0,64,624,02_car_pass,fixed_int8,6,8
0,0,0,127,466,0,64,657,02_car_pass,fixed_int8,60,8
0,0,0,127,466,0,64,657,02_car_pass,fixed_int8,61,8
0,0,0,127,466,0,64,657,02_car_pass,fixed_int8,62,8
0,0,0,127,466,0,64,657,02_car_pass,fixed_int8,63,8
273,131133,131133,246,466,33376,352,296979,02_car_pass,fixed_int8,64,8
0,0,0,127,466,0,64,657,02_car_pass,fixed_int8,65,8
0,0,0,127,466,0,64,657,02_car_pass,fixed_int8,66,8
0,0,0,127,466,0,64,657,02_car_pass,fixed_int8,67,8
0,0,0,127,466,0,64,657,02_car_pass,fixed_int8,68,8
0,0,0,127,466,0,64,657,02_car_pass,fixed_int8,69,8
0,0,0,126,434,0,64,624,02_car_pass,fixed_int8,7,8
0,0,0,127,466,0,64,657,02_car_pass,fixed_int8,70,8
0,0,0,127,466,0,64,657,02_car_pass,fixed_int8,71,8
0,0,0,127,466,0,64,657,02_car_pass,fixed_int8,72,8
0,0,0,127,466,0,64,657,02_car_pass,fixed_int8,73,8
0,0,0,127,466,0,64,657,02_car_pass,fixed_int8,74,8
0,0,0,127,466,0,64,657,02_car_pass,fixed_int8,75,8
0,0,0,127,466,0,64,657,02_car_pass,fixed_int8,76,8
0,0,0,127,466,0,64,657,02_car_pass,fixed_int8,77,8
0,0,0,127,466,0,64,657,02_car_pass,fixed_int8,78,8
0,0,0,127,466,0,64,657,02_car_pass,fixed_int8,79,8
0,0,0,126,434,0,64,624,02_car_pass,fixed_int8,8,8
273,131133,131133,246,466,33376,352,296979,02_car_pass,fixed_int8,80,8
0,0,0,127,466,0,64,657,02_car_pass,fixed_int8,81,8
0,0,0,127,466,0,64,657,02_car_pass,fixed_int8,82,8
0,0,0,127,466,0,64,657,02_car_pass,fixed_int8,83,8
0,0,0,127,466,0,64,657,02_car_pass,fixed_int8,84,8
0,0,0,127,466,0,64,657,02_car_pass,fixed_int8,85,8
0,0,0,127,466,0,64,657,02_car_pass,fixed_int8,86,8
0,0,0,127,466,0,64,657,02_car_pass,fixed_int8,87,8
0,0,0,127,466,0,64,657,02_car_pass,fixed_int8,88,8
0,0,0,127,466,0,64,657,02_car_pass,fixed_int8,89,8
0,0,0,126,434,0,64,624,02_car_pass,fixed_int8,9,8
0,0,0,127,466,0,64,657,02_car_pass,fixed_int8,90,8
0,0,0,127,466,0,64,657,02_car_pass,fixed_int8,91,8
0,0,0,127,466,0,64,657,02_car_pass,fixed_int8,92,8
0,0,0,127,466,0,64,657,02_car_pass,fixed_int8,93,8
0,0,0,127,466,0,64,657,02_car_pass,fixed_int8,94,8
0,0,0,127,466,0,64,657,02_car_pass,fixed_int8,95,8
273,131133,131133,246,466,33376,352,296979,02_car_pass,fixed_int8,96,8
0,0,0,127,466,0,64,657,02_car_pass,fixed_int8,97,8
0,0,0,127,466,0,64,657,02_car_pass,fixed_int8,98,8
0,0,0,127,466,0,64,657,02_car_pass,fixed_int8,99,8
217,131133,131133,245,432,0,146,263306,03_dog_walk,fixed_awgn,0,
0,0,0,126,432,0,64,622,03_dog_walk,fixed_awgn,1,
0,0,0,127,432,0,64,623,03_dog_walk,fixed_awgn,10,
0,0,0,127,432,0,64,623,03_dog_walk,fixed_awgn,11,
0,0,0,127,432,0,64,623,03_dog_walk,fixed_awgn,12,
0,0,0,127,432,0,64,623,03_dog_walk,fixed_awgn,13,
0,0,0,127,432,0,64,623,03_dog_walk,fixed_awgn,14,
0,0,0,127,432,0,64,623,03_dog_walk,fixed_awgn,15,
217,131133,131133,246,432,0,146,263307,03_dog_walk,fixed_awgn,16,
0,0,0,127,432,0,64,623,03_dog_walk,fixed_awgn,17,
0,0,0,127,432,0,64,623,03_dog_walk,fixed_awgn,18,
0,0,0,127,432,0,64,623,03_dog_walk,fixed_awgn,19,
0,0,0,126,432,0,64,622,03_dog_walk,fixed_awgn,2,
0,0,0,127,432,0,64,623,03_dog_walk,fixed_awgn,20,
0,0,0,127,432,0,64,623,03_dog_walk,fixed_awgn,21,
0,0,0,127,432,0,64,623,03_dog_walk,fixed_awgn,22,
0,0,0,127,432,0,64,623,03_dog_walk,fixed_awgn,23,
0,0,0,127,432,0,64,623,03_dog_walk,fixed_awgn,24,
0,0,0,127,432,0,64,623,03_dog_walk,fixed_awgn,25,
0,0,0,127,432,0,64,623,03_dog_walk,fixed_awgn,26,
0,0,0,127,432,0,64,623,03_dog_walk,fixed_awgn,27,
0,0,0,127,432,0,64,623,03_dog_walk,fixed_awgn,28,
0,0,0,127,432,0,64,623,03_dog_walk,fixed_awgn,29,
0,0,0,126,432,0,64,622,03_dog_walk,fixed_awgn,3,
0,0,0,127,432,0,64,623,03_dog_walk,fixed_awgn,30,
0,0,0,127,432,0,64,623,03_dog_walk,fixed_awgn,31,
217,131133,131133,246,432,0,146,263307,03_dog_walk,fixed_awgn,32,
0,0,0,127,432,0,64,623,03_dog_walk,fixed_awgn,33,
0,0,0,127,432,0,64,623,03_dog_walk,fixed_awgn,34,
0,0,0,127,432,0,64,623,03_dog_walk,fixed_awgn,35,
0,0,0,127,432,0,64,623,03_dog_walk,fixed_awgn,36,
0,0,0,127,432,0,64,623,03_dog_walk,fixed_awgn,37,
0,0,0,127,432,0,64,623,03_dog_walk,fixed_awgn,38,
0,0,0,127,432,0,64,623,03_dog_walk,fixed_awgn,39,
0,0,0,126,432,0,64,622,03_dog_walk,fixed_awgn,4,
0,0,0,127,432,0,64,623,03_dog_walk,fixed_awgn,40,
0,0,0,127,432,0,64,623,03_dog_walk,fixed_awgn,41,
0,0,0,127,432,0,64,623,03_dog_walk,fixed_awgn,42,
0,0,0,127,432,0,64,623,03_dog_walk,fixed_awgn,43,
0,0,0,127,432,0,64,623,03_dog_walk,fixed_awgn,44,
0,0,0,127,432,0,64,623,03_dog_walk,fixed_awgn,45,
0,0,0,127,432,0,64,623,03_dog_walk,fixed_awgn,46,
0,0,0,127,432,0,64,623,03_dog_walk,fixed_awgn,47,
217,131133,131133,246,432,0,146,263307,03_dog_walk,fixed_awgn,48,
0,0,0,127,432,0,64,623,03_dog_walk,fixed_awgn,49,
0,0,0,126,432,0,64,622,03_dog_walk,fixed_awgn,5,
0,0,0,127,432,0,64,623,03_dog_walk,fixed_awgn,50,
0,0,0,127,432,0,64,623,03_dog_walk,fixed_awgn,51,
0,0,0,127,432,0,64,623,03_dog_walk,fixed_awgn,52,
0,0,0,127,432,0,64,623,03_dog_walk,fixed_awgn,53,
0,0,0,127,432,0,64,623,03_dog_walk,fixed_awgn,54,
0,0,0,127,432,0,64,623,03_dog_walk,fixed_awgn,55,
0,0,0,127,432,0,64,623,03_dog_walk,fixed_awgn,56,
0,0,0,127,432,0,64,623,03_dog_walk,fixed_awgn,57,
0,0,0,127,432,0,64,623,03_dog_walk,fixed_awgn,58,
0,0,0,127,432,0,64,623,03_dog_walk,fixed_awgn,59,
0,0,0,126,432,0,64,622,03_dog_walk,fixed_awgn,6,
0,0,0,127,432,0,64,623,03_dog_walk,fixed_awgn,60,
0,0,0,127,432,0,64,623,03_dog_walk,fixed_awgn,61,
0,0,0,127,432,0,64,623,03_dog_walk,fixed_awgn,62,
0,0,0,127,432,0,64,623,03_dog_walk,fixed_awgn,63,
217,131133,131133,246,432,0,146,263307,03_dog_walk,fixed_awgn,64,
0,0,0,127,432,0,64,623,03_dog_walk,fixed_awgn,65,
0,0,0,127,432,0,64,623,03_dog_walk,fixed_awgn,66,
0,0,0,127,432,0,64,623,03_dog_walk,fixed_awgn,67,
0,0,0,127,432,0,64,623,03_dog_walk,fixed_awgn,68,
0,0,0,127,432,0,64,623,03_dog_walk,fixed_awgn,69,
0,0,0,126,432,0,64,622,03_dog_walk,fixed_awgn,7,
0,0,0,127,432,0,64,623,03_dog_walk,fixed_awgn,70,
0,0,0,127,432,0,64,623,03_dog_walk,fixed_awgn,71,
0,0,0,127,432,0,64,623,03_dog_walk,fixed_awgn,72,
0,0,0,127,432,0,64,623,03_dog_walk,fixed_awgn,73,
0,0,0,127,432,0,64,623,03_dog_walk,fixed_awgn,74,
0,0,0,127,432,0,64,623,03_dog_walk,fixed_awgn,75,
0,0,0,127,432,0,64,623,03_dog_walk,fixed_awgn,76,
0,0,0,127,432,0,64,623,03_dog_walk,fixed_awgn,77,
0,0,0,127,432,0,64,623,03_dog_walk,fixed_awgn,78,
0,0,0,127,432,0,64,623,03_dog_walk,fixed_awgn,79,
0,0,0,126,432,0,64,622,03_dog_walk,fixed_awgn,8,
217,131133,131133,246,432,0,146,263307,03_dog_walk,fixed_awgn,80,
0,0,0,127,432,0,64,623,03_dog_walk,fixed_awgn,81,
0,0,0,127,432,0,64,623,03_dog_walk,fixed_awgn,82,
0,0,0,127,432,0,64,623,03_dog_walk,fixed_awgn,83,
0,0,0,127,432,0,64,623,03_dog_walk,fixed_awgn,84,
0,0,0,127,432,0,64,623,03_dog_walk,fixed_awgn,85,
0,0,0,127,432,0,64,623,03_dog_walk,fixed_awgn,86,
0,0,0,127,432,0,64,623,03_dog_walk,fixed_awgn,87,
0,0,0,127,432,0,64,623,03_dog_walk,fixed_awgn,88,
0,0,0,127,432,0,64,623,03_dog_walk,fixed_awgn,89,
0,0,0,126,432,0,64,622,03_dog_walk,fixed_awgn,9,
0,0,0,127,432,0,64,623,03_dog_walk,fixed_awgn,90,
0,0,0,127,432,0,64,623,03_dog_walk,fixed_awgn,91,
0,0,0,127,432,0,64,623,03_dog_walk,fixed_awgn,92,
0,0,0,127,432,0,64,623,03_dog_walk,fixed_awgn,93,
0,0,0,127,432,0,64,623,03_dog_walk,fixed_awgn,94,
0,0,0,127,432,0,64,623,03_dog_walk,fixed_awgn,95,
217,131133,131133,246,432,0,146,263307,03_dog_walk,fixed_awgn,96,
0,0,0,127,432,0,64,623,03_dog_walk,fixed_awgn,97,
0,0,0,127,432,0,64,623,03_dog_walk,fixed_awgn,98,
0,0,0,127,432,0,64,623,03_dog_walk,fixed_awgn,99,
217,131133,131133,248,432,131680,352,395195,03_dog_walk,fixed_float32,0,32
0,0,0,129,432,0,64,625,03_dog_walk,fixed_float32,1,32
0,0,0,130,432,0,64,626,03_dog_walk,fixed_float32,10,32
0,0,0,130,432,0,64,626,03_dog_walk,fixed_float32,11,32
0,0,0,130,432,0,64,626,03_dog_walk,fixed_float32,12,32
0,0,0,130,432,0,64,626,03_dog_walk,fixed_float32,13,32
0,0,0,130,432,0,64,626,03_dog_walk,fixed_float32,14,32
0,0,0,130,432,0,64,626,03_dog_walk,fixed_float32,15,32
217,131133,131133,249,432,131680,352,395196,03_dog_walk,fixed_float32,16,32
0,0,0,130,432,0,64,626,03_dog_walk,fixed_float32,17,32
0,0,0,130,432,0,64,626,03_dog_walk,fixed_float32,18,32
0,0,0,130,432,0,64,626,03_dog_walk,fixed_float32,19,32
0,0,0,129,432,0,64,625,03_dog_walk,fixed_float32,2,32
0,0,0,130,432,0,64,626,03_dog_walk,fixed_float32,20,32
0,0,0,130,432,0,64,626,03_dog_walk,fixed_float32,21,32
0,0,0,130,432,0,64,626,03_dog_walk,fixed_float32,22,32
0,0,0,130,432,0,64,626,03_dog_walk,fixed_float32,23,32
0,0,0,130,432,0,64,626,03_dog_walk,fixed_float32,24,32
0,0,0,130,432,0,64,626,03_dog_walk,fixed_float32,25,32
0,0,0,130,432,0,64,626,03_dog_walk,fixed_float32,26,32
0,0,0,130,432,0,64,626,03_dog_walk,fixed_float32,27,32
0,0,0,130,432,0,64,626,03_dog_walk,fixed_float32,28,32
0,0,0,130,432,0,64,626,03_dog_walk,fixed_float32,29,32
0,0,0,129,432,0,64,625,03_dog_walk,fixed_float32,3,32
0,0,0,130,432,0,64,626,03_dog_walk,fixed_float32,30,32
0,0,0,130,432,0,64,626,03_dog_walk,fixed_float32,31,32
217,131133,131133,249,432,131680,352,395196,03_dog_walk,fixed_float32,32,32
0,0,0,130,432,0,64,626,03_dog_walk,fixed_float32,33,32
0,0,0,130,432,0,64,626,03_dog_walk,fixed_float32,34,32
0,0,0,130,432,0,64,626,03_dog_walk,fixed_float32,35,32
0,0,0,130,432,0,64,626,03_dog_walk,fixed_float32,36,32
0,0,0,130,432,0,64,626,03_dog_walk,fixed_float32,37,32
0,0,0,130,432,0,64,626,03_dog_walk,fixed_float32,38,32
0,0,0,130,432,0,64,626,03_dog_walk,fixed_float32,39,32
0,0,0,129,432,0,64,625,03_dog_walk,fixed_float32,4,32
0,0,0,130,432,0,64,626,03_dog_walk,fixed_float32,40,32
0,0,0,130,432,0,64,626,03_dog_walk,fixed_float32,41,32
0,0,0,130,432,0,64,626,03_dog_walk,fixed_float32,42,32
0,0,0,130,432,0,64,626,03_dog_walk,fixed_float32,43,32
0,0,0,130,432,0,64,626,03_dog_walk,fixed_float32,44,32
0,0,0,130,432,0,64,626,03_dog_walk,fixed_float32,45,32
0,0,0,130,432,0,64,626,03_dog_walk,fixed_float32,46,32
0,0,0,130,432,0,64,626,03_dog_walk,fixed_float32,47,32
217,131133,131133,249,432,131680,352,395196,03_dog_walk,fixed_float32,48,32
0,0,0,130,432,0,64,626,03_dog_walk,fixed_float32,49,32
0,0,0,129,432,0,64,625,03_dog_walk,fixed_float32,5,32
0,0,0,130,432,0,64,626,03_dog_walk,fixed_float32,50,32
0,0,0,130,432,0,64,626,03_dog_walk,fixed_float32,51,32
0,0,0,130,432,0,64,626,03_dog_walk,fixed_float32,52,32
0,0,0,130,432,0,64,626,03_dog_walk,fixed_float32,53,32
0,0,0,130,432,0,64,626,03_dog_walk,fixed_float32,54,32
0,0,0,130,432,0,64,626,03_dog_walk,fixed_float32,55,32
0,0,0,130,432,0,64,626,03_dog_walk,fixed_float32,56,32
0,0,0,130,432,0,64,626,03_dog_walk,fixed_float32,57,32
0,0,0,130,432,0,64,626,03_dog_walk,fixed_float32,58,32
0,0,0,130,432,0,64,626,03_dog_walk,fixed_float32,59,32
0,0,0,129,432,0,64,625,03_dog_walk,fixed_float32,6,32
0,0,0,130,432,0,64,626,03_dog_walk,fixed_float32,60,32
0,0,0,130,432,0,64,626,03_dog_walk,fixed_float32,61,32
0,0,0,130,432,0,64,626,03_dog_walk,fixed_float32,62,32
0,0,0,130,432,0,64,626,03_dog_walk,fixed_float32,63,32
217,131133,131133,249,432,131680,352,395196,03_dog_walk,fixed_float32,64,32
0,0,0,130,432,0,64,626,03_dog_walk,fixed_float32,65,32
0,0,0,130,432,0,64,626,03_dog_walk,fixed_float32,66,32
0,0,0,130,432,0,64,626,03_dog_walk,fixed_float32,67,32
0,0,0,130,432,0,64,626,03_dog_walk,fixed_float32,68,32
0,0,0,130,432,0,64,626,03_dog_walk,fixed_float32,69,32
0,0,0,129,432,0,64,625,03_dog_walk,fixed_float32,7,32
0,0,0,130,432,0,64,626,03_dog_walk,fixed_float32,70,32
0,0,0,130,432,0,64,626,03_dog_walk,fixed_float32,71,32
0,0,0,130,432,0,64,626,03_dog_walk,fixed_float32,72,32
0,0,0,130,432,0,64,626,03_dog_walk,fixed_float32,73,32
0,0,0,130,432,0,64,626,03_dog_walk,fixed_float32,74,32
0,0,0,130,432,0,64,626,03_dog_walk,fixed_float32,75,32
0,0,0,130,432,0,64,626,03_dog_walk,fixed_float32,76,32
0,0,0,130,432,0,64,626,03_dog_walk,fixed_float32,77,32
0,0,0,130,432,0,64,626,03_dog_walk,fixed_float32,78,32
0,0,0,130,432,0,64,626,03_dog_walk,fixed_float32,79,32
0,0,0,129,432,0,64,625,03_dog_walk,fixed_float32,8,32
217,131133,131133,249,432,131680,352,395196,03_dog_walk,fixed_float32,80,32
0,0,0,130,432,0,64,626,03_dog_walk,fixed_float32,81,32
0,0,0,130,432,0,64,626,03_dog_walk,fixed_float32,82,32
0,0,0,130,432,0,64,626,03_dog_walk,fixed_float32,83,32
0,0,0,130,432,0,64,626,03_dog_walk,fixed_float32,84,32
0,0,0,130,432,0,64,626,03_dog_walk,fixed_float32,85,32
0,0,0,130,432,0,64,626,03_dog_walk,fixed_float32,86,32
0,0,0,130,432,0,64,626,03_dog_walk,fixed_float32,87,32
0,0,0,130,432,0,64,626,03_dog_walk,fixed_float32,88,32
0,0,0,130,432,0,64,626,03_dog_walk,fixed_float32,89,32
0,0,0,129,432,0,64,625,03_dog_walk,fixed_float32,9,32
0,0,0,130,432,0,64,626,03_dog_walk,fixed_float32,90,32
0,0,0,130,432,0,64,626,03_dog_walk,fixed_float32,91,32
0,0,0,130,432,0,64,626,03_dog_walk,fixed_float32,92,32
0,0,0,130,432,0,64,626,03_dog_walk,fixed_float32,93,32
0,0,0,130,432,0,64,626,03_dog_walk,fixed_float32,94,32
0,0,0,130,432,0,64,626,03_dog_walk,fixed_float32,95,32
217,131133,131133,249,432,131680,352,395196,03_dog_walk,fixed_float32,96,32
0,0,0,130,432,0,64,626,03_dog_walk,fixed_float32,97,32
0,0,0,130,432,0,64,626,03_dog_walk,fixed_float32,98,32
0,0,0,130,432,0,64,626,03_dog_walk,fixed_float32,99,32
217,131133,131133,246,432,66144,352,329657,03_dog_walk,fixed_int16,0,16
0,0,0,127,432,0,64,623,03_dog_walk,fixed_int16,1,16
0,0,0,128,432,0,64,624,03_dog_walk,fixed_int16,10,16
0,0,0,128,432,0,64,624,03_dog_walk,fixed_int16,11,16
0,0,0,128,432,0,64,624,03_dog_walk,fixed_int16,12,16
0,0,0,128,432,0,64,624,03_dog_walk,fixed_int16,13,16
0,0,0,128,432,0,64,624,03_dog_walk,fixed_int16,14,16
0,0,0,128,432,0,64,624,03_dog_walk,fixed_int16,15,16
217,131133,131133,247,432,66144,352,329658,03_dog_walk,fixed_int16,16,16
0,0,0,128,432,0,64,624,03_dog_walk,fixed_int16,17,16
0,0,0,128,432,0,64,624,03_dog_walk,fixed_int16,18,16
0,0,0,128,432,0,64,624,03_dog_walk,fixed_int16,19,16
0,0,0,127,432,0,64,623,03_dog_walk,fixed_int16,2,16
0,0,0,128,432,0,64,624,03_dog_walk,fixed_int16,20,16
0,0,0,128,432,0,64,624,03_dog_walk,fixed_int16,21,16
0,0,0,128,432,0,64,624,03_dog_walk,fixed_int16,22,16
0,0,0,128,432,0,64,624,03_dog_walk,fixed_int16,23,16
0,0,0,128,432,0,64,624,03_dog_walk,fixed_int16,24,16
0,0,0,128,432,0,64,624,03_dog_walk,fixed_int16,25,16
0,0,0,128,432,0,64,624,03_dog_walk,fixed_int16,26,16
0,0,0,128,432,0,64,624,03_dog_walk,fixed_int16,27,16
0,0,0,128,432,0,64,624,03_dog_walk,fixed_int16,28,16
0,0,0,128,432,0,64,624,03_dog_walk,fixed_int16,29,16
0,0,0,127,432,0,64,623,03_dog_walk,fixed_int16,3,16
0,0,0,128,432,0,64,624,03_dog_walk,fixed_int16,30,16
0,0,0,128,432,0,64,624,03_dog_walk,fixed_int16,31,16
217,131133,131133,247,432,66144,352,329658,03_dog_walk,fixed_int16,32,16
0,0,0,128,432,0,64,624,03_dog_walk,fixed_int16,33,16
0,0,0,128,432,0,64,624,03_dog_walk,fixed_int16,34,16
0,0,0,128,432,0,64,624,03_dog_walk,fixed_int16,35,16
0,0,0,128,432,0,64,624,03_dog_walk,fixed_int16,36,16
0,0,0,128,432,0,64,624,03_dog_walk,fixed_int16,37,16
0,0,0,128,432,0,64,624,03_dog_walk,fixed_int16,38,16
0,0,0,128,432,0,64,624,03_dog_walk,fixed_int16,39,16
0,0,0,127,432,0,64,623,03_dog_walk,fixed_int16,4,16
0,0,0,128,432,0,64,624,03_dog_walk,fixed_int16,40,16
0,0,0,128,432,0,64,624,03_dog_walk,fixed_int16,41,16
0,0,0,128,432,0,64,624,03_dog_walk,fixed_int16,42,16
0,0,0,128,432,0,64,624,03_dog_walk,fixed_int16,43,16
0,0,0,128,432,0,64,624,03_dog_walk,fixed_int16,44,16
0,0,0,128,432,0,64,624,03_dog_walk,fixed_int16,45,16
0,0,0,128,432,0,64,624,03_dog_walk,fixed_int16,46,16
0,0,0,128,432,0,64,624,03_dog_walk,fixed_int16,47,16
217,131133,131133,247,432,66144,352,329658,03_dog_walk,fixed_int16,48,16
0,0,0,128,432,0,64,624,03_dog_walk,fixed_int16,49,16
0,0,0,127,432,0,64,623,03_dog_walk,fixed_int16,5,16
0,0,0,128,432,0,64,624,03_dog_walk,fixed_int16,50,16
0,0,0,128,432,0,64,624,03_dog_walk,fixed_int16,51,16
0,0,0,128,432,0,64,624,03_dog_walk,fixed_int16,52,16
0,0,0,128,432,0,64,624,03_dog_walk,fixed_int16,53,16
0,0,0,128,432,0,64,624,03_dog_walk,fixed_int16,54,16
0,0,0,128,432,0,64,624,03_dog_walk,fixed_int16,55,16
0,0,0,128,432,0,64,624,03_dog_walk,fixed_int16,56,16
0,0,0,128,432,0,64,624,03_dog_walk,fixed_int16,57,16
0,0,0,128,432,0,64,624,03_dog_walk,fixed_int16,58,16
0,0,0,128,432,0,64,624,03_dog_walk,fixed_int16,59,16
0,0,0,127,432,0,64,623,03_dog_walk,fixed_int16,6,16
0,0,0,128,432,0,64,624,03_dog_walk,fixed_int16,60,16
0,0,0,128,432,0,64,624,03_dog_walk,fixed_int16,61,16
0,0,0,128,432,0,64,624,03_dog_walk,fixed_int16,62,16
0,0,0,128,432,0,64,624,03_dog_walk,fixed_int16,63,16
217,131133,131133,247,432,66144,352,329658,03_dog_walk,fixed_int16,64,16
0,0,0,128,432,0,64,624,03_dog_walk,fixed_int16,65,16
0,0,0,128,432,0,64,624,03_dog_walk,fixed_int16,66,16
0,0,0,128,432,0,64,624,03_dog_walk,fixed_int16,67,16
0,0,0,128,432,0,64,624,03_dog_walk,fixed_int16,68,16
0,0,0,128,432,0,64,624,03_dog_walk,fixed_int16,69,16
0,0,0,127,432,0,64,623,03_dog_walk,fixed_int16,7,16
0,0,0,128,432,0,64,624,03_dog_walk,fixed_int16,70,16
0,0,0,128,432,0,64,624,03_dog_walk,fixed_int16,71,16
0,0,0,128,432,0,64,624,03_dog_walk,fixed_int16,72,16
0,0,0,128,432,0,64,624,03_dog_walk,fixed_int16,73,16
0,0,0,128,432,0,64,624,03_dog_walk,fixed_int16,74,16
0,0,0,128,432,0,64,624,03_dog_walk,fixed_int16,75,16
0,0,0,128,432,0,64,624,03_dog_walk,fixed_int16,76,16
0,0,0,128,432,0,64,624,03_dog_walk,fixed_int16,77,16
0,0,0,128,432,0,64,624,03_dog_walk,fixed_int16,78,16
0,0,0,128,432,0,64,624,03_dog_walk,fixed_int16,79,16
0,0,0,127,432,0,64,623,03_dog_walk,fixed_int16,8,16
217,131133,131133,247,432,66144,352,329658,03_dog_walk,fixed_int16,80,16
0,0,0,128,432,0,64,624,03_dog_walk,fixed_int16,81,16
0,0,0,128,432,0,64,624,03_dog_walk,fixed_int16,82,16
0,0,0,128,432,0,64,624,03_dog_walk,fixed_int16,83,16
0,0,0,128,432,0,64,624,03_dog_walk,fixed_int16,84,16
0,0,0,128,432,0,64,624,03_dog_walk,fixed_int16,85,16
0,0,0,128,432,0,64,624,03_dog_walk,fixed_int16,86,16
0,0,0,128,432,0,64,624,03_dog_walk,fixed_int16,87,16
0,0,0,128,432,0,64,624,03_dog_walk,fixed_int16,88,16
0,0,0,128,432,0,64,624,03_dog_walk,fixed_int16,89,16
0,0,0,127,432,0,64,623,03_dog_walk,fixed_int16,9,16
0,0,0,128,432,0,64,624,03_dog_walk,fixed_int16,90,16
0,0,0,128,432,0,64,624,03_dog_walk,fixed_int16,91,16
0,0,0,128,432,0,64,624,03_dog_walk,fixed_int16,92,16
0,0,0,128,432,0,64,624,03_dog_walk,fixed_int16,93,16
0,0,0,128,432,0,64,624,03_dog_walk,fixed_int16,94,16
0,0,0,128,432,0,64,624,03_dog_walk,fixed_int16,95,16
217,131133,131133,247,432,66144,352,329658,03_dog_walk,fixed_int16,96,16
0,0,0,128,432,0,64,624,03_dog_walk,fixed_int16,97,16
0,0,0,128,432,0,64,624,03_dog_walk,fixed_int16,98,16
0,0,0,128,432,0,64,624,03_dog_walk,fixed_int16,99,16
217,131133,131133,245,432,16992,352,280504,03_dog_walk,fixed_int4,0,4
0,0,0,126,432,0,64,622,03_dog_walk,fixed_int4,1,4
0,0,0,127,432,0,64,623,03_dog_walk,fixed_int4,10,4
0,0,0,127,432,0,64,623,03_dog_walk,fixed_int4,11,4
0,0,0,127,432,0,64,623,03_dog_walk,fixed_int4,12,4
0,0,0,127,432,0,64,623,03_dog_walk,fixed_int4,13,4
0,0,0,127,432,0,64,623,03_dog_walk,fixed_int4,14,4
0,0,0,127,432,0,64,623,03_dog_walk,fixed_int4,15,4
217,131133,131133,246,432,16992,352,280505,03_dog_walk,fixed_int4,16,4
0,0,0,127,432,0,64,623,03_dog_walk,fixed_int4,17,4
0,0,0,127,432,0,64,623,03_dog_walk,fixed_int4,18,4
0,0,0,127,432,0,64,623,03_dog_walk,fixed_int4,19,4
0,0,0,126,432,0,64,622,03_dog_walk,fixed_int4,2,4
0,0,0,127,432,0,64,623,03_dog_walk,fixed_int4,20,4
0,0,0,127,432,0,64,623,03_dog_walk,fixed_int4,21,4
0,0,0,127,432,0,64,623,03_dog_walk,fixed_int4,22,4
0,0,0,127,432,0,64,623,03_dog_walk,fixed_int4,23,4
0,0,0,127,432,0,64,623,03_dog_walk,fixed_int4,24,4
0,0,0,127,432,0,64,623,03_dog_walk,fixed_int4,25,4
0,0,0,127,432,0,64,623,03_dog_walk,fixed_int4,26,4
0,0,0,127,432,0,64,623,03_dog_walk,fixed_int4,27,4
0,0,0,127,432,0,64,623,03_dog_walk,fixed_int4,28,4
0,0,0,127,432,0,64,623,03_dog_walk,fixed_int4,29,4
0,0,0,126,432,0,64,622,03_dog_walk,fixed_int4,3,4
0,0,0,127,432,0,64,623,03_dog_walk,fixed_int4,30,4
0,0,0,127,432,0,64,623,03_dog_walk,fixed_int4,31,4
217,131133,131133,246,432,16992,352,280505,03_dog_walk,fixed_int4,32,4
0,0,0,127,432,0,64,623,03_dog_walk,fixed_int4,33,4
0,0,0,127,432,0,64,623,03_dog_walk,fixed_int4,34,4
0,0,0,127,432,0,64,623,03_dog_walk,fixed_int4,35,4
0,0,0,127,432,0,64,623,03_dog_walk,fixed_int4,36,4
0,0,0,127,432,0,64,623,03_dog_walk,fixed_int4,37,4
0,0,0,127,432,0,64,623,03_dog_walk,fixed_int4,38,4
0,0,0,127,432,0,64,623,03_dog_walk,fixed_int4,39,4
0,0,0,126,432,0,64,622,03_dog_walk,fixed_int4,4,4
0,0,0,127,432,0,64,623,03_dog_walk,fixed_int4,40,4
0,0,0,127,432,0,64,623,03_dog_walk,fixed_int4,41,4
0,0,0,127,432,0,64,623,03_dog_walk,fixed_int4,42,4
0,0,0,127,432,0,64,623,03_dog_walk,fixed_int4,43,4
0,0,0,127,432,0,64,623,03_dog_walk,fixed_int4,44,4
0,0,0,127,432,0,64,623,03_dog_walk,fixed_int4,45,4
0,0,0,127,432,0,64,623,03_dog_walk,fixed_int4,46,4
0,0,0,127,432,0,64,623,03_dog_walk,fixed_int4,47,4
217,131133,131133,246,432,16992,352,280505,03_dog_walk,fixed_int4,48,4
0,0,0,127,432,0,64,623,03_dog_walk,fixed_int4,49,4
0,0,0,126,432,0,64,622,03_dog_walk,fixed_int4,5,4
0,0,0,127,432,0,64,623,03_dog_walk,fixed_int4,50,4
0,0,0,127,432,0,64,623,03_dog_walk,fixed_int4,51,4
0,0,0,127,432,0,64,623,03_dog_walk,fixed_int4,52,4
0,0,0,127,432,0,64,623,03_dog_walk,fixed_int4,53,4
0,0,0,127,432,0,64,623,03_dog_walk,fixed_int4,54,4
0,0,0,127,432,0,64,623,03_dog_walk,fixed_int4,55,4
0,0,0,127,432,0,64,623,03_dog_walk,fixed_int4,56,4
0,0,0,127,432,0,64,623,03_dog_walk,fixed_int4,57,4
0,0,0,127,432,0,64,623,03_dog_walk,fixed_int4,58,4
0,0,0,127,432,0,64,623,03_dog_walk,fixed_int4,59,4
0,0,0,126,432,0,64,622,03_dog_walk,fixed_int4,6,4
0,0,0,127,432,0,64,623,03_dog_walk,fixed_int4,60,4
0,0,0,127,432,0,64,623,03_dog_walk,fixed_int4,61,4
0,0,0,127,432,0,64,623,03_dog_walk,fixed_int4,62,4
0,0,0,127,432,0,64,623,03_dog_walk,fixed_int4,63,4
217,131133,131133,246,432,16992,352,280505,03_dog_walk,fixed_int4,64,4
0,0,0,127,432,0,64,623,03_dog_walk,fixed_int4,65,4
0,0,0,127,432,0,64,623,03_dog_walk,fixed_int4,66,4
0,0,0,127,432,0,64,623,03_dog_walk,fixed_int4,67,4
0,0,0,127,432,0,64,623,03_dog_walk,fixed_int4,68,4
0,0,0,127,432,0,64,623,03_dog_walk,fixed_int4,69,4
0,0,0,126,432,0,64,622,03_dog_walk,fixed_int4,7,4
0,0,0,127,432,0,64,623,03_dog_walk,fixed_int4,70,4
0,0,0,127,432,0,64,623,03_dog_walk,fixed_int4,71,4
0,0,0,127,432,0,64,623,03_dog_walk,fixed_int4,72,4
0,0,0,127,432,0,64,623,03_dog_walk,fixed_int4,73,4
0,0,0,127,432,0,64,623,03_dog_walk,fixed_int4,74,4
0,0,0,127,432,0,64,623,03_dog_walk,fixed_int4,75,4
0,0,0,127,432,0,64,623,03_dog_walk,fixed_int4,76,4
0,0,0,127,432,0,64,623,03_dog_walk,fixed_int4,77,4
0,0,0,127,432,0,64,623,03_dog_walk,fixed_int4,78,4
0,0,0,127,432,0,64,623,03_dog_walk,fixed_int4,79,4
0,0,0,126,432,0,64,622,03_dog_walk,fixed_int4,8,4
217,131133,131133,246,432,16992,352,280505,03_dog_walk,fixed_int4,80,4
0,0,0,127,432,0,64,623,03_dog_walk,fixed_int4,81,4
0,0,0,127,432,0,64,623,03_dog_walk,fixed_int4,82,4
0,0,0,127,432,0,64,623,03_dog_walk,fixed_int4,83,4
0,0,0,127,432,0,64,623,03_dog_walk,fixed_int4,84,4
0,0,0,127,432,0,64,623,03_dog_walk,fixed_int4,85,4
0,0,0,127,432,0,64,623,03_dog_walk,fixed_int4,86,4
0,0,0,127,432,0,64,623,03_dog_walk,fixed_int4,87,4
0,0,0,127,432,0,64,623,03_dog_walk,fixed_int4,88,4
0,0,0,127,432,0,64,623,03_dog_walk,fixed_int4,89,4
0,0,0,126,432,0,64,622,03_dog_walk,fixed_int4,9,4
0,0,0,127,432,0,64,623,03_dog_walk,fixed_int4,90,4
0,0,0,127,432,0,64,623,03_dog_walk,fixed_int4,91,4
0,0,0,127,432,0,64,623,03_dog_walk,fixed_int4,92,4
0,0,0,127,432,0,64,623,03_dog_walk,fixed_int4,93,4
0,0,0,127,432,0,64,623,03_dog_walk,fixed_int4,94,4
0,0,0,127,432,0,64,623,03_dog_walk,fixed_int4,95,4
217,131133,131133,246,432,16992,352,280505,03_dog_walk,fixed_int4,96,4
0,0,0,127,432,0,64,623,03_dog_walk,fixed_int4,97,4
0,0,0,127,432,0,64,623,03_dog_walk,fixed_int4,98,4
0,0,0,127,432,0,64,623,03_dog_walk,fixed_int4,99,4
217,131133,131133,245,432,25184,352,288696,03_dog_walk,fixed_int6,0,6
0,0,0,126,432,0,64,622,03_dog_walk,fixed_int6,1,6
0,0,0,127,432,0,64,623,03_dog_walk,fixed_int6,10,6
0,0,0,127,432,0,64,623,03_dog_walk,fixed_int6,11,6
0,0,0,127,432,0,64,623,03_dog_walk,fixed_int6,12,6
0,0,0,127,432,0,64,623,03_dog_walk,fixed_int6,13,6
0,0,0,127,432,0,64,623,03_dog_walk,fixed_int6,14,6
0,0,0,127,432,0,64,623,03_dog_walk,fixed_int6,15,6
217,131133,131133,246,432,25184,352,288697,03_dog_walk,fixed_int6,16,6
0,0,0,127,432,0,64,623,03_dog_walk,fixed_int6,17,6
0,0,0,127,432,0,64,623,03_dog_walk,fixed_int6,18,6
0,0,0,127,432,0,64,623,03_dog_walk,fixed_int6,19,6
0,0,0,126,432,0,64,622,03_dog_walk,fixed_int6,2,6
0,0,0,127,432,0,64,623,03_dog_walk,fixed_int6,20,6
0,0,0,127,432,0,64,623,03_dog_walk,fixed_int6,21,6
0,0,0,127,432,0,64,623,03_dog_walk,fixed_int6,22,6
0,0,0,127,432,0,64,623,03_dog_walk,fixed_int6,23,6
0,0,0,127,432,0,64,623,03_dog_walk,fixed_int6,24,6
0,0,0,127,432,0,64,623,03_dog_walk,fixed_int6,25,6
0,0,0,127,432,0,64,623,03_dog_walk,fixed_int6,26,6
0,0,0,127,432,0,64,623,03_dog_walk,fixed_int6,27,6
0,0,0,127,432,0,64,623,03_dog_walk,fixed_int6,28,6
0,0,0,127,432,0,64,623,03_dog_walk,fixed_int6,29,6
0,0,0,126,432,0,64,622,03_dog_walk,fixed_int6,3,6
0,0,0,127,432,0,64,623,03_dog_walk,fixed_int6,30,6
0,0,0,127,432,0,64,623,03_dog_walk,fixed_int6,31,6
217,131133,131133,246,432,25184,352,288697,03_dog_walk,fixed_int6,32,6
0,0,0,127,432,0,64,623,03_dog_walk,fixed_int6,33,6
0,0,0,127,432,0,64,623,03_dog_walk,fixed_int6,34,6
0,0,0,127,432,0,64,623,03_dog_walk,fixed_int6,35,6
0,0,0,127,432,0,64,623,03_dog_walk,fixed_int6,36,6
0,0,0,127,432,0,64,623,03_dog_walk,fixed_int6,37,6
0,0,0,127,432,0,64,623,03_dog_walk,fixed_int6,38,6
0,0,0,127,432,0,64,623,03_dog_walk,fixed_int6,39,6
0,0,0,126,432,0,64,622,03_dog_walk,fixed_int6,4,6
0,0,0,127,432,0,64,623,03_dog_walk,fixed_int6,40,6
0,0,0,127,432,0,64,623,03_dog_walk,fixed_int6,41,6
0,0,0,127,432,0,64,623,03_dog_walk,fixed_int6,42,6
0,0,0,127,432,0,64,623,03_dog_walk,fixed_int6,43,6
0,0,0,127,432,0,64,623,03_dog_walk,fixed_int6,44,6
0,0,0,127,432,0,64,623,03_dog_walk,fixed_int6,45,6
0,0,0,127,432,0,64,623,03_dog_walk,fixed_int6,46,6
0,0,0,127,432,0,64,623,03_dog_walk,fixed_int6,47,6
217,131133,131133,246,432,25184,352,288697,03_dog_walk,fixed_int6,48,6
0,0,0,127,432,0,64,623,03_dog_walk,fixed_int6,49,6
0,0,0,126,432,0,64,622,03_dog_walk,fixed_int6,5,6
0,0,0,127,432,0,64,623,03_dog_walk,fixed_int6,50,6
0,0,0,127,432,0,64,623,03_dog_walk,fixed_int6,51,6
0,0,0,127,432,0,64,623,03_dog_walk,fixed_int6,52,6
0,0,0,127,432,0,64,623,03_dog_walk,fixed_int6,53,6
0,0,0,127,432,0,64,623,03_dog_walk,fixed_int6,54,6
0,0,0,127,432,0,64,623,03_dog_walk,fixed_int6,55,6
0,0,0,127,432,0,64,623,03_dog_walk,fixed_int6,56,6
0,0,0,127,432,0,64,623,03_dog_walk,fixed_int6,57,6
0,0,0,127,432,0,64,623,03_dog_walk,fixed_int6,58,6
0,0,0,127,432,0,64,623,03_dog_walk,fixed_int6,59,6
0,0,0,126,432,0,64,622,03_dog_walk,fixed_int6,6,6
0,0,0,127,432,0,64,623,03_dog_walk,fixed_int6,60,6
0,0,0,127,432,0,64,623,03_dog_walk,fixed_int6,61,6
0,0,0,127,432,0,64,623,03_dog_walk,fixed_int6,62,6
0,0,0,127,432,0,64,623,03_dog_walk,fixed_int6,63,6
217,131133,131133,246,432,25184,352,288697,03_dog_walk,fixed_int6,64,6
0,0,0,127,432,0,64,623,03_dog_walk,fixed_int6,65,6
0,0,0,127,432,0,64,623,03_dog_walk,fixed_int6,66,6
0,0,0,127,432,0,64,623,03_dog_walk,fixed_int6,67,6
0,0,0,127,432,0,64,623,03_dog_walk,fixed_int6,68,6
0,0,0,127,432,0,64,623,03_dog_walk,fixed_int6,69,6
0,0,0,126,432,0,64,622,03_dog_walk,fixed_int6,7,6
0,0,0,127,432,0,64,623,03_dog_walk,fixed_int6,70,6
0,0,0,127,432,0,64,623,03_dog_walk,fixed_int6,71,6
0,0,0,127,432,0,64,623,03_dog_walk,fixed_int6,72,6
0,0,0,127,432,0,64,623,03_dog_walk,fixed_int6,73,6
0,0,0,127,432,0,64,623,03_dog_walk,fixed_int6,74,6
0,0,0,127,432,0,64,623,03_dog_walk,fixed_int6,75,6
0,0,0,127,432,0,64,623,03_dog_walk,fixed_int6,76,6
0,0,0,127,432,0,64,623,03_dog_walk,fixed_int6,77,6
0,0,0,127,432,0,64,623,03_dog_walk,fixed_int6,78,6
0,0,0,127,432,0,64,623,03_dog_walk,fixed_int6,79,6
0,0,0,126,432,0,64,622,03_dog_walk,fixed_int6,8,6
217,131133,131133,246,432,25184,352,288697,03_dog_walk,fixed_int6,80,6
0,0,0,127,432,0,64,623,03_dog_walk,fixed_int6,81,6
0,0,0,127,432,0,64,623,03_dog_walk,fixed_int6,82,6
0,0,0,127,432,0,64,623,03_dog_walk,fixed_int6,83,6
0,0,0,127,432,0,64,623,03_dog_walk,fixed_int6,84,6
0,0,0,127,432,0,64,623,03_dog_walk,fixed_int6,85,6
0,0,0,127,432,0,64,623,03_dog_walk,fixed_int6,86,6
0,0,0,127,432,0,64,623,03_dog_walk,fixed_int6,87,6
0,0,0,127,432,0,64,623,03_dog_walk,fixed_int6,88,6
0,0,0,127,432,0,64,623,03_dog_walk,fixed_int6,89,6
0,0,0,126,432,0,64,622,03_dog_walk,fixed_int6,9,6
0,0,0,127,432,0,64,623,03_dog_walk,fixed_int6,90,6
0,0,0,127,432,0,64,623,03_dog_walk,fixed_int6,91,6
0,0,0,127,432,0,64,623,03_dog_walk,fixed_int6,92,6
0,0,0,127,432,0,64,623,03_dog_walk,fixed_int6,93,6
0,0,0,127,432,0,64,623,03_dog_walk,fixed_int6,94,6
0,0,0,127,432,0,64,623,03_dog_walk,fixed_int6,95,6
217,131133,131133,246,432,25184,352,288697,03_dog_walk,fixed_int6,96,6
0,0,0,127,432,0,64,623,03_dog_walk,fixed_int6,97,6
0,0,0,127,432,0,64,623,03_dog_walk,fixed_int6,98,6
0,0,0,127,432,0,64,623,03_dog_walk,fixed_int6,99,6
217,131133,131133,245,432,33376,352,296888,03_dog_walk,fixed_int8,0,8
0,0,0,126,432,0,64,622,03_dog_walk,fixed_int8,1,8
0,0,0,127,432,0,64,623,03_dog_walk,fixed_int8,10,8
0,0,0,127,432,0,64,623,03_dog_walk,fixed_int8,11,8
0,0,0,127,432,0,64,623,03_dog_walk,fixed_int8,12,8
0,0,0,127,432,0,64,623,03_dog_walk,fixed_int8,13,8
0,0,0,127,432,0,64,623,03_dog_walk,fixed_int8,14,8
0,0,0,127,432,0,64,623,03_dog_walk,fixed_int8,15,8
217,131133,131133,246,432,33376,352,296889,03_dog_walk,fixed_int8,16,8
0,0,0,127,432,0,64,623,03_dog_walk,fixed_int8,17,8
0,0,0,127,432,0,64,623,03_dog_walk,fixed_int8,18,8
0,0,0,127,432,0,64,623,03_dog_walk,fixed_int8,19,8
0,0,0,126,432,0,64,622,03_dog_walk,fixed_int8,2,8
0,0,0,127,432,0,64,623,03_dog_walk,fixed_int8,20,8
0,0,0,127,432,0,64,623,03_dog_walk,fixed_int8,21,8
0,0,0,127,432,0,64,623,03_dog_walk,fixed_int8,22,8
0,0,0,127,432,0,64,623,03_dog_walk,fixed_int8,23,8
0,0,0,127,432,0,64,623,03_dog_walk,fixed_int8,24,8
0,0,0,127,432,0,64,623,03_dog_walk,fixed_int8,25,8
0,0,0,127,432,0,64,623,03_dog_walk,fixed_int8,26,8
0,0,0,127,432,0,64,623,03_dog_walk,fixed_int8,27,8
0,0,0,127,432,0,64,623,03_dog_walk,fixed_int8,28,8
0,0,0,127,432,0,64,623,03_dog_walk,fixed_int8,29,8
0,0,0,126,432,0,64,622,03_dog_walk,fixed_int8,3,8
0,0,0,127,432,0,64,623,03_dog_walk,fixed_int8,30,8
0,0,0,127,432,0,64,623,03_dog_walk,fixed_int8,31,8
217,131133,131133,246,432,33376,352,296889,03_dog_walk,fixed_int8,32,8
0,0,0,127,432,0,64,623,03_dog_walk,fixed_int8,33,8
0,0,0,127,432,0,64,623,03_dog_walk,fixed_int8,34,8
0,0,0,127,432,0,64,623,03_dog_walk,fixed_int8,35,8
0,0,0,127,432,0,64,623,03_dog_walk,fixed_int8,36,8
0,0,0,127,432,0,64,623,03_dog_walk,fixed_int8,37,8
0,0,0,127,432,0,64,623,03_dog_walk,fixed_int8,38,8
0,0,0,127,432,0,64,623,03_dog_walk,fixed_int8,39,8
0,0,0,126,432,0,64,622,03_dog_walk,fixed_int8,4,8
0,0,0,127,432,0,64,623,03_dog_walk,fixed_int8,40,8
0,0,0,127,432,0,64,623,03_dog_walk,fixed_int8,41,8
0,0,0,127,432,0,64,623,03_dog_walk,fixed_int8,42,8
0,0,0,127,432,0,64,623,03_dog_walk,fixed_int8,43,8
0,0,0,127,432,0,64,623,03_dog_walk,fixed_int8,44,8
0,0,0,127,432,0,64,623,03_dog_walk,fixed_int8,45,8
0,0,0,127,432,0,64,623,03_dog_walk,fixed_int8,46,8
0,0,0,127,432,0,64,623,03_dog_walk,fixed_int8,47,8
217,131133,131133,246,432,33376,352,296889,03_dog_walk,fixed_int8,48,8
0,0,0,127,432,0,64,623,03_dog_walk,fixed_int8,49,8
0,0,0,126,432,0,64,622,03_dog_walk,fixed_int8,5,8
0,0,0,127,432,0,64,623,03_dog_walk,fixed_int8,50,8
0,0,0,127,432,0,64,623,03_dog_walk,fixed_int8,51,8
0,0,0,127,432,0,64,623,03_dog_walk,fixed_int8,52,8
0,0,0,127,432,0,64,623,03_dog_walk,fixed_int8,53,8
0,0,0,127,432,0,64,623,03_dog_walk,fixed_int8,54,8
0,0,0,127,432,0,64,623,03_dog_walk,fixed_int8,55,8
0,0,0,127,432,0,64,623,03_dog_walk,fixed_int8,56,8
0,0,0,127,432,0,64,623,03_dog_walk,fixed_int8,57,8
0,0,0,127,432,0,64,623,03_dog_walk,fixed_int8,58,8
0,0,0,127,432,0,64,623,03_dog_walk,fixed_int8,59,8
0,0,0,126,432,0,64,622,03_dog_walk,fixed_int8,6,8
0,0,0,127,432,0,64,623,03_dog_walk,fixed_int8,60,8
0,0,0,127,432,0,64,623,03_dog_walk,fixed_int8,61,8
0,0,0,127,432,0,64,623,03_dog_walk,fixed_int8,62,8
0,0,0,127,432,0,64,623,03_dog_walk,fixed_int8,63,8
217,131133,131133,246,432,33376,352,296889,03_dog_walk,fixed_int8,64,8
0,0,0,127,432,0,64,623,03_dog_walk,fixed_int8,65,8
0,0,0,127,432,0,64,623,03_dog_walk,fixed_int8,66,8
0,0,0,127,432,0,64,623,03_dog_walk,fixed_int8,67,8
0,0,0,127,432,0,64,623,03_dog_walk,fixed_int8,68,8
0,0,0,127,432,0,64,623,03_dog_walk,fixed_int8,69,8
0,0,0,126,432,0,64,622,03_dog_walk,fixed_int8,7,8
0,0,0,127,432,0,64,623,03_dog_walk,fixed_int8,70,8
0,0,0,127,432,0,64,623,03_dog_walk,fixed_int8,71,8
0,0,0,127,432,0,64,623,03_dog_walk,fixed_int8,72,8
0,0,0,127,432,0,64,623,03_dog_walk,fixed_int8,73,8
0,0,0,127,432,0,64,623,03_dog_walk,fixed_int8,74,8
0,0,0,127,432,0,64,623,03_dog_walk,fixed_int8,75,8
0,0,0,127,432,0,64,623,03_dog_walk,fixed_int8,76,8
0,0,0,127,432,0,64,623,03_dog_walk,fixed_int8,77,8
0,0,0,127,432,0,64,623,03_dog_walk,fixed_int8,78,8
0,0,0,127,432,0,64,623,03_dog_walk,fixed_int8,79,8
0,0,0,126,432,0,64,622,03_dog_walk,fixed_int8,8,8
217,131133,131133,246,432,33376,352,296889,03_dog_walk,fixed_int8,80,8
0,0,0,127,432,0,64,623,03_dog_walk,fixed_int8,81,8
0,0,0,127,432,0,64,623,03_dog_walk,fixed_int8,82,8
0,0,0,127,432,0,64,623,03_dog_walk,fixed_int8,83,8
0,0,0,127,432,0,64,623,03_dog_walk,fixed_int8,84,8
0,0,0,127,432,0,64,623,03_dog_walk,fixed_int8,85,8
0,0,0,127,432,0,64,623,03_dog_walk,fixed_int8,86,8
0,0,0,127,432,0,64,623,03_dog_walk,fixed_int8,87,8
0,0,0,127,432,0,64,623,03_dog_walk,fixed_int8,88,8
0,0,0,127,432,0,64,623,03_dog_walk,fixed_int8,89,8
0,0,0,126,432,0,64,622,03_dog_walk,fixed_int8,9,8
0,0,0,127,432,0,64,623,03_dog_walk,fixed_int8,90,8
0,0,0,127,432,0,64,623,03_dog_walk,fixed_int8,91,8
0,0,0,127,432,0,64,623,03_dog_walk,fixed_int8,92,8
0,0,0,127,432,0,64,623,03_dog_walk,fixed_int8,93,8
0,0,0,127,432,0,64,623,03_dog_walk,fixed_int8,94,8
0,0,0,127,432,0,64,623,03_dog_walk,fixed_int8,95,8
217,131133,131133,246,432,33376,352,296889,03_dog_walk,fixed_int8,96,8
0,0,0,127,432,0,64,623,03_dog_walk,fixed_int8,97,8
0,0,0,127,432,0,64,623,03_dog_walk,fixed_int8,98,8
0,0,0,127,432,0,64,623,03_dog_walk,fixed_int8,99,8
281,131133,131133,247,399,0,146,263339,04_person_car,fixed_awgn,0,
0,0,0,128,399,0,64,591,04_person_car,fixed_awgn,1,
0,0,0,129,399,0,64,592,04_person_car,fixed_awgn,10,
0,0,0,129,399,0,64,592,04_person_car,fixed_awgn,11,
0,0,0,129,399,0,64,592,04_person_car,fixed_awgn,12,
0,0,0,129,399,0,64,592,04_person_car,fixed_awgn,13,
0,0,0,129,399,0,64,592,04_person_car,fixed_awgn,14,
0,0,0,129,399,0,64,592,04_person_car,fixed_awgn,15,
281,131133,131133,248,399,0,146,263340,04_person_car,fixed_awgn,16,
0,0,0,129,399,0,64,592,04_person_car,fixed_awgn,17,
0,0,0,129,399,0,64,592,04_person_car,fixed_awgn,18,
0,0,0,129,399,0,64,592,04_person_car,fixed_awgn,19,
0,0,0,128,399,0,64,591,04_person_car,fixed_awgn,2,
0,0,0,129,399,0,64,592,04_person_car,fixed_awgn,20,
0,0,0,129,399,0,64,592,04_person_car,fixed_awgn,21,
0,0,0,129,399,0,64,592,04_person_car,fixed_awgn,22,
0,0,0,129,399,0,64,592,04_person_car,fixed_awgn,23,
0,0,0,129,399,0,64,592,04_person_car,fixed_awgn,24,
0,0,0,129,399,0,64,592,04_person_car,fixed_awgn,25,
0,0,0,129,399,0,64,592,04_person_car,fixed_awgn,26,
0,0,0,129,399,0,64,592,04_person_car,fixed_awgn,27,
0,0,0,129,399,0,64,592,04_person_car,fixed_awgn,28,
0,0,0,129,399,0,64,592,04_person_car,fixed_awgn,29,
0,0,0,128,399,0,64,591,04_person_car,fixed_awgn,3,
0,0,0,129,399,0,64,592,04_person_car,fixed_awgn,30,
0,0,0,129,399,0,64,592,04_person_car,fixed_awgn,31,
281,131133,131133,248,399,0,146,263340,04_person_car,fixed_awgn,32,
0,0,0,129,399,0,64,592,04_person_car,fixed_awgn,33,
0,0,0,129,399,0,64,592,04_person_car,fixed_awgn,34,
0,0,0,129,399,0,64,592,04_person_car,fixed_awgn,35,
0,0,0,129,399,0,64,592,04_person_car,fixed_awgn,36,
0,0,0,129,399,0,64,592,04_person_car,fixed_awgn,37,
0,0,0,129,399,0,64,592,04_person_car,fixed_awgn,38,
0,0,0,129,399,0,64,592,04_person_car,fixed_awgn,39,
0,0,0,128,399,0,64,591,04_person_car,fixed_awgn,4,
0,0,0,129,399,0,64,592,04_person_car,fixed_awgn,40,
0,0,0,129,399,0,64,592,04_person_car,fixed_awgn,41,
0,0,0,129,399,0,64,592,04_person_car,fixed_awgn,42,
0,0,0,129,399,0,64,592,04_person_car,fixed_awgn,43,
0,0,0,129,399,0,64,592,04_person_car,fixed_awgn,44,
0,0,0,129,399,0,64,592,04_person_car,fixed_awgn,45,
0,0,0,129,399,0,64,592,04_person_car,fixed_awgn,46,
0,0,0,129,399,0,64,592,04_person_car,fixed_awgn,47,
281,131133,131133,248,399,0,146,263340,04_person_car,fixed_awgn,48,
0,0,0,129,399,0,64,592,04_person_car,fixed_awgn,49,
0,0,0,128,399,0,64,591,04_person_car,fixed_awgn,5,
0,0,0,129,399,0,64,592,04_person_car,fixed_awgn,50,
0,0,0,129,399,0,64,592,04_person_car,fixed_awgn,51,
0,0,0,129,399,0,64,592,04_person_car,fixed_awgn,52,
0,0,0,129,399,0,64,592,04_person_car,fixed_awgn,53,
0,0,0,129,399,0,64,592,04_person_car,fixed_awgn,54,
0,0,0,129,399,0,64,592,04_person_car,fixed_awgn,55,
0,0,0,129,399,0,64,592,04_person_car,fixed_awgn,56,
0,0,0,129,399,0,64,592,04_person_car,fixed_awgn,57,
0,0,0,129,399,0,64,592,04_person_car,fixed_awgn,58,
0,0,0,129,399,0,64,592,04_person_car,fixed_awgn,59,
0,0,0,128,399,0,64,591,04_person_car,fixed_awgn,6,
0,0,0,129,399,0,64,592,04_person_car,fixed_awgn,60,
0,0,0,129,399,0,64,592,04_person_car,fixed_awgn,61,
0,0,0,129,399,0,64,592,04_person_car,fixed_awgn,62,
0,0,0,129,399,0,64,592,04_person_car,fixed_awgn,63,
281,131133,131133,248,399,0,146,263340,04_person_car,fixed_awgn,64,
0,0,0,129,399,0,64,592,04_person_car,fixed_awgn,65,
0,0,0,129,399,0,64,592,04_person_car,fixed_awgn,66,
0,0,0,129,399,0,64,592,04_person_car,fixed_awgn,67,
0,0,0,129,399,0,64,592,04_person_car,fixed_awgn,68,
0,0,0,129,399,0,64,592,04_person_car,fixed_awgn,69,
0,0,0,128,399,0,64,591,04_person_car,fixed_awgn,7,
0,0,0,129,399,0,64,592,04_person_car,fixed_awgn,70,
0,0,0,129,399,0,64,592,04_person_car,fixed_awgn,71,
0,0,0,129,399,0,64,592,04_person_car,fixed_awgn,72,
0,0,0,129,399,0,64,592,04_person_car,fixed_awgn,73,
0,0,0,129,399,0,64,592,04_person_car,fixed_awgn,74,
0,0,0,129,399,0,64,592,04_person_car,fixed_awgn,75,
0,0,0,129,399,0,64,592,04_person_car,fixed_awgn,76,
0,0,0,129,399,0,64,592,04_person_car,fixed_awgn,77,
0,0,0,129,399,0,64,592,04_person_car,fixed_awgn,78,
0,0,0,129,399,0,64,592,04_person_car,fixed_awgn,79,
0,0,0,128,399,0,64,591,04_person_car,fixed_awgn,8,
281,131133,131133,248,399,0,146,263340,04_person_car,fixed_awgn,80,
0,0,0,129,399,0,64,592,04_person_car,fixed_awgn,81,
0,0,0,129,399,0,64,592,04_person_car,fixed_awgn,82,
0,0,0,129,399,0,64,592,04_person_car,fixed_awgn,83,
0,0,0,129,399,0,64,592,04_person_car,fixed_awgn,84,
0,0,0,129,399,0,64,592,04_person_car,fixed_awgn,85,
0,0,0,129,399,0,64,592,04_person_car,fixed_awgn,86,
0,0,0,129,399,0,64,592,04_person_car,fixed_awgn,87,
0,0,0,129,399,0,64,592,04_person_car,fixed_awgn,88,
0,0,0,129,399,0,64,592,04_person_car,fixed_awgn,89,
0,0,0,128,399,0,64,591,04_person_car,fixed_awgn,9,
0,0,0,129,399,0,64,592,04_person_car,fixed_awgn,90,
0,0,0,129,399,0,64,592,04_person_car,fixed_awgn,91,
0,0,0,129,399,0,64,592,04_person_car,fixed_awgn,92,
0,0,0,129,399,0,64,592,04_person_car,fixed_awgn,93,
0,0,0,129,399,0,64,592,04_person_car,fixed_awgn,94,
0,0,0,129,399,0,64,592,04_person_car,fixed_awgn,95,
281,131133,131133,248,399,0,146,263340,04_person_car,fixed_awgn,96,
0,0,0,129,399,0,64,592,04_person_car,fixed_awgn,97,
0,0,0,129,399,0,64,592,04_person_car,fixed_awgn,98,
0,0,0,129,399,0,64,592,04_person_car,fixed_awgn,99,
281,131133,131133,250,399,131680,352,395228,04_person_car,fixed_float32,0,32
0,0,0,131,399,0,64,594,04_person_car,fixed_float32,1,32
0,0,0,132,399,0,64,595,04_person_car,fixed_float32,10,32
0,0,0,132,399,0,64,595,04_person_car,fixed_float32,11,32
0,0,0,132,399,0,64,595,04_person_car,fixed_float32,12,32
0,0,0,132,399,0,64,595,04_person_car,fixed_float32,13,32
0,0,0,132,399,0,64,595,04_person_car,fixed_float32,14,32
0,0,0,132,399,0,64,595,04_person_car,fixed_float32,15,32
281,131133,131133,251,399,131680,352,395229,04_person_car,fixed_float32,16,32
0,0,0,132,399,0,64,595,04_person_car,fixed_float32,17,32
0,0,0,132,399,0,64,595,04_person_car,fixed_float32,18,32
0,0,0,132,399,0,64,595,04_person_car,fixed_float32,19,32
0,0,0,131,399,0,64,594,04_person_car,fixed_float32,2,32
0,0,0,132,399,0,64,595,04_person_car,fixed_float32,20,32
0,0,0,132,399,0,64,595,04_person_car,fixed_float32,21,32
0,0,0,132,399,0,64,595,04_person_car,fixed_float32,22,32
0,0,0,132,399,0,64,595,04_person_car,fixed_float32,23,32
0,0,0,132,399,0,64,595,04_person_car,fixed_float32,24,32
0,0,0,132,399,0,64,595,04_person_car,fixed_float32,25,32
0,0,0,132,399,0,64,595,04_person_car,fixed_float32,26,32
0,0,0,132,399,0,64,595,04_person_car,fixed_float32,27,32
0,0,0,132,399,0,64,595,04_person_car,fixed_float32,28,32
0,0,0,132,399,0,64,595,04_person_car,fixed_float32,29,32
0,0,0,131,399,0,64,594,04_person_car,fixed_float32,3,32
0,0,0,132,399,0,64,595,04_person_car,fixed_float32,30,32
0,0,0,132,399,0,64,595,04_person_car,fixed_float32,31,32
281,131133,131133,251,399,131680,352,395229,04_person_car,fixed_float32,32,32
0,0,0,132,399,0,64,595,04_person_car,fixed_float32,33,32
0,0,0,132,399,0,64,595,04_person_car,fixed_float32,34,32
0,0,0,132,399,0,64,595,04_person_car,fixed_float32,35,32
0,0,0,132,399,0,64,595,04_person_car,fixed_float32,36,32
0,0,0,132,399,0,64,595,04_person_car,fixed_float32,37,32
0,0,0,132,399,0,64,595,04_person_car,fixed_float32,38,32
0,0,0,132,399,0,64,595,04_person_car,fixed_float32,39,32
0,0,0,131,399,0,64,594,04_person_car,fixed_float32,4,32
0,0,0,132,399,0,64,595,04_person_car,fixed_float32,40,32
0,0,0,132,399,0,64,595,04_person_car,fixed_float32,41,32
0,0,0,132,399,0,64,595,04_person_car,fixed_float32,42,32
0,0,0,132,399,0,64,595,04_person_car,fixed_float32,43,32
0,0,0,132,399,0,64,595,04_person_car,fixed_float32,44,32
0,0,0,132,399,0,64,595,04_person_car,fixed_float32,45,32
0,0,0,132,399,0,64,595,04_person_car,fixed_float32,46,32
0,0,0,132,399,0,64,595,04_person_car,fixed_float32,47,32
281,131133,131133,251,399,131680,352,395229,04_person_car,fixed_float32,48,32
0,0,0,132,399,0,64,595,04_person_car,fixed_float32,49,32
0,0,0,131,399,0,64,594,04_person_car,fixed_float32,5,32
0,0,0,132,399,0,64,595,04_person_car,fixed_float32,50,32
0,0,0,132,399,0,64,595,04_person_car,fixed_float32,51,32
0,0,0,132,399,0,64,595,04_person_car,fixed_float32,52,32
0,0,0,132,399,0,64,595,04_person_car,fixed_float32,53,32
0,0,0,132,399,0,64,595,04_person_car,fixed_float32,54,32
0,0,0,132,399,0,64,595,04_person_car,fixed_float32,55,32
0,0,0,132,399,0,64,595,04_person_car,fixed_float32,56,32
0,0,0,132,399,0,64,595,04_person_car,fixed_float32,57,32
0,0,0,132,399,0,64,595,04_person_car,fixed_float32,58,32
0,0,0,132,399,0,64,595,04_person_car,fixed_float32,59,32
0,0,0,131,399,0,64,594,04_person_car,fixed_float32,6,32
0,0,0,132,399,0,64,595,04_person_car,fixed_float32,60,32
0,0,0,132,399,0,64,595,04_person_car,fixed_float32,61,32
0,0,0,132,399,0,64,595,04_person_car,fixed_float32,62,32
0,0,0,132,399,0,64,595,04_person_car,fixed_float32,63,32
281,131133,131133,251,399,131680,352,395229,04_person_car,fixed_float32,64,32
0,0,0,132,399,0,64,595,04_person_car,fixed_float32,65,32
0,0,0,132,399,0,64,595,04_person_car,fixed_float32,66,32
0,0,0,132,399,0,64,595,04_person_car,fixed_float32,67,32
0,0,0,132,399,0,64,595,04_person_car,fixed_float32,68,32
0,0,0,132,399,0,64,595,04_person_car,fixed_float32,69,32
0,0,0,131,399,0,64,594,04_person_car,fixed_float32,7,32
0,0,0,132,399,0,64,595,04_person_car,fixed_float32,70,32
0,0,0,132,399,0,64,595,04_person_car,fixed_float32,71,32
0,0,0,132,399,0,64,595,04_person_car,fixed_float32,72,32
0,0,0,132,399,0,64,595,04_person_car,fixed_float32,73,32
0,0,0,132,399,0,64,595,04_person_car,fixed_float32,74,32
0,0,0,132,399,0,64,595,04_person_car,fixed_float32,75,32
0,0,0,132,399,0,64,595,04_person_car,fixed_float32,76,32
0,0,0,132,399,0,64,595,04_person_car,fixed_float32,77,32
0,0,0,132,399,0,64,595,04_person_car,fixed_float32,78,32
0,0,0,132,399,0,64,595,04_person_car,fixed_float32,79,32
0,0,0,131,399,0,64,594,04_person_car,fixed_float32,8,32
281,131133,131133,251,399,131680,352,395229,04_person_car,fixed_float32,80,32
0,0,0,132,399,0,64,595,04_person_car,fixed_float32,81,32
0,0,0,132,399,0,64,595,04_person_car,fixed_float32,82,32
0,0,0,132,399,0,64,595,04_person_car,fixed_float32,83,32
0,0,0,132,399,0,64,595,04_person_car,fixed_float32,84,32
0,0,0,132,399,0,64,595,04_person_car,fixed_float32,85,32
0,0,0,132,399,0,64,595,04_person_car,fixed_float32,86,32
0,0,0,132,399,0,64,595,04_person_car,fixed_float32,87,32
0,0,0,132,399,0,64,595,04_person_car,fixed_float32,88,32
0,0,0,132,399,0,64,595,04_person_car,fixed_float32,89,32
0,0,0,131,399,0,64,594,04_person_car,fixed_float32,9,32
0,0,0,132,399,0,64,595,04_person_car,fixed_float32,90,32
0,0,0,132,399,0,64,595,04_person_car,fixed_float32,91,32
0,0,0,132,399,0,64,595,04_person_car,fixed_float32,92,32
0,0,0,132,399,0,64,595,04_person_car,fixed_float32,93,32
0,0,0,132,399,0,64,595,04_person_car,fixed_float32,94,32
0,0,0,132,399,0,64,595,04_person_car,fixed_float32,95,32
281,131133,131133,251,399,131680,352,395229,04_person_car,fixed_float32,96,32
0,0,0,132,399,0,64,595,04_person_car,fixed_float32,97,32
0,0,0,132,399,0,64,595,04_person_car,fixed_float32,98,32
0,0,0,132,399,0,64,595,04_person_car,fixed_float32,99,32
281,131133,131133,248,399,66144,352,329690,04_person_car,fixed_int16,0,16
0,0,0,129,399,0,64,592,04_person_car,fixed_int16,1,16
0,0,0,130,399,0,64,593,04_person_car,fixed_int16,10,16
0,0,0,130,399,0,64,593,04_person_car,fixed_int16,11,16
0,0,0,130,399,0,64,593,04_person_car,fixed_int16,12,16
0,0,0,130,399,0,64,593,04_person_car,fixed_int16,13,16
0,0,0,130,399,0,64,593,04_person_car,fixed_int16,14,16
0,0,0,130,399,0,64,593,04_person_car,fixed_int16,15,16
281,131133,131133,249,399,66144,352,329691,04_person_car,fixed_int16,16,16
0,0,0,130,399,0,64,593,04_person_car,fixed_int16,17,16
0,0,0,130,399,0,64,593,04_person_car,fixed_int16,18,16
0,0,0,130,399,0,64,593,04_person_car,fixed_int16,19,16
0,0,0,129,399,0,64,592,04_person_car,fixed_int16,2,16
0,0,0,130,399,0,64,593,04_person_car,fixed_int16,20,16
0,0,0,130,399,0,64,593,04_person_car,fixed_int16,21,16
0,0,0,130,399,0,64,593,04_person_car,fixed_int16,22,16
0,0,0,130,399,0,64,593,04_person_car,fixed_int16,23,16
0,0,0,130,399,0,64,593,04_person_car,fixed_int16,24,16
0,0,0,130,399,0,64,593,04_person_car,fixed_int16,25,16
0,0,0,130,399,0,64,593,04_person_car,fixed_int16,26,16
0,0,0,130,399,0,64,593,04_person_car,fixed_int16,27,16
0,0,0,130,399,0,64,593,04_person_car,fixed_int16,28,16
0,0,0,130,399,0,64,593,04_person_car,fixed_int16,29,16
0,0,0,129,399,0,64,592,04_person_car,fixed_int16,3,16
0,0,0,130,399,0,64,593,04_person_car,fixed_int16,30,16
0,0,0,130,399,0,64,593,04_person_car,fixed_int16,31,16
281,131133,131133,249,399,66144,352,329691,04_person_car,fixed_int16,32,16
0,0,0,130,399,0,64,593,04_person_car,fixed_int16,33,16
0,0,0,130,399,0,64,593,04_person_car,fixed_int16,34,16
0,0,0,130,399,0,64,593,04_person_car,fixed_int16,35,16
0,0,0,130,399,0,64,593,04_person_car,fixed_int16,36,16
0,0,0,130,399,0,64,593,04_person_car,fixed_int16,37,16
0,0,0,130,399,0,64,593,04_person_car,fixed_int16,38,16
0,0,0,130,399,0,64,593,04_person_car,fixed_int16,39,16
0,0,0,129,399,0,64,592,04_person_car,fixed_int16,4,16
0,0,0,130,399,0,64,593,04_person_car,fixed_int16,40,16
0,0,0,130,399,0,64,593,04_person_car,fixed_int16,41,16
0,0,0,130,399,0,64,593,04_person_car,fixed_int16,42,16
0,0,0,130,399,0,64,593,04_person_car,fixed_int16,43,16
0,0,0,130,399,0,64,593,04_person_car,fixed_int16,44,16
0,0,0,130,399,0,64,593,04_person_car,fixed_int16,45,16
0,0,0,130,399,0,64,593,04_person_car,fixed_int16,46,16
0,0,0,130,399,0,64,593,04_person_car,fixed_int16,47,16
281,131133,131133,249,399,66144,352,329691,04_person_car,fixed_int16,48,16
0,0,0,130,399,0,64,593,04_person_car,fixed_int16,49,16
0,0,0,129,399,0,64,592,04_person_car,fixed_int16,5,16
0,0,0,130,399,0,64,593,04_person_car,fixed_int16,50,16
0,0,0,130,399,0,64,593,04_person_car,fixed_int16,51,16
0,0,0,130,399,0,64,593,04_person_car,fixed_int16,52,16
0,0,0,130,399,0,64,593,04_person_car,fixed_int16,53,16
0,0,0,130,399,0,64,593,04_person_car,fixed_int16,54,16
0,0,0,130,399,0,64,593,04_person_car,fixed_int16,55,16
0,0,0,130,399,0,64,593,04_person_car,fixed_int16,56,16
0,0,0,130,399,0,64,593,04_person_car,fixed_int16,57,16
0,0,0,130,399,0,64,593,04_person_car,fixed_int16,58,16
0,0,0,130,399,0,64,593,04_person_car,fixed_int16,59,16
0,0,0,129,399,0,64,592,04_person_car,fixed_int16,6,16
0,0,0,130,399,0,64,593,04_person_car,fixed_int16,60,16
0,0,0,130,399,0,64,593,04_person_car,fixed_int16,61,16
0,0,0,130,399,0,64,593,04_person_car,fixed_int16,62,16
0,0,0,130,399,0,64,593,04_person_car,fixed_int16,63,16
281,131133,131133,249,399,66144,352,329691,04_person_car,fixed_int16,64,16
0,0,0,130,399,0,64,593,04_person_car,fixed_int16,65,16
0,0,0,130,399,0,64,593,04_person_car,fixed_int16,66,16
0,0,0,130,399,0,64,593,04_person_car,fixed_int16,67,16
0,0,0,130,399,0,64,593,04_person_car,fixed_int16,68,16
0,0,0,130,399,0,64,593,04_person_car,fixed_int16,69,16
0,0,0,129,399,0,64,592,04_person_car,fixed_int16,7,16
0,0,0,130,399,0,64,593,04_person_car,fixed_int16,70,16
0,0,0,130,399,0,64,593,04_person_car,fixed_int16,71,16
0,0,0,130,399,0,64,593,04_person_car,fixed_int16,72,16
0,0,0,130,399,0,64,593,04_person_car,fixed_int16,73,16
0,0,0,130,399,0,64,593,04_person_car,fixed_int16,74,16
0,0,0,130,399,0,64,593,04_person_car,fixed_int16,75,16
0,0,0,130,399,0,64,593,04_person_car,fixed_int16,76,16
0,0,0,130,399,0,64,593,04_person_car,fixed_int16,77,16
0,0,0,130,399,0,64,593,04_person_car,fixed_int16,78,16
0,0,0,130,399,0,64,593,04_person_car,fixed_int16,79,16
0,0,0,129,399,0,64,592,04_person_car,fixed_int16,8,16
281,131133,131133,249,399,66144,352,329691,04_person_car,fixed_int16,80,16
0,0,0,130,399,0,64,593,04_person_car,fixed_int16,81,16
0,0,0,130,399,0,64,593,04_person_car,fixed_int16,82,16
0,0,0,130,399,0,64,593,04_person_car,fixed_int16,83,16
0,0,0,130,399,0,64,593,04_person_car,fixed_int16,84,16
0,0,0,130,399,0,64,593,04_person_car,fixed_int16,85,16
0,0,0,130,399,0,64,593,04_person_car,fixed_int16,86,16
0,0,0,130,399,0,64,593,04_person_car,fixed_int16,87,16
0,0,0,130,399,0,64,593,04_person_car,fixed_int16,88,16
0,0,0,130,399,0,64,593,04_person_car,fixed_int16,89,16
0,0,0,129,399,0,64,592,04_person_car,fixed_int16,9,16
0,0,0,130,399,0,64,593,04_person_car,fixed_int16,90,16
0,0,0,130,399,0,64,593,04_person_car,fixed_int16,91,16
0,0,0,130,399,0,64,593,04_person_car,fixed_int16,92,16
0,0,0,130,399,0,64,593,04_person_car,fixed_int16,93,16
0,0,0,130,399,0,64,593,04_person_car,fixed_int16,94,16
0,0,0,130,399,0,64,593,04_person_car,fixed_int16,95,16
281,131133,131133,249,399,66144,352,329691,04_person_car,fixed_int16,96,16
0,0,0,130,399,0,64,593,04_person_car,fixed_int16,97,16
0,0,0,130,399,0,64,593,04_person_car,fixed_int16,98,16
0,0,0,130,399,0,64,593,04_person_car,fixed_int16,99,16
281,131133,131133,247,399,16992,352,280537,04_person_car,fixed_int4,0,4
0,0,0,128,399,0,64,591,04_person_car,fixed_int4,1,4
0,0,0,129,399,0,64,592,04_person_car,fixed_int4,10,4
0,0,0,129,399,0,64,592,04_person_car,fixed_int4,11,4
0,0,0,129,399,0,64,592,04_person_car,fixed_int4,12,4
0,0,0,129,399,0,64,592,04_person_car,fixed_int4,13,4
0,0,0,129,399,0,64,592,04_person_car,fixed_int4,14,4
0,0,0,129,399,0,64,592,04_person_car,fixed_int4,15,4
281,131133,131133,248,399,16992,352,280538,04_person_car,fixed_int4,16,4
0,0,0,129,399,0,64,592,04_person_car,fixed_int4,17,4
0,0,0,129,399,0,64,592,04_person_car,fixed_int4,18,4
0,0,0,129,399,0,64,592,04_person_car,fixed_int4,19,4
0,0,0,128,399,0,64,591,04_person_car,fixed_int4,2,4
0,0,0,129,399,0,64,592,04_person_car,fixed_int4,20,4
0,0,0,129,399,0,64,592,04_person_car,fixed_int4,21,4
0,0,0,129,399,0,64,592,04_person_car,fixed_int4,22,4
0,0,0,129,399,0,64,592,04_person_car,fixed_int4,23,4
0,0,0,129,399,0,64,592,04_person_car,fixed_int4,24,4
0,0,0,129,399,0,64,592,04_person_car,fixed_int4,25,4
0,0,0,129,399,0,64,592,04_person_car,fixed_int4,26,4
0,0,0,129,399,0,64,592,04_person_car,fixed_int4,27,4
0,0,0,129,399,0,64,592,04_person_car,fixed_int4,28,4
0,0,0,129,399,0,64,592,04_person_car,fixed_int4,29,4
0,0,0,128,399,0,64,591,04_person_car,fixed_int4,3,4
0,0,0,129,399,0,64,592,04_person_car,fixed_int4,30,4
0,0,0,129,399,0,64,592,04_person_car,fixed_int4,31,4
281,131133,131133,248,399,16992,352,280538,04_person_car,fixed_int4,32,4
0,0,0,129,399,0,64,592,04_person_car,fixed_int4,33,4
0,0,0,129,399,0,64,592,04_person_car,fixed_int4,34,4
0,0,0,129,399,0,64,592,04_person_car,fixed_int4,35,4
0,0,0,129,399,0,64,592,04_person_car,fixed_int4,36,4
0,0,0,129,399,0,64,592,04_person_car,fixed_int4,37,4
0,0,0,129,399,0,64,592,04_person_car,fixed_int4,38,4
0,0,0,129,399,0,64,592,04_person_car,fixed_int4,39,4
0,0,0,128,399,0,64,591,04_person_car,fixed_int4,4,4
0,0,0,129,399,0,64,592,04_person_car,fixed_int4,40,4
0,0,0,129,399,0,64,592,04_person_car,fixed_int4,41,4
0,0,0,129,399,0,64,592,04_person_car,fixed_int4,42,4
0,0,0,129,399,0,64,592,04_person_car,fixed_int4,43,4
0,0,0,129,399,0,64,592,04_person_car,fixed_int4,44,4
0,0,0,129,399,0,64,592,04_person_car,fixed_int4,45,4
0,0,0,129,399,0,64,592,04_person_car,fixed_int4,46,4
0,0,0,129,399,0,64,592,04_person_car,fixed_int4,47,4
281,131133,131133,248,399,16992,352,280538,04_person_car,fixed_int4,48,4
0,0,0,129,399,0,64,592,04_person_car,fixed_int4,49,4
0,0,0,128,399,0,64,591,04_person_car,fixed_int4,5,4
0,0,0,129,399,0,64,592,04_person_car,fixed_int4,50,4
0,0,0,129,399,0,64,592,04_person_car,fixed_int4,51,4
0,0,0,129,399,0,64,592,04_person_car,fixed_int4,52,4
0,0,0,129,399,0,64,592,04_person_car,fixed_int4,53,4
0,0,0,129,399,0,64,592,04_person_car,fixed_int4,54,4
0,0,0,129,399,0,64,592,04_person_car,fixed_int4,55,4
0,0,0,129,399,0,64,592,04_person_car,fixed_int4,56,4
0,0,0,129,399,0,64,592,04_person_car,fixed_int4,57,4
0,0,0,129,399,0,64,592,04_person_car,fixed_int4,58,4
0,0,0,129,399,0,64,592,04_person_car,fixed_int4,59,4
0,0,0,128,399,0,64,591,04_person_car,fixed_int4,6,4
0,0,0,129,399,0,64,592,04_person_car,fixed_int4,60,4
0,0,0,129,399,0,64,592,04_person_car,fixed_int4,61,4
0,0,0,129,399,0,64,592,04_person_car,fixed_int4,62,4
0,0,0,129,399,0,64,592,04_person_car,fixed_int4,63,4
281,131133,131133,248,399,16992,352,280538,04_person_car,fixed_int4,64,4
0,0,0,129,399,0,64,592,04_person_car,fixed_int4,65,4
0,0,0,129,399,0,64,592,04_person_car,fixed_int4,66,4
0,0,0,129,399,0,64,592,04_person_car,fixed_int4,67,4
0,0,0,129,399,0,64,592,04_person_car,fixed_int4,68,4
0,0,0,129,399,0,64,592,04_person_car,fixed_int4,69,4
0,0,0,128,399,0,64,591,04_person_car,fixed_int4,7,4
0,0,0,129,399,0,64,592,04_person_car,fixed_int4,70,4
0,0,0,129,399,0,64,592,04_person_car,fixed_int4,71,4
0,0,0,129,399,0,64,592,04_person_car,fixed_int4,72,4
0,0,0,129,399,0,64,592,04_person_car,fixed_int4,73,4
0,0,0,129,399,0,64,592,04_person_car,fixed_int4,74,4
0,0,0,129,399,0,64,592,04_person_car,fixed_int4,75,4
0,0,0,129,399,0,64,592,04_person_car,fixed_int4,76,4
0,0,0,129,399,0,64,592,04_person_car,fixed_int4,77,4
0,0,0,129,399,0,64,592,04_person_car,fixed_int4,78,4
0,0,0,129,399,0,64,592,04_person_car,fixed_int4,79,4
0,0,0,128,399,0,64,591,04_person_car,fixed_int4,8,4
281,131133,131133,248,399,16992,352,280538,04_person_car,fixed_int4,80,4
0,0,0,129,399,0,64,592,04_person_car,fixed_int4,81,4
0,0,0,129,399,0,64,592,04_person_car,fixed_int4,82,4
0,0,0,129,399,0,64,592,04_person_car,fixed_int4,83,4
0,0,0,129,399,0,64,592,04_person_car,fixed_int4,84,4
0,0,0,129,399,0,64,592,04_person_car,fixed_int4,85,4
0,0,0,129,399,0,64,592,04_person_car,fixed_int4,86,4
0,0,0,129,399,0,64,592,04_person_car,fixed_int4,87,4
0,0,0,129,399,0,64,592,04_person_car,fixed_int4,88,4
0,0,0,129,399,0,64,592,04_person_car,fixed_int4,89,4
0,0,0,128,399,0,64,591,04_person_car,fixed_int4,9,4
0,0,0,129,399,0,64,592,04_person_car,fixed_int4,90,4
0,0,0,129,399,0,64,592,04_person_car,fixed_int4,91,4
0,0,0,129,399,0,64,592,04_person_car,fixed_int4,92,4
0,0,0,129,399,0,64,592,04_person_car,fixed_int4,93,4
0,0,0,129,399,0,64,592,04_person_car,fixed_int4,94,4
0,0,0,129,399,0,64,592,04_person_car,fixed_int4,95,4
281,131133,131133,248,399,16992,352,280538,04_person_car,fixed_int4,96,4
0,0,0,129,399,0,64,592,04_person_car,fixed_int4,97,4
0,0,0,129,399,0,64,592,04_person_car,fixed_int4,98,4
0,0,0,129,399,0,64,592,04_person_car,fixed_int4,99,4
281,131133,131133,247,399,25184,352,288729,04_person_car,fixed_int6,0,6
0,0,0,128,399,0,64,591,04_person_car,fixed_int6,1,6
0,0,0,129,399,0,64,592,04_person_car,fixed_int6,10,6
0,0,0,129,399,0,64,592,04_person_car,fixed_int6,11,6
0,0,0,129,399,0,64,592,04_person_car,fixed_int6,12,6
0,0,0,129,399,0,64,592,04_person_car,fixed_int6,13,6
0,0,0,129,399,0,64,592,04_person_car,fixed_int6,14,6
0,0,0,129,399,0,64,592,04_person_car,fixed_int6,15,6
281,131133,131133,248,399,25184,352,288730,04_person_car,fixed_int6,16,6
0,0,0,129,399,0,64,592,04_person_car,fixed_int6,17,6
0,0,0,129,399,0,64,592,04_person_car,fixed_int6,18,6
0,0,0,129,399,0,64,592,04_person_car,fixed_int6,19,6
0,0,0,128,399,0,64,591,04_person_car,fixed_int6,2,6
0,0,0,129,399,0,64,592,04_person_car,fixed_int6,20,6
0,0,0,129,399,0,64,592,04_person_car,fixed_int6,21,6
0,0,0,129,399,0,64,592,04_person_car,fixed_int6,22,6
0,0,0,129,399,0,64,592,04_person_car,fixed_int6,23,6
0,0,0,129,399,0,64,592,04_person_car,fixed_int6,24,6
0,0,0,129,399,0,64,592,04_person_car,fixed_int6,25,6
0,0,0,129,399,0,64,592,04_person_car,fixed_int6,26,6
0,0,0,129,399,0,64,592,04_person_car,fixed_int6,27,6
0,0,0,129,399,0,64,592,04_person_car,fixed_int6,28,6
0,0,0,129,399,0,64,592,04_person_car,fixed_int6,29,6
0,0,0,128,399,0,64,591,04_person_car,fixed_int6,3,6
0,0,0,129,399,0,64,592,04_person_car,fixed_int6,30,6
0,0,0,129,399,0,64,592,04_person_car,fixed_int6,31,6
281,131133,131133,248,399,25184,352,288730,04_person_car,fixed_int6,32,6
0,0,0,129,399,0,64,592,04_person_car,fixed_int6,33,6
0,0,0,129,399,0,64,592,04_person_car,fixed_int6,34,6
0,0,0,129,399,0,64,592,04_person_car,fixed_int6,35,6
0,0,0,129,399,0,64,592,04_person_car,fixed_int6,36,6
0,0,0,129,399,0,64,592,04_person_car,fixed_int6,37,6
0,0,0,129,399,0,64,592,04_person_car,fixed_int6,38,6
0,0,0,129,399,0,64,592,04_person_car,fixed_int6,39,6
0,0,0,128,399,0,64,591,04_person_car,fixed_int6,4,6
0,0,0,129,399,0,64,592,04_person_car,fixed_int6,40,6
0,0,0,129,399,0,64,592,04_person_car,fixed_int6,41,6
0,0,0,129,399,0,64,592,04_person_car,fixed_int6,42,6
0,0,0,129,399,0,64,592,04_person_car,fixed_int6,43,6
0,0,0,129,399,0,64,592,04_person_car,fixed_int6,44,6
0,0,0,129,399,0,64,592,04_person_car,fixed_int6,45,6
0,0,0,129,399,0,64,592,04_person_car,fixed_int6,46,6
0,0,0,129,399,0,64,592,04_person_car,fixed_int6,47,6
281,131133,131133,248,399,25184,352,288730,04_person_car,fixed_int6,48,6
0,0,0,129,399,0,64,592,04_person_car,fixed_int6,49,6
0,0,0,128,399,0,64,591,04_person_car,fixed_int6,5,6
0,0,0,129,399,0,64,592,04_person_car,fixed_int6,50,6
0,0,0,129,399,0,64,592,04_person_car,fixed_int6,51,6
0,0,0,129,399,0,64,592,04_person_car,fixed_int6,52,6
0,0,0,129,399,0,64,592,04_person_car,fixed_int6,53,6
0,0,0,129,399,0,64,592,04_person_car,fixed_int6,54,6
0,0,0,129,399,0,64,592,04_person_car,fixed_int6,55,6
0,0,0,129,399,0,64,592,04_person_car,fixed_int6,56,6
0,0,0,129,399,0,64,592,04_person_car,fixed_int6,57,6
0,0,0,129,399,0,64,592,04_person_car,fixed_int6,58,6
0,0,0,129,399,0,64,592,04_person_car,fixed_int6,59,6
0,0,0,128,399,0,64,591,04_person_car,fixed_int6,6,6
0,0,0,129,399,0,64,592,04_person_car,fixed_int6,60,6
0,0,0,129,399,0,64,592,04_person_car,fixed_int6,61,6
0,0,0,129,399,0,64,592,04_person_car,fixed_int6,62,6
0,0,0,129,399,0,64,592,04_person_car,fixed_int6,63,6
281,131133,131133,248,399,25184,352,288730,04_person_car,fixed_int6,64,6
0,0,0,129,399,0,64,592,04_person_car,fixed_int6,65,6
0,0,0,129,399,0,64,592,04_person_car,fixed_int6,66,6
0,0,0,129,399,0,64,592,04_person_car,fixed_int6,67,6
0,0,0,129,399,0,64,592,04_person_car,fixed_int6,68,6
0,0,0,129,399,0,64,592,04_person_car,fixed_int6,69,6
0,0,0,128,399,0,64,591,04_person_car,fixed_int6,7,6
0,0,0,129,399,0,64,592,04_person_car,fixed_int6,70,6
0,0,0,129,399,0,64,592,04_person_car,fixed_int6,71,6
0,0,0,129,399,0,64,592,04_person_car,fixed_int6,72,6
0,0,0,129,399,0,64,592,04_person_car,fixed_int6,73,6
0,0,0,129,399,0,64,592,04_person_car,fixed_int6,74,6
0,0,0,129,399,0,64,592,04_person_car,fixed_int6,75,6
0,0,0,129,399,0,64,592,04_person_car,fixed_int6,76,6
0,0,0,129,399,0,64,592,04_person_car,fixed_int6,77,6
0,0,0,129,399,0,64,592,04_person_car,fixed_int6,78,6
0,0,0,129,399,0,64,592,04_person_car,fixed_int6,79,6
0,0,0,128,399,0,64,591,04_person_car,fixed_int6,8,6
281,131133,131133,248,399,25184,352,288730,04_person_car,fixed_int6,80,6
0,0,0,129,399,0,64,592,04_person_car,fixed_int6,81,6
0,0,0,129,399,0,64,592,04_person_car,fixed_int6,82,6
0,0,0,129,399,0,64,592,04_person_car,fixed_int6,83,6
0,0,0,129,399,0,64,592,04_person_car,fixed_int6,84,6
0,0,0,129,399,0,64,592,04_person_car,fixed_int6,85,6
0,0,0,129,399,0,64,592,04_person_car,fixed_int6,86,6
0,0,0,129,399,0,64,592,04_person_car,fixed_int6,87,6
0,0,0,129,399,0,64,592,04_person_car,fixed_int6,88,6
0,0,0,129,399,0,64,592,04_person_car,fixed_int6,89,6
0,0,0,128,399,0,64,591,04_person_car,fixed_int6,9,6
0,0,0,129,399,0,64,592,04_person_car,fixed_int6,90,6
0,0,0,129,399,0,64,592,04_person_car,fixed_int6,91,6
0,0,0,129,399,0,64,592,04_person_car,fixed_int6,92,6
0,0,0,129,399,0,64,592,04_person_car,fixed_int6,93,6
0,0,0,129,399,0,64,592,04_person_car,fixed_int6,94,6
0,0,0,129,399,0,64,592,04_person_car,fixed_int6,95,6
281,131133,131133,248,399,25184,352,288730,04_person_car,fixed_int6,96,6
0,0,0,129,399,0,64,592,04_person_car,fixed_int6,97,6
0,0,0,129,399,0,64,592,04_person_car,fixed_int6,98,6
0,0,0,129,399,0,64,592,04_person_car,fixed_int6,99,6
281,131133,131133,247,399,33376,352,296921,04_person_car,fixed_int8,0,8
0,0,0,128,399,0,64,591,04_person_car,fixed_int8,1,8
0,0,0,129,399,0,64,592,04_person_car,fixed_int8,10,8
0,0,0,129,399,0,64,592,04_person_car,fixed_int8,11,8
0,0,0,129,399,0,64,592,04_person_car,fixed_int8,12,8
0,0,0,129,399,0,64,592,04_person_car,fixed_int8,13,8
0,0,0,129,399,0,64,592,04_person_car,fixed_int8,14,8
0,0,0,129,399,0,64,592,04_person_car,fixed_int8,15,8
281,131133,131133,248,399,33376,352,296922,04_person_car,fixed_int8,16,8
0,0,0,129,399,0,64,592,04_person_car,fixed_int8,17,8
0,0,0,129,399,0,64,592,04_person_car,fixed_int8,18,8
0,0,0,129,399,0,64,592,04_person_car,fixed_int8,19,8
0,0,0,128,399,0,64,591,04_person_car,fixed_int8,2,8
0,0,0,129,399,0,64,592,04_person_car,fixed_int8,20,8
0,0,0,129,399,0,64,592,04_person_car,fixed_int8,21,8
0,0,0,129,399,0,64,592,04_person_car,fixed_int8,22,8
0,0,0,129,399,0,64,592,04_person_car,fixed_int8,23,8
0,0,0,129,399,0,64,592,04_person_car,fixed_int8,24,8
0,0,0,129,399,0,64,592,04_person_car,fixed_int8,25,8
0,0,0,129,399,0,64,592,04_person_car,fixed_int8,26,8
0,0,0,129,399,0,64,592,04_person_car,fixed_int8,27,8
0,0,0,129,399,0,64,592,04_person_car,fixed_int8,28,8
0,0,0,129,399,0,64,592,04_person_car,fixed_int8,29,8
0,0,0,128,399,0,64,591,04_person_car,fixed_int8,3,8
0,0,0,129,399,0,64,592,04_person_car,fixed_int8,30,8
0,0,0,129,399,0,64,592,04_person_car,fixed_int8,31,8
281,131133,131133,248,399,33376,352,296922,04_person_car,fixed_int8,32,8
0,0,0,129,399,0,64,592,04_person_car,fixed_int8,33,8
0,0,0,129,399,0,64,592,04_person_car,fixed_int8,34,8
0,0,0,129,399,0,64,592,04_person_car,fixed_int8,35,8
0,0,0,129,399,0,64,592,04_person_car,fixed_int8,36,8
0,0,0,129,399,0,64,592,04_person_car,fixed_int8,37,8
0,0,0,129,399,0,64,592,04_person_car,fixed_int8,38,8
0,0,0,129,399,0,64,592,04_person_car,fixed_int8,39,8
0,0,0,128,399,0,64,591,04_person_car,fixed_int8,4,8
0,0,0,129,399,0,64,592,04_person_car,fixed_int8,40,8
0,0,0,129,399,0,64,592,04_person_car,fixed_int8,41,8
0,0,0,129,399,0,64,592,04_person_car,fixed_int8,42,8
0,0,0,129,399,0,64,592,04_person_car,fixed_int8,43,8
0,0,0,129,399,0,64,592,04_person_car,fixed_int8,44,8
0,0,0,129,399,0,64,592,04_person_car,fixed_int8,45,8
0,0,0,129,399,0,64,592,04_person_car,fixed_int8,46,8
0,0,0,129,399,0,64,592,04_person_car,fixed_int8,47,8
281,131133,131133,248,399,33376,352,296922,04_person_car,fixed_int8,48,8
0,0,0,129,399,0,64,592,04_person_car,fixed_int8,49,8
0,0,0,128,399,0,64,591,04_person_car,fixed_int8,5,8
0,0,0,129,399,0,64,592,04_person_car,fixed_int8,50,8
0,0,0,129,399,0,64,592,04_person_car,fixed_int8,51,8
0,0,0,129,399,0,64,592,04_person_car,fixed_int8,52,8
0,0,0,129,399,0,64,592,04_person_car,fixed_int8,53,8
0,0,0,129,399,0,64,592,04_person_car,fixed_int8,54,8
0,0,0,129,399,0,64,592,04_person_car,fixed_int8,55,8
0,0,0,129,399,0,64,592,04_person_car,fixed_int8,56,8
0,0,0,129,399,0,64,592,04_person_car,fixed_int8,57,8
0,0,0,129,399,0,64,592,04_person_car,fixed_int8,58,8
0,0,0,129,399,0,64,592,04_person_car,fixed_int8,59,8
0,0,0,128,399,0,64,591,04_person_car,fixed_int8,6,8
0,0,0,129,399,0,64,592,04_person_car,fixed_int8,60,8
0,0,0,129,399,0,64,592,04_person_car,fixed_int8,61,8
0,0,0,129,399,0,64,592,04_person_car,fixed_int8,62,8
0,0,0,129,399,0,64,592,04_person_car,fixed_int8,63,8
281,131133,131133,248,399,33376,352,296922,04_person_car,fixed_int8,64,8
0,0,0,129,399,0,64,592,04_person_car,fixed_int8,65,8
0,0,0,129,399,0,64,592,04_person_car,fixed_int8,66,8
0,0,0,129,399,0,64,592,04_person_car,fixed_int8,67,8
0,0,0,129,399,0,64,592,04_person_car,fixed_int8,68,8
0,0,0,129,399,0,64,592,04_person_car,fixed_int8,69,8
0,0,0,128,399,0,64,591,04_person_car,fixed_int8,7,8
0,0,0,129,399,0,64,592,04_person_car,fixed_int8,70,8
0,0,0,129,399,0,64,592,04_person_car,fixed_int8,71,8
0,0,0,129,399,0,64,592,04_person_car,fixed_int8,72,8
0,0,0,129,399,0,64,592,04_person_car,fixed_int8,73,8
0,0,0,129,399,0,64,592,04_person_car,fixed_int8,74,8
0,0,0,129,399,0,64,592,04_person_car,fixed_int8,75,8
0,0,0,129,399,0,64,592,04_person_car,fixed_int8,76,8
0,0,0,129,399,0,64,592,04_person_car,fixed_int8,77,8
0,0,0,129,399,0,64,592,04_person_car,fixed_int8,78,8
0,0,0,129,399,0,64,592,04_person_car,fixed_int8,79,8
0,0,0,128,399,0,64,591,04_person_car,fixed_int8,8,8
281,131133,131133,248,399,33376,352,296922,04_person_car,fixed_int8,80,8
0,0,0,129,399,0,64,592,04_person_car,fixed_int8,81,8
0,0,0,129,399,0,64,592,04_person_car,fixed_int8,82,8
0,0,0,129,399,0,64,592,04_person_car,fixed_int8,83,8
0,0,0,129,399,0,64,592,04_person_car,fixed_int8,84,8
0,0,0,129,399,0,64,592,04_person_car,fixed_int8,85,8
0,0,0,129,399,0,64,592,04_person_car,fixed_int8,86,8
0,0,0,129,399,0,64,592,04_person_car,fixed_int8,87,8
0,0,0,129,399,0,64,592,04_person_car,fixed_int8,88,8
0,0,0,129,399,0,64,592,04_person_car,fixed_int8,89,8
0,0,0,128,399,0,64,591,04_person_car,fixed_int8,9,8
0,0,0,129,399,0,64,592,04_person_car,fixed_int8,90,8
0,0,0,129,399,0,64,592,04_person_car,fixed_int8,91,8
0,0,0,129,399,0,64,592,04_person_car,fixed_int8,92,8
0,0,0,129,399,0,64,592,04_person_car,fixed_int8,93,8
0,0,0,129,399,0,64,592,04_person_car,fixed_int8,94,8
0,0,0,129,399,0,64,592,04_person_car,fixed_int8,95,8
281,131133,131133,248,399,33376,352,296922,04_person_car,fixed_int8,96,8
0,0,0,129,399,0,64,592,04_person_car,fixed_int8,97,8
0,0,0,129,399,0,64,592,04_person_car,fixed_int8,98,8
0,0,0,129,399,0,64,592,04_person_car,fixed_int8,99,8
353,131133,131133,254,427,0,146,263446,05_camera_pan_person,fixed_awgn,0,
0,0,0,135,427,0,64,626,05_camera_pan_person,fixed_awgn,1,
0,0,0,136,427,0,64,627,05_camera_pan_person,fixed_awgn,10,
0,0,0,136,427,0,64,627,05_camera_pan_person,fixed_awgn,11,
0,0,0,136,427,0,64,627,05_camera_pan_person,fixed_awgn,12,
0,0,0,136,427,0,64,627,05_camera_pan_person,fixed_awgn,13,
0,0,0,136,427,0,64,627,05_camera_pan_person,fixed_awgn,14,
0,0,0,136,427,0,64,627,05_camera_pan_person,fixed_awgn,15,
353,131133,131133,255,427,0,146,263447,05_camera_pan_person,fixed_awgn,16,
0,0,0,136,427,0,64,627,05_camera_pan_person,fixed_awgn,17,
0,0,0,136,427,0,64,627,05_camera_pan_person,fixed_awgn,18,
0,0,0,136,427,0,64,627,05_camera_pan_person,fixed_awgn,19,
0,0,0,135,427,0,64,626,05_camera_pan_person,fixed_awgn,2,
0,0,0,136,427,0,64,627,05_camera_pan_person,fixed_awgn,20,
0,0,0,136,427,0,64,627,05_camera_pan_person,fixed_awgn,21,
0,0,0,136,427,0,64,627,05_camera_pan_person,fixed_awgn,22,
0,0,0,136,427,0,64,627,05_camera_pan_person,fixed_awgn,23,
0,0,0,136,427,0,64,627,05_camera_pan_person,fixed_awgn,24,
0,0,0,136,427,0,64,627,05_camera_pan_person,fixed_awgn,25,
0,0,0,136,427,0,64,627,05_camera_pan_person,fixed_awgn,26,
0,0,0,136,427,0,64,627,05_camera_pan_person,fixed_awgn,27,
0,0,0,136,427,0,64,627,05_camera_pan_person,fixed_awgn,28,
0,0,0,136,427,0,64,627,05_camera_pan_person,fixed_awgn,29,
0,0,0,135,427,0,64,626,05_camera_pan_person,fixed_awgn,3,
0,0,0,136,427,0,64,627,05_camera_pan_person,fixed_awgn,30,
0,0,0,136,427,0,64,627,05_camera_pan_person,fixed_awgn,31,
353,131133,131133,255,427,0,146,263447,05_camera_pan_person,fixed_awgn,32,
0,0,0,136,427,0,64,627,05_camera_pan_person,fixed_awgn,33,
0,0,0,136,427,0,64,627,05_camera_pan_person,fixed_awgn,34,
0,0,0,136,427,0,64,627,05_camera_pan_person,fixed_awgn,35,
0,0,0,136,427,0,64,627,05_camera_pan_person,fixed_awgn,36,
0,0,0,136,427,0,64,627,05_camera_pan_person,fixed_awgn,37,
0,0,0,136,427,0,64,627,05_camera_pan_person,fixed_awgn,38,
0,0,0,136,427,0,64,627,05_camera_pan_person,fixed_awgn,39,
0,0,0,135,427,0,64,626,05_camera_pan_person,fixed_awgn,4,
0,0,0,136,427,0,64,627,05_camera_pan_person,fixed_awgn,40,
0,0,0,136,427,0,64,627,05_camera_pan_person,fixed_awgn,41,
0,0,0,136,427,0,64,627,05_camera_pan_person,fixed_awgn,42,
0,0,0,136,427,0,64,627,05_camera_pan_person,fixed_awgn,43,
0,0,0,136,427,0,64,627,05_camera_pan_person,fixed_awgn,44,
0,0,0,136,427,0,64,627,05_camera_pan_person,fixed_awgn,45,
0,0,0,136,427,0,64,627,05_camera_pan_person,fixed_awgn,46,
0,0,0,136,427,0,64,627,05_camera_pan_person,fixed_awgn,47,
353,131133,131133,255,427,0,146,263447,05_camera_pan_person,fixed_awgn,48,
0,0,0,136,427,0,64,627,05_camera_pan_person,fixed_awgn,49,
0,0,0,135,427,0,64,626,05_camera_pan_person,fixed_awgn,5,
0,0,0,136,427,0,64,627,05_camera_pan_person,fixed_awgn,50,
0,0,0,136,427,0,64,627,05_camera_pan_person,fixed_awgn,51,
0,0,0,136,427,0,64,627,05_camera_pan_person,fixed_awgn,52,
0,0,0,136,427,0,64,627,05_camera_pan_person,fixed_awgn,53,
0,0,0,136,427,0,64,627,05_camera_pan_person,fixed_awgn,54,
0,0,0,136,427,0,64,627,05_camera_pan_person,fixed_awgn,55,
0,0,0,136,427,0,64,627,05_camera_pan_person,fixed_awgn,56,
0,0,0,136,427,0,64,627,05_camera_pan_person,fixed_awgn,57,
0,0,0,136,427,0,64,627,05_camera_pan_person,fixed_awgn,58,
0,0,0,136,427,0,64,627,05_camera_pan_person,fixed_awgn,59,
0,0,0,135,427,0,64,626,05_camera_pan_person,fixed_awgn,6,
0,0,0,136,427,0,64,627,05_camera_pan_person,fixed_awgn,60,
0,0,0,136,427,0,64,627,05_camera_pan_person,fixed_awgn,61,
0,0,0,136,427,0,64,627,05_camera_pan_person,fixed_awgn,62,
0,0,0,136,427,0,64,627,05_camera_pan_person,fixed_awgn,63,
353,131133,131133,255,427,0,146,263447,05_camera_pan_person,fixed_awgn,64,
0,0,0,136,427,0,64,627,05_camera_pan_person,fixed_awgn,65,
0,0,0,136,427,0,64,627,05_camera_pan_person,fixed_awgn,66,
0,0,0,136,427,0,64,627,05_camera_pan_person,fixed_awgn,67,
0,0,0,136,427,0,64,627,05_camera_pan_person,fixed_awgn,68,
0,0,0,136,427,0,64,627,05_camera_pan_person,fixed_awgn,69,
0,0,0,135,427,0,64,626,05_camera_pan_person,fixed_awgn,7,
0,0,0,136,427,0,64,627,05_camera_pan_person,fixed_awgn,70,
0,0,0,136,427,0,64,627,05_camera_pan_person,fixed_awgn,71,
0,0,0,136,427,0,64,627,05_camera_pan_person,fixed_awgn,72,
0,0,0,136,427,0,64,627,05_camera_pan_person,fixed_awgn,73,
0,0,0,136,427,0,64,627,05_camera_pan_person,fixed_awgn,74,
0,0,0,136,427,0,64,627,05_camera_pan_person,fixed_awgn,75,
0,0,0,136,427,0,64,627,05_camera_pan_person,fixed_awgn,76,
0,0,0,136,427,0,64,627,05_camera_pan_person,fixed_awgn,77,
0,0,0,136,427,0,64,627,05_camera_pan_person,fixed_awgn,78,
0,0,0,136,427,0,64,627,05_camera_pan_person,fixed_awgn,79,
0,0,0,135,427,0,64,626,05_camera_pan_person,fixed_awgn,8,
353,131133,131133,255,427,0,146,263447,05_camera_pan_person,fixed_awgn,80,
0,0,0,136,427,0,64,627,05_camera_pan_person,fixed_awgn,81,
0,0,0,136,427,0,64,627,05_camera_pan_person,fixed_awgn,82,
0,0,0,136,427,0,64,627,05_camera_pan_person,fixed_awgn,83,
0,0,0,136,427,0,64,627,05_camera_pan_person,fixed_awgn,84,
0,0,0,136,427,0,64,627,05_camera_pan_person,fixed_awgn,85,
0,0,0,136,427,0,64,627,05_camera_pan_person,fixed_awgn,86,
0,0,0,136,427,0,64,627,05_camera_pan_person,fixed_awgn,87,
0,0,0,136,427,0,64,627,05_camera_pan_person,fixed_awgn,88,
0,0,0,136,427,0,64,627,05_camera_pan_person,fixed_awgn,89,
0,0,0,135,427,0,64,626,05_camera_pan_person,fixed_awgn,9,
0,0,0,136,427,0,64,627,05_camera_pan_person,fixed_awgn,90,
0,0,0,136,427,0,64,627,05_camera_pan_person,fixed_awgn,91,
0,0,0,136,427,0,64,627,05_camera_pan_person,fixed_awgn,92,
0,0,0,136,427,0,64,627,05_camera_pan_person,fixed_awgn,93,
0,0,0,136,427,0,64,627,05_camera_pan_person,fixed_awgn,94,
0,0,0,136,427,0,64,627,05_camera_pan_person,fixed_awgn,95,
353,131133,131133,255,427,0,146,263447,05_camera_pan_person,fixed_awgn,96,
0,0,0,136,427,0,64,627,05_camera_pan_person,fixed_awgn,97,
0,0,0,136,427,0,64,627,05_camera_pan_person,fixed_awgn,98,
0,0,0,136,427,0,64,627,05_camera_pan_person,fixed_awgn,99,
353,131133,131133,257,427,131680,352,395335,05_camera_pan_person,fixed_float32,0,32
0,0,0,138,427,0,64,629,05_camera_pan_person,fixed_float32,1,32
0,0,0,139,427,0,64,630,05_camera_pan_person,fixed_float32,10,32
0,0,0,139,427,0,64,630,05_camera_pan_person,fixed_float32,11,32
0,0,0,139,427,0,64,630,05_camera_pan_person,fixed_float32,12,32
0,0,0,139,427,0,64,630,05_camera_pan_person,fixed_float32,13,32
0,0,0,139,427,0,64,630,05_camera_pan_person,fixed_float32,14,32
0,0,0,139,427,0,64,630,05_camera_pan_person,fixed_float32,15,32
353,131133,131133,258,427,131680,352,395336,05_camera_pan_person,fixed_float32,16,32
0,0,0,139,427,0,64,630,05_camera_pan_person,fixed_float32,17,32
0,0,0,139,427,0,64,630,05_camera_pan_person,fixed_float32,18,32
0,0,0,139,427,0,64,630,05_camera_pan_person,fixed_float32,19,32
0,0,0,138,427,0,64,629,05_camera_pan_person,fixed_float32,2,32
0,0,0,139,427,0,64,630,05_camera_pan_person,fixed_float32,20,32
0,0,0,139,427,0,64,630,05_camera_pan_person,fixed_float32,21,32
0,0,0,139,427,0,64,630,05_camera_pan_person,fixed_float32,22,32
0,0,0,139,427,0,64,630,05_camera_pan_person,fixed_float32,23,32
0,0,0,139,427,0,64,630,05_camera_pan_person,fixed_float32,24,32
0,0,0,139,427,0,64,630,05_camera_pan_person,fixed_float32,25,32
0,0,0,139,427,0,64,630,05_camera_pan_person,fixed_float32,26,32
0,0,0,139,427,0,64,630,05_camera_pan_person,fixed_float32,27,32
0,0,0,139,427,0,64,630,05_camera_pan_person,fixed_float32,28,32
0,0,0,139,427,0,64,630,05_camera_pan_person,fixed_float32,29,32
0,0,0,138,427,0,64,629,05_camera_pan_person,fixed_float32,3,32
0,0,0,139,427,0,64,630,05_camera_pan_person,fixed_float32,30,32
0,0,0,139,427,0,64,630,05_camera_pan_person,fixed_float32,31,32
353,131133,131133,258,427,131680,352,395336,05_camera_pan_person,fixed_float32,32,32
0,0,0,139,427,0,64,630,05_camera_pan_person,fixed_float32,33,32
0,0,0,139,427,0,64,630,05_camera_pan_person,fixed_float32,34,32
0,0,0,139,427,0,64,630,05_camera_pan_person,fixed_float32,35,32
0,0,0,139,427,0,64,630,05_camera_pan_person,fixed_float32,36,32
0,0,0,139,427,0,64,630,05_camera_pan_person,fixed_float32,37,32
0,0,0,139,427,0,64,630,05_camera_pan_person,fixed_float32,38,32
0,0,0,139,427,0,64,630,05_camera_pan_person,fixed_float32,39,32
0,0,0,138,427,0,64,629,05_camera_pan_person,fixed_float32,4,32
0,0,0,139,427,0,64,630,05_camera_pan_person,fixed_float32,40,32
0,0,0,139,427,0,64,630,05_camera_pan_person,fixed_float32,41,32
0,0,0,139,427,0,64,630,05_camera_pan_person,fixed_float32,42,32
0,0,0,139,427,0,64,630,05_camera_pan_person,fixed_float32,43,32
0,0,0,139,427,0,64,630,05_camera_pan_person,fixed_float32,44,32
0,0,0,139,427,0,64,630,05_camera_pan_person,fixed_float32,45,32
0,0,0,139,427,0,64,630,05_camera_pan_person,fixed_float32,46,32
0,0,0,139,427,0,64,630,05_camera_pan_person,fixed_float32,47,32
353,131133,131133,258,427,131680,352,395336,05_camera_pan_person,fixed_float32,48,32
0,0,0,139,427,0,64,630,05_camera_pan_person,fixed_float32,49,32
0,0,0,138,427,0,64,629,05_camera_pan_person,fixed_float32,5,32
0,0,0,139,427,0,64,630,05_camera_pan_person,fixed_float32,50,32
0,0,0,139,427,0,64,630,05_camera_pan_person,fixed_float32,51,32
0,0,0,139,427,0,64,630,05_camera_pan_person,fixed_float32,52,32
0,0,0,139,427,0,64,630,05_camera_pan_person,fixed_float32,53,32
0,0,0,139,427,0,64,630,05_camera_pan_person,fixed_float32,54,32
0,0,0,139,427,0,64,630,05_camera_pan_person,fixed_float32,55,32
0,0,0,139,427,0,64,630,05_camera_pan_person,fixed_float32,56,32
0,0,0,139,427,0,64,630,05_camera_pan_person,fixed_float32,57,32
0,0,0,139,427,0,64,630,05_camera_pan_person,fixed_float32,58,32
0,0,0,139,427,0,64,630,05_camera_pan_person,fixed_float32,59,32
0,0,0,138,427,0,64,629,05_camera_pan_person,fixed_float32,6,32
0,0,0,139,427,0,64,630,05_camera_pan_person,fixed_float32,60,32
0,0,0,139,427,0,64,630,05_camera_pan_person,fixed_float32,61,32
0,0,0,139,427,0,64,630,05_camera_pan_person,fixed_float32,62,32
0,0,0,139,427,0,64,630,05_camera_pan_person,fixed_float32,63,32
353,131133,131133,258,427,131680,352,395336,05_camera_pan_person,fixed_float32,64,32
0,0,0,139,427,0,64,630,05_camera_pan_person,fixed_float32,65,32
0,0,0,139,427,0,64,630,05_camera_pan_person,fixed_float32,66,32
0,0,0,139,427,0,64,630,05_camera_pan_person,fixed_float32,67,32
0,0,0,139,427,0,64,630,05_camera_pan_person,fixed_float32,68,32
0,0,0,139,427,0,64,630,05_camera_pan_person,fixed_float32,69,32
0,0,0,138,427,0,64,629,05_camera_pan_person,fixed_float32,7,32
0,0,0,139,427,0,64,630,05_camera_pan_person,fixed_float32,70,32
0,0,0,139,427,0,64,630,05_camera_pan_person,fixed_float32,71,32
0,0,0,139,427,0,64,630,05_camera_pan_person,fixed_float32,72,32
0,0,0,139,427,0,64,630,05_camera_pan_person,fixed_float32,73,32
0,0,0,139,427,0,64,630,05_camera_pan_person,fixed_float32,74,32
0,0,0,139,427,0,64,630,05_camera_pan_person,fixed_float32,75,32
0,0,0,139,427,0,64,630,05_camera_pan_person,fixed_float32,76,32
0,0,0,139,427,0,64,630,05_camera_pan_person,fixed_float32,77,32
0,0,0,139,427,0,64,630,05_camera_pan_person,fixed_float32,78,32
0,0,0,139,427,0,64,630,05_camera_pan_person,fixed_float32,79,32
0,0,0,138,427,0,64,629,05_camera_pan_person,fixed_float32,8,32
353,131133,131133,258,427,131680,352,395336,05_camera_pan_person,fixed_float32,80,32
0,0,0,139,427,0,64,630,05_camera_pan_person,fixed_float32,81,32
0,0,0,139,427,0,64,630,05_camera_pan_person,fixed_float32,82,32
0,0,0,139,427,0,64,630,05_camera_pan_person,fixed_float32,83,32
0,0,0,139,427,0,64,630,05_camera_pan_person,fixed_float32,84,32
0,0,0,139,427,0,64,630,05_camera_pan_person,fixed_float32,85,32
0,0,0,139,427,0,64,630,05_camera_pan_person,fixed_float32,86,32
0,0,0,139,427,0,64,630,05_camera_pan_person,fixed_float32,87,32
0,0,0,139,427,0,64,630,05_camera_pan_person,fixed_float32,88,32
0,0,0,139,427,0,64,630,05_camera_pan_person,fixed_float32,89,32
0,0,0,138,427,0,64,629,05_camera_pan_person,fixed_float32,9,32
0,0,0,139,427,0,64,630,05_camera_pan_person,fixed_float32,90,32
0,0,0,139,427,0,64,630,05_camera_pan_person,fixed_float32,91,32
0,0,0,139,427,0,64,630,05_camera_pan_person,fixed_float32,92,32
0,0,0,139,427,0,64,630,05_camera_pan_person,fixed_float32,93,32
0,0,0,139,427,0,64,630,05_camera_pan_person,fixed_float32,94,32
0,0,0,139,427,0,64,630,05_camera_pan_person,fixed_float32,95,32
353,131133,131133,258,427,131680,352,395336,05_camera_pan_person,fixed_float32,96,32
0,0,0,139,427,0,64,630,05_camera_pan_person,fixed_float32,97,32
0,0,0,139,427,0,64,630,05_camera_pan_person,fixed_float32,98,32
0,0,0,139,427,0,64,630,05_camera_pan_person,fixed_float32,99,32
353,131133,131133,255,427,66144,352,329797,05_camera_pan_person,fixed_int16,0,16
0,0,0,136,427,0,64,627,05_camera_pan_person,fixed_int16,1,16
0,0,0,137,427,0,64,628,05_camera_pan_person,fixed_int16,10,16
0,0,0,137,427,0,64,628,05_camera_pan_person,fixed_int16,11,16
0,0,0,137,427,0,64,628,05_camera_pan_person,fixed_int16,12,16
0,0,0,137,427,0,64,628,05_camera_pan_person,fixed_int16,13,16
0,0,0,137,427,0,64,628,05_camera_pan_person,fixed_int16,14,16
0,0,0,137,427,0,64,628,05_camera_pan_person,fixed_int16,15,16
353,131133,131133,256,427,66144,352,329798,05_camera_pan_person,fixed_int16,16,16
0,0,0,137,427,0,64,628,05_camera_pan_person,fixed_int16,17,16
0,0,0,137,427,0,64,628,05_camera_pan_person,fixed_int16,18,16
0,0,0,137,427,0,64,628,05_camera_pan_person,fixed_int16,19,16
0,0,0,136,427,0,64,627,05_camera_pan_person,fixed_int16,2,16
0,0,0,137,427,0,64,628,05_camera_pan_person,fixed_int16,20,16
0,0,0,137,427,0,64,628,05_camera_pan_person,fixed_int16,21,16
0,0,0,137,427,0,64,628,05_camera_pan_person,fixed_int16,22,16
0,0,0,137,427,0,64,628,05_camera_pan_person,fixed_int16,23,16
0,0,0,137,427,0,64,628,05_camera_pan_person,fixed_int16,24,16
0,0,0,137,427,0,64,628,05_camera_pan_person,fixed_int16,25,16
0,0,0,137,427,0,64,628,05_camera_pan_person,fixed_int16,26,16
0,0,0,137,427,0,64,628,05_camera_pan_person,fixed_int16,27,16
0,0,0,137,427,0,64,628,05_camera_pan_person,fixed_int16,28,16
0,0,0,137,427,0,64,628,05_camera_pan_person,fixed_int16,29,16
0,0,0,136,427,0,64,627,05_camera_pan_person,fixed_int16,3,16
0,0,0,137,427,0,64,628,05_camera_pan_person,fixed_int16,30,16
0,0,0,137,427,0,64,628,05_camera_pan_person,fixed_int16,31,16
353,131133,131133,256,427,66144,352,329798,05_camera_pan_person,fixed_int16,32,16
0,0,0,137,427,0,64,628,05_camera_pan_person,fixed_int16,33,16
0,0,0,137,427,0,64,628,05_camera_pan_person,fixed_int16,34,16
0,0,0,137,427,0,64,628,05_camera_pan_person,fixed_int16,35,16
0,0,0,137,427,0,64,628,05_camera_pan_person,fixed_int16,36,16
0,0,0,137,427,0,64,628,05_camera_pan_person,fixed_int16,37,16
0,0,0,137,427,0,64,628,05_camera_pan_person,fixed_int16,38,16
0,0,0,137,427,0,64,628,05_camera_pan_person,fixed_int16,39,16
0,0,0,136,427,0,64,627,05_camera_pan_person,fixed_int16,4,16
0,0,0,137,427,0,64,628,05_camera_pan_person,fixed_int16,40,16
0,0,0,137,427,0,64,628,05_camera_pan_person,fixed_int16,41,16
0,0,0,137,427,0,64,628,05_camera_pan_person,fixed_int16,42,16
0,0,0,137,427,0,64,628,05_camera_pan_person,fixed_int16,43,16
0,0,0,137,427,0,64,628,05_camera_pan_person,fixed_int16,44,16
0,0,0,137,427,0,64,628,05_camera_pan_person,fixed_int16,45,16
0,0,0,137,427,0,64,628,05_camera_pan_person,fixed_int16,46,16
0,0,0,137,427,0,64,628,05_camera_pan_person,fixed_int16,47,16
353,131133,131133,256,427,66144,352,329798,05_camera_pan_person,fixed_int16,48,16
0,0,0,137,427,0,64,628,05_camera_pan_person,fixed_int16,49,16
0,0,0,136,427,0,64,627,05_camera_pan_person,fixed_int16,5,16
0,0,0,137,427,0,64,628,05_camera_pan_person,fixed_int16,50,16
0,0,0,137,427,0,64,628,05_camera_pan_person,fixed_int16,51,16
0,0,0,137,427,0,64,628,05_camera_pan_person,fixed_int16,52,16
0,0,0,137,427,0,64,628,05_camera_pan_person,fixed_int16,53,16
0,0,0,137,427,0,64,628,05_camera_pan_person,fixed_int16,54,16
0,0,0,137,427,0,64,628,05_camera_pan_person,fixed_int16,55,16
0,0,0,137,427,0,64,628,05_camera_pan_person,fixed_int16,56,16
0,0,0,137,427,0,64,628,05_camera_pan_person,fixed_int16,57,16
0,0,0,137,427,0,64,628,05_camera_pan_person,fixed_int16,58,16
0,0,0,137,427,0,64,628,05_camera_pan_person,fixed_int16,59,16
0,0,0,136,427,0,64,627,05_camera_pan_person,fixed_int16,6,16
0,0,0,137,427,0,64,628,05_camera_pan_person,fixed_int16,60,16
0,0,0,137,427,0,64,628,05_camera_pan_person,fixed_int16,61,16
0,0,0,137,427,0,64,628,05_camera_pan_person,fixed_int16,62,16
0,0,0,137,427,0,64,628,05_camera_pan_person,fixed_int16,63,16
353,131133,131133,256,427,66144,352,329798,05_camera_pan_person,fixed_int16,64,16
0,0,0,137,427,0,64,628,05_camera_pan_person,fixed_int16,65,16
0,0,0,137,427,0,64,628,05_camera_pan_person,fixed_int16,66,16
0,0,0,137,427,0,64,628,05_camera_pan_person,fixed_int16,67,16
0,0,0,137,427,0,64,628,05_camera_pan_person,fixed_int16,68,16
0,0,0,137,427,0,64,628,05_camera_pan_person,fixed_int16,69,16
0,0,0,136,427,0,64,627,05_camera_pan_person,fixed_int16,7,16
0,0,0,137,427,0,64,628,05_camera_pan_person,fixed_int16,70,16
0,0,0,137,427,0,64,628,05_camera_pan_person,fixed_int16,71,16
0,0,0,137,427,0,64,628,05_camera_pan_person,fixed_int16,72,16
0,0,0,137,427,0,64,628,05_camera_pan_person,fixed_int16,73,16
0,0,0,137,427,0,64,628,05_camera_pan_person,fixed_int16,74,16
0,0,0,137,427,0,64,628,05_camera_pan_person,fixed_int16,75,16
0,0,0,137,427,0,64,628,05_camera_pan_person,fixed_int16,76,16
0,0,0,137,427,0,64,628,05_camera_pan_person,fixed_int16,77,16
0,0,0,137,427,0,64,628,05_camera_pan_person,fixed_int16,78,16
0,0,0,137,427,0,64,628,05_camera_pan_person,fixed_int16,79,16
0,0,0,136,427,0,64,627,05_camera_pan_person,fixed_int16,8,16
353,131133,131133,256,427,66144,352,329798,05_camera_pan_person,fixed_int16,80,16
0,0,0,137,427,0,64,628,05_camera_pan_person,fixed_int16,81,16
0,0,0,137,427,0,64,628,05_camera_pan_person,fixed_int16,82,16
0,0,0,137,427,0,64,628,05_camera_pan_person,fixed_int16,83,16
0,0,0,137,427,0,64,628,05_camera_pan_person,fixed_int16,84,16
0,0,0,137,427,0,64,628,05_camera_pan_person,fixed_int16,85,16
0,0,0,137,427,0,64,628,05_camera_pan_person,fixed_int16,86,16
0,0,0,137,427,0,64,628,05_camera_pan_person,fixed_int16,87,16
0,0,0,137,427,0,64,628,05_camera_pan_person,fixed_int16,88,16
0,0,0,137,427,0,64,628,05_camera_pan_person,fixed_int16,89,16
0,0,0,136,427,0,64,627,05_camera_pan_person,fixed_int16,9,16
0,0,0,137,427,0,64,628,05_camera_pan_person,fixed_int16,90,16
0,0,0,137,427,0,64,628,05_camera_pan_person,fixed_int16,91,16
0,0,0,137,427,0,64,628,05_camera_pan_person,fixed_int16,92,16
0,0,0,137,427,0,64,628,05_camera_pan_person,fixed_int16,93,16
0,0,0,137,427,0,64,628,05_camera_pan_person,fixed_int16,94,16
0,0,0,137,427,0,64,628,05_camera_pan_person,fixed_int16,95,16
353,131133,131133,256,427,66144,352,329798,05_camera_pan_person,fixed_int16,96,16
0,0,0,137,427,0,64,628,05_camera_pan_person,fixed_int16,97,16
0,0,0,137,427,0,64,628,05_camera_pan_person,fixed_int16,98,16
0,0,0,137,427,0,64,628,05_camera_pan_person,fixed_int16,99,16
353,131133,131133,254,427,16992,352,280644,05_camera_pan_person,fixed_int4,0,4
0,0,0,135,427,0,64,626,05_camera_pan_person,fixed_int4,1,4
0,0,0,136,427,0,64,627,05_camera_pan_person,fixed_int4,10,4
0,0,0,136,427,0,64,627,05_camera_pan_person,fixed_int4,11,4
0,0,0,136,427,0,64,627,05_camera_pan_person,fixed_int4,12,4
0,0,0,136,427,0,64,627,05_camera_pan_person,fixed_int4,13,4
0,0,0,136,427,0,64,627,05_camera_pan_person,fixed_int4,14,4
0,0,0,136,427,0,64,627,05_camera_pan_person,fixed_int4,15,4
353,131133,131133,255,427,16992,352,280645,05_camera_pan_person,fixed_int4,16,4
0,0,0,136,427,0,64,627,05_camera_pan_person,fixed_int4,17,4
0,0,0,136,427,0,64,627,05_camera_pan_person,fixed_int4,18,4
0,0,0,136,427,0,64,627,05_camera_pan_person,fixed_int4,19,4
0,0,0,135,427,0,64,626,05_camera_pan_person,fixed_int4,2,4
0,0,0,136,427,0,64,627,05_camera_pan_person,fixed_int4,20,4
0,0,0,136,427,0,64,627,05_camera_pan_person,fixed_int4,21,4
0,0,0,136,427,0,64,627,05_camera_pan_person,fixed_int4,22,4
0,0,0,136,427,0,64,627,05_camera_pan_person,fixed_int4,23,4
0,0,0,136,427,0,64,627,05_camera_pan_person,fixed_int4,24,4
0,0,0,136,427,0,64,627,05_camera_pan_person,fixed_int4,25,4
0,0,0,136,427,0,64,627,05_camera_pan_person,fixed_int4,26,4
0,0,0,136,427,0,64,627,05_camera_pan_person,fixed_int4,27,4
0,0,0,136,427,0,64,627,05_camera_pan_person,fixed_int4,28,4
0,0,0,136,427,0,64,627,05_camera_pan_person,fixed_int4,29,4
0,0,0,135,427,0,64,626,05_camera_pan_person,fixed_int4,3,4
0,0,0,136,427,0,64,627,05_camera_pan_person,fixed_int4,30,4
0,0,0,136,427,0,64,627,05_camera_pan_person,fixed_int4,31,4
353,131133,131133,255,427,16992,352,280645,05_camera_pan_person,fixed_int4,32,4
0,0,0,136,427,0,64,627,05_camera_pan_person,fixed_int4,33,4
0,0,0,136,427,0,64,627,05_camera_pan_person,fixed_int4,34,4
0,0,0,136,427,0,64,627,05_camera_pan_person,fixed_int4,35,4
0,0,0,136,427,0,64,627,05_camera_pan_person,fixed_int4,36,4
0,0,0,136,427,0,64,627,05_camera_pan_person,fixed_int4,37,4
0,0,0,136,427,0,64,627,05_camera_pan_person,fixed_int4,38,4
0,0,0,136,427,0,64,627,05_camera_pan_person,fixed_int4,39,4
0,0,0,135,427,0,64,626,05_camera_pan_person,fixed_int4,4,4
0,0,0,136,427,0,64,627,05_camera_pan_person,fixed_int4,40,4
0,0,0,136,427,0,64,627,05_camera_pan_person,fixed_int4,41,4
0,0,0,136,427,0,64,627,05_camera_pan_person,fixed_int4,42,4
0,0,0,136,427,0,64,627,05_camera_pan_person,fixed_int4,43,4
0,0,0,136,427,0,64,627,05_camera_pan_person,fixed_int4,44,4
0,0,0,136,427,0,64,627,05_camera_pan_person,fixed_int4,45,4
0,0,0,136,427,0,64,627,05_camera_pan_person,fixed_int4,46,4
0,0,0,136,427,0,64,627,05_camera_pan_person,fixed_int4,47,4
353,131133,131133,255,427,16992,352,280645,05_camera_pan_person,fixed_int4,48,4
0,0,0,136,427,0,64,627,05_camera_pan_person,fixed_int4,49,4
0,0,0,135,427,0,64,626,05_camera_pan_person,fixed_int4,5,4
0,0,0,136,427,0,64,627,05_camera_pan_person,fixed_int4,50,4
0,0,0,136,427,0,64,627,05_camera_pan_person,fixed_int4,51,4
0,0,0,136,427,0,64,627,05_camera_pan_person,fixed_int4,52,4
0,0,0,136,427,0,64,627,05_camera_pan_person,fixed_int4,53,4
0,0,0,136,427,0,64,627,05_camera_pan_person,fixed_int4,54,4
0,0,0,136,427,0,64,627,05_camera_pan_person,fixed_int4,55,4
0,0,0,136,427,0,64,627,05_camera_pan_person,fixed_int4,56,4
0,0,0,136,427,0,64,627,05_camera_pan_person,fixed_int4,57,4
0,0,0,136,427,0,64,627,05_camera_pan_person,fixed_int4,58,4
0,0,0,136,427,0,64,627,05_camera_pan_person,fixed_int4,59,4
0,0,0,135,427,0,64,626,05_camera_pan_person,fixed_int4,6,4
0,0,0,136,427,0,64,627,05_camera_pan_person,fixed_int4,60,4
0,0,0,136,427,0,64,627,05_camera_pan_person,fixed_int4,61,4
0,0,0,136,427,0,64,627,05_camera_pan_person,fixed_int4,62,4
0,0,0,136,427,0,64,627,05_camera_pan_person,fixed_int4,63,4
353,131133,131133,255,427,16992,352,280645,05_camera_pan_person,fixed_int4,64,4
0,0,0,136,427,0,64,627,05_camera_pan_person,fixed_int4,65,4
0,0,0,136,427,0,64,627,05_camera_pan_person,fixed_int4,66,4
0,0,0,136,427,0,64,627,05_camera_pan_person,fixed_int4,67,4
0,0,0,136,427,0,64,627,05_camera_pan_person,fixed_int4,68,4
0,0,0,136,427,0,64,627,05_camera_pan_person,fixed_int4,69,4
0,0,0,135,427,0,64,626,05_camera_pan_person,fixed_int4,7,4
0,0,0,136,427,0,64,627,05_camera_pan_person,fixed_int4,70,4
0,0,0,136,427,0,64,627,05_camera_pan_person,fixed_int4,71,4
0,0,0,136,427,0,64,627,05_camera_pan_person,fixed_int4,72,4
0,0,0,136,427,0,64,627,05_camera_pan_person,fixed_int4,73,4
0,0,0,136,427,0,64,627,05_camera_pan_person,fixed_int4,74,4
0,0,0,136,427,0,64,627,05_camera_pan_person,fixed_int4,75,4
0,0,0,136,427,0,64,627,05_camera_pan_person,fixed_int4,76,4
0,0,0,136,427,0,64,627,05_camera_pan_person,fixed_int4,77,4
0,0,0,136,427,0,64,627,05_camera_pan_person,fixed_int4,78,4
0,0,0,136,427,0,64,627,05_camera_pan_person,fixed_int4,79,4
0,0,0,135,427,0,64,626,05_camera_pan_person,fixed_int4,8,4
353,131133,131133,255,427,16992,352,280645,05_camera_pan_person,fixed_int4,80,4
0,0,0,136,427,0,64,627,05_camera_pan_person,fixed_int4,81,4
0,0,0,136,427,0,64,627,05_camera_pan_person,fixed_int4,82,4
0,0,0,136,427,0,64,627,05_camera_pan_person,fixed_int4,83,4
0,0,0,136,427,0,64,627,05_camera_pan_person,fixed_int4,84,4
0,0,0,136,427,0,64,627,05_camera_pan_person,fixed_int4,85,4
0,0,0,136,427,0,64,627,05_camera_pan_person,fixed_int4,86,4
0,0,0,136,427,0,64,627,05_camera_pan_person,fixed_int4,87,4
0,0,0,136,427,0,64,627,05_camera_pan_person,fixed_int4,88,4
0,0,0,136,427,0,64,627,05_camera_pan_person,fixed_int4,89,4
0,0,0,135,427,0,64,626,05_camera_pan_person,fixed_int4,9,4
0,0,0,136,427,0,64,627,05_camera_pan_person,fixed_int4,90,4
0,0,0,136,427,0,64,627,05_camera_pan_person,fixed_int4,91,4
0,0,0,136,427,0,64,627,05_camera_pan_person,fixed_int4,92,4
0,0,0,136,427,0,64,627,05_camera_pan_person,fixed_int4,93,4
0,0,0,136,427,0,64,627,05_camera_pan_person,fixed_int4,94,4
0,0,0,136,427,0,64,627,05_camera_pan_person,fixed_int4,95,4
353,131133,131133,255,427,16992,352,280645,05_camera_pan_person,fixed_int4,96,4
0,0,0,136,427,0,64,627,05_camera_pan_person,fixed_int4,97,4
0,0,0,136,427,0,64,627,05_camera_pan_person,fixed_int4,98,4
0,0,0,136,427,0,64,627,05_camera_pan_person,fixed_int4,99,4
353,131133,131133,254,427,25184,352,288836,05_camera_pan_person,fixed_int6,0,6
0,0,0,135,427,0,64,626,05_camera_pan_person,fixed_int6,1,6
0,0,0,136,427,0,64,627,05_camera_pan_person,fixed_int6,10,6
0,0,0,136,427,0,64,627,05_camera_pan_person,fixed_int6,11,6
0,0,0,136,427,0,64,627,05_camera_pan_person,fixed_int6,12,6
0,0,0,136,427,0,64,627,05_camera_pan_person,fixed_int6,13,6
0,0,0,136,427,0,64,627,05_camera_pan_person,fixed_int6,14,6
0,0,0,136,427,0,64,627,05_camera_pan_person,fixed_int6,15,6
353,131133,131133,255,427,25184,352,288837,05_camera_pan_person,fixed_int6,16,6
0,0,0,136,427,0,64,627,05_camera_pan_person,fixed_int6,17,6
0,0,0,136,427,0,64,627,05_camera_pan_person,fixed_int6,18,6
0,0,0,136,427,0,64,627,05_camera_pan_person,fixed_int6,19,6
0,0,0,135,427,0,64,626,05_camera_pan_person,fixed_int6,2,6
0,0,0,136,427,0,64,627,05_camera_pan_person,fixed_int6,20,6
0,0,0,136,427,0,64,627,05_camera_pan_person,fixed_int6,21,6
0,0,0,136,427,0,64,627,05_camera_pan_person,fixed_int6,22,6
0,0,0,136,427,0,64,627,05_camera_pan_person,fixed_int6,23,6
0,0,0,136,427,0,64,627,05_camera_pan_person,fixed_int6,24,6
0,0,0,136,427,0,64,627,05_camera_pan_person,fixed_int6,25,6
0,0,0,136,427,0,64,627,05_camera_pan_person,fixed_int6,26,6
0,0,0,136,427,0,64,627,05_camera_pan_person,fixed_int6,27,6
0,0,0,136,427,0,64,627,05_camera_pan_person,fixed_int6,28,6
0,0,0,136,427,0,64,627,05_camera_pan_person,fixed_int6,29,6
0,0,0,135,427,0,64,626,05_camera_pan_person,fixed_int6,3,6
0,0,0,136,427,0,64,627,05_camera_pan_person,fixed_int6,30,6
0,0,0,136,427,0,64,627,05_camera_pan_person,fixed_int6,31,6
353,131133,131133,255,427,25184,352,288837,05_camera_pan_person,fixed_int6,32,6
0,0,0,136,427,0,64,627,05_camera_pan_person,fixed_int6,33,6
0,0,0,136,427,0,64,627,05_camera_pan_person,fixed_int6,34,6
0,0,0,136,427,0,64,627,05_camera_pan_person,fixed_int6,35,6
0,0,0,136,427,0,64,627,05_camera_pan_person,fixed_int6,36,6
0,0,0,136,427,0,64,627,05_camera_pan_person,fixed_int6,37,6
0,0,0,136,427,0,64,627,05_camera_pan_person,fixed_int6,38,6
0,0,0,136,427,0,64,627,05_camera_pan_person,fixed_int6,39,6
0,0,0,135,427,0,64,626,05_camera_pan_person,fixed_int6,4,6
0,0,0,136,427,0,64,627,05_camera_pan_person,fixed_int6,40,6
0,0,0,136,427,0,64,627,05_camera_pan_person,fixed_int6,41,6
0,0,0,136,427,0,64,627,05_camera_pan_person,fixed_int6,42,6
0,0,0,136,427,0,64,627,05_camera_pan_person,fixed_int6,43,6
0,0,0,136,427,0,64,627,05_camera_pan_person,fixed_int6,44,6
0,0,0,136,427,0,64,627,05_camera_pan_person,fixed_int6,45,6
0,0,0,136,427,0,64,627,05_camera_pan_person,fixed_int6,46,6
0,0,0,136,427,0,64,627,05_camera_pan_person,fixed_int6,47,6
353,131133,131133,255,427,25184,352,288837,05_camera_pan_person,fixed_int6,48,6
0,0,0,136,427,0,64,627,05_camera_pan_person,fixed_int6,49,6
0,0,0,135,427,0,64,626,05_camera_pan_person,fixed_int6,5,6
0,0,0,136,427,0,64,627,05_camera_pan_person,fixed_int6,50,6
0,0,0,136,427,0,64,627,05_camera_pan_person,fixed_int6,51,6
0,0,0,136,427,0,64,627,05_camera_pan_person,fixed_int6,52,6
0,0,0,136,427,0,64,627,05_camera_pan_person,fixed_int6,53,6
0,0,0,136,427,0,64,627,05_camera_pan_person,fixed_int6,54,6
0,0,0,136,427,0,64,627,05_camera_pan_person,fixed_int6,55,6
0,0,0,136,427,0,64,627,05_camera_pan_person,fixed_int6,56,6
0,0,0,136,427,0,64,627,05_camera_pan_person,fixed_int6,57,6
0,0,0,136,427,0,64,627,05_camera_pan_person,fixed_int6,58,6
0,0,0,136,427,0,64,627,05_camera_pan_person,fixed_int6,59,6
0,0,0,135,427,0,64,626,05_camera_pan_person,fixed_int6,6,6
0,0,0,136,427,0,64,627,05_camera_pan_person,fixed_int6,60,6
0,0,0,136,427,0,64,627,05_camera_pan_person,fixed_int6,61,6
0,0,0,136,427,0,64,627,05_camera_pan_person,fixed_int6,62,6
0,0,0,136,427,0,64,627,05_camera_pan_person,fixed_int6,63,6
353,131133,131133,255,427,25184,352,288837,05_camera_pan_person,fixed_int6,64,6
0,0,0,136,427,0,64,627,05_camera_pan_person,fixed_int6,65,6
0,0,0,136,427,0,64,627,05_camera_pan_person,fixed_int6,66,6
0,0,0,136,427,0,64,627,05_camera_pan_person,fixed_int6,67,6
0,0,0,136,427,0,64,627,05_camera_pan_person,fixed_int6,68,6
0,0,0,136,427,0,64,627,05_camera_pan_person,fixed_int6,69,6
0,0,0,135,427,0,64,626,05_camera_pan_person,fixed_int6,7,6
0,0,0,136,427,0,64,627,05_camera_pan_person,fixed_int6,70,6
0,0,0,136,427,0,64,627,05_camera_pan_person,fixed_int6,71,6
0,0,0,136,427,0,64,627,05_camera_pan_person,fixed_int6,72,6
0,0,0,136,427,0,64,627,05_camera_pan_person,fixed_int6,73,6
0,0,0,136,427,0,64,627,05_camera_pan_person,fixed_int6,74,6
0,0,0,136,427,0,64,627,05_camera_pan_person,fixed_int6,75,6
0,0,0,136,427,0,64,627,05_camera_pan_person,fixed_int6,76,6
0,0,0,136,427,0,64,627,05_camera_pan_person,fixed_int6,77,6
0,0,0,136,427,0,64,627,05_camera_pan_person,fixed_int6,78,6
0,0,0,136,427,0,64,627,05_camera_pan_person,fixed_int6,79,6
0,0,0,135,427,0,64,626,05_camera_pan_person,fixed_int6,8,6
353,131133,131133,255,427,25184,352,288837,05_camera_pan_person,fixed_int6,80,6
0,0,0,136,427,0,64,627,05_camera_pan_person,fixed_int6,81,6
0,0,0,136,427,0,64,627,05_camera_pan_person,fixed_int6,82,6
0,0,0,136,427,0,64,627,05_camera_pan_person,fixed_int6,83,6
0,0,0,136,427,0,64,627,05_camera_pan_person,fixed_int6,84,6
0,0,0,136,427,0,64,627,05_camera_pan_person,fixed_int6,85,6
0,0,0,136,427,0,64,627,05_camera_pan_person,fixed_int6,86,6
0,0,0,136,427,0,64,627,05_camera_pan_person,fixed_int6,87,6
0,0,0,136,427,0,64,627,05_camera_pan_person,fixed_int6,88,6
0,0,0,136,427,0,64,627,05_camera_pan_person,fixed_int6,89,6
0,0,0,135,427,0,64,626,05_camera_pan_person,fixed_int6,9,6
0,0,0,136,427,0,64,627,05_camera_pan_person,fixed_int6,90,6
0,0,0,136,427,0,64,627,05_camera_pan_person,fixed_int6,91,6
0,0,0,136,427,0,64,627,05_camera_pan_person,fixed_int6,92,6
0,0,0,136,427,0,64,627,05_camera_pan_person,fixed_int6,93,6
0,0,0,136,427,0,64,627,05_camera_pan_person,fixed_int6,94,6
0,0,0,136,427,0,64,627,05_camera_pan_person,fixed_int6,95,6
353,131133,131133,255,427,25184,352,288837,05_camera_pan_person,fixed_int6,96,6
0,0,0,136,427,0,64,627,05_camera_pan_person,fixed_int6,97,6
0,0,0,136,427,0,64,627,05_camera_pan_person,fixed_int6,98,6
0,0,0,136,427,0,64,627,05_camera_pan_person,fixed_int6,99,6
353,131133,131133,254,427,33376,352,297028,05_camera_pan_person,fixed_int8,0,8
0,0,0,135,427,0,64,626,05_camera_pan_person,fixed_int8,1,8
0,0,0,136,427,0,64,627,05_camera_pan_person,fixed_int8,10,8
0,0,0,136,427,0,64,627,05_camera_pan_person,fixed_int8,11,8
0,0,0,136,427,0,64,627,05_camera_pan_person,fixed_int8,12,8
0,0,0,136,427,0,64,627,05_camera_pan_person,fixed_int8,13,8
0,0,0,136,427,0,64,627,05_camera_pan_person,fixed_int8,14,8
0,0,0,136,427,0,64,627,05_camera_pan_person,fixed_int8,15,8
353,131133,131133,255,427,33376,352,297029,05_camera_pan_person,fixed_int8,16,8
0,0,0,136,427,0,64,627,05_camera_pan_person,fixed_int8,17,8
0,0,0,136,427,0,64,627,05_camera_pan_person,fixed_int8,18,8
0,0,0,136,427,0,64,627,05_camera_pan_person,fixed_int8,19,8
0,0,0,135,427,0,64,626,05_camera_pan_person,fixed_int8,2,8
0,0,0,136,427,0,64,627,05_camera_pan_person,fixed_int8,20,8
0,0,0,136,427,0,64,627,05_camera_pan_person,fixed_int8,21,8
0,0,0,136,427,0,64,627,05_camera_pan_person,fixed_int8,22,8
0,0,0,136,427,0,64,627,05_camera_pan_person,fixed_int8,23,8
0,0,0,136,427,0,64,627,05_camera_pan_person,fixed_int8,24,8
0,0,0,136,427,0,64,627,05_camera_pan_person,fixed_int8,25,8
0,0,0,136,427,0,64,627,05_camera_pan_person,fixed_int8,26,8
0,0,0,136,427,0,64,627,05_camera_pan_person,fixed_int8,27,8
0,0,0,136,427,0,64,627,05_camera_pan_person,fixed_int8,28,8
0,0,0,136,427,0,64,627,05_camera_pan_person,fixed_int8,29,8
0,0,0,135,427,0,64,626,05_camera_pan_person,fixed_int8,3,8
0,0,0,136,427,0,64,627,05_camera_pan_person,fixed_int8,30,8
0,0,0,136,427,0,64,627,05_camera_pan_person,fixed_int8,31,8
353,131133,131133,255,427,33376,352,297029,05_camera_pan_person,fixed_int8,32,8
0,0,0,136,427,0,64,627,05_camera_pan_person,fixed_int8,33,8
0,0,0,136,427,0,64,627,05_camera_pan_person,fixed_int8,34,8
0,0,0,136,427,0,64,627,05_camera_pan_person,fixed_int8,35,8
0,0,0,136,427,0,64,627,05_camera_pan_person,fixed_int8,36,8
0,0,0,136,427,0,64,627,05_camera_pan_person,fixed_int8,37,8
0,0,0,136,427,0,64,627,05_camera_pan_person,fixed_int8,38,8
0,0,0,136,427,0,64,627,05_camera_pan_person,fixed_int8,39,8
0,0,0,135,427,0,64,626,05_camera_pan_person,fixed_int8,4,8
0,0,0,136,427,0,64,627,05_camera_pan_person,fixed_int8,40,8
0,0,0,136,427,0,64,627,05_camera_pan_person,fixed_int8,41,8
0,0,0,136,427,0,64,627,05_camera_pan_person,fixed_int8,42,8
0,0,0,136,427,0,64,627,05_camera_pan_person,fixed_int8,43,8
0,0,0,136,427,0,64,627,05_camera_pan_person,fixed_int8,44,8
0,0,0,136,427,0,64,627,05_camera_pan_person,fixed_int8,45,8
0,0,0,136,427,0,64,627,05_camera_pan_person,fixed_int8,46,8
0,0,0,136,427,0,64,627,05_camera_pan_person,fixed_int8,47,8
353,131133,131133,255,427,33376,352,297029,05_camera_pan_person,fixed_int8,48,8
0,0,0,136,427,0,64,627,05_camera_pan_person,fixed_int8,49,8
0,0,0,135,427,0,64,626,05_camera_pan_person,fixed_int8,5,8
0,0,0,136,427,0,64,627,05_camera_pan_person,fixed_int8,50,8
0,0,0,136,427,0,64,627,05_camera_pan_person,fixed_int8,51,8
0,0,0,136,427,0,64,627,05_camera_pan_person,fixed_int8,52,8
0,0,0,136,427,0,64,627,05_camera_pan_person,fixed_int8,53,8
0,0,0,136,427,0,64,627,05_camera_pan_person,fixed_int8,54,8
0,0,0,136,427,0,64,627,05_camera_pan_person,fixed_int8,55,8
0,0,0,136,427,0,64,627,05_camera_pan_person,fixed_int8,56,8
0,0,0,136,427,0,64,627,05_camera_pan_person,fixed_int8,57,8
0,0,0,136,427,0,64,627,05_camera_pan_person,fixed_int8,58,8
0,0,0,136,427,0,64,627,05_camera_pan_person,fixed_int8,59,8
0,0,0,135,427,0,64,626,05_camera_pan_person,fixed_int8,6,8
0,0,0,136,427,0,64,627,05_camera_pan_person,fixed_int8,60,8
0,0,0,136,427,0,64,627,05_camera_pan_person,fixed_int8,61,8
0,0,0,136,427,0,64,627,05_camera_pan_person,fixed_int8,62,8
0,0,0,136,427,0,64,627,05_camera_pan_person,fixed_int8,63,8
353,131133,131133,255,427,33376,352,297029,05_camera_pan_person,fixed_int8,64,8
0,0,0,136,427,0,64,627,05_camera_pan_person,fixed_int8,65,8
0,0,0,136,427,0,64,627,05_camera_pan_person,fixed_int8,66,8
0,0,0,136,427,0,64,627,05_camera_pan_person,fixed_int8,67,8
0,0,0,136,427,0,64,627,05_camera_pan_person,fixed_int8,68,8
0,0,0,136,427,0,64,627,05_camera_pan_person,fixed_int8,69,8
0,0,0,135,427,0,64,626,05_camera_pan_person,fixed_int8,7,8
0,0,0,136,427,0,64,627,05_camera_pan_person,fixed_int8,70,8
0,0,0,136,427,0,64,627,05_camera_pan_person,fixed_int8,71,8
0,0,0,136,427,0,64,627,05_camera_pan_person,fixed_int8,72,8
0,0,0,136,427,0,64,627,05_camera_pan_person,fixed_int8,73,8
0,0,0,136,427,0,64,627,05_camera_pan_person,fixed_int8,74,8
0,0,0,136,427,0,64,627,05_camera_pan_person,fixed_int8,75,8
0,0,0,136,427,0,64,627,05_camera_pan_person,fixed_int8,76,8
0,0,0,136,427,0,64,627,05_camera_pan_person,fixed_int8,77,8
0,0,0,136,427,0,64,627,05_camera_pan_person,fixed_int8,78,8
0,0,0,136,427,0,64,627,05_camera_pan_person,fixed_int8,79,8
0,0,0,135,427,0,64,626,05_camera_pan_person,fixed_int8,8,8
353,131133,131133,255,427,33376,352,297029,05_camera_pan_person,fixed_int8,80,8
0,0,0,136,427,0,64,627,05_camera_pan_person,fixed_int8,81,8
0,0,0,136,427,0,64,627,05_camera_pan_person,fixed_int8,82,8
0,0,0,136,427,0,64,627,05_camera_pan_person,fixed_int8,83,8
0,0,0,136,427,0,64,627,05_camera_pan_person,fixed_int8,84,8
0,0,0,136,427,0,64,627,05_camera_pan_person,fixed_int8,85,8
0,0,0,136,427,0,64,627,05_camera_pan_person,fixed_int8,86,8
0,0,0,136,427,0,64,627,05_camera_pan_person,fixed_int8,87,8
0,0,0,136,427,0,64,627,05_camera_pan_person,fixed_int8,88,8
0,0,0,136,427,0,64,627,05_camera_pan_person,fixed_int8,89,8
0,0,0,135,427,0,64,626,05_camera_pan_person,fixed_int8,9,8
0,0,0,136,427,0,64,627,05_camera_pan_person,fixed_int8,90,8
0,0,0,136,427,0,64,627,05_camera_pan_person,fixed_int8,91,8
0,0,0,136,427,0,64,627,05_camera_pan_person,fixed_int8,92,8
0,0,0,136,427,0,64,627,05_camera_pan_person,fixed_int8,93,8
0,0,0,136,427,0,64,627,05_camera_pan_person,fixed_int8,94,8
0,0,0,136,427,0,64,627,05_camera_pan_person,fixed_int8,95,8
353,131133,131133,255,427,33376,352,297029,05_camera_pan_person,fixed_int8,96,8
0,0,0,136,427,0,64,627,05_camera_pan_person,fixed_int8,97,8
0,0,0,136,427,0,64,627,05_camera_pan_person,fixed_int8,98,8
0,0,0,136,427,0,64,627,05_camera_pan_person,fixed_int8,99,8
409,131133,131133,250,555,0,146,263626,06_handheld_sign,fixed_awgn,0,
0,0,0,131,555,0,64,750,06_handheld_sign,fixed_awgn,1,
0,0,0,132,555,0,64,751,06_handheld_sign,fixed_awgn,10,
0,0,0,132,555,0,64,751,06_handheld_sign,fixed_awgn,11,
0,0,0,132,555,0,64,751,06_handheld_sign,fixed_awgn,12,
0,0,0,132,555,0,64,751,06_handheld_sign,fixed_awgn,13,
0,0,0,132,555,0,64,751,06_handheld_sign,fixed_awgn,14,
0,0,0,132,555,0,64,751,06_handheld_sign,fixed_awgn,15,
409,131133,131133,251,555,0,146,263627,06_handheld_sign,fixed_awgn,16,
0,0,0,132,555,0,64,751,06_handheld_sign,fixed_awgn,17,
0,0,0,132,555,0,64,751,06_handheld_sign,fixed_awgn,18,
0,0,0,132,555,0,64,751,06_handheld_sign,fixed_awgn,19,
0,0,0,131,555,0,64,750,06_handheld_sign,fixed_awgn,2,
0,0,0,132,555,0,64,751,06_handheld_sign,fixed_awgn,20,
0,0,0,132,555,0,64,751,06_handheld_sign,fixed_awgn,21,
0,0,0,132,555,0,64,751,06_handheld_sign,fixed_awgn,22,
0,0,0,132,555,0,64,751,06_handheld_sign,fixed_awgn,23,
0,0,0,132,555,0,64,751,06_handheld_sign,fixed_awgn,24,
0,0,0,132,555,0,64,751,06_handheld_sign,fixed_awgn,25,
0,0,0,132,555,0,64,751,06_handheld_sign,fixed_awgn,26,
0,0,0,132,555,0,64,751,06_handheld_sign,fixed_awgn,27,
0,0,0,132,555,0,64,751,06_handheld_sign,fixed_awgn,28,
0,0,0,132,555,0,64,751,06_handheld_sign,fixed_awgn,29,
0,0,0,131,555,0,64,750,06_handheld_sign,fixed_awgn,3,
0,0,0,132,555,0,64,751,06_handheld_sign,fixed_awgn,30,
0,0,0,132,555,0,64,751,06_handheld_sign,fixed_awgn,31,
409,131133,131133,251,555,0,146,263627,06_handheld_sign,fixed_awgn,32,
0,0,0,132,555,0,64,751,06_handheld_sign,fixed_awgn,33,
0,0,0,132,555,0,64,751,06_handheld_sign,fixed_awgn,34,
0,0,0,132,555,0,64,751,06_handheld_sign,fixed_awgn,35,
0,0,0,132,555,0,64,751,06_handheld_sign,fixed_awgn,36,
0,0,0,132,555,0,64,751,06_handheld_sign,fixed_awgn,37,
0,0,0,132,555,0,64,751,06_handheld_sign,fixed_awgn,38,
0,0,0,132,555,0,64,751,06_handheld_sign,fixed_awgn,39,
0,0,0,131,555,0,64,750,06_handheld_sign,fixed_awgn,4,
0,0,0,132,555,0,64,751,06_handheld_sign,fixed_awgn,40,
0,0,0,132,555,0,64,751,06_handheld_sign,fixed_awgn,41,
0,0,0,132,555,0,64,751,06_handheld_sign,fixed_awgn,42,
0,0,0,132,555,0,64,751,06_handheld_sign,fixed_awgn,43,
0,0,0,132,555,0,64,751,06_handheld_sign,fixed_awgn,44,
0,0,0,132,555,0,64,751,06_handheld_sign,fixed_awgn,45,
0,0,0,132,555,0,64,751,06_handheld_sign,fixed_awgn,46,
0,0,0,132,555,0,64,751,06_handheld_sign,fixed_awgn,47,
409,131133,131133,251,555,0,146,263627,06_handheld_sign,fixed_awgn,48,
0,0,0,132,555,0,64,751,06_handheld_sign,fixed_awgn,49,
0,0,0,131,555,0,64,750,06_handheld_sign,fixed_awgn,5,
0,0,0,132,555,0,64,751,06_handheld_sign,fixed_awgn,50,
0,0,0,132,555,0,64,751,06_handheld_sign,fixed_awgn,51,
0,0,0,132,555,0,64,751,06_handheld_sign,fixed_awgn,52,
0,0,0,132,555,0,64,751,06_handheld_sign,fixed_awgn,53,
0,0,0,132,555,0,64,751,06_handheld_sign,fixed_awgn,54,
0,0,0,132,555,0,64,751,06_handheld_sign,fixed_awgn,55,
0,0,0,132,555,0,64,751,06_handheld_sign,fixed_awgn,56,
0,0,0,132,555,0,64,751,06_handheld_sign,fixed_awgn,57,
0,0,0,132,555,0,64,751,06_handheld_sign,fixed_awgn,58,
0,0,0,132,555,0,64,751,06_handheld_sign,fixed_awgn,59,
0,0,0,131,555,0,64,750,06_handheld_sign,fixed_awgn,6,
0,0,0,132,555,0,64,751,06_handheld_sign,fixed_awgn,60,
0,0,0,132,555,0,64,751,06_handheld_sign,fixed_awgn,61,
0,0,0,132,555,0,64,751,06_handheld_sign,fixed_awgn,62,
0,0,0,132,555,0,64,751,06_handheld_sign,fixed_awgn,63,
409,131133,131133,251,555,0,146,263627,06_handheld_sign,fixed_awgn,64,
0,0,0,132,555,0,64,751,06_handheld_sign,fixed_awgn,65,
0,0,0,132,555,0,64,751,06_handheld_sign,fixed_awgn,66,
0,0,0,132,555,0,64,751,06_handheld_sign,fixed_awgn,67,
0,0,0,132,555,0,64,751,06_handheld_sign,fixed_awgn,68,
0,0,0,132,555,0,64,751,06_handheld_sign,fixed_awgn,69,
0,0,0,131,555,0,64,750,06_handheld_sign,fixed_awgn,7,
0,0,0,132,555,0,64,751,06_handheld_sign,fixed_awgn,70,
0,0,0,132,555,0,64,751,06_handheld_sign,fixed_awgn,71,
0,0,0,132,555,0,64,751,06_handheld_sign,fixed_awgn,72,
0,0,0,132,555,0,64,751,06_handheld_sign,fixed_awgn,73,
0,0,0,132,555,0,64,751,06_handheld_sign,fixed_awgn,74,
0,0,0,132,555,0,64,751,06_handheld_sign,fixed_awgn,75,
0,0,0,132,555,0,64,751,06_handheld_sign,fixed_awgn,76,
0,0,0,132,555,0,64,751,06_handheld_sign,fixed_awgn,77,
0,0,0,132,555,0,64,751,06_handheld_sign,fixed_awgn,78,
0,0,0,132,555,0,64,751,06_handheld_sign,fixed_awgn,79,
0,0,0,131,555,0,64,750,06_handheld_sign,fixed_awgn,8,
409,131133,131133,251,555,0,146,263627,06_handheld_sign,fixed_awgn,80,
0,0,0,132,555,0,64,751,06_handheld_sign,fixed_awgn,81,
0,0,0,132,555,0,64,751,06_handheld_sign,fixed_awgn,82,
0,0,0,132,555,0,64,751,06_handheld_sign,fixed_awgn,83,
0,0,0,132,555,0,64,751,06_handheld_sign,fixed_awgn,84,
0,0,0,132,555,0,64,751,06_handheld_sign,fixed_awgn,85,
0,0,0,132,555,0,64,751,06_handheld_sign,fixed_awgn,86,
0,0,0,132,555,0,64,751,06_handheld_sign,fixed_awgn,87,
0,0,0,132,555,0,64,751,06_handheld_sign,fixed_awgn,88,
0,0,0,132,555,0,64,751,06_handheld_sign,fixed_awgn,89,
0,0,0,131,555,0,64,750,06_handheld_sign,fixed_awgn,9,
0,0,0,132,555,0,64,751,06_handheld_sign,fixed_awgn,90,
0,0,0,132,555,0,64,751,06_handheld_sign,fixed_awgn,91,
0,0,0,132,555,0,64,751,06_handheld_sign,fixed_awgn,92,
0,0,0,132,555,0,64,751,06_handheld_sign,fixed_awgn,93,
0,0,0,132,555,0,64,751,06_handheld_sign,fixed_awgn,94,
0,0,0,132,555,0,64,751,06_handheld_sign,fixed_awgn,95,
409,131133,131133,251,555,0,146,263627,06_handheld_sign,fixed_awgn,96,
0,0,0,132,555,0,64,751,06_handheld_sign,fixed_awgn,97,
0,0,0,132,555,0,64,751,06_handheld_sign,fixed_awgn,98,
0,0,0,132,555,0,64,751,06_handheld_sign,fixed_awgn,99,
409,131133,131133,253,555,131680,352,395515,06_handheld_sign,fixed_float32,0,32
0,0,0,134,555,0,64,753,06_handheld_sign,fixed_float32,1,32
0,0,0,135,555,0,64,754,06_handheld_sign,fixed_float32,10,32
0,0,0,135,555,0,64,754,06_handheld_sign,fixed_float32,11,32
0,0,0,135,555,0,64,754,06_handheld_sign,fixed_float32,12,32
0,0,0,135,555,0,64,754,06_handheld_sign,fixed_float32,13,32
0,0,0,135,555,0,64,754,06_handheld_sign,fixed_float32,14,32
0,0,0,135,555,0,64,754,06_handheld_sign,fixed_float32,15,32
409,131133,131133,254,555,131680,352,395516,06_handheld_sign,fixed_float32,16,32
0,0,0,135,555,0,64,754,06_handheld_sign,fixed_float32,17,32
0,0,0,135,555,0,64,754,06_handheld_sign,fixed_float32,18,32
0,0,0,135,555,0,64,754,06_handheld_sign,fixed_float32,19,32
0,0,0,134,555,0,64,753,06_handheld_sign,fixed_float32,2,32
0,0,0,135,555,0,64,754,06_handheld_sign,fixed_float32,20,32
0,0,0,135,555,0,64,754,06_handheld_sign,fixed_float32,21,32
0,0,0,135,555,0,64,754,06_handheld_sign,fixed_float32,22,32
0,0,0,135,555,0,64,754,06_handheld_sign,fixed_float32,23,32
0,0,0,135,555,0,64,754,06_handheld_sign,fixed_float32,24,32
0,0,0,135,555,0,64,754,06_handheld_sign,fixed_float32,25,32
0,0,0,135,555,0,64,754,06_handheld_sign,fixed_float32,26,32
0,0,0,135,555,0,64,754,06_handheld_sign,fixed_float32,27,32
0,0,0,135,555,0,64,754,06_handheld_sign,fixed_float32,28,32
0,0,0,135,555,0,64,754,06_handheld_sign,fixed_float32,29,32
0,0,0,134,555,0,64,753,06_handheld_sign,fixed_float32,3,32
0,0,0,135,555,0,64,754,06_handheld_sign,fixed_float32,30,32
0,0,0,135,555,0,64,754,06_handheld_sign,fixed_float32,31,32
409,131133,131133,254,555,131680,352,395516,06_handheld_sign,fixed_float32,32,32
0,0,0,135,555,0,64,754,06_handheld_sign,fixed_float32,33,32
0,0,0,135,555,0,64,754,06_handheld_sign,fixed_float32,34,32
0,0,0,135,555,0,64,754,06_handheld_sign,fixed_float32,35,32
0,0,0,135,555,0,64,754,06_handheld_sign,fixed_float32,36,32
0,0,0,135,555,0,64,754,06_handheld_sign,fixed_float32,37,32
0,0,0,135,555,0,64,754,06_handheld_sign,fixed_float32,38,32
0,0,0,135,555,0,64,754,06_handheld_sign,fixed_float32,39,32
0,0,0,134,555,0,64,753,06_handheld_sign,fixed_float32,4,32
0,0,0,135,555,0,64,754,06_handheld_sign,fixed_float32,40,32
0,0,0,135,555,0,64,754,06_handheld_sign,fixed_float32,41,32
0,0,0,135,555,0,64,754,06_handheld_sign,fixed_float32,42,32
0,0,0,135,555,0,64,754,06_handheld_sign,fixed_float32,43,32
0,0,0,135,555,0,64,754,06_handheld_sign,fixed_float32,44,32
0,0,0,135,555,0,64,754,06_handheld_sign,fixed_float32,45,32
0,0,0,135,555,0,64,754,06_handheld_sign,fixed_float32,46,32
0,0,0,135,555,0,64,754,06_handheld_sign,fixed_float32,47,32
409,131133,131133,254,555,131680,352,395516,06_handheld_sign,fixed_float32,48,32
0,0,0,135,555,0,64,754,06_handheld_sign,fixed_float32,49,32
0,0,0,134,555,0,64,753,06_handheld_sign,fixed_float32,5,32
0,0,0,135,555,0,64,754,06_handheld_sign,fixed_float32,50,32
0,0,0,135,555,0,64,754,06_handheld_sign,fixed_float32,51,32
0,0,0,135,555,0,64,754,06_handheld_sign,fixed_float32,52,32
0,0,0,135,555,0,64,754,06_handheld_sign,fixed_float32,53,32
0,0,0,135,555,0,64,754,06_handheld_sign,fixed_float32,54,32
0,0,0,135,555,0,64,754,06_handheld_sign,fixed_float32,55,32
0,0,0,135,555,0,64,754,06_handheld_sign,fixed_float32,56,32
0,0,0,135,555,0,64,754,06_handheld_sign,fixed_float32,57,32
0,0,0,135,555,0,64,754,06_handheld_sign,fixed_float32,58,32
0,0,0,135,555,0,64,754,06_handheld_sign,fixed_float32,59,32
0,0,0,134,555,0,64,753,06_handheld_sign,fixed_float32,6,32
0,0,0,135,555,0,64,754,06_handheld_sign,fixed_float32,60,32
0,0,0,135,555,0,64,754,06_handheld_sign,fixed_float32,61,32
0,0,0,135,555,0,64,754,06_handheld_sign,fixed_float32,62,32
0,0,0,135,555,0,64,754,06_handheld_sign,fixed_float32,63,32
409,131133,131133,254,555,131680,352,395516,06_handheld_sign,fixed_float32,64,32
0,0,0,135,555,0,64,754,06_handheld_sign,fixed_float32,65,32
0,0,0,135,555,0,64,754,06_handheld_sign,fixed_float32,66,32
0,0,0,135,555,0,64,754,06_handheld_sign,fixed_float32,67,32
0,0,0,135,555,0,64,754,06_handheld_sign,fixed_float32,68,32
0,0,0,135,555,0,64,754,06_handheld_sign,fixed_float32,69,32
0,0,0,134,555,0,64,753,06_handheld_sign,fixed_float32,7,32
0,0,0,135,555,0,64,754,06_handheld_sign,fixed_float32,70,32
0,0,0,135,555,0,64,754,06_handheld_sign,fixed_float32,71,32
0,0,0,135,555,0,64,754,06_handheld_sign,fixed_float32,72,32
0,0,0,135,555,0,64,754,06_handheld_sign,fixed_float32,73,32
0,0,0,135,555,0,64,754,06_handheld_sign,fixed_float32,74,32
0,0,0,135,555,0,64,754,06_handheld_sign,fixed_float32,75,32
0,0,0,135,555,0,64,754,06_handheld_sign,fixed_float32,76,32
0,0,0,135,555,0,64,754,06_handheld_sign,fixed_float32,77,32
0,0,0,135,555,0,64,754,06_handheld_sign,fixed_float32,78,32
0,0,0,135,555,0,64,754,06_handheld_sign,fixed_float32,79,32
0,0,0,134,555,0,64,753,06_handheld_sign,fixed_float32,8,32
409,131133,131133,254,555,131680,352,395516,06_handheld_sign,fixed_float32,80,32
0,0,0,135,555,0,64,754,06_handheld_sign,fixed_float32,81,32
0,0,0,135,555,0,64,754,06_handheld_sign,fixed_float32,82,32
0,0,0,135,555,0,64,754,06_handheld_sign,fixed_float32,83,32
0,0,0,135,555,0,64,754,06_handheld_sign,fixed_float32,84,32
0,0,0,135,555,0,64,754,06_handheld_sign,fixed_float32,85,32
0,0,0,135,555,0,64,754,06_handheld_sign,fixed_float32,86,32
0,0,0,135,555,0,64,754,06_handheld_sign,fixed_float32,87,32
0,0,0,135,555,0,64,754,06_handheld_sign,fixed_float32,88,32
0,0,0,135,555,0,64,754,06_handheld_sign,fixed_float32,89,32
0,0,0,134,555,0,64,753,06_handheld_sign,fixed_float32,9,32
0,0,0,135,555,0,64,754,06_handheld_sign,fixed_float32,90,32
0,0,0,135,555,0,64,754,06_handheld_sign,fixed_float32,91,32
0,0,0,135,555,0,64,754,06_handheld_sign,fixed_float32,92,32
0,0,0,135,555,0,64,754,06_handheld_sign,fixed_float32,93,32
0,0,0,135,555,0,64,754,06_handheld_sign,fixed_float32,94,32
0,0,0,135,555,0,64,754,06_handheld_sign,fixed_float32,95,32
409,131133,131133,254,555,131680,352,395516,06_handheld_sign,fixed_float32,96,32
0,0,0,135,555,0,64,754,06_handheld_sign,fixed_float32,97,32
0,0,0,135,555,0,64,754,06_handheld_sign,fixed_float32,98,32
0,0,0,135,555,0,64,754,06_handheld_sign,fixed_float32,99,32
409,131133,131133,251,555,66144,352,329977,06_handheld_sign,fixed_int16,0,16
0,0,0,132,555,0,64,751,06_handheld_sign,fixed_int16,1,16
0,0,0,133,555,0,64,752,06_handheld_sign,fixed_int16,10,16
0,0,0,133,555,0,64,752,06_handheld_sign,fixed_int16,11,16
0,0,0,133,555,0,64,752,06_handheld_sign,fixed_int16,12,16
0,0,0,133,555,0,64,752,06_handheld_sign,fixed_int16,13,16
0,0,0,133,555,0,64,752,06_handheld_sign,fixed_int16,14,16
0,0,0,133,555,0,64,752,06_handheld_sign,fixed_int16,15,16
409,131133,131133,252,555,66144,352,329978,06_handheld_sign,fixed_int16,16,16
0,0,0,133,555,0,64,752,06_handheld_sign,fixed_int16,17,16
0,0,0,133,555,0,64,752,06_handheld_sign,fixed_int16,18,16
0,0,0,133,555,0,64,752,06_handheld_sign,fixed_int16,19,16
0,0,0,132,555,0,64,751,06_handheld_sign,fixed_int16,2,16
0,0,0,133,555,0,64,752,06_handheld_sign,fixed_int16,20,16
0,0,0,133,555,0,64,752,06_handheld_sign,fixed_int16,21,16
0,0,0,133,555,0,64,752,06_handheld_sign,fixed_int16,22,16
0,0,0,133,555,0,64,752,06_handheld_sign,fixed_int16,23,16
0,0,0,133,555,0,64,752,06_handheld_sign,fixed_int16,24,16
0,0,0,133,555,0,64,752,06_handheld_sign,fixed_int16,25,16
0,0,0,133,555,0,64,752,06_handheld_sign,fixed_int16,26,16
0,0,0,133,555,0,64,752,06_handheld_sign,fixed_int16,27,16
0,0,0,133,555,0,64,752,06_handheld_sign,fixed_int16,28,16
0,0,0,133,555,0,64,752,06_handheld_sign,fixed_int16,29,16
0,0,0,132,555,0,64,751,06_handheld_sign,fixed_int16,3,16
0,0,0,133,555,0,64,752,06_handheld_sign,fixed_int16,30,16
0,0,0,133,555,0,64,752,06_handheld_sign,fixed_int16,31,16
409,131133,131133,252,555,66144,352,329978,06_handheld_sign,fixed_int16,32,16
0,0,0,133,555,0,64,752,06_handheld_sign,fixed_int16,33,16
0,0,0,133,555,0,64,752,06_handheld_sign,fixed_int16,34,16
0,0,0,133,555,0,64,752,06_handheld_sign,fixed_int16,35,16
0,0,0,133,555,0,64,752,06_handheld_sign,fixed_int16,36,16
0,0,0,133,555,0,64,752,06_handheld_sign,fixed_int16,37,16
0,0,0,133,555,0,64,752,06_handheld_sign,fixed_int16,38,16
0,0,0,133,555,0,64,752,06_handheld_sign,fixed_int16,39,16
0,0,0,132,555,0,64,751,06_handheld_sign,fixed_int16,4,16
0,0,0,133,555,0,64,752,06_handheld_sign,fixed_int16,40,16
0,0,0,133,555,0,64,752,06_handheld_sign,fixed_int16,41,16
0,0,0,133,555,0,64,752,06_handheld_sign,fixed_int16,42,16
0,0,0,133,555,0,64,752,06_handheld_sign,fixed_int16,43,16
0,0,0,133,555,0,64,752,06_handheld_sign,fixed_int16,44,16
0,0,0,133,555,0,64,752,06_handheld_sign,fixed_int16,45,16
0,0,0,133,555,0,64,752,06_handheld_sign,fixed_int16,46,16
0,0,0,133,555,0,64,752,06_handheld_sign,fixed_int16,47,16
409,131133,131133,252,555,66144,352,329978,06_handheld_sign,fixed_int16,48,16
0,0,0,133,555,0,64,752,06_handheld_sign,fixed_int16,49,16
0,0,0,132,555,0,64,751,06_handheld_sign,fixed_int16,5,16
0,0,0,133,555,0,64,752,06_handheld_sign,fixed_int16,50,16
0,0,0,133,555,0,64,752,06_handheld_sign,fixed_int16,51,16
0,0,0,133,555,0,64,752,06_handheld_sign,fixed_int16,52,16
0,0,0,133,555,0,64,752,06_handheld_sign,fixed_int16,53,16
0,0,0,133,555,0,64,752,06_handheld_sign,fixed_int16,54,16
0,0,0,133,555,0,64,752,06_handheld_sign,fixed_int16,55,16
0,0,0,133,555,0,64,752,06_handheld_sign,fixed_int16,56,16
0,0,0,133,555,0,64,752,06_handheld_sign,fixed_int16,57,16
0,0,0,133,555,0,64,752,06_handheld_sign,fixed_int16,58,16
0,0,0,133,555,0,64,752,06_handheld_sign,fixed_int16,59,16
0,0,0,132,555,0,64,751,06_handheld_sign,fixed_int16,6,16
0,0,0,133,555,0,64,752,06_handheld_sign,fixed_int16,60,16
0,0,0,133,555,0,64,752,06_handheld_sign,fixed_int16,61,16
0,0,0,133,555,0,64,752,06_handheld_sign,fixed_int16,62,16
0,0,0,133,555,0,64,752,06_handheld_sign,fixed_int16,63,16
409,131133,131133,252,555,66144,352,329978,06_handheld_sign,fixed_int16,64,16
0,0,0,133,555,0,64,752,06_handheld_sign,fixed_int16,65,16
0,0,0,133,555,0,64,752,06_handheld_sign,fixed_int16,66,16
0,0,0,133,555,0,64,752,06_handheld_sign,fixed_int16,67,16
0,0,0,133,555,0,64,752,06_handheld_sign,fixed_int16,68,16
0,0,0,133,555,0,64,752,06_handheld_sign,fixed_int16,69,16
0,0,0,132,555,0,64,751,06_handheld_sign,fixed_int16,7,16
0,0,0,133,555,0,64,752,06_handheld_sign,fixed_int16,70,16
0,0,0,133,555,0,64,752,06_handheld_sign,fixed_int16,71,16
0,0,0,133,555,0,64,752,06_handheld_sign,fixed_int16,72,16
0,0,0,133,555,0,64,752,06_handheld_sign,fixed_int16,73,16
0,0,0,133,555,0,64,752,06_handheld_sign,fixed_int16,74,16
0,0,0,133,555,0,64,752,06_handheld_sign,fixed_int16,75,16
0,0,0,133,555,0,64,752,06_handheld_sign,fixed_int16,76,16
0,0,0,133,555,0,64,752,06_handheld_sign,fixed_int16,77,16
0,0,0,133,555,0,64,752,06_handheld_sign,fixed_int16,78,16
0,0,0,133,555,0,64,752,06_handheld_sign,fixed_int16,79,16
0,0,0,132,555,0,64,751,06_handheld_sign,fixed_int16,8,16
409,131133,131133,252,555,66144,352,329978,06_handheld_sign,fixed_int16,80,16
0,0,0,133,555,0,64,752,06_handheld_sign,fixed_int16,81,16
0,0,0,133,555,0,64,752,06_handheld_sign,fixed_int16,82,16
0,0,0,133,555,0,64,752,06_handheld_sign,fixed_int16,83,16
0,0,0,133,555,0,64,752,06_handheld_sign,fixed_int16,84,16
0,0,0,133,555,0,64,752,06_handheld_sign,fixed_int16,85,16
0,0,0,133,555,0,64,752,06_handheld_sign,fixed_int16,86,16
0,0,0,133,555,0,64,752,06_handheld_sign,fixed_int16,87,16
0,0,0,133,555,0,64,752,06_handheld_sign,fixed_int16,88,16
0,0,0,133,555,0,64,752,06_handheld_sign,fixed_int16,89,16
0,0,0,132,555,0,64,751,06_handheld_sign,fixed_int16,9,16
0,0,0,133,555,0,64,752,06_handheld_sign,fixed_int16,90,16
0,0,0,133,555,0,64,752,06_handheld_sign,fixed_int16,91,16
0,0,0,133,555,0,64,752,06_handheld_sign,fixed_int16,92,16
0,0,0,133,555,0,64,752,06_handheld_sign,fixed_int16,93,16
0,0,0,133,555,0,64,752,06_handheld_sign,fixed_int16,94,16
0,0,0,133,555,0,64,752,06_handheld_sign,fixed_int16,95,16
409,131133,131133,252,555,66144,352,329978,06_handheld_sign,fixed_int16,96,16
0,0,0,133,555,0,64,752,06_handheld_sign,fixed_int16,97,16
0,0,0,133,555,0,64,752,06_handheld_sign,fixed_int16,98,16
0,0,0,133,555,0,64,752,06_handheld_sign,fixed_int16,99,16
409,131133,131133,250,555,16992,352,280824,06_handheld_sign,fixed_int4,0,4
0,0,0,131,555,0,64,750,06_handheld_sign,fixed_int4,1,4
0,0,0,132,555,0,64,751,06_handheld_sign,fixed_int4,10,4
0,0,0,132,555,0,64,751,06_handheld_sign,fixed_int4,11,4
0,0,0,132,555,0,64,751,06_handheld_sign,fixed_int4,12,4
0,0,0,132,555,0,64,751,06_handheld_sign,fixed_int4,13,4
0,0,0,132,555,0,64,751,06_handheld_sign,fixed_int4,14,4
0,0,0,132,555,0,64,751,06_handheld_sign,fixed_int4,15,4
409,131133,131133,251,555,16992,352,280825,06_handheld_sign,fixed_int4,16,4
0,0,0,132,555,0,64,751,06_handheld_sign,fixed_int4,17,4
0,0,0,132,555,0,64,751,06_handheld_sign,fixed_int4,18,4
0,0,0,132,555,0,64,751,06_handheld_sign,fixed_int4,19,4
0,0,0,131,555,0,64,750,06_handheld_sign,fixed_int4,2,4
0,0,0,132,555,0,64,751,06_handheld_sign,fixed_int4,20,4
0,0,0,132,555,0,64,751,06_handheld_sign,fixed_int4,21,4
0,0,0,132,555,0,64,751,06_handheld_sign,fixed_int4,22,4
0,0,0,132,555,0,64,751,06_handheld_sign,fixed_int4,23,4
0,0,0,132,555,0,64,751,06_handheld_sign,fixed_int4,24,4
0,0,0,132,555,0,64,751,06_handheld_sign,fixed_int4,25,4
0,0,0,132,555,0,64,751,06_handheld_sign,fixed_int4,26,4
0,0,0,132,555,0,64,751,06_handheld_sign,fixed_int4,27,4
0,0,0,132,555,0,64,751,06_handheld_sign,fixed_int4,28,4
0,0,0,132,555,0,64,751,06_handheld_sign,fixed_int4,29,4
0,0,0,131,555,0,64,750,06_handheld_sign,fixed_int4,3,4
0,0,0,132,555,0,64,751,06_handheld_sign,fixed_int4,30,4
0,0,0,132,555,0,64,751,06_handheld_sign,fixed_int4,31,4
409,131133,131133,251,555,16992,352,280825,06_handheld_sign,fixed_int4,32,4
0,0,0,132,555,0,64,751,06_handheld_sign,fixed_int4,33,4
0,0,0,132,555,0,64,751,06_handheld_sign,fixed_int4,34,4
0,0,0,132,555,0,64,751,06_handheld_sign,fixed_int4,35,4
0,0,0,132,555,0,64,751,06_handheld_sign,fixed_int4,36,4
0,0,0,132,555,0,64,751,06_handheld_sign,fixed_int4,37,4
0,0,0,132,555,0,64,751,06_handheld_sign,fixed_int4,38,4
0,0,0,132,555,0,64,751,06_handheld_sign,fixed_int4,39,4
0,0,0,131,555,0,64,750,06_handheld_sign,fixed_int4,4,4
0,0,0,132,555,0,64,751,06_handheld_sign,fixed_int4,40,4
0,0,0,132,555,0,64,751,06_handheld_sign,fixed_int4,41,4
0,0,0,132,555,0,64,751,06_handheld_sign,fixed_int4,42,4
0,0,0,132,555,0,64,751,06_handheld_sign,fixed_int4,43,4
0,0,0,132,555,0,64,751,06_handheld_sign,fixed_int4,44,4
0,0,0,132,555,0,64,751,06_handheld_sign,fixed_int4,45,4
0,0,0,132,555,0,64,751,06_handheld_sign,fixed_int4,46,4
0,0,0,132,555,0,64,751,06_handheld_sign,fixed_int4,47,4
409,131133,131133,251,555,16992,352,280825,06_handheld_sign,fixed_int4,48,4
0,0,0,132,555,0,64,751,06_handheld_sign,fixed_int4,49,4
0,0,0,131,555,0,64,750,06_handheld_sign,fixed_int4,5,4
0,0,0,132,555,0,64,751,06_handheld_sign,fixed_int4,50,4
0,0,0,132,555,0,64,751,06_handheld_sign,fixed_int4,51,4
0,0,0,132,555,0,64,751,06_handheld_sign,fixed_int4,52,4
0,0,0,132,555,0,64,751,06_handheld_sign,fixed_int4,53,4
0,0,0,132,555,0,64,751,06_handheld_sign,fixed_int4,54,4
0,0,0,132,555,0,64,751,06_handheld_sign,fixed_int4,55,4
0,0,0,132,555,0,64,751,06_handheld_sign,fixed_int4,56,4
0,0,0,132,555,0,64,751,06_handheld_sign,fixed_int4,57,4
0,0,0,132,555,0,64,751,06_handheld_sign,fixed_int4,58,4
0,0,0,132,555,0,64,751,06_handheld_sign,fixed_int4,59,4
0,0,0,131,555,0,64,750,06_handheld_sign,fixed_int4,6,4
0,0,0,132,555,0,64,751,06_handheld_sign,fixed_int4,60,4
0,0,0,132,555,0,64,751,06_handheld_sign,fixed_int4,61,4
0,0,0,132,555,0,64,751,06_handheld_sign,fixed_int4,62,4
0,0,0,132,555,0,64,751,06_handheld_sign,fixed_int4,63,4
409,131133,131133,251,555,16992,352,280825,06_handheld_sign,fixed_int4,64,4
0,0,0,132,555,0,64,751,06_handheld_sign,fixed_int4,65,4
0,0,0,132,555,0,64,751,06_handheld_sign,fixed_int4,66,4
0,0,0,132,555,0,64,751,06_handheld_sign,fixed_int4,67,4
0,0,0,132,555,0,64,751,06_handheld_sign,fixed_int4,68,4
0,0,0,132,555,0,64,751,06_handheld_sign,fixed_int4,69,4
0,0,0,131,555,0,64,750,06_handheld_sign,fixed_int4,7,4
0,0,0,132,555,0,64,751,06_handheld_sign,fixed_int4,70,4
0,0,0,132,555,0,64,751,06_handheld_sign,fixed_int4,71,4
0,0,0,132,555,0,64,751,06_handheld_sign,fixed_int4,72,4
0,0,0,132,555,0,64,751,06_handheld_sign,fixed_int4,73,4
0,0,0,132,555,0,64,751,06_handheld_sign,fixed_int4,74,4
0,0,0,132,555,0,64,751,06_handheld_sign,fixed_int4,75,4
0,0,0,132,555,0,64,751,06_handheld_sign,fixed_int4,76,4
0,0,0,132,555,0,64,751,06_handheld_sign,fixed_int4,77,4
0,0,0,132,555,0,64,751,06_handheld_sign,fixed_int4,78,4
0,0,0,132,555,0,64,751,06_handheld_sign,fixed_int4,79,4
0,0,0,131,555,0,64,750,06_handheld_sign,fixed_int4,8,4
409,131133,131133,251,555,16992,352,280825,06_handheld_sign,fixed_int4,80,4
0,0,0,132,555,0,64,751,06_handheld_sign,fixed_int4,81,4
0,0,0,132,555,0,64,751,06_handheld_sign,fixed_int4,82,4
0,0,0,132,555,0,64,751,06_handheld_sign,fixed_int4,83,4
0,0,0,132,555,0,64,751,06_handheld_sign,fixed_int4,84,4
0,0,0,132,555,0,64,751,06_handheld_sign,fixed_int4,85,4
0,0,0,132,555,0,64,751,06_handheld_sign,fixed_int4,86,4
0,0,0,132,555,0,64,751,06_handheld_sign,fixed_int4,87,4
0,0,0,132,555,0,64,751,06_handheld_sign,fixed_int4,88,4
0,0,0,132,555,0,64,751,06_handheld_sign,fixed_int4,89,4
0,0,0,131,555,0,64,750,06_handheld_sign,fixed_int4,9,4
0,0,0,132,555,0,64,751,06_handheld_sign,fixed_int4,90,4
0,0,0,132,555,0,64,751,06_handheld_sign,fixed_int4,91,4
0,0,0,132,555,0,64,751,06_handheld_sign,fixed_int4,92,4
0,0,0,132,555,0,64,751,06_handheld_sign,fixed_int4,93,4
0,0,0,132,555,0,64,751,06_handheld_sign,fixed_int4,94,4
0,0,0,132,555,0,64,751,06_handheld_sign,fixed_int4,95,4
409,131133,131133,251,555,16992,352,280825,06_handheld_sign,fixed_int4,96,4
0,0,0,132,555,0,64,751,06_handheld_sign,fixed_int4,97,4
0,0,0,132,555,0,64,751,06_handheld_sign,fixed_int4,98,4
0,0,0,132,555,0,64,751,06_handheld_sign,fixed_int4,99,4
409,131133,131133,250,555,25184,352,289016,06_handheld_sign,fixed_int6,0,6
0,0,0,131,555,0,64,750,06_handheld_sign,fixed_int6,1,6
0,0,0,132,555,0,64,751,06_handheld_sign,fixed_int6,10,6
0,0,0,132,555,0,64,751,06_handheld_sign,fixed_int6,11,6
0,0,0,132,555,0,64,751,06_handheld_sign,fixed_int6,12,6
0,0,0,132,555,0,64,751,06_handheld_sign,fixed_int6,13,6
0,0,0,132,555,0,64,751,06_handheld_sign,fixed_int6,14,6
0,0,0,132,555,0,64,751,06_handheld_sign,fixed_int6,15,6
409,131133,131133,251,555,25184,352,289017,06_handheld_sign,fixed_int6,16,6
0,0,0,132,555,0,64,751,06_handheld_sign,fixed_int6,17,6
0,0,0,132,555,0,64,751,06_handheld_sign,fixed_int6,18,6
0,0,0,132,555,0,64,751,06_handheld_sign,fixed_int6,19,6
0,0,0,131,555,0,64,750,06_handheld_sign,fixed_int6,2,6
0,0,0,132,555,0,64,751,06_handheld_sign,fixed_int6,20,6
0,0,0,132,555,0,64,751,06_handheld_sign,fixed_int6,21,6
0,0,0,132,555,0,64,751,06_handheld_sign,fixed_int6,22,6
0,0,0,132,555,0,64,751,06_handheld_sign,fixed_int6,23,6
0,0,0,132,555,0,64,751,06_handheld_sign,fixed_int6,24,6
0,0,0,132,555,0,64,751,06_handheld_sign,fixed_int6,25,6
0,0,0,132,555,0,64,751,06_handheld_sign,fixed_int6,26,6
0,0,0,132,555,0,64,751,06_handheld_sign,fixed_int6,27,6
0,0,0,132,555,0,64,751,06_handheld_sign,fixed_int6,28,6
0,0,0,132,555,0,64,751,06_handheld_sign,fixed_int6,29,6
0,0,0,131,555,0,64,750,06_handheld_sign,fixed_int6,3,6
0,0,0,132,555,0,64,751,06_handheld_sign,fixed_int6,30,6
0,0,0,132,555,0,64,751,06_handheld_sign,fixed_int6,31,6
409,131133,131133,251,555,25184,352,289017,06_handheld_sign,fixed_int6,32,6
0,0,0,132,555,0,64,751,06_handheld_sign,fixed_int6,33,6
0,0,0,132,555,0,64,751,06_handheld_sign,fixed_int6,34,6
0,0,0,132,555,0,64,751,06_handheld_sign,fixed_int6,35,6
0,0,0,132,555,0,64,751,06_handheld_sign,fixed_int6,36,6
0,0,0,132,555,0,64,751,06_handheld_sign,fixed_int6,37,6
0,0,0,132,555,0,64,751,06_handheld_sign,fixed_int6,38,6
0,0,0,132,555,0,64,751,06_handheld_sign,fixed_int6,39,6
0,0,0,131,555,0,64,750,06_handheld_sign,fixed_int6,4,6
0,0,0,132,555,0,64,751,06_handheld_sign,fixed_int6,40,6
0,0,0,132,555,0,64,751,06_handheld_sign,fixed_int6,41,6
0,0,0,132,555,0,64,751,06_handheld_sign,fixed_int6,42,6
0,0,0,132,555,0,64,751,06_handheld_sign,fixed_int6,43,6
0,0,0,132,555,0,64,751,06_handheld_sign,fixed_int6,44,6
0,0,0,132,555,0,64,751,06_handheld_sign,fixed_int6,45,6
0,0,0,132,555,0,64,751,06_handheld_sign,fixed_int6,46,6
0,0,0,132,555,0,64,751,06_handheld_sign,fixed_int6,47,6
409,131133,131133,251,555,25184,352,289017,06_handheld_sign,fixed_int6,48,6
0,0,0,132,555,0,64,751,06_handheld_sign,fixed_int6,49,6
0,0,0,131,555,0,64,750,06_handheld_sign,fixed_int6,5,6
0,0,0,132,555,0,64,751,06_handheld_sign,fixed_int6,50,6
0,0,0,132,555,0,64,751,06_handheld_sign,fixed_int6,51,6
0,0,0,132,555,0,64,751,06_handheld_sign,fixed_int6,52,6
0,0,0,132,555,0,64,751,06_handheld_sign,fixed_int6,53,6
0,0,0,132,555,0,64,751,06_handheld_sign,fixed_int6,54,6
0,0,0,132,555,0,64,751,06_handheld_sign,fixed_int6,55,6
0,0,0,132,555,0,64,751,06_handheld_sign,fixed_int6,56,6
0,0,0,132,555,0,64,751,06_handheld_sign,fixed_int6,57,6
0,0,0,132,555,0,64,751,06_handheld_sign,fixed_int6,58,6
0,0,0,132,555,0,64,751,06_handheld_sign,fixed_int6,59,6
0,0,0,131,555,0,64,750,06_handheld_sign,fixed_int6,6,6
0,0,0,132,555,0,64,751,06_handheld_sign,fixed_int6,60,6
0,0,0,132,555,0,64,751,06_handheld_sign,fixed_int6,61,6
0,0,0,132,555,0,64,751,06_handheld_sign,fixed_int6,62,6
0,0,0,132,555,0,64,751,06_handheld_sign,fixed_int6,63,6
409,131133,131133,251,555,25184,352,289017,06_handheld_sign,fixed_int6,64,6
0,0,0,132,555,0,64,751,06_handheld_sign,fixed_int6,65,6
0,0,0,132,555,0,64,751,06_handheld_sign,fixed_int6,66,6
0,0,0,132,555,0,64,751,06_handheld_sign,fixed_int6,67,6
0,0,0,132,555,0,64,751,06_handheld_sign,fixed_int6,68,6
0,0,0,132,555,0,64,751,06_handheld_sign,fixed_int6,69,6
0,0,0,131,555,0,64,750,06_handheld_sign,fixed_int6,7,6
0,0,0,132,555,0,64,751,06_handheld_sign,fixed_int6,70,6
0,0,0,132,555,0,64,751,06_handheld_sign,fixed_int6,71,6
0,0,0,132,555,0,64,751,06_handheld_sign,fixed_int6,72,6
0,0,0,132,555,0,64,751,06_handheld_sign,fixed_int6,73,6
0,0,0,132,555,0,64,751,06_handheld_sign,fixed_int6,74,6
0,0,0,132,555,0,64,751,06_handheld_sign,fixed_int6,75,6
0,0,0,132,555,0,64,751,06_handheld_sign,fixed_int6,76,6
0,0,0,132,555,0,64,751,06_handheld_sign,fixed_int6,77,6
0,0,0,132,555,0,64,751,06_handheld_sign,fixed_int6,78,6
0,0,0,132,555,0,64,751,06_handheld_sign,fixed_int6,79,6
0,0,0,131,555,0,64,750,06_handheld_sign,fixed_int6,8,6
409,131133,131133,251,555,25184,352,289017,06_handheld_sign,fixed_int6,80,6
0,0,0,132,555,0,64,751,06_handheld_sign,fixed_int6,81,6
0,0,0,132,555,0,64,751,06_handheld_sign,fixed_int6,82,6
0,0,0,132,555,0,64,751,06_handheld_sign,fixed_int6,83,6
0,0,0,132,555,0,64,751,06_handheld_sign,fixed_int6,84,6
0,0,0,132,555,0,64,751,06_handheld_sign,fixed_int6,85,6
0,0,0,132,555,0,64,751,06_handheld_sign,fixed_int6,86,6
0,0,0,132,555,0,64,751,06_handheld_sign,fixed_int6,87,6
0,0,0,132,555,0,64,751,06_handheld_sign,fixed_int6,88,6
0,0,0,132,555,0,64,751,06_handheld_sign,fixed_int6,89,6
0,0,0,131,555,0,64,750,06_handheld_sign,fixed_int6,9,6
0,0,0,132,555,0,64,751,06_handheld_sign,fixed_int6,90,6
0,0,0,132,555,0,64,751,06_handheld_sign,fixed_int6,91,6
0,0,0,132,555,0,64,751,06_handheld_sign,fixed_int6,92,6
0,0,0,132,555,0,64,751,06_handheld_sign,fixed_int6,93,6
0,0,0,132,555,0,64,751,06_handheld_sign,fixed_int6,94,6
0,0,0,132,555,0,64,751,06_handheld_sign,fixed_int6,95,6
409,131133,131133,251,555,25184,352,289017,06_handheld_sign,fixed_int6,96,6
0,0,0,132,555,0,64,751,06_handheld_sign,fixed_int6,97,6
0,0,0,132,555,0,64,751,06_handheld_sign,fixed_int6,98,6
0,0,0,132,555,0,64,751,06_handheld_sign,fixed_int6,99,6
409,131133,131133,250,555,33376,352,297208,06_handheld_sign,fixed_int8,0,8
0,0,0,131,555,0,64,750,06_handheld_sign,fixed_int8,1,8
0,0,0,132,555,0,64,751,06_handheld_sign,fixed_int8,10,8
0,0,0,132,555,0,64,751,06_handheld_sign,fixed_int8,11,8
0,0,0,132,555,0,64,751,06_handheld_sign,fixed_int8,12,8
0,0,0,132,555,0,64,751,06_handheld_sign,fixed_int8,13,8
0,0,0,132,555,0,64,751,06_handheld_sign,fixed_int8,14,8
0,0,0,132,555,0,64,751,06_handheld_sign,fixed_int8,15,8
409,131133,131133,251,555,33376,352,297209,06_handheld_sign,fixed_int8,16,8
0,0,0,132,555,0,64,751,06_handheld_sign,fixed_int8,17,8
0,0,0,132,555,0,64,751,06_handheld_sign,fixed_int8,18,8
0,0,0,132,555,0,64,751,06_handheld_sign,fixed_int8,19,8
0,0,0,131,555,0,64,750,06_handheld_sign,fixed_int8,2,8
0,0,0,132,555,0,64,751,06_handheld_sign,fixed_int8,20,8
0,0,0,132,555,0,64,751,06_handheld_sign,fixed_int8,21,8
0,0,0,132,555,0,64,751,06_handheld_sign,fixed_int8,22,8
0,0,0,132,555,0,64,751,06_handheld_sign,fixed_int8,23,8
0,0,0,132,555,0,64,751,06_handheld_sign,fixed_int8,24,8
0,0,0,132,555,0,64,751,06_handheld_sign,fixed_int8,25,8
0,0,0,132,555,0,64,751,06_handheld_sign,fixed_int8,26,8
0,0,0,132,555,0,64,751,06_handheld_sign,fixed_int8,27,8
0,0,0,132,555,0,64,751,06_handheld_sign,fixed_int8,28,8
0,0,0,132,555,0,64,751,06_handheld_sign,fixed_int8,29,8
0,0,0,131,555,0,64,750,06_handheld_sign,fixed_int8,3,8
0,0,0,132,555,0,64,751,06_handheld_sign,fixed_int8,30,8
0,0,0,132,555,0,64,751,06_handheld_sign,fixed_int8,31,8
409,131133,131133,251,555,33376,352,297209,06_handheld_sign,fixed_int8,32,8
0,0,0,132,555,0,64,751,06_handheld_sign,fixed_int8,33,8
0,0,0,132,555,0,64,751,06_handheld_sign,fixed_int8,34,8
0,0,0,132,555,0,64,751,06_handheld_sign,fixed_int8,35,8
0,0,0,132,555,0,64,751,06_handheld_sign,fixed_int8,36,8
0,0,0,132,555,0,64,751,06_handheld_sign,fixed_int8,37,8
0,0,0,132,555,0,64,751,06_handheld_sign,fixed_int8,38,8
0,0,0,132,555,0,64,751,06_handheld_sign,fixed_int8,39,8
0,0,0,131,555,0,64,750,06_handheld_sign,fixed_int8,4,8
0,0,0,132,555,0,64,751,06_handheld_sign,fixed_int8,40,8
0,0,0,132,555,0,64,751,06_handheld_sign,fixed_int8,41,8
0,0,0,132,555,0,64,751,06_handheld_sign,fixed_int8,42,8
0,0,0,132,555,0,64,751,06_handheld_sign,fixed_int8,43,8
0,0,0,132,555,0,64,751,06_handheld_sign,fixed_int8,44,8
0,0,0,132,555,0,64,751,06_handheld_sign,fixed_int8,45,8
0,0,0,132,555,0,64,751,06_handheld_sign,fixed_int8,46,8
0,0,0,132,555,0,64,751,06_handheld_sign,fixed_int8,47,8
409,131133,131133,251,555,33376,352,297209,06_handheld_sign,fixed_int8,48,8
0,0,0,132,555,0,64,751,06_handheld_sign,fixed_int8,49,8
0,0,0,131,555,0,64,750,06_handheld_sign,fixed_int8,5,8
0,0,0,132,555,0,64,751,06_handheld_sign,fixed_int8,50,8
0,0,0,132,555,0,64,751,06_handheld_sign,fixed_int8,51,8
0,0,0,132,555,0,64,751,06_handheld_sign,fixed_int8,52,8
0,0,0,132,555,0,64,751,06_handheld_sign,fixed_int8,53,8
0,0,0,132,555,0,64,751,06_handheld_sign,fixed_int8,54,8
0,0,0,132,555,0,64,751,06_handheld_sign,fixed_int8,55,8
0,0,0,132,555,0,64,751,06_handheld_sign,fixed_int8,56,8
0,0,0,132,555,0,64,751,06_handheld_sign,fixed_int8,57,8
0,0,0,132,555,0,64,751,06_handheld_sign,fixed_int8,58,8
0,0,0,132,555,0,64,751,06_handheld_sign,fixed_int8,59,8
0,0,0,131,555,0,64,750,06_handheld_sign,fixed_int8,6,8
0,0,0,132,555,0,64,751,06_handheld_sign,fixed_int8,60,8
0,0,0,132,555,0,64,751,06_handheld_sign,fixed_int8,61,8
0,0,0,132,555,0,64,751,06_handheld_sign,fixed_int8,62,8
0,0,0,132,555,0,64,751,06_handheld_sign,fixed_int8,63,8
409,131133,131133,251,555,33376,352,297209,06_handheld_sign,fixed_int8,64,8
0,0,0,132,555,0,64,751,06_handheld_sign,fixed_int8,65,8
0,0,0,132,555,0,64,751,06_handheld_sign,fixed_int8,66,8
0,0,0,132,555,0,64,751,06_handheld_sign,fixed_int8,67,8
0,0,0,132,555,0,64,751,06_handheld_sign,fixed_int8,68,8
0,0,0,132,555,0,64,751,06_handheld_sign,fixed_int8,69,8
0,0,0,131,555,0,64,750,06_handheld_sign,fixed_int8,7,8
0,0,0,132,555,0,64,751,06_handheld_sign,fixed_int8,70,8
0,0,0,132,555,0,64,751,06_handheld_sign,fixed_int8,71,8
0,0,0,132,555,0,64,751,06_handheld_sign,fixed_int8,72,8
0,0,0,132,555,0,64,751,06_handheld_sign,fixed_int8,73,8
0,0,0,132,555,0,64,751,06_handheld_sign,fixed_int8,74,8
0,0,0,132,555,0,64,751,06_handheld_sign,fixed_int8,75,8
0,0,0,132,555,0,64,751,06_handheld_sign,fixed_int8,76,8
0,0,0,132,555,0,64,751,06_handheld_sign,fixed_int8,77,8
0,0,0,132,555,0,64,751,06_handheld_sign,fixed_int8,78,8
0,0,0,132,555,0,64,751,06_handheld_sign,fixed_int8,79,8
0,0,0,131,555,0,64,750,06_handheld_sign,fixed_int8,8,8
409,131133,131133,251,555,33376,352,297209,06_handheld_sign,fixed_int8,80,8
0,0,0,132,555,0,64,751,06_handheld_sign,fixed_int8,81,8
0,0,0,132,555,0,64,751,06_handheld_sign,fixed_int8,82,8
0,0,0,132,555,0,64,751,06_handheld_sign,fixed_int8,83,8
0,0,0,132,555,0,64,751,06_handheld_sign,fixed_int8,84,8
0,0,0,132,555,0,64,751,06_handheld_sign,fixed_int8,85,8
0,0,0,132,555,0,64,751,06_handheld_sign,fixed_int8,86,8
0,0,0,132,555,0,64,751,06_handheld_sign,fixed_int8,87,8
0,0,0,132,555,0,64,751,06_handheld_sign,fixed_int8,88,8
0,0,0,132,555,0,64,751,06_handheld_sign,fixed_int8,89,8
0,0,0,131,555,0,64,750,06_handheld_sign,fixed_int8,9,8
0,0,0,132,555,0,64,751,06_handheld_sign,fixed_int8,90,8
0,0,0,132,555,0,64,751,06_handheld_sign,fixed_int8,91,8
0,0,0,132,555,0,64,751,06_handheld_sign,fixed_int8,92,8
0,0,0,132,555,0,64,751,06_handheld_sign,fixed_int8,93,8
0,0,0,132,555,0,64,751,06_handheld_sign,fixed_int8,94,8
0,0,0,132,555,0,64,751,06_handheld_sign,fixed_int8,95,8
409,131133,131133,251,555,33376,352,297209,06_handheld_sign,fixed_int8,96,8
0,0,0,132,555,0,64,751,06_handheld_sign,fixed_int8,97,8
0,0,0,132,555,0,64,751,06_handheld_sign,fixed_int8,98,8
0,0,0,132,555,0,64,751,06_handheld_sign,fixed_int8,99,8
321,131133,131133,249,473,0,146,263455,07_person_enter,fixed_awgn,0,
0,0,0,130,473,0,64,667,07_person_enter,fixed_awgn,1,
0,0,0,131,473,0,64,668,07_person_enter,fixed_awgn,10,
0,0,0,131,473,0,64,668,07_person_enter,fixed_awgn,11,
0,0,0,131,473,0,64,668,07_person_enter,fixed_awgn,12,
0,0,0,131,473,0,64,668,07_person_enter,fixed_awgn,13,
0,0,0,131,473,0,64,668,07_person_enter,fixed_awgn,14,
0,0,0,131,473,0,64,668,07_person_enter,fixed_awgn,15,
321,131133,131133,250,473,0,146,263456,07_person_enter,fixed_awgn,16,
0,0,0,131,473,0,64,668,07_person_enter,fixed_awgn,17,
0,0,0,131,473,0,64,668,07_person_enter,fixed_awgn,18,
0,0,0,131,473,0,64,668,07_person_enter,fixed_awgn,19,
0,0,0,130,473,0,64,667,07_person_enter,fixed_awgn,2,
0,0,0,131,473,0,64,668,07_person_enter,fixed_awgn,20,
521,131133,131133,250,566,0,146,263749,07_person_enter,fixed_awgn,21,
521,131133,131133,250,566,0,146,263749,07_person_enter,fixed_awgn,22,
521,131133,131133,250,566,0,146,263749,07_person_enter,fixed_awgn,23,
521,131133,131133,250,566,0,146,263749,07_person_enter,fixed_awgn,24,
521,131133,131133,250,566,0,146,263749,07_person_enter,fixed_awgn,25,
521,131133,131133,250,566,0,146,263749,07_person_enter,fixed_awgn,26,
521,131133,131133,250,566,0,146,263749,07_person_enter,fixed_awgn,27,
521,131133,131133,250,566,0,146,263749,07_person_enter,fixed_awgn,28,
521,131133,131133,250,566,0,146,263749,07_person_enter,fixed_awgn,29,
0,0,0,130,473,0,64,667,07_person_enter,fixed_awgn,3,
521,131133,131133,250,566,0,146,263749,07_person_enter,fixed_awgn,30,
521,131133,131133,250,566,0,146,263749,07_person_enter,fixed_awgn,31,
521,131133,131133,250,566,0,146,263749,07_person_enter,fixed_awgn,32,
0,0,0,131,566,0,64,761,07_person_enter,fixed_awgn,33,
0,0,0,131,566,0,64,761,07_person_enter,fixed_awgn,34,
0,0,0,131,566,0,64,761,07_person_enter,fixed_awgn,35,
0,0,0,131,566,0,64,761,07_person_enter,fixed_awgn,36,
0,0,0,131,566,0,64,761,07_person_enter,fixed_awgn,37,
0,0,0,131,566,0,64,761,07_person_enter,fixed_awgn,38,
0,0,0,131,566,0,64,761,07_person_enter,fixed_awgn,39,
0,0,0,130,473,0,64,667,07_person_enter,fixed_awgn,4,
0,0,0,131,566,0,64,761,07_person_enter,fixed_awgn,40,
0,0,0,131,566,0,64,761,07_person_enter,fixed_awgn,41,
0,0,0,131,566,0,64,761,07_person_enter,fixed_awgn,42,
0,0,0,131,566,0,64,761,07_person_enter,fixed_awgn,43,
0,0,0,131,566,0,64,761,07_person_enter,fixed_awgn,44,
0,0,0,131,566,0,64,761,07_person_enter,fixed_awgn,45,
0,0,0,131,566,0,64,761,07_person_enter,fixed_awgn,46,
0,0,0,131,566,0,64,761,07_person_enter,fixed_awgn,47,
521,131133,131133,250,566,0,146,263749,07_person_enter,fixed_awgn,48,
0,0,0,131,566,0,64,761,07_person_enter,fixed_awgn,49,
0,0,0,130,473,0,64,667,07_person_enter,fixed_awgn,5,
0,0,0,131,566,0,64,761,07_person_enter,fixed_awgn,50,
0,0,0,131,566,0,64,761,07_person_enter,fixed_awgn,51,
0,0,0,131,566,0,64,761,07_person_enter,fixed_awgn,52,
0,0,0,131,566,0,64,761,07_person_enter,fixed_awgn,53,
0,0,0,131,566,0,64,761,07_person_enter,fixed_awgn,54,
0,0,0,131,566,0,64,761,07_person_enter,fixed_awgn,55,
0,0,0,131,566,0,64,761,07_person_enter,fixed_awgn,56,
0,0,0,131,566,0,64,761,07_person_enter,fixed_awgn,57,
0,0,0,131,566,0,64,761,07_person_enter,fixed_awgn,58,
0,0,0,131,566,0,64,761,07_person_enter,fixed_awgn,59,
0,0,0,130,473,0,64,667,07_person_enter,fixed_awgn,6,
0,0,0,131,566,0,64,761,07_person_enter,fixed_awgn,60,
0,0,0,131,566,0,64,761,07_person_enter,fixed_awgn,61,
0,0,0,131,566,0,64,761,07_person_enter,fixed_awgn,62,
0,0,0,131,566,0,64,761,07_person_enter,fixed_awgn,63,
521,131133,131133,250,566,0,146,263749,07_person_enter,fixed_awgn,64,
0,0,0,131,566,0,64,761,07_person_enter,fixed_awgn,65,
0,0,0,131,566,0,64,761,07_person_enter,fixed_awgn,66,
0,0,0,131,566,0,64,761,07_person_enter,fixed_awgn,67,
0,0,0,131,566,0,64,761,07_person_enter,fixed_awgn,68,
0,0,0,131,566,0,64,761,07_person_enter,fixed_awgn,69,
0,0,0,130,473,0,64,667,07_person_enter,fixed_awgn,7,
0,0,0,131,566,0,64,761,07_person_enter,fixed_awgn,70,
0,0,0,131,566,0,64,761,07_person_enter,fixed_awgn,71,
0,0,0,131,566,0,64,761,07_person_enter,fixed_awgn,72,
0,0,0,131,566,0,64,761,07_person_enter,fixed_awgn,73,
0,0,0,131,566,0,64,761,07_person_enter,fixed_awgn,74,
0,0,0,131,566,0,64,761,07_person_enter,fixed_awgn,75,
0,0,0,131,566,0,64,761,07_person_enter,fixed_awgn,76,
0,0,0,131,566,0,64,761,07_person_enter,fixed_awgn,77,
0,0,0,131,566,0,64,761,07_person_enter,fixed_awgn,78,
0,0,0,131,566,0,64,761,07_person_enter,fixed_awgn,79,
0,0,0,130,473,0,64,667,07_person_enter,fixed_awgn,8,
521,131133,131133,250,566,0,146,263749,07_person_enter,fixed_awgn,80,
0,0,0,131,566,0,64,761,07_person_enter,fixed_awgn,81,
0,0,0,131,566,0,64,761,07_person_enter,fixed_awgn,82,
0,0,0,131,566,0,64,761,07_person_enter,fixed_awgn,83,
0,0,0,131,566,0,64,761,07_person_enter,fixed_awgn,84,
0,0,0,131,566,0,64,761,07_person_enter,fixed_awgn,85,
0,0,0,131,566,0,64,761,07_person_enter,fixed_awgn,86,
0,0,0,131,566,0,64,761,07_person_enter,fixed_awgn,87,
0,0,0,131,566,0,64,761,07_person_enter,fixed_awgn,88,
0,0,0,131,566,0,64,761,07_person_enter,fixed_awgn,89,
0,0,0,130,473,0,64,667,07_person_enter,fixed_awgn,9,
0,0,0,131,566,0,64,761,07_person_enter,fixed_awgn,90,
0,0,0,131,566,0,64,761,07_person_enter,fixed_awgn,91,
0,0,0,131,566,0,64,761,07_person_enter,fixed_awgn,92,
0,0,0,131,566,0,64,761,07_person_enter,fixed_awgn,93,
0,0,0,131,566,0,64,761,07_person_enter,fixed_awgn,94,
0,0,0,131,566,0,64,761,07_person_enter,fixed_awgn,95,
521,131133,131133,250,566,0,146,263749,07_person_enter,fixed_awgn,96,
0,0,0,131,566,0,64,761,07_person_enter,fixed_awgn,97,
0,0,0,131,566,0,64,761,07_person_enter,fixed_awgn,98,
0,0,0,131,566,0,64,761,07_person_enter,fixed_awgn,99,
321,131133,131133,252,473,131680,352,395344,07_person_enter,fixed_float32,0,32
0,0,0,133,473,0,64,670,07_person_enter,fixed_float32,1,32
0,0,0,134,473,0,64,671,07_person_enter,fixed_float32,10,32
0,0,0,134,473,0,64,671,07_person_enter,fixed_float32,11,32
0,0,0,134,473,0,64,671,07_person_enter,fixed_float32,12,32
0,0,0,134,473,0,64,671,07_person_enter,fixed_float32,13,32
0,0,0,134,473,0,64,671,07_person_enter,fixed_float32,14,32
0,0,0,134,473,0,64,671,07_person_enter,fixed_float32,15,32
321,131133,131133,253,473,131680,352,395345,07_person_enter,fixed_float32,16,32
0,0,0,134,473,0,64,671,07_person_enter,fixed_float32,17,32
0,0,0,134,473,0,64,671,07_person_enter,fixed_float32,18,32
0,0,0,134,473,0,64,671,07_person_enter,fixed_float32,19,32
0,0,0,133,473,0,64,670,07_person_enter,fixed_float32,2,32
0,0,0,134,473,0,64,671,07_person_enter,fixed_float32,20,32
521,131133,131133,253,566,131680,352,395638,07_person_enter,fixed_float32,21,32
521,131133,131133,253,566,131680,352,395638,07_person_enter,fixed_float32,22,32
521,131133,131133,253,566,131680,352,395638,07_person_enter,fixed_float32,23,32
521,131133,131133,253,566,131680,352,395638,07_person_enter,fixed_float32,24,32
521,131133,131133,253,566,131680,352,395638,07_person_enter,fixed_float32,25,32
521,131133,131133,253,566,131680,352,395638,07_person_enter,fixed_float32,26,32
521,131133,131133,253,566,131680,352,395638,07_person_enter,fixed_float32,27,32
521,131133,131133,253,566,131680,352,395638,07_person_enter,fixed_float32,28,32
521,131133,131133,253,566,131680,352,395638,07_person_enter,fixed_float32,29,32
0,0,0,133,473,0,64,670,07_person_enter,fixed_float32,3,32
521,131133,131133,253,566,131680,352,395638,07_person_enter,fixed_float32,30,32
521,131133,131133,253,566,131680,352,395638,07_person_enter,fixed_float32,31,32
521,131133,131133,253,566,131680,352,395638,07_person_enter,fixed_float32,32,32
0,0,0,134,566,0,64,764,07_person_enter,fixed_float32,33,32
0,0,0,134,566,0,64,764,07_person_enter,fixed_float32,34,32
0,0,0,134,566,0,64,764,07_person_enter,fixed_float32,35,32
0,0,0,134,566,0,64,764,07_person_enter,fixed_float32,36,32
0,0,0,134,566,0,64,764,07_person_enter,fixed_float32,37,32
0,0,0,134,566,0,64,764,07_person_enter,fixed_float32,38,32
0,0,0,134,566,0,64,764,07_person_enter,fixed_float32,39,32
0,0,0,133,473,0,64,670,07_person_enter,fixed_float32,4,32
0,0,0,134,566,0,64,764,07_person_enter,fixed_float32,40,32
0,0,0,134,566,0,64,764,07_person_enter,fixed_float32,41,32
0,0,0,134,566,0,64,764,07_person_enter,fixed_float32,42,32
0,0,0,134,566,0,64,764,07_person_enter,fixed_float32,43,32
0,0,0,134,566,0,64,764,07_person_enter,fixed_float32,44,32
0,0,0,134,566,0,64,764,07_person_enter,fixed_float32,45,32
0,0,0,134,566,0,64,764,07_person_enter,fixed_float32,46,32
0,0,0,134,566,0,64,764,07_person_enter,fixed_float32,47,32
521,131133,131133,253,566,131680,352,395638,07_person_enter,fixed_float32,48,32
0,0,0,134,566,0,64,764,07_person_enter,fixed_float32,49,32
0,0,0,133,473,0,64,670,07_person_enter,fixed_float32,5,32
0,0,0,134,566,0,64,764,07_person_enter,fixed_float32,50,32
0,0,0,134,566,0,64,764,07_person_enter,fixed_float32,51,32
0,0,0,134,566,0,64,764,07_person_enter,fixed_float32,52,32
0,0,0,134,566,0,64,764,07_person_enter,fixed_float32,53,32
0,0,0,134,566,0,64,764,07_person_enter,fixed_float32,54,32
0,0,0,134,566,0,64,764,07_person_enter,fixed_float32,55,32
0,0,0,134,566,0,64,764,07_person_enter,fixed_float32,56,32
0,0,0,134,566,0,64,764,07_person_enter,fixed_float32,57,32
0,0,0,134,566,0,64,764,07_person_enter,fixed_float32,58,32
0,0,0,134,566,0,64,764,07_person_enter,fixed_float32,59,32
0,0,0,133,473,0,64,670,07_person_enter,fixed_float32,6,32
0,0,0,134,566,0,64,764,07_person_enter,fixed_float32,60,32
0,0,0,134,566,0,64,764,07_person_enter,fixed_float32,61,32
0,0,0,134,566,0,64,764,07_person_enter,fixed_float32,62,32
0,0,0,134,566,0,64,764,07_person_enter,fixed_float32,63,32
521,131133,131133,253,566,131680,352,395638,07_person_enter,fixed_float32,64,32
0,0,0,134,566,0,64,764,07_person_enter,fixed_float32,65,32
0,0,0,134,566,0,64,764,07_person_enter,fixed_float32,66,32
0,0,0,134,566,0,64,764,07_person_enter,fixed_float32,67,32
0,0,0,134,566,0,64,764,07_person_enter,fixed_float32,68,32
0,0,0,134,566,0,64,764,07_person_enter,fixed_float32,69,32
0,0,0,133,473,0,64,670,07_person_enter,fixed_float32,7,32
0,0,0,134,566,0,64,764,07_person_enter,fixed_float32,70,32
0,0,0,134,566,0,64,764,07_person_enter,fixed_float32,71,32
0,0,0,134,566,0,64,764,07_person_enter,fixed_float32,72,32
0,0,0,134,566,0,64,764,07_person_enter,fixed_float32,73,32
0,0,0,134,566,0,64,764,07_person_enter,fixed_float32,74,32
0,0,0,134,566,0,64,764,07_person_enter,fixed_float32,75,32
0,0,0,134,566,0,64,764,07_person_enter,fixed_float32,76,32
0,0,0,134,566,0,64,764,07_person_enter,fixed_float32,77,32
0,0,0,134,566,0,64,764,07_person_enter,fixed_float32,78,32
0,0,0,134,566,0,64,764,07_person_enter,fixed_float32,79,32
0,0,0,133,473,0,64,670,07_person_enter,fixed_float32,8,32
521,131133,131133,253,566,131680,352,395638,07_person_enter,fixed_float32,80,32
0,0,0,134,566,0,64,764,07_person_enter,fixed_float32,81,32
0,0,0,134,566,0,64,764,07_person_enter,fixed_float32,82,32
0,0,0,134,566,0,64,764,07_person_enter,fixed_float32,83,32
0,0,0,134,566,0,64,764,07_person_enter,fixed_float32,84,32
0,0,0,134,566,0,64,764,07_person_enter,fixed_float32,85,32
0,0,0,134,566,0,64,764,07_person_enter,fixed_float32,86,32
0,0,0,134,566,0,64,764,07_person_enter,fixed_float32,87,32
0,0,0,134,566,0,64,764,07_person_enter,fixed_float32,88,32
0,0,0,134,566,0,64,764,07_person_enter,fixed_float32,89,32
0,0,0,133,473,0,64,670,07_person_enter,fixed_float32,9,32
0,0,0,134,566,0,64,764,07_person_enter,fixed_float32,90,32
0,0,0,134,566,0,64,764,07_person_enter,fixed_float32,91,32
0,0,0,134,566,0,64,764,07_person_enter,fixed_float32,92,32
0,0,0,134,566,0,64,764,07_person_enter,fixed_float32,93,32
0,0,0,134,566,0,64,764,07_person_enter,fixed_float32,94,32
0,0,0,134,566,0,64,764,07_person_enter,fixed_float32,95,32
521,131133,131133,253,566,131680,352,395638,07_person_enter,fixed_float32,96,32
0,0,0,134,566,0,64,764,07_person_enter,fixed_float32,97,32
0,0,0,134,566,0,64,764,07_person_enter,fixed_float32,98,32
0,0,0,134,566,0,64,764,07_person_enter,fixed_float32,99,32
321,131133,131133,250,473,66144,352,329806,07_person_enter,fixed_int16,0,16
0,0,0,131,473,0,64,668,07_person_enter,fixed_int16,1,16
0,0,0,132,473,0,64,669,07_person_enter,fixed_int16,10,16
0,0,0,132,473,0,64,669,07_person_enter,fixed_int16,11,16
0,0,0,132,473,0,64,669,07_person_enter,fixed_int16,12,16
0,0,0,132,473,0,64,669,07_person_enter,fixed_int16,13,16
0,0,0,132,473,0,64,669,07_person_enter,fixed_int16,14,16
0,0,0,132,473,0,64,669,07_person_enter,fixed_int16,15,16
321,131133,131133,251,473,66144,352,329807,07_person_enter,fixed_int16,16,16
0,0,0,132,473,0,64,669,07_person_enter,fixed_int16,17,16
0,0,0,132,473,0,64,669,07_person_enter,fixed_int16,18,16
0,0,0,132,473,0,64,669,07_person_enter,fixed_int16,19,16
0,0,0,131,473,0,64,668,07_person_enter,fixed_int16,2,16
0,0,0,132,473,0,64,669,07_person_enter,fixed_int16,20,16
521,131133,131133,251,566,66144,352,330100,07_person_enter,fixed_int16,21,16
521,131133,131133,251,566,66144,352,330100,07_person_enter,fixed_int16,22,16
521,131133,131133,251,566,66144,352,330100,07_person_enter,fixed_int16,23,16
521,131133,131133,251,566,66144,352,330100,07_person_enter,fixed_int16,24,16
521,131133,131133,251,566,66144,352,330100,07_person_enter,fixed_int16,25,16
521,131133,131133,251,566,66144,352,330100,07_person_enter,fixed_int16,26,16
521,131133,131133,251,566,66144,352,330100,07_person_enter,fixed_int16,27,16
521,131133,131133,251,566,66144,352,330100,07_person_enter,fixed_int16,28,16
521,131133,131133,251,566,66144,352,330100,07_person_enter,fixed_int16,29,16
0,0,0,131,473,0,64,668,07_person_enter,fixed_int16,3,16
521,131133,131133,251,566,66144,352,330100,07_person_enter,fixed_int16,30,16
521,131133,131133,251,566,66144,352,330100,07_person_enter,fixed_int16,31,16
521,131133,131133,251,566,66144,352,330100,07_person_enter,fixed_int16,32,16
0,0,0,132,566,0,64,762,07_person_enter,fixed_int16,33,16
0,0,0,132,566,0,64,762,07_person_enter,fixed_int16,34,16
0,0,0,132,566,0,64,762,07_person_enter,fixed_int16,35,16
0,0,0,132,566,0,64,762,07_person_enter,fixed_int16,36,16
0,0,0,132,566,0,64,762,07_person_enter,fixed_int16,37,16
0,0,0,132,566,0,64,762,07_person_enter,fixed_int16,38,16
0,0,0,132,566,0,64,762,07_person_enter,fixed_int16,39,16
0,0,0,131,473,0,64,668,07_person_enter,fixed_int16,4,16
0,0,0,132,566,0,64,762,07_person_enter,fixed_int16,40,16
0,0,0,132,566,0,64,762,07_person_enter,fixed_int16,41,16
0,0,0,132,566,0,64,762,07_person_enter,fixed_int16,42,16
0,0,0,132,566,0,64,762,07_person_enter,fixed_int16,43,16
0,0,0,132,566,0,64,762,07_person_enter,fixed_int16,44,16
0,0,0,132,566,0,64,762,07_person_enter,fixed_int16,45,16
0,0,0,132,566,0,64,762,07_person_enter,fixed_int16,46,16
0,0,0,132,566,0,64,762,07_person_enter,fixed_int16,47,16
521,131133,131133,251,566,66144,352,330100,07_person_enter,fixed_int16,48,16
0,0,0,132,566,0,64,762,07_person_enter,fixed_int16,49,16
0,0,0,131,473,0,64,668,07_person_enter,fixed_int16,5,16
0,0,0,132,566,0,64,762,07_person_enter,fixed_int16,50,16
0,0,0,132,566,0,64,762,07_person_enter,fixed_int16,51,16
0,0,0,132,566,0,64,762,07_person_enter,fixed_int16,52,16
0,0,0,132,566,0,64,762,07_person_enter,fixed_int16,53,16
0,0,0,132,566,0,64,762,07_person_enter,fixed_int16,54,16
0,0,0,132,566,0,64,762,07_person_enter,fixed_int16,55,16
0,0,0,132,566,0,64,762,07_person_enter,fixed_int16,56,16
0,0,0,132,566,0,64,762,07_person_enter,fixed_int16,57,16
0,0,0,132,566,0,64,762,07_person_enter,fixed_int16,58,16
0,0,0,132,566,0,64,762,07_person_enter,fixed_int16,59,16
0,0,0,131,473,0,64,668,07_person_enter,fixed_int16,6,16
0,0,0,132,566,0,64,762,07_person_enter,fixed_int16,60,16
0,0,0,132,566,0,64,762,07_person_enter,fixed_int16,61,16
0,0,0,132,566,0,64,762,07_person_enter,fixed_int16,62,16
0,0,0,132,566,0,64,762,07_person_enter,fixed_int16,63,16
521,131133,131133,251,566,66144,352,330100,07_person_enter,fixed_int16,64,16
0,0,0,132,566,0,64,762,07_person_enter,fixed_int16,65,16
0,0,0,132,566,0,64,762,07_person_enter,fixed_int16,66,16
0,0,0,132,566,0,64,762,07_person_enter,fixed_int16,67,16
0,0,0,132,566,0,64,762,07_person_enter,fixed_int16,68,16
0,0,0,132,566,0,64,762,07_person_enter,fixed_int16,69,16
0,0,0,131,473,0,64,668,07_person_enter,fixed_int16,7,16
0,0,0,132,566,0,64,762,07_person_enter,fixed_int16,70,16
0,0,0,132,566,0,64,762,07_person_enter,fixed_int16,71,16
0,0,0,132,566,0,64,762,07_person_enter,fixed_int16,72,16
0,0,0,132,566,0,64,762,07_person_enter,fixed_int16,73,16
0,0,0,132,566,0,64,762,07_person_enter,fixed_int16,74,16
0,0,0,132,566,0,64,762,07_person_enter,fixed_int16,75,16
0,0,0,132,566,0,64,762,07_person_enter,fixed_int16,76,16
0,0,0,132,566,0,64,762,07_person_enter,fixed_int16,77,16
0,0,0,132,566,0,64,762,07_person_enter,fixed_int16,78,16
0,0,0,132,566,0,64,762,07_person_enter,fixed_int16,79,16
0,0,0,131,473,0,64,668,07_person_enter,fixed_int16,8,16
521,131133,131133,251,566,66144,352,330100,07_person_enter,fixed_int16,80,16
0,0,0,132,566,0,64,762,07_person_enter,fixed_int16,81,16
0,0,0,132,566,0,64,762,07_person_enter,fixed_int16,82,16
0,0,0,132,566,0,64,762,07_person_enter,fixed_int16,83,16
0,0,0,132,566,0,64,762,07_person_enter,fixed_int16,84,16
0,0,0,132,566,0,64,762,07_person_enter,fixed_int16,85,16
0,0,0,132,566,0,64,762,07_person_enter,fixed_int16,86,16
0,0,0,132,566,0,64,762,07_person_enter,fixed_int16,87,16
0,0,0,132,566,0,64,762,07_person_enter,fixed_int16,88,16
0,0,0,132,566,0,64,762,07_person_enter,fixed_int16,89,16
0,0,0,131,473,0,64,668,07_person_enter,fixed_int16,9,16
0,0,0,132,566,0,64,762,07_person_enter,fixed_int16,90,16
0,0,0,132,566,0,64,762,07_person_enter,fixed_int16,91,16
0,0,0,132,566,0,64,762,07_person_enter,fixed_int16,92,16
0,0,0,132,566,0,64,762,07_person_enter,fixed_int16,93,16
0,0,0,132,566,0,64,762,07_person_enter,fixed_int16,94,16
0,0,0,132,566,0,64,762,07_person_enter,fixed_int16,95,16
521,131133,131133,251,566,66144,352,330100,07_person_enter,fixed_int16,96,16
0,0,0,132,566,0,64,762,07_person_enter,fixed_int16,97,16
0,0,0,132,566,0,64,762,07_person_enter,fixed_int16,98,16
0,0,0,132,566,0,64,762,07_person_enter,fixed_int16,99,16
321,131133,131133,249,473,16992,352,280653,07_person_enter,fixed_int4,0,4
0,0,0,130,473,0,64,667,07_person_enter,fixed_int4,1,4
0,0,0,131,473,0,64,668,07_person_enter,fixed_int4,10,4
0,0,0,131,473,0,64,668,07_person_enter,fixed_int4,11,4
0,0,0,131,473,0,64,668,07_person_enter,fixed_int4,12,4
0,0,0,131,473,0,64,668,07_person_enter,fixed_int4,13,4
0,0,0,131,473,0,64,668,07_person_enter,fixed_int4,14,4
0,0,0,131,473,0,64,668,07_person_enter,fixed_int4,15,4
321,131133,131133,250,473,16992,352,280654,07_person_enter,fixed_int4,16,4
0,0,0,131,473,0,64,668,07_person_enter,fixed_int4,17,4
0,0,0,131,473,0,64,668,07_person_enter,fixed_int4,18,4
0,0,0,131,473,0,64,668,07_person_enter,fixed_int4,19,4
0,0,0,130,473,0,64,667,07_person_enter,fixed_int4,2,4
0,0,0,131,473,0,64,668,07_person_enter,fixed_int4,20,4
521,131133,131133,250,566,16992,352,280947,07_person_enter,fixed_int4,21,4
521,131133,131133,250,566,16992,352,280947,07_person_enter,fixed_int4,22,4
521,131133,131133,250,566,16992,352,280947,07_person_enter,fixed_int4,23,4
521,131133,131133,250,566,16992,352,280947,07_person_enter,fixed_int4,24,4
521,131133,131133,250,566,16992,352,280947,07_person_enter,fixed_int4,25,4
521,131133,131133,250,566,16992,352,280947,07_person_enter,fixed_int4,26,4
521,131133,131133,250,566,16992,352,280947,07_person_enter,fixed_int4,27,4
521,131133,131133,250,566,16992,352,280947,07_person_enter,fixed_int4,28,4
521,131133,131133,250,566,16992,352,280947,07_person_enter,fixed_int4,29,4
0,0,0,130,473,0,64,667,07_person_enter,fixed_int4,3,4
521,131133,131133,250,566,16992,352,280947,07_person_enter,fixed_int4,30,4
521,131133,131133,250,566,16992,352,280947,07_person_enter,fixed_int4,31,4
521,131133,131133,250,566,16992,352,280947,07_person_enter,fixed_int4,32,4
0,0,0,131,566,0,64,761,07_person_enter,fixed_int4,33,4
0,0,0,131,566,0,64,761,07_person_enter,fixed_int4,34,4
0,0,0,131,566,0,64,761,07_person_enter,fixed_int4,35,4
0,0,0,131,566,0,64,761,07_person_enter,fixed_int4,36,4
0,0,0,131,566,0,64,761,07_person_enter,fixed_int4,37,4
0,0,0,131,566,0,64,761,07_person_enter,fixed_int4,38,4
0,0,0,131,566,0,64,761,07_person_enter,fixed_int4,39,4
0,0,0,130,473,0,64,667,07_person_enter,fixed_int4,4,4
0,0,0,131,566,0,64,761,07_person_enter,fixed_int4,40,4
0,0,0,131,566,0,64,761,07_person_enter,fixed_int4,41,4
0,0,0,131,566,0,64,761,07_person_enter,fixed_int4,42,4
0,0,0,131,566,0,64,761,07_person_enter,fixed_int4,43,4
0,0,0,131,566,0,64,761,07_person_enter,fixed_int4,44,4
0,0,0,131,566,0,64,761,07_person_enter,fixed_int4,45,4
0,0,0,131,566,0,64,761,07_person_enter,fixed_int4,46,4
0,0,0,131,566,0,64,761,07_person_enter,fixed_int4,47,4
521,131133,131133,250,566,16992,352,280947,07_person_enter,fixed_int4,48,4
0,0,0,131,566,0,64,761,07_person_enter,fixed_int4,49,4
0,0,0,130,473,0,64,667,07_person_enter,fixed_int4,5,4
0,0,0,131,566,0,64,761,07_person_enter,fixed_int4,50,4
0,0,0,131,566,0,64,761,07_person_enter,fixed_int4,51,4
0,0,0,131,566,0,64,761,07_person_enter,fixed_int4,52,4
0,0,0,131,566,0,64,761,07_person_enter,fixed_int4,53,4
0,0,0,131,566,0,64,761,07_person_enter,fixed_int4,54,4
0,0,0,131,566,0,64,761,07_person_enter,fixed_int4,55,4
0,0,0,131,566,0,64,761,07_person_enter,fixed_int4,56,4
0,0,0,131,566,0,64,761,07_person_enter,fixed_int4,57,4
0,0,0,131,566,0,64,761,07_person_enter,fixed_int4,58,4
0,0,0,131,566,0,64,761,07_person_enter,fixed_int4,59,4
0,0,0,130,473,0,64,667,07_person_enter,fixed_int4,6,4
0,0,0,131,566,0,64,761,07_person_enter,fixed_int4,60,4
0,0,0,131,566,0,64,761,07_person_enter,fixed_int4,61,4
0,0,0,131,566,0,64,761,07_person_enter,fixed_int4,62,4
0,0,0,131,566,0,64,761,07_person_enter,fixed_int4,63,4
521,131133,131133,250,566,16992,352,280947,07_person_enter,fixed_int4,64,4
0,0,0,131,566,0,64,761,07_person_enter,fixed_int4,65,4
0,0,0,131,566,0,64,761,07_person_enter,fixed_int4,66,4
0,0,0,131,566,0,64,761,07_person_enter,fixed_int4,67,4
0,0,0,131,566,0,64,761,07_person_enter,fixed_int4,68,4
0,0,0,131,566,0,64,761,07_person_enter,fixed_int4,69,4
0,0,0,130,473,0,64,667,07_person_enter,fixed_int4,7,4
0,0,0,131,566,0,64,761,07_person_enter,fixed_int4,70,4
0,0,0,131,566,0,64,761,07_person_enter,fixed_int4,71,4
0,0,0,131,566,0,64,761,07_person_enter,fixed_int4,72,4
0,0,0,131,566,0,64,761,07_person_enter,fixed_int4,73,4
0,0,0,131,566,0,64,761,07_person_enter,fixed_int4,74,4
0,0,0,131,566,0,64,761,07_person_enter,fixed_int4,75,4
0,0,0,131,566,0,64,761,07_person_enter,fixed_int4,76,4
0,0,0,131,566,0,64,761,07_person_enter,fixed_int4,77,4
0,0,0,131,566,0,64,761,07_person_enter,fixed_int4,78,4
0,0,0,131,566,0,64,761,07_person_enter,fixed_int4,79,4
0,0,0,130,473,0,64,667,07_person_enter,fixed_int4,8,4
521,131133,131133,250,566,16992,352,280947,07_person_enter,fixed_int4,80,4
0,0,0,131,566,0,64,761,07_person_enter,fixed_int4,81,4
0,0,0,131,566,0,64,761,07_person_enter,fixed_int4,82,4
0,0,0,131,566,0,64,761,07_person_enter,fixed_int4,83,4
0,0,0,131,566,0,64,761,07_person_enter,fixed_int4,84,4
0,0,0,131,566,0,64,761,07_person_enter,fixed_int4,85,4
0,0,0,131,566,0,64,761,07_person_enter,fixed_int4,86,4
0,0,0,131,566,0,64,761,07_person_enter,fixed_int4,87,4
0,0,0,131,566,0,64,761,07_person_enter,fixed_int4,88,4
0,0,0,131,566,0,64,761,07_person_enter,fixed_int4,89,4
0,0,0,130,473,0,64,667,07_person_enter,fixed_int4,9,4
0,0,0,131,566,0,64,761,07_person_enter,fixed_int4,90,4
0,0,0,131,566,0,64,761,07_person_enter,fixed_int4,91,4
0,0,0,131,566,0,64,761,07_person_enter,fixed_int4,92,4
0,0,0,131,566,0,64,761,07_person_enter,fixed_int4,93,4
0,0,0,131,566,0,64,761,07_person_enter,fixed_int4,94,4
0,0,0,131,566,0,64,761,07_person_enter,fixed_int4,95,4
521,131133,131133,250,566,16992,352,280947,07_person_enter,fixed_int4,96,4
0,0,0,131,566,0,64,761,07_person_enter,fixed_int4,97,4
0,0,0,131,566,0,64,761,07_person_enter,fixed_int4,98,4
0,0,0,131,566,0,64,761,07_person_enter,fixed_int4,99,4
321,131133,131133,249,473,25184,352,288845,07_person_enter,fixed_int6,0,6
0,0,0,130,473,0,64,667,07_person_enter,fixed_int6,1,6
0,0,0,131,473,0,64,668,07_person_enter,fixed_int6,10,6
0,0,0,131,473,0,64,668,07_person_enter,fixed_int6,11,6
0,0,0,131,473,0,64,668,07_person_enter,fixed_int6,12,6
0,0,0,131,473,0,64,668,07_person_enter,fixed_int6,13,6
0,0,0,131,473,0,64,668,07_person_enter,fixed_int6,14,6
0,0,0,131,473,0,64,668,07_person_enter,fixed_int6,15,6
321,131133,131133,250,473,25184,352,288846,07_person_enter,fixed_int6,16,6
0,0,0,131,473,0,64,668,07_person_enter,fixed_int6,17,6
0,0,0,131,473,0,64,668,07_person_enter,fixed_int6,18,6
0,0,0,131,473,0,64,668,07_person_enter,fixed_int6,19,6
0,0,0,130,473,0,64,667,07_person_enter,fixed_int6,2,6
0,0,0,131,473,0,64,668,07_person_enter,fixed_int6,20,6
521,131133,131133,250,566,25184,352,289139,07_person_enter,fixed_int6,21,6
521,131133,131133,250,566,25184,352,289139,07_person_enter,fixed_int6,22,6
521,131133,131133,250,566,25184,352,289139,07_person_enter,fixed_int6,23,6
521,131133,131133,250,566,25184,352,289139,07_person_enter,fixed_int6,24,6
521,131133,131133,250,566,25184,352,289139,07_person_enter,fixed_int6,25,6
521,131133,131133,250,566,25184,352,289139,07_person_enter,fixed_int6,26,6
521,131133,131133,250,566,25184,352,289139,07_person_enter,fixed_int6,27,6
521,131133,131133,250,566,25184,352,289139,07_person_enter,fixed_int6,28,6
521,131133,131133,250,566,25184,352,289139,07_person_enter,fixed_int6,29,6
0,0,0,130,473,0,64,667,07_person_enter,fixed_int6,3,6
521,131133,131133,250,566,25184,352,289139,07_person_enter,fixed_int6,30,6
521,131133,131133,250,566,25184,352,289139,07_person_enter,fixed_int6,31,6
521,131133,131133,250,566,25184,352,289139,07_person_enter,fixed_int6,32,6
0,0,0,131,566,0,64,761,07_person_enter,fixed_int6,33,6
0,0,0,131,566,0,64,761,07_person_enter,fixed_int6,34,6
0,0,0,131,566,0,64,761,07_person_enter,fixed_int6,35,6
0,0,0,131,566,0,64,761,07_person_enter,fixed_int6,36,6
0,0,0,131,566,0,64,761,07_person_enter,fixed_int6,37,6
0,0,0,131,566,0,64,761,07_person_enter,fixed_int6,38,6
0,0,0,131,566,0,64,761,07_person_enter,fixed_int6,39,6
0,0,0,130,473,0,64,667,07_person_enter,fixed_int6,4,6
0,0,0,131,566,0,64,761,07_person_enter,fixed_int6,40,6
0,0,0,131,566,0,64,761,07_person_enter,fixed_int6,41,6
0,0,0,131,566,0,64,761,07_person_enter,fixed_int6,42,6
0,0,0,131,566,0,64,761,07_person_enter,fixed_int6,43,6
0,0,0,131,566,0,64,761,07_person_enter,fixed_int6,44,6
0,0,0,131,566,0,64,761,07_person_enter,fixed_int6,45,6
0,0,0,131,566,0,64,761,07_person_enter,fixed_int6,46,6
0,0,0,131,566,0,64,761,07_person_enter,fixed_int6,47,6
521,131133,131133,250,566,25184,352,289139,07_person_enter,fixed_int6,48,6
0,0,0,131,566,0,64,761,07_person_enter,fixed_int6,49,6
0,0,0,130,473,0,64,667,07_person_enter,fixed_int6,5,6
0,0,0,131,566,0,64,761,07_person_enter,fixed_int6,50,6
0,0,0,131,566,0,64,761,07_person_enter,fixed_int6,51,6
0,0,0,131,566,0,64,761,07_person_enter,fixed_int6,52,6
0,0,0,131,566,0,64,761,07_person_enter,fixed_int6,53,6
0,0,0,131,566,0,64,761,07_person_enter,fixed_int6,54,6
0,0,0,131,566,0,64,761,07_person_enter,fixed_int6,55,6
0,0,0,131,566,0,64,761,07_person_enter,fixed_int6,56,6
0,0,0,131,566,0,64,761,07_person_enter,fixed_int6,57,6
0,0,0,131,566,0,64,761,07_person_enter,fixed_int6,58,6
0,0,0,131,566,0,64,761,07_person_enter,fixed_int6,59,6
0,0,0,130,473,0,64,667,07_person_enter,fixed_int6,6,6
0,0,0,131,566,0,64,761,07_person_enter,fixed_int6,60,6
0,0,0,131,566,0,64,761,07_person_enter,fixed_int6,61,6
0,0,0,131,566,0,64,761,07_person_enter,fixed_int6,62,6
0,0,0,131,566,0,64,761,07_person_enter,fixed_int6,63,6
521,131133,131133,250,566,25184,352,289139,07_person_enter,fixed_int6,64,6
0,0,0,131,566,0,64,761,07_person_enter,fixed_int6,65,6
0,0,0,131,566,0,64,761,07_person_enter,fixed_int6,66,6
0,0,0,131,566,0,64,761,07_person_enter,fixed_int6,67,6
0,0,0,131,566,0,64,761,07_person_enter,fixed_int6,68,6
0,0,0,131,566,0,64,761,07_person_enter,fixed_int6,69,6
0,0,0,130,473,0,64,667,07_person_enter,fixed_int6,7,6
0,0,0,131,566,0,64,761,07_person_enter,fixed_int6,70,6
0,0,0,131,566,0,64,761,07_person_enter,fixed_int6,71,6
0,0,0,131,566,0,64,761,07_person_enter,fixed_int6,72,6
0,0,0,131,566,0,64,761,07_person_enter,fixed_int6,73,6
0,0,0,131,566,0,64,761,07_person_enter,fixed_int6,74,6
0,0,0,131,566,0,64,761,07_person_enter,fixed_int6,75,6
0,0,0,131,566,0,64,761,07_person_enter,fixed_int6,76,6
0,0,0,131,566,0,64,761,07_person_enter,fixed_int6,77,6
0,0,0,131,566,0,64,761,07_person_enter,fixed_int6,78,6
0,0,0,131,566,0,64,761,07_person_enter,fixed_int6,79,6
0,0,0,130,473,0,64,667,07_person_enter,fixed_int6,8,6
521,131133,131133,250,566,25184,352,289139,07_person_enter,fixed_int6,80,6
0,0,0,131,566,0,64,761,07_person_enter,fixed_int6,81,6
0,0,0,131,566,0,64,761,07_person_enter,fixed_int6,82,6
0,0,0,131,566,0,64,761,07_person_enter,fixed_int6,83,6
0,0,0,131,566,0,64,761,07_person_enter,fixed_int6,84,6
0,0,0,131,566,0,64,761,07_person_enter,fixed_int6,85,6
0,0,0,131,566,0,64,761,07_person_enter,fixed_int6,86,6
0,0,0,131,566,0,64,761,07_person_enter,fixed_int6,87,6
0,0,0,131,566,0,64,761,07_person_enter,fixed_int6,88,6
0,0,0,131,566,0,64,761,07_person_enter,fixed_int6,89,6
0,0,0,130,473,0,64,667,07_person_enter,fixed_int6,9,6
0,0,0,131,566,0,64,761,07_person_enter,fixed_int6,90,6
0,0,0,131,566,0,64,761,07_person_enter,fixed_int6,91,6
0,0,0,131,566,0,64,761,07_person_enter,fixed_int6,92,6
0,0,0,131,566,0,64,761,07_person_enter,fixed_int6,93,6
0,0,0,131,566,0,64,761,07_person_enter,fixed_int6,94,6
0,0,0,131,566,0,64,761,07_person_enter,fixed_int6,95,6
521,131133,131133,250,566,25184,352,289139,07_person_enter,fixed_int6,96,6
0,0,0,131,566,0,64,761,07_person_enter,fixed_int6,97,6
0,0,0,131,566,0,64,761,07_person_enter,fixed_int6,98,6
0,0,0,131,566,0,64,761,07_person_enter,fixed_int6,99,6
321,131133,131133,249,473,33376,352,297037,07_person_enter,fixed_int8,0,8
0,0,0,130,473,0,64,667,07_person_enter,fixed_int8,1,8
0,0,0,131,473,0,64,668,07_person_enter,fixed_int8,10,8
0,0,0,131,473,0,64,668,07_person_enter,fixed_int8,11,8
0,0,0,131,473,0,64,668,07_person_enter,fixed_int8,12,8
0,0,0,131,473,0,64,668,07_person_enter,fixed_int8,13,8
0,0,0,131,473,0,64,668,07_person_enter,fixed_int8,14,8
0,0,0,131,473,0,64,668,07_person_enter,fixed_int8,15,8
321,131133,131133,250,473,33376,352,297038,07_person_enter,fixed_int8,16,8
0,0,0,131,473,0,64,668,07_person_enter,fixed_int8,17,8
0,0,0,131,473,0,64,668,07_person_enter,fixed_int8,18,8
0,0,0,131,473,0,64,668,07_person_enter,fixed_int8,19,8
0,0,0,130,473,0,64,667,07_person_enter,fixed_int8,2,8
0,0,0,131,473,0,64,668,07_person_enter,fixed_int8,20,8
521,131133,131133,250,566,33376,352,297331,07_person_enter,fixed_int8,21,8
521,131133,131133,250,566,33376,352,297331,07_person_enter,fixed_int8,22,8
521,131133,131133,250,566,33376,352,297331,07_person_enter,fixed_int8,23,8
521,131133,131133,250,566,33376,352,297331,07_person_enter,fixed_int8,24,8
521,131133,131133,250,566,33376,352,297331,07_person_enter,fixed_int8,25,8
521,131133,131133,250,566,33376,352,297331,07_person_enter,fixed_int8,26,8
521,131133,131133,250,566,33376,352,297331,07_person_enter,fixed_int8,27,8
521,131133,131133,250,566,33376,352,297331,07_person_enter,fixed_int8,28,8
521,131133,131133,250,566,33376,352,297331,07_person_enter,fixed_int8,29,8
0,0,0,130,473,0,64,667,07_person_enter,fixed_int8,3,8
521,131133,131133,250,566,33376,352,297331,07_person_enter,fixed_int8,30,8
521,131133,131133,250,566,33376,352,297331,07_person_enter,fixed_int8,31,8
521,131133,131133,250,566,33376,352,297331,07_person_enter,fixed_int8,32,8
0,0,0,131,566,0,64,761,07_person_enter,fixed_int8,33,8
0,0,0,131,566,0,64,761,07_person_enter,fixed_int8,34,8
0,0,0,131,566,0,64,761,07_person_enter,fixed_int8,35,8
0,0,0,131,566,0,64,761,07_person_enter,fixed_int8,36,8
0,0,0,131,566,0,64,761,07_person_enter,fixed_int8,37,8
0,0,0,131,566,0,64,761,07_person_enter,fixed_int8,38,8
0,0,0,131,566,0,64,761,07_person_enter,fixed_int8,39,8
0,0,0,130,473,0,64,667,07_person_enter,fixed_int8,4,8
0,0,0,131,566,0,64,761,07_person_enter,fixed_int8,40,8
0,0,0,131,566,0,64,761,07_person_enter,fixed_int8,41,8
0,0,0,131,566,0,64,761,07_person_enter,fixed_int8,42,8
0,0,0,131,566,0,64,761,07_person_enter,fixed_int8,43,8
0,0,0,131,566,0,64,761,07_person_enter,fixed_int8,44,8
0,0,0,131,566,0,64,761,07_person_enter,fixed_int8,45,8
0,0,0,131,566,0,64,761,07_person_enter,fixed_int8,46,8
0,0,0,131,566,0,64,761,07_person_enter,fixed_int8,47,8
521,131133,131133,250,566,33376,352,297331,07_person_enter,fixed_int8,48,8
0,0,0,131,566,0,64,761,07_person_enter,fixed_int8,49,8
0,0,0,130,473,0,64,667,07_person_enter,fixed_int8,5,8
0,0,0,131,566,0,64,761,07_person_enter,fixed_int8,50,8
0,0,0,131,566,0,64,761,07_person_enter,fixed_int8,51,8
0,0,0,131,566,0,64,761,07_person_enter,fixed_int8,52,8
0,0,0,131,566,0,64,761,07_person_enter,fixed_int8,53,8
0,0,0,131,566,0,64,761,07_person_enter,fixed_int8,54,8
0,0,0,131,566,0,64,761,07_person_enter,fixed_int8,55,8
0,0,0,131,566,0,64,761,07_person_enter,fixed_int8,56,8
0,0,0,131,566,0,64,761,07_person_enter,fixed_int8,57,8
0,0,0,131,566,0,64,761,07_person_enter,fixed_int8,58,8
0,0,0,131,566,0,64,761,07_person_enter,fixed_int8,59,8
0,0,0,130,473,0,64,667,07_person_enter,fixed_int8,6,8
0,0,0,131,566,0,64,761,07_person_enter,fixed_int8,60,8
0,0,0,131,566,0,64,761,07_person_enter,fixed_int8,61,8
0,0,0,131,566,0,64,761,07_person_enter,fixed_int8,62,8
0,0,0,131,566,0,64,761,07_person_enter,fixed_int8,63,8
521,131133,131133,250,566,33376,352,297331,07_person_enter,fixed_int8,64,8
0,0,0,131,566,0,64,761,07_person_enter,fixed_int8,65,8
0,0,0,131,566,0,64,761,07_person_enter,fixed_int8,66,8
0,0,0,131,566,0,64,761,07_person_enter,fixed_int8,67,8
0,0,0,131,566,0,64,761,07_person_enter,fixed_int8,68,8
0,0,0,131,566,0,64,761,07_person_enter,fixed_int8,69,8
0,0,0,130,473,0,64,667,07_person_enter,fixed_int8,7,8
0,0,0,131,566,0,64,761,07_person_enter,fixed_int8,70,8
0,0,0,131,566,0,64,761,07_person_enter,fixed_int8,71,8
0,0,0,131,566,0,64,761,07_person_enter,fixed_int8,72,8
0,0,0,131,566,0,64,761,07_person_enter,fixed_int8,73,8
0,0,0,131,566,0,64,761,07_person_enter,fixed_int8,74,8
0,0,0,131,566,0,64,761,07_person_enter,fixed_int8,75,8
0,0,0,131,566,0,64,761,07_person_enter,fixed_int8,76,8
0,0,0,131,566,0,64,761,07_person_enter,fixed_int8,77,8
0,0,0,131,566,0,64,761,07_person_enter,fixed_int8,78,8
0,0,0,131,566,0,64,761,07_person_enter,fixed_int8,79,8
0,0,0,130,473,0,64,667,07_person_enter,fixed_int8,8,8
521,131133,131133,250,566,33376,352,297331,07_person_enter,fixed_int8,80,8
0,0,0,131,566,0,64,761,07_person_enter,fixed_int8,81,8
0,0,0,131,566,0,64,761,07_person_enter,fixed_int8,82,8
0,0,0,131,566,0,64,761,07_person_enter,fixed_int8,83,8
0,0,0,131,566,0,64,761,07_person_enter,fixed_int8,84,8
0,0,0,131,566,0,64,761,07_person_enter,fixed_int8,85,8
0,0,0,131,566,0,64,761,07_person_enter,fixed_int8,86,8
0,0,0,131,566,0,64,761,07_person_enter,fixed_int8,87,8
0,0,0,131,566,0,64,761,07_person_enter,fixed_int8,88,8
0,0,0,131,566,0,64,761,07_person_enter,fixed_int8,89,8
0,0,0,130,473,0,64,667,07_person_enter,fixed_int8,9,8
0,0,0,131,566,0,64,761,07_person_enter,fixed_int8,90,8
0,0,0,131,566,0,64,761,07_person_enter,fixed_int8,91,8
0,0,0,131,566,0,64,761,07_person_enter,fixed_int8,92,8
0,0,0,131,566,0,64,761,07_person_enter,fixed_int8,93,8
0,0,0,131,566,0,64,761,07_person_enter,fixed_int8,94,8
0,0,0,131,566,0,64,761,07_person_enter,fixed_int8,95,8
521,131133,131133,250,566,33376,352,297331,07_person_enter,fixed_int8,96,8
0,0,0,131,566,0,64,761,07_person_enter,fixed_int8,97,8
0,0,0,131,566,0,64,761,07_person_enter,fixed_int8,98,8
0,0,0,131,566,0,64,761,07_person_enter,fixed_int8,99,8
569,131133,131133,245,663,0,146,263889,08_car_exit,fixed_awgn,0,
0,0,0,126,663,0,64,853,08_car_exit,fixed_awgn,1,
0,0,0,127,663,0,64,854,08_car_exit,fixed_awgn,10,
0,0,0,127,663,0,64,854,08_car_exit,fixed_awgn,11,
0,0,0,127,663,0,64,854,08_car_exit,fixed_awgn,12,
0,0,0,127,663,0,64,854,08_car_exit,fixed_awgn,13,
0,0,0,127,663,0,64,854,08_car_exit,fixed_awgn,14,
0,0,0,127,663,0,64,854,08_car_exit,fixed_awgn,15,
569,131133,131133,246,663,0,146,263890,08_car_exit,fixed_awgn,16,
0,0,0,127,663,0,64,854,08_car_exit,fixed_awgn,17,
0,0,0,127,663,0,64,854,08_car_exit,fixed_awgn,18,
0,0,0,127,663,0,64,854,08_car_exit,fixed_awgn,19,
0,0,0,126,663,0,64,853,08_car_exit,fixed_awgn,2,
0,0,0,127,663,0,64,854,08_car_exit,fixed_awgn,20,
0,0,0,127,663,0,64,854,08_car_exit,fixed_awgn,21,
0,0,0,127,663,0,64,854,08_car_exit,fixed_awgn,22,
0,0,0,127,663,0,64,854,08_car_exit,fixed_awgn,23,
0,0,0,127,663,0,64,854,08_car_exit,fixed_awgn,24,
0,0,0,127,663,0,64,854,08_car_exit,fixed_awgn,25,
0,0,0,127,663,0,64,854,08_car_exit,fixed_awgn,26,
0,0,0,127,663,0,64,854,08_car_exit,fixed_awgn,27,
0,0,0,127,663,0,64,854,08_car_exit,fixed_awgn,28,
0,0,0,127,663,0,64,854,08_car_exit,fixed_awgn,29,
0,0,0,126,663,0,64,853,08_car_exit,fixed_awgn,3,
0,0,0,127,663,0,64,854,08_car_exit,fixed_awgn,30,
0,0,0,127,663,0,64,854,08_car_exit,fixed_awgn,31,
569,131133,131133,246,663,0,146,263890,08_car_exit,fixed_awgn,32,
0,0,0,127,663,0,64,854,08_car_exit,fixed_awgn,33,
0,0,0,127,663,0,64,854,08_car_exit,fixed_awgn,34,
0,0,0,127,663,0,64,854,08_car_exit,fixed_awgn,35,
0,0,0,127,663,0,64,854,08_car_exit,fixed_awgn,36,
0,0,0,127,663,0,64,854,08_car_exit,fixed_awgn,37,
0,0,0,127,663,0,64,854,08_car_exit,fixed_awgn,38,
0,0,0,127,663,0,64,854,08_car_exit,fixed_awgn,39,
0,0,0,126,663,0,64,853,08_car_exit,fixed_awgn,4,
0,0,0,127,663,0,64,854,08_car_exit,fixed_awgn,40,
0,0,0,127,663,0,64,854,08_car_exit,fixed_awgn,41,
0,0,0,127,663,0,64,854,08_car_exit,fixed_awgn,42,
0,0,0,127,663,0,64,854,08_car_exit,fixed_awgn,43,
0,0,0,127,663,0,64,854,08_car_exit,fixed_awgn,44,
0,0,0,127,663,0,64,854,08_car_exit,fixed_awgn,45,
0,0,0,127,663,0,64,854,08_car_exit,fixed_awgn,46,
0,0,0,127,663,0,64,854,08_car_exit,fixed_awgn,47,
569,131133,131133,246,663,0,146,263890,08_car_exit,fixed_awgn,48,
0,0,0,127,663,0,64,854,08_car_exit,fixed_awgn,49,
0,0,0,126,663,0,64,853,08_car_exit,fixed_awgn,5,
0,0,0,127,663,0,64,854,08_car_exit,fixed_awgn,50,
0,0,0,127,663,0,64,854,08_car_exit,fixed_awgn,51,
0,0,0,127,663,0,64,854,08_car_exit,fixed_awgn,52,
0,0,0,127,663,0,64,854,08_car_exit,fixed_awgn,53,
0,0,0,127,663,0,64,854,08_car_exit,fixed_awgn,54,
0,0,0,127,663,0,64,854,08_car_exit,fixed_awgn,55,
0,0,0,127,663,0,64,854,08_car_exit,fixed_awgn,56,
0,0,0,127,663,0,64,854,08_car_exit,fixed_awgn,57,
0,0,0,127,663,0,64,854,08_car_exit,fixed_awgn,58,
0,0,0,127,663,0,64,854,08_car_exit,fixed_awgn,59,
0,0,0,126,663,0,64,853,08_car_exit,fixed_awgn,6,
0,0,0,127,663,0,64,854,08_car_exit,fixed_awgn,60,
0,0,0,127,663,0,64,854,08_car_exit,fixed_awgn,61,
0,0,0,127,663,0,64,854,08_car_exit,fixed_awgn,62,
0,0,0,127,663,0,64,854,08_car_exit,fixed_awgn,63,
569,131133,131133,246,663,0,146,263890,08_car_exit,fixed_awgn,64,
0,0,0,127,663,0,64,854,08_car_exit,fixed_awgn,65,
0,0,0,127,663,0,64,854,08_car_exit,fixed_awgn,66,
0,0,0,127,663,0,64,854,08_car_exit,fixed_awgn,67,
0,0,0,127,663,0,64,854,08_car_exit,fixed_awgn,68,
0,0,0,127,663,0,64,854,08_car_exit,fixed_awgn,69,
0,0,0,126,663,0,64,853,08_car_exit,fixed_awgn,7,
0,0,0,127,663,0,64,854,08_car_exit,fixed_awgn,70,
0,0,0,127,663,0,64,854,08_car_exit,fixed_awgn,71,
0,0,0,127,663,0,64,854,08_car_exit,fixed_awgn,72,
0,0,0,127,663,0,64,854,08_car_exit,fixed_awgn,73,
0,0,0,127,663,0,64,854,08_car_exit,fixed_awgn,74,
0,0,0,127,663,0,64,854,08_car_exit,fixed_awgn,75,
0,0,0,127,663,0,64,854,08_car_exit,fixed_awgn,76,
0,0,0,127,663,0,64,854,08_car_exit,fixed_awgn,77,
0,0,0,127,663,0,64,854,08_car_exit,fixed_awgn,78,
0,0,0,127,663,0,64,854,08_car_exit,fixed_awgn,79,
0,0,0,126,663,0,64,853,08_car_exit,fixed_awgn,8,
569,131133,131133,246,663,0,146,263890,08_car_exit,fixed_awgn,80,
0,0,0,127,663,0,64,854,08_car_exit,fixed_awgn,81,
0,0,0,127,663,0,64,854,08_car_exit,fixed_awgn,82,
0,0,0,127,663,0,64,854,08_car_exit,fixed_awgn,83,
0,0,0,127,663,0,64,854,08_car_exit,fixed_awgn,84,
0,0,0,127,663,0,64,854,08_car_exit,fixed_awgn,85,
0,0,0,127,663,0,64,854,08_car_exit,fixed_awgn,86,
0,0,0,127,663,0,64,854,08_car_exit,fixed_awgn,87,
0,0,0,127,663,0,64,854,08_car_exit,fixed_awgn,88,
0,0,0,127,663,0,64,854,08_car_exit,fixed_awgn,89,
0,0,0,126,663,0,64,853,08_car_exit,fixed_awgn,9,
0,0,0,127,663,0,64,854,08_car_exit,fixed_awgn,90,
0,0,0,127,663,0,64,854,08_car_exit,fixed_awgn,91,
0,0,0,127,663,0,64,854,08_car_exit,fixed_awgn,92,
0,0,0,127,663,0,64,854,08_car_exit,fixed_awgn,93,
0,0,0,127,663,0,64,854,08_car_exit,fixed_awgn,94,
0,0,0,127,663,0,64,854,08_car_exit,fixed_awgn,95,
569,131133,131133,246,663,0,146,263890,08_car_exit,fixed_awgn,96,
0,0,0,127,663,0,64,854,08_car_exit,fixed_awgn,97,
0,0,0,127,663,0,64,854,08_car_exit,fixed_awgn,98,
0,0,0,127,663,0,64,854,08_car_exit,fixed_awgn,99,
569,131133,131133,248,663,131680,352,395778,08_car_exit,fixed_float32,0,32
0,0,0,129,663,0,64,856,08_car_exit,fixed_float32,1,32
0,0,0,130,663,0,64,857,08_car_exit,fixed_float32,10,32
0,0,0,130,663,0,64,857,08_car_exit,fixed_float32,11,32
0,0,0,130,663,0,64,857,08_car_exit,fixed_float32,12,32
0,0,0,130,663,0,64,857,08_car_exit,fixed_float32,13,32
0,0,0,130,663,0,64,857,08_car_exit,fixed_float32,14,32
0,0,0,130,663,0,64,857,08_car_exit,fixed_float32,15,32
569,131133,131133,249,663,131680,352,395779,08_car_exit,fixed_float32,16,32
0,0,0,130,663,0,64,857,08_car_exit,fixed_float32,17,32
0,0,0,130,663,0,64,857,08_car_exit,fixed_float32,18,32
0,0,0,130,663,0,64,857,08_car_exit,fixed_float32,19,32
0,0,0,129,663,0,64,856,08_car_exit,fixed_float32,2,32
0,0,0,130,663,0,64,857,08_car_exit,fixed_float32,20,32
0,0,0,130,663,0,64,857,08_car_exit,fixed_float32,21,32
0,0,0,130,663,0,64,857,08_car_exit,fixed_float32,22,32
0,0,0,130,663,0,64,857,08_car_exit,fixed_float32,23,32
0,0,0,130,663,0,64,857,08_car_exit,fixed_float32,24,32
0,0,0,130,663,0,64,857,08_car_exit,fixed_float32,25,32
0,0,0,130,663,0,64,857,08_car_exit,fixed_float32,26,32
0,0,0,130,663,0,64,857,08_car_exit,fixed_float32,27,32
0,0,0,130,663,0,64,857,08_car_exit,fixed_float32,28,32
0,0,0,130,663,0,64,857,08_car_exit,fixed_float32,29,32
0,0,0,129,663,0,64,856,08_car_exit,fixed_float32,3,32
0,0,0,130,663,0,64,857,08_car_exit,fixed_float32,30,32
0,0,0,130,663,0,64,857,08_car_exit,fixed_float32,31,32
569,131133,131133,249,663,131680,352,395779,08_car_exit,fixed_float32,32,32
0,0,0,130,663,0,64,857,08_car_exit,fixed_float32,33,32
0,0,0,130,663,0,64,857,08_car_exit,fixed_float32,34,32
0,0,0,130,663,0,64,857,08_car_exit,fixed_float32,35,32
0,0,0,130,663,0,64,857,08_car_exit,fixed_float32,36,32
0,0,0,130,663,0,64,857,08_car_exit,fixed_float32,37,32
0,0,0,130,663,0,64,857,08_car_exit,fixed_float32,38,32
0,0,0,130,663,0,64,857,08_car_exit,fixed_float32,39,32
0,0,0,129,663,0,64,856,08_car_exit,fixed_float32,4,32
0,0,0,130,663,0,64,857,08_car_exit,fixed_float32,40,32
0,0,0,130,663,0,64,857,08_car_exit,fixed_float32,41,32
0,0,0,130,663,0,64,857,08_car_exit,fixed_float32,42,32
0,0,0,130,663,0,64,857,08_car_exit,fixed_float32,43,32
0,0,0,130,663,0,64,857,08_car_exit,fixed_float32,44,32
0,0,0,130,663,0,64,857,08_car_exit,fixed_float32,45,32
0,0,0,130,663,0,64,857,08_car_exit,fixed_float32,46,32
0,0,0,130,663,0,64,857,08_car_exit,fixed_float32,47,32
569,131133,131133,249,663,131680,352,395779,08_car_exit,fixed_float32,48,32
0,0,0,130,663,0,64,857,08_car_exit,fixed_float32,49,32
0,0,0,129,663,0,64,856,08_car_exit,fixed_float32,5,32
0,0,0,130,663,0,64,857,08_car_exit,fixed_float32,50,32
0,0,0,130,663,0,64,857,08_car_exit,fixed_float32,51,32
0,0,0,130,663,0,64,857,08_car_exit,fixed_float32,52,32
0,0,0,130,663,0,64,857,08_car_exit,fixed_float32,53,32
0,0,0,130,663,0,64,857,08_car_exit,fixed_float32,54,32
0,0,0,130,663,0,64,857,08_car_exit,fixed_float32,55,32
0,0,0,130,663,0,64,857,08_car_exit,fixed_float32,56,32
0,0,0,130,663,0,64,857,08_car_exit,fixed_float32,57,32
0,0,0,130,663,0,64,857,08_car_exit,fixed_float32,58,32
0,0,0,130,663,0,64,857,08_car_exit,fixed_float32,59,32
0,0,0,129,663,0,64,856,08_car_exit,fixed_float32,6,32
0,0,0,130,663,0,64,857,08_car_exit,fixed_float32,60,32
0,0,0,130,663,0,64,857,08_car_exit,fixed_float32,61,32
0,0,0,130,663,0,64,857,08_car_exit,fixed_float32,62,32
0,0,0,130,663,0,64,857,08_car_exit,fixed_float32,63,32
569,131133,131133,249,663,131680,352,395779,08_car_exit,fixed_float32,64,32
0,0,0,130,663,0,64,857,08_car_exit,fixed_float32,65,32
0,0,0,130,663,0,64,857,08_car_exit,fixed_float32,66,32
0,0,0,130,663,0,64,857,08_car_exit,fixed_float32,67,32
0,0,0,130,663,0,64,857,08_car_exit,fixed_float32,68,32
0,0,0,130,663,0,64,857,08_car_exit,fixed_float32,69,32
0,0,0,129,663,0,64,856,08_car_exit,fixed_float32,7,32
0,0,0,130,663,0,64,857,08_car_exit,fixed_float32,70,32
0,0,0,130,663,0,64,857,08_car_exit,fixed_float32,71,32
0,0,0,130,663,0,64,857,08_car_exit,fixed_float32,72,32
0,0,0,130,663,0,64,857,08_car_exit,fixed_float32,73,32
0,0,0,130,663,0,64,857,08_car_exit,fixed_float32,74,32
0,0,0,130,663,0,64,857,08_car_exit,fixed_float32,75,32
0,0,0,130,663,0,64,857,08_car_exit,fixed_float32,76,32
0,0,0,130,663,0,64,857,08_car_exit,fixed_float32,77,32
0,0,0,130,663,0,64,857,08_car_exit,fixed_float32,78,32
0,0,0,130,663,0,64,857,08_car_exit,fixed_float32,79,32
0,0,0,129,663,0,64,856,08_car_exit,fixed_float32,8,32
569,131133,131133,249,663,131680,352,395779,08_car_exit,fixed_float32,80,32
0,0,0,130,663,0,64,857,08_car_exit,fixed_float32,81,32
0,0,0,130,663,0,64,857,08_car_exit,fixed_float32,82,32
0,0,0,130,663,0,64,857,08_car_exit,fixed_float32,83,32
0,0,0,130,663,0,64,857,08_car_exit,fixed_float32,84,32
0,0,0,130,663,0,64,857,08_car_exit,fixed_float32,85,32
0,0,0,130,663,0,64,857,08_car_exit,fixed_float32,86,32
0,0,0,130,663,0,64,857,08_car_exit,fixed_float32,87,32
0,0,0,130,663,0,64,857,08_car_exit,fixed_float32,88,32
0,0,0,130,663,0,64,857,08_car_exit,fixed_float32,89,32
0,0,0,129,663,0,64,856,08_car_exit,fixed_float32,9,32
0,0,0,130,663,0,64,857,08_car_exit,fixed_float32,90,32
0,0,0,130,663,0,64,857,08_car_exit,fixed_float32,91,32
0,0,0,130,663,0,64,857,08_car_exit,fixed_float32,92,32
0,0,0,130,663,0,64,857,08_car_exit,fixed_float32,93,32
0,0,0,130,663,0,64,857,08_car_exit,fixed_float32,94,32
0,0,0,130,663,0,64,857,08_car_exit,fixed_float32,95,32
569,131133,131133,249,663,131680,352,395779,08_car_exit,fixed_float32,96,32
0,0,0,130,663,0,64,857,08_car_exit,fixed_float32,97,32
0,0,0,130,663,0,64,857,08_car_exit,fixed_float32,98,32
0,0,0,130,663,0,64,857,08_car_exit,fixed_float32,99,32
569,131133,131133,246,663,66144,352,330240,08_car_exit,fixed_int16,0,16
0,0,0,127,663,0,64,854,08_car_exit,fixed_int16,1,16
0,0,0,128,663,0,64,855,08_car_exit,fixed_int16,10,16
0,0,0,128,663,0,64,855,08_car_exit,fixed_int16,11,16
0,0,0,128,663,0,64,855,08_car_exit,fixed_int16,12,16
0,0,0,128,663,0,64,855,08_car_exit,fixed_int16,13,16
0,0,0,128,663,0,64,855,08_car_exit,fixed_int16,14,16
0,0,0,128,663,0,64,855,08_car_exit,fixed_int16,15,16
569,131133,131133,247,663,66144,352,330241,08_car_exit,fixed_int16,16,16
0,0,0,128,663,0,64,855,08_car_exit,fixed_int16,17,16
0,0,0,128,663,0,64,855,08_car_exit,fixed_int16,18,16
0,0,0,128,663,0,64,855,08_car_exit,fixed_int16,19,16
0,0,0,127,663,0,64,854,08_car_exit,fixed_int16,2,16
0,0,0,128,663,0,64,855,08_car_exit,fixed_int16,20,16
0,0,0,128,663,0,64,855,08_car_exit,fixed_int16,21,16
0,0,0,128,663,0,64,855,08_car_exit,fixed_int16,22,16
0,0,0,128,663,0,64,855,08_car_exit,fixed_int16,23,16
0,0,0,128,663,0,64,855,08_car_exit,fixed_int16,24,16
0,0,0,128,663,0,64,855,08_car_exit,fixed_int16,25,16
0,0,0,128,663,0,64,855,08_car_exit,fixed_int16,26,16
0,0,0,128,663,0,64,855,08_car_exit,fixed_int16,27,16
0,0,0,128,663,0,64,855,08_car_exit,fixed_int16,28,16
0,0,0,128,663,0,64,855,08_car_exit,fixed_int16,29,16
0,0,0,127,663,0,64,854,08_car_exit,fixed_int16,3,16
0,0,0,128,663,0,64,855,08_car_exit,fixed_int16,30,16
0,0,0,128,663,0,64,855,08_car_exit,fixed_int16,31,16
569,131133,131133,247,663,66144,352,330241,08_car_exit,fixed_int16,32,16
0,0,0,128,663,0,64,855,08_car_exit,fixed_int16,33,16
0,0,0,128,663,0,64,855,08_car_exit,fixed_int16,34,16
0,0,0,128,663,0,64,855,08_car_exit,fixed_int16,35,16
0,0,0,128,663,0,64,855,08_car_exit,fixed_int16,36,16
0,0,0,128,663,0,64,855,08_car_exit,fixed_int16,37,16
0,0,0,128,663,0,64,855,08_car_exit,fixed_int16,38,16
0,0,0,128,663,0,64,855,08_car_exit,fixed_int16,39,16
0,0,0,127,663,0,64,854,08_car_exit,fixed_int16,4,16
0,0,0,128,663,0,64,855,08_car_exit,fixed_int16,40,16
0,0,0,128,663,0,64,855,08_car_exit,fixed_int16,41,16
0,0,0,128,663,0,64,855,08_car_exit,fixed_int16,42,16
0,0,0,128,663,0,64,855,08_car_exit,fixed_int16,43,16
0,0,0,128,663,0,64,855,08_car_exit,fixed_int16,44,16
0,0,0,128,663,0,64,855,08_car_exit,fixed_int16,45,16
0,0,0,128,663,0,64,855,08_car_exit,fixed_int16,46,16
0,0,0,128,663,0,64,855,08_car_exit,fixed_int16,47,16
569,131133,131133,247,663,66144,352,330241,08_car_exit,fixed_int16,48,16
0,0,0,128,663,0,64,855,08_car_exit,fixed_int16,49,16
0,0,0,127,663,0,64,854,08_car_exit,fixed_int16,5,16
0,0,0,128,663,0,64,855,08_car_exit,fixed_int16,50,16
0,0,0,128,663,0,64,855,08_car_exit,fixed_int16,51,16
0,0,0,128,663,0,64,855,08_car_exit,fixed_int16,52,16
0,0,0,128,663,0,64,855,08_car_exit,fixed_int16,53,16
0,0,0,128,663,0,64,855,08_car_exit,fixed_int16,54,16
0,0,0,128,663,0,64,855,08_car_exit,fixed_int16,55,16
0,0,0,128,663,0,64,855,08_car_exit,fixed_int16,56,16
0,0,0,128,663,0,64,855,08_car_exit,fixed_int16,57,16
0,0,0,128,663,0,64,855,08_car_exit,fixed_int16,58,16
0,0,0,128,663,0,64,855,08_car_exit,fixed_int16,59,16
0,0,0,127,663,0,64,854,08_car_exit,fixed_int16,6,16
0,0,0,128,663,0,64,855,08_car_exit,fixed_int16,60,16
0,0,0,128,663,0,64,855,08_car_exit,fixed_int16,61,16
0,0,0,128,663,0,64,855,08_car_exit,fixed_int16,62,16
0,0,0,128,663,0,64,855,08_car_exit,fixed_int16,63,16
569,131133,131133,247,663,66144,352,330241,08_car_exit,fixed_int16,64,16
0,0,0,128,663,0,64,855,08_car_exit,fixed_int16,65,16
0,0,0,128,663,0,64,855,08_car_exit,fixed_int16,66,16
0,0,0,128,663,0,64,855,08_car_exit,fixed_int16,67,16
0,0,0,128,663,0,64,855,08_car_exit,fixed_int16,68,16
0,0,0,128,663,0,64,855,08_car_exit,fixed_int16,69,16
0,0,0,127,663,0,64,854,08_car_exit,fixed_int16,7,16
0,0,0,128,663,0,64,855,08_car_exit,fixed_int16,70,16
0,0,0,128,663,0,64,855,08_car_exit,fixed_int16,71,16
0,0,0,128,663,0,64,855,08_car_exit,fixed_int16,72,16
0,0,0,128,663,0,64,855,08_car_exit,fixed_int16,73,16
0,0,0,128,663,0,64,855,08_car_exit,fixed_int16,74,16
0,0,0,128,663,0,64,855,08_car_exit,fixed_int16,75,16
0,0,0,128,663,0,64,855,08_car_exit,fixed_int16,76,16
0,0,0,128,663,0,64,855,08_car_exit,fixed_int16,77,16
0,0,0,128,663,0,64,855,08_car_exit,fixed_int16,78,16
0,0,0,128,663,0,64,855,08_car_exit,fixed_int16,79,16
0,0,0,127,663,0,64,854,08_car_exit,fixed_int16,8,16
569,131133,131133,247,663,66144,352,330241,08_car_exit,fixed_int16,80,16
0,0,0,128,663,0,64,855,08_car_exit,fixed_int16,81,16
0,0,0,128,663,0,64,855,08_car_exit,fixed_int16,82,16
0,0,0,128,663,0,64,855,08_car_exit,fixed_int16,83,16
0,0,0,128,663,0,64,855,08_car_exit,fixed_int16,84,16
0,0,0,128,663,0,64,855,08_car_exit,fixed_int16,85,16
0,0,0,128,663,0,64,855,08_car_exit,fixed_int16,86,16
0,0,0,128,663,0,64,855,08_car_exit,fixed_int16,87,16
0,0,0,128,663,0,64,855,08_car_exit,fixed_int16,88,16
0,0,0,128,663,0,64,855,08_car_exit,fixed_int16,89,16
0,0,0,127,663,0,64,854,08_car_exit,fixed_int16,9,16
0,0,0,128,663,0,64,855,08_car_exit,fixed_int16,90,16
0,0,0,128,663,0,64,855,08_car_exit,fixed_int16,91,16
0,0,0,128,663,0,64,855,08_car_exit,fixed_int16,92,16
0,0,0,128,663,0,64,855,08_car_exit,fixed_int16,93,16
0,0,0,128,663,0,64,855,08_car_exit,fixed_int16,94,16
0,0,0,128,663,0,64,855,08_car_exit,fixed_int16,95,16
569,131133,131133,247,663,66144,352,330241,08_car_exit,fixed_int16,96,16
0,0,0,128,663,0,64,855,08_car_exit,fixed_int16,97,16
0,0,0,128,663,0,64,855,08_car_exit,fixed_int16,98,16
0,0,0,128,663,0,64,855,08_car_exit,fixed_int16,99,16
569,131133,131133,245,663,16992,352,281087,08_car_exit,fixed_int4,0,4
0,0,0,126,663,0,64,853,08_car_exit,fixed_int4,1,4
0,0,0,127,663,0,64,854,08_car_exit,fixed_int4,10,4
0,0,0,127,663,0,64,854,08_car_exit,fixed_int4,11,4
0,0,0,127,663,0,64,854,08_car_exit,fixed_int4,12,4
0,0,0,127,663,0,64,854,08_car_exit,fixed_int4,13,4
0,0,0,127,663,0,64,854,08_car_exit,fixed_int4,14,4
0,0,0,127,663,0,64,854,08_car_exit,fixed_int4,15,4
569,131133,131133,246,663,16992,352,281088,08_car_exit,fixed_int4,16,4
0,0,0,127,663,0,64,854,08_car_exit,fixed_int4,17,4
0,0,0,127,663,0,64,854,08_car_exit,fixed_int4,18,4
0,0,0,127,663,0,64,854,08_car_exit,fixed_int4,19,4
0,0,0,126,663,0,64,853,08_car_exit,fixed_int4,2,4
0,0,0,127,663,0,64,854,08_car_exit,fixed_int4,20,4
0,0,0,127,663,0,64,854,08_car_exit,fixed_int4,21,4
0,0,0,127,663,0,64,854,08_car_exit,fixed_int4,22,4
0,0,0,127,663,0,64,854,08_car_exit,fixed_int4,23,4
0,0,0,127,663,0,64,854,08_car_exit,fixed_int4,24,4
0,0,0,127,663,0,64,854,08_car_exit,fixed_int4,25,4
0,0,0,127,663,0,64,854,08_car_exit,fixed_int4,26,4
0,0,0,127,663,0,64,854,08_car_exit,fixed_int4,27,4
0,0,0,127,663,0,64,854,08_car_exit,fixed_int4,28,4
0,0,0,127,663,0,64,854,08_car_exit,fixed_int4,29,4
0,0,0,126,663,0,64,853,08_car_exit,fixed_int4,3,4
0,0,0,127,663,0,64,854,08_car_exit,fixed_int4,30,4
0,0,0,127,663,0,64,854,08_car_exit,fixed_int4,31,4
569,131133,131133,246,663,16992,352,281088,08_car_exit,fixed_int4,32,4
0,0,0,127,663,0,64,854,08_car_exit,fixed_int4,33,4
0,0,0,127,663,0,64,854,08_car_exit,fixed_int4,34,4
0,0,0,127,663,0,64,854,08_car_exit,fixed_int4,35,4
0,0,0,127,663,0,64,854,08_car_exit,fixed_int4,36,4
0,0,0,127,663,0,64,854,08_car_exit,fixed_int4,37,4
0,0,0,127,663,0,64,854,08_car_exit,fixed_int4,38,4
0,0,0,127,663,0,64,854,08_car_exit,fixed_int4,39,4
0,0,0,126,663,0,64,853,08_car_exit,fixed_int4,4,4
0,0,0,127,663,0,64,854,08_car_exit,fixed_int4,40,4
0,0,0,127,663,0,64,854,08_car_exit,fixed_int4,41,4
0,0,0,127,663,0,64,854,08_car_exit,fixed_int4,42,4
0,0,0,127,663,0,64,854,08_car_exit,fixed_int4,43,4
0,0,0,127,663,0,64,854,08_car_exit,fixed_int4,44,4
0,0,0,127,663,0,64,854,08_car_exit,fixed_int4,45,4
0,0,0,127,663,0,64,854,08_car_exit,fixed_int4,46,4
0,0,0,127,663,0,64,854,08_car_exit,fixed_int4,47,4
569,131133,131133,246,663,16992,352,281088,08_car_exit,fixed_int4,48,4
0,0,0,127,663,0,64,854,08_car_exit,fixed_int4,49,4
0,0,0,126,663,0,64,853,08_car_exit,fixed_int4,5,4
0,0,0,127,663,0,64,854,08_car_exit,fixed_int4,50,4
0,0,0,127,663,0,64,854,08_car_exit,fixed_int4,51,4
0,0,0,127,663,0,64,854,08_car_exit,fixed_int4,52,4
0,0,0,127,663,0,64,854,08_car_exit,fixed_int4,53,4
0,0,0,127,663,0,64,854,08_car_exit,fixed_int4,54,4
0,0,0,127,663,0,64,854,08_car_exit,fixed_int4,55,4
0,0,0,127,663,0,64,854,08_car_exit,fixed_int4,56,4
0,0,0,127,663,0,64,854,08_car_exit,fixed_int4,57,4
0,0,0,127,663,0,64,854,08_car_exit,fixed_int4,58,4
0,0,0,127,663,0,64,854,08_car_exit,fixed_int4,59,4
0,0,0,126,663,0,64,853,08_car_exit,fixed_int4,6,4
0,0,0,127,663,0,64,854,08_car_exit,fixed_int4,60,4
0,0,0,127,663,0,64,854,08_car_exit,fixed_int4,61,4
0,0,0,127,663,0,64,854,08_car_exit,fixed_int4,62,4
0,0,0,127,663,0,64,854,08_car_exit,fixed_int4,63,4
569,131133,131133,246,663,16992,352,281088,08_car_exit,fixed_int4,64,4
0,0,0,127,663,0,64,854,08_car_exit,fixed_int4,65,4
0,0,0,127,663,0,64,854,08_car_exit,fixed_int4,66,4
0,0,0,127,663,0,64,854,08_car_exit,fixed_int4,67,4
0,0,0,127,663,0,64,854,08_car_exit,fixed_int4,68,4
0,0,0,127,663,0,64,854,08_car_exit,fixed_int4,69,4
0,0,0,126,663,0,64,853,08_car_exit,fixed_int4,7,4
0,0,0,127,663,0,64,854,08_car_exit,fixed_int4,70,4
0,0,0,127,663,0,64,854,08_car_exit,fixed_int4,71,4
0,0,0,127,663,0,64,854,08_car_exit,fixed_int4,72,4
0,0,0,127,663,0,64,854,08_car_exit,fixed_int4,73,4
0,0,0,127,663,0,64,854,08_car_exit,fixed_int4,74,4
0,0,0,127,663,0,64,854,08_car_exit,fixed_int4,75,4
0,0,0,127,663,0,64,854,08_car_exit,fixed_int4,76,4
0,0,0,127,663,0,64,854,08_car_exit,fixed_int4,77,4
0,0,0,127,663,0,64,854,08_car_exit,fixed_int4,78,4
0,0,0,127,663,0,64,854,08_car_exit,fixed_int4,79,4
0,0,0,126,663,0,64,853,08_car_exit,fixed_int4,8,4
569,131133,131133,246,663,16992,352,281088,08_car_exit,fixed_int4,80,4
0,0,0,127,663,0,64,854,08_car_exit,fixed_int4,81,4
0,0,0,127,663,0,64,854,08_car_exit,fixed_int4,82,4
0,0,0,127,663,0,64,854,08_car_exit,fixed_int4,83,4
0,0,0,127,663,0,64,854,08_car_exit,fixed_int4,84,4
0,0,0,127,663,0,64,854,08_car_exit,fixed_int4,85,4
0,0,0,127,663,0,64,854,08_car_exit,fixed_int4,86,4
0,0,0,127,663,0,64,854,08_car_exit,fixed_int4,87,4
0,0,0,127,663,0,64,854,08_car_exit,fixed_int4,88,4
0,0,0,127,663,0,64,854,08_car_exit,fixed_int4,89,4
0,0,0,126,663,0,64,853,08_car_exit,fixed_int4,9,4
0,0,0,127,663,0,64,854,08_car_exit,fixed_int4,90,4
0,0,0,127,663,0,64,854,08_car_exit,fixed_int4,91,4
0,0,0,127,663,0,64,854,08_car_exit,fixed_int4,92,4
0,0,0,127,663,0,64,854,08_car_exit,fixed_int4,93,4
0,0,0,127,663,0,64,854,08_car_exit,fixed_int4,94,4
0,0,0,127,663,0,64,854,08_car_exit,fixed_int4,95,4
569,131133,131133,246,663,16992,352,281088,08_car_exit,fixed_int4,96,4
0,0,0,127,663,0,64,854,08_car_exit,fixed_int4,97,4
0,0,0,127,663,0,64,854,08_car_exit,fixed_int4,98,4
0,0,0,127,663,0,64,854,08_car_exit,fixed_int4,99,4
569,131133,131133,245,663,25184,352,289279,08_car_exit,fixed_int6,0,6
0,0,0,126,663,0,64,853,08_car_exit,fixed_int6,1,6
0,0,0,127,663,0,64,854,08_car_exit,fixed_int6,10,6
0,0,0,127,663,0,64,854,08_car_exit,fixed_int6,11,6
0,0,0,127,663,0,64,854,08_car_exit,fixed_int6,12,6
0,0,0,127,663,0,64,854,08_car_exit,fixed_int6,13,6
0,0,0,127,663,0,64,854,08_car_exit,fixed_int6,14,6
0,0,0,127,663,0,64,854,08_car_exit,fixed_int6,15,6
569,131133,131133,246,663,25184,352,289280,08_car_exit,fixed_int6,16,6
0,0,0,127,663,0,64,854,08_car_exit,fixed_int6,17,6
0,0,0,127,663,0,64,854,08_car_exit,fixed_int6,18,6
0,0,0,127,663,0,64,854,08_car_exit,fixed_int6,19,6
0,0,0,126,663,0,64,853,08_car_exit,fixed_int6,2,6
0,0,0,127,663,0,64,854,08_car_exit,fixed_int6,20,6
0,0,0,127,663,0,64,854,08_car_exit,fixed_int6,21,6
0,0,0,127,663,0,64,854,08_car_exit,fixed_int6,22,6
0,0,0,127,663,0,64,854,08_car_exit,fixed_int6,23,6
0,0,0,127,663,0,64,854,08_car_exit,fixed_int6,24,6
0,0,0,127,663,0,64,854,08_car_exit,fixed_int6,25,6
0,0,0,127,663,0,64,854,08_car_exit,fixed_int6,26,6
0,0,0,127,663,0,64,854,08_car_exit,fixed_int6,27,6
0,0,0,127,663,0,64,854,08_car_exit,fixed_int6,28,6
0,0,0,127,663,0,64,854,08_car_exit,fixed_int6,29,6
0,0,0,126,663,0,64,853,08_car_exit,fixed_int6,3,6
0,0,0,127,663,0,64,854,08_car_exit,fixed_int6,30,6
0,0,0,127,663,0,64,854,08_car_exit,fixed_int6,31,6
569,131133,131133,246,663,25184,352,289280,08_car_exit,fixed_int6,32,6
0,0,0,127,663,0,64,854,08_car_exit,fixed_int6,33,6
0,0,0,127,663,0,64,854,08_car_exit,fixed_int6,34,6
0,0,0,127,663,0,64,854,08_car_exit,fixed_int6,35,6
0,0,0,127,663,0,64,854,08_car_exit,fixed_int6,36,6
0,0,0,127,663,0,64,854,08_car_exit,fixed_int6,37,6
0,0,0,127,663,0,64,854,08_car_exit,fixed_int6,38,6
0,0,0,127,663,0,64,854,08_car_exit,fixed_int6,39,6
0,0,0,126,663,0,64,853,08_car_exit,fixed_int6,4,6
0,0,0,127,663,0,64,854,08_car_exit,fixed_int6,40,6
0,0,0,127,663,0,64,854,08_car_exit,fixed_int6,41,6
0,0,0,127,663,0,64,854,08_car_exit,fixed_int6,42,6
0,0,0,127,663,0,64,854,08_car_exit,fixed_int6,43,6
0,0,0,127,663,0,64,854,08_car_exit,fixed_int6,44,6
0,0,0,127,663,0,64,854,08_car_exit,fixed_int6,45,6
0,0,0,127,663,0,64,854,08_car_exit,fixed_int6,46,6
0,0,0,127,663,0,64,854,08_car_exit,fixed_int6,47,6
569,131133,131133,246,663,25184,352,289280,08_car_exit,fixed_int6,48,6
0,0,0,127,663,0,64,854,08_car_exit,fixed_int6,49,6
0,0,0,126,663,0,64,853,08_car_exit,fixed_int6,5,6
0,0,0,127,663,0,64,854,08_car_exit,fixed_int6,50,6
0,0,0,127,663,0,64,854,08_car_exit,fixed_int6,51,6
0,0,0,127,663,0,64,854,08_car_exit,fixed_int6,52,6
0,0,0,127,663,0,64,854,08_car_exit,fixed_int6,53,6
0,0,0,127,663,0,64,854,08_car_exit,fixed_int6,54,6
0,0,0,127,663,0,64,854,08_car_exit,fixed_int6,55,6
0,0,0,127,663,0,64,854,08_car_exit,fixed_int6,56,6
0,0,0,127,663,0,64,854,08_car_exit,fixed_int6,57,6
0,0,0,127,663,0,64,854,08_car_exit,fixed_int6,58,6
0,0,0,127,663,0,64,854,08_car_exit,fixed_int6,59,6
0,0,0,126,663,0,64,853,08_car_exit,fixed_int6,6,6
0,0,0,127,663,0,64,854,08_car_exit,fixed_int6,60,6
0,0,0,127,663,0,64,854,08_car_exit,fixed_int6,61,6
0,0,0,127,663,0,64,854,08_car_exit,fixed_int6,62,6
0,0,0,127,663,0,64,854,08_car_exit,fixed_int6,63,6
569,131133,131133,246,663,25184,352,289280,08_car_exit,fixed_int6,64,6
0,0,0,127,663,0,64,854,08_car_exit,fixed_int6,65,6
0,0,0,127,663,0,64,854,08_car_exit,fixed_int6,66,6
0,0,0,127,663,0,64,854,08_car_exit,fixed_int6,67,6
0,0,0,127,663,0,64,854,08_car_exit,fixed_int6,68,6
0,0,0,127,663,0,64,854,08_car_exit,fixed_int6,69,6
0,0,0,126,663,0,64,853,08_car_exit,fixed_int6,7,6
0,0,0,127,663,0,64,854,08_car_exit,fixed_int6,70,6
0,0,0,127,663,0,64,854,08_car_exit,fixed_int6,71,6
0,0,0,127,663,0,64,854,08_car_exit,fixed_int6,72,6
0,0,0,127,663,0,64,854,08_car_exit,fixed_int6,73,6
0,0,0,127,663,0,64,854,08_car_exit,fixed_int6,74,6
0,0,0,127,663,0,64,854,08_car_exit,fixed_int6,75,6
0,0,0,127,663,0,64,854,08_car_exit,fixed_int6,76,6
0,0,0,127,663,0,64,854,08_car_exit,fixed_int6,77,6
0,0,0,127,663,0,64,854,08_car_exit,fixed_int6,78,6
0,0,0,127,663,0,64,854,08_car_exit,fixed_int6,79,6
0,0,0,126,663,0,64,853,08_car_exit,fixed_int6,8,6
569,131133,131133,246,663,25184,352,289280,08_car_exit,fixed_int6,80,6
0,0,0,127,663,0,64,854,08_car_exit,fixed_int6,81,6
0,0,0,127,663,0,64,854,08_car_exit,fixed_int6,82,6
0,0,0,127,663,0,64,854,08_car_exit,fixed_int6,83,6
0,0,0,127,663,0,64,854,08_car_exit,fixed_int6,84,6
0,0,0,127,663,0,64,854,08_car_exit,fixed_int6,85,6
0,0,0,127,663,0,64,854,08_car_exit,fixed_int6,86,6
0,0,0,127,663,0,64,854,08_car_exit,fixed_int6,87,6
0,0,0,127,663,0,64,854,08_car_exit,fixed_int6,88,6
0,0,0,127,663,0,64,854,08_car_exit,fixed_int6,89,6
0,0,0,126,663,0,64,853,08_car_exit,fixed_int6,9,6
0,0,0,127,663,0,64,854,08_car_exit,fixed_int6,90,6
0,0,0,127,663,0,64,854,08_car_exit,fixed_int6,91,6
0,0,0,127,663,0,64,854,08_car_exit,fixed_int6,92,6
0,0,0,127,663,0,64,854,08_car_exit,fixed_int6,93,6
0,0,0,127,663,0,64,854,08_car_exit,fixed_int6,94,6
0,0,0,127,663,0,64,854,08_car_exit,fixed_int6,95,6
569,131133,131133,246,663,25184,352,289280,08_car_exit,fixed_int6,96,6
0,0,0,127,663,0,64,854,08_car_exit,fixed_int6,97,6
0,0,0,127,663,0,64,854,08_car_exit,fixed_int6,98,6
0,0,0,127,663,0,64,854,08_car_exit,fixed_int6,99,6
569,131133,131133,245,663,33376,352,297471,08_car_exit,fixed_int8,0,8
0,0,0,126,663,0,64,853,08_car_exit,fixed_int8,1,8
0,0,0,127,663,0,64,854,08_car_exit,fixed_int8,10,8
0,0,0,127,663,0,64,854,08_car_exit,fixed_int8,11,8
0,0,0,127,663,0,64,854,08_car_exit,fixed_int8,12,8
0,0,0,127,663,0,64,854,08_car_exit,fixed_int8,13,8
0,0,0,127,663,0,64,854,08_car_exit,fixed_int8,14,8
0,0,0,127,663,0,64,854,08_car_exit,fixed_int8,15,8
569,131133,131133,246,663,33376,352,297472,08_car_exit,fixed_int8,16,8
0,0,0,127,663,0,64,854,08_car_exit,fixed_int8,17,8
0,0,0,127,663,0,64,854,08_car_exit,fixed_int8,18,8
0,0,0,127,663,0,64,854,08_car_exit,fixed_int8,19,8
0,0,0,126,663,0,64,853,08_car_exit,fixed_int8,2,8
0,0,0,127,663,0,64,854,08_car_exit,fixed_int8,20,8
0,0,0,127,663,0,64,854,08_car_exit,fixed_int8,21,8
0,0,0,127,663,0,64,854,08_car_exit,fixed_int8,22,8
0,0,0,127,663,0,64,854,08_car_exit,fixed_int8,23,8
0,0,0,127,663,0,64,854,08_car_exit,fixed_int8,24,8
0,0,0,127,663,0,64,854,08_car_exit,fixed_int8,25,8
0,0,0,127,663,0,64,854,08_car_exit,fixed_int8,26,8
0,0,0,127,663,0,64,854,08_car_exit,fixed_int8,27,8
0,0,0,127,663,0,64,854,08_car_exit,fixed_int8,28,8
0,0,0,127,663,0,64,854,08_car_exit,fixed_int8,29,8
0,0,0,126,663,0,64,853,08_car_exit,fixed_int8,3,8
0,0,0,127,663,0,64,854,08_car_exit,fixed_int8,30,8
0,0,0,127,663,0,64,854,08_car_exit,fixed_int8,31,8
569,131133,131133,246,663,33376,352,297472,08_car_exit,fixed_int8,32,8
0,0,0,127,663,0,64,854,08_car_exit,fixed_int8,33,8
0,0,0,127,663,0,64,854,08_car_exit,fixed_int8,34,8
0,0,0,127,663,0,64,854,08_car_exit,fixed_int8,35,8
0,0,0,127,663,0,64,854,08_car_exit,fixed_int8,36,8
0,0,0,127,663,0,64,854,08_car_exit,fixed_int8,37,8
0,0,0,127,663,0,64,854,08_car_exit,fixed_int8,38,8
0,0,0,127,663,0,64,854,08_car_exit,fixed_int8,39,8
0,0,0,126,663,0,64,853,08_car_exit,fixed_int8,4,8
0,0,0,127,663,0,64,854,08_car_exit,fixed_int8,40,8
0,0,0,127,663,0,64,854,08_car_exit,fixed_int8,41,8
0,0,0,127,663,0,64,854,08_car_exit,fixed_int8,42,8
0,0,0,127,663,0,64,854,08_car_exit,fixed_int8,43,8
0,0,0,127,663,0,64,854,08_car_exit,fixed_int8,44,8
0,0,0,127,663,0,64,854,08_car_exit,fixed_int8,45,8
0,0,0,127,663,0,64,854,08_car_exit,fixed_int8,46,8
0,0,0,127,663,0,64,854,08_car_exit,fixed_int8,47,8
569,131133,131133,246,663,33376,352,297472,08_car_exit,fixed_int8,48,8
0,0,0,127,663,0,64,854,08_car_exit,fixed_int8,49,8
0,0,0,126,663,0,64,853,08_car_exit,fixed_int8,5,8
0,0,0,127,663,0,64,854,08_car_exit,fixed_int8,50,8
0,0,0,127,663,0,64,854,08_car_exit,fixed_int8,51,8
0,0,0,127,663,0,64,854,08_car_exit,fixed_int8,52,8
0,0,0,127,663,0,64,854,08_car_exit,fixed_int8,53,8
0,0,0,127,663,0,64,854,08_car_exit,fixed_int8,54,8
0,0,0,127,663,0,64,854,08_car_exit,fixed_int8,55,8
0,0,0,127,663,0,64,854,08_car_exit,fixed_int8,56,8
0,0,0,127,663,0,64,854,08_car_exit,fixed_int8,57,8
0,0,0,127,663,0,64,854,08_car_exit,fixed_int8,58,8
0,0,0,127,663,0,64,854,08_car_exit,fixed_int8,59,8
0,0,0,126,663,0,64,853,08_car_exit,fixed_int8,6,8
0,0,0,127,663,0,64,854,08_car_exit,fixed_int8,60,8
0,0,0,127,663,0,64,854,08_car_exit,fixed_int8,61,8
0,0,0,127,663,0,64,854,08_car_exit,fixed_int8,62,8
0,0,0,127,663,0,64,854,08_car_exit,fixed_int8,63,8
569,131133,131133,246,663,33376,352,297472,08_car_exit,fixed_int8,64,8
0,0,0,127,663,0,64,854,08_car_exit,fixed_int8,65,8
0,0,0,127,663,0,64,854,08_car_exit,fixed_int8,66,8
0,0,0,127,663,0,64,854,08_car_exit,fixed_int8,67,8
0,0,0,127,663,0,64,854,08_car_exit,fixed_int8,68,8
0,0,0,127,663,0,64,854,08_car_exit,fixed_int8,69,8
0,0,0,126,663,0,64,853,08_car_exit,fixed_int8,7,8
0,0,0,127,663,0,64,854,08_car_exit,fixed_int8,70,8
0,0,0,127,663,0,64,854,08_car_exit,fixed_int8,71,8
0,0,0,127,663,0,64,854,08_car_exit,fixed_int8,72,8
0,0,0,127,663,0,64,854,08_car_exit,fixed_int8,73,8
0,0,0,127,663,0,64,854,08_car_exit,fixed_int8,74,8
0,0,0,127,663,0,64,854,08_car_exit,fixed_int8,75,8
0,0,0,127,663,0,64,854,08_car_exit,fixed_int8,76,8
0,0,0,127,663,0,64,854,08_car_exit,fixed_int8,77,8
0,0,0,127,663,0,64,854,08_car_exit,fixed_int8,78,8
0,0,0,127,663,0,64,854,08_car_exit,fixed_int8,79,8
0,0,0,126,663,0,64,853,08_car_exit,fixed_int8,8,8
569,131133,131133,246,663,33376,352,297472,08_car_exit,fixed_int8,80,8
0,0,0,127,663,0,64,854,08_car_exit,fixed_int8,81,8
0,0,0,127,663,0,64,854,08_car_exit,fixed_int8,82,8
0,0,0,127,663,0,64,854,08_car_exit,fixed_int8,83,8
0,0,0,127,663,0,64,854,08_car_exit,fixed_int8,84,8
0,0,0,127,663,0,64,854,08_car_exit,fixed_int8,85,8
0,0,0,127,663,0,64,854,08_car_exit,fixed_int8,86,8
0,0,0,127,663,0,64,854,08_car_exit,fixed_int8,87,8
0,0,0,127,663,0,64,854,08_car_exit,fixed_int8,88,8
0,0,0,127,663,0,64,854,08_car_exit,fixed_int8,89,8
0,0,0,126,663,0,64,853,08_car_exit,fixed_int8,9,8
0,0,0,127,663,0,64,854,08_car_exit,fixed_int8,90,8
0,0,0,127,663,0,64,854,08_car_exit,fixed_int8,91,8
0,0,0,127,663,0,64,854,08_car_exit,fixed_int8,92,8
0,0,0,127,663,0,64,854,08_car_exit,fixed_int8,93,8
0,0,0,127,663,0,64,854,08_car_exit,fixed_int8,94,8
0,0,0,127,663,0,64,854,08_car_exit,fixed_int8,95,8
569,131133,131133,246,663,33376,352,297472,08_car_exit,fixed_int8,96,8
0,0,0,127,663,0,64,854,08_car_exit,fixed_int8,97,8
0,0,0,127,663,0,64,854,08_car_exit,fixed_int8,98,8
0,0,0,127,663,0,64,854,08_car_exit,fixed_int8,99,8
241,131133,131133,256,432,0,146,263341,09_scene_cut_chair_car,fixed_awgn,0,
0,0,0,137,432,0,64,633,09_scene_cut_chair_car,fixed_awgn,1,
0,0,0,138,432,0,64,634,09_scene_cut_chair_car,fixed_awgn,10,
0,0,0,138,432,0,64,634,09_scene_cut_chair_car,fixed_awgn,11,
0,0,0,138,432,0,64,634,09_scene_cut_chair_car,fixed_awgn,12,
0,0,0,138,432,0,64,634,09_scene_cut_chair_car,fixed_awgn,13,
0,0,0,138,432,0,64,634,09_scene_cut_chair_car,fixed_awgn,14,
0,0,0,138,432,0,64,634,09_scene_cut_chair_car,fixed_awgn,15,
241,131133,131133,257,432,0,146,263342,09_scene_cut_chair_car,fixed_awgn,16,
0,0,0,138,432,0,64,634,09_scene_cut_chair_car,fixed_awgn,17,
0,0,0,138,432,0,64,634,09_scene_cut_chair_car,fixed_awgn,18,
0,0,0,138,432,0,64,634,09_scene_cut_chair_car,fixed_awgn,19,
0,0,0,137,432,0,64,633,09_scene_cut_chair_car,fixed_awgn,2,
0,0,0,138,432,0,64,634,09_scene_cut_chair_car,fixed_awgn,20,
0,0,0,138,432,0,64,634,09_scene_cut_chair_car,fixed_awgn,21,
0,0,0,138,432,0,64,634,09_scene_cut_chair_car,fixed_awgn,22,
0,0,0,138,432,0,64,634,09_scene_cut_chair_car,fixed_awgn,23,
0,0,0,138,432,0,64,634,09_scene_cut_chair_car,fixed_awgn,24,
0,0,0,138,432,0,64,634,09_scene_cut_chair_car,fixed_awgn,25,
0,0,0,138,432,0,64,634,09_scene_cut_chair_car,fixed_awgn,26,
0,0,0,138,432,0,64,634,09_scene_cut_chair_car,fixed_awgn,27,
0,0,0,138,432,0,64,634,09_scene_cut_chair_car,fixed_awgn,28,
0,0,0,138,432,0,64,634,09_scene_cut_chair_car,fixed_awgn,29,
0,0,0,137,432,0,64,633,09_scene_cut_chair_car,fixed_awgn,3,
393,131133,131133,257,514,0,146,263576,09_scene_cut_chair_car,fixed_awgn,30,
0,0,0,138,514,0,64,716,09_scene_cut_chair_car,fixed_awgn,31,
0,0,0,138,514,0,64,716,09_scene_cut_chair_car,fixed_awgn,32,
0,0,0,138,514,0,64,716,09_scene_cut_chair_car,fixed_awgn,33,
0,0,0,138,514,0,64,716,09_scene_cut_chair_car,fixed_awgn,34,
0,0,0,138,514,0,64,716,09_scene_cut_chair_car,fixed_awgn,35,
0,0,0,138,514,0,64,716,09_scene_cut_chair_car,fixed_awgn,36,
0,0,0,138,514,0,64,716,09_scene_cut_chair_car,fixed_awgn,37,
0,0,0,138,514,0,64,716,09_scene_cut_chair_car,fixed_awgn,38,
0,0,0,138,514,0,64,716,09_scene_cut_chair_car,fixed_awgn,39,
0,0,0,137,432,0,64,633,09_scene_cut_chair_car,fixed_awgn,4,
0,0,0,138,514,0,64,716,09_scene_cut_chair_car,fixed_awgn,40,
0,0,0,138,514,0,64,716,09_scene_cut_chair_car,fixed_awgn,41,
0,0,0,138,514,0,64,716,09_scene_cut_chair_car,fixed_awgn,42,
0,0,0,138,514,0,64,716,09_scene_cut_chair_car,fixed_awgn,43,
0,0,0,138,514,0,64,716,09_scene_cut_chair_car,fixed_awgn,44,
0,0,0,138,514,0,64,716,09_scene_cut_chair_car,fixed_awgn,45,
393,131133,131133,257,514,0,146,263576,09_scene_cut_chair_car,fixed_awgn,46,
0,0,0,138,514,0,64,716,09_scene_cut_chair_car,fixed_awgn,47,
0,0,0,138,514,0,64,716,09_scene_cut_chair_car,fixed_awgn,48,
0,0,0,138,514,0,64,716,09_scene_cut_chair_car,fixed_awgn,49,
0,0,0,137,432,0,64,633,09_scene_cut_chair_car,fixed_awgn,5,
0,0,0,138,514,0,64,716,09_scene_cut_chair_car,fixed_awgn,50,
0,0,0,138,514,0,64,716,09_scene_cut_chair_car,fixed_awgn,51,
0,0,0,138,514,0,64,716,09_scene_cut_chair_car,fixed_awgn,52,
0,0,0,138,514,0,64,716,09_scene_cut_chair_car,fixed_awgn,53,
0,0,0,138,514,0,64,716,09_scene_cut_chair_car,fixed_awgn,54,
0,0,0,138,514,0,64,716,09_scene_cut_chair_car,fixed_awgn,55,
0,0,0,138,514,0,64,716,09_scene_cut_chair_car,fixed_awgn,56,
0,0,0,138,514,0,64,716,09_scene_cut_chair_car,fixed_awgn,57,
0,0,0,138,514,0,64,716,09_scene_cut_chair_car,fixed_awgn,58,
0,0,0,138,514,0,64,716,09_scene_cut_chair_car,fixed_awgn,59,
0,0,0,137,432,0,64,633,09_scene_cut_chair_car,fixed_awgn,6,
0,0,0,138,514,0,64,716,09_scene_cut_chair_car,fixed_awgn,60,
0,0,0,138,514,0,64,716,09_scene_cut_chair_car,fixed_awgn,61,
393,131133,131133,257,514,0,146,263576,09_scene_cut_chair_car,fixed_awgn,62,
0,0,0,138,514,0,64,716,09_scene_cut_chair_car,fixed_awgn,63,
0,0,0,138,514,0,64,716,09_scene_cut_chair_car,fixed_awgn,64,
0,0,0,138,514,0,64,716,09_scene_cut_chair_car,fixed_awgn,65,
0,0,0,138,514,0,64,716,09_scene_cut_chair_car,fixed_awgn,66,
0,0,0,138,514,0,64,716,09_scene_cut_chair_car,fixed_awgn,67,
0,0,0,138,514,0,64,716,09_scene_cut_chair_car,fixed_awgn,68,
0,0,0,138,514,0,64,716,09_scene_cut_chair_car,fixed_awgn,69,
0,0,0,137,432,0,64,633,09_scene_cut_chair_car,fixed_awgn,7,
0,0,0,138,514,0,64,716,09_scene_cut_chair_car,fixed_awgn,70,
0,0,0,138,514,0,64,716,09_scene_cut_chair_car,fixed_awgn,71,
0,0,0,138,514,0,64,716,09_scene_cut_chair_car,fixed_awgn,72,
0,0,0,138,514,0,64,716,09_scene_cut_chair_car,fixed_awgn,73,
0,0,0,138,514,0,64,716,09_scene_cut_chair_car,fixed_awgn,74,
0,0,0,138,514,0,64,716,09_scene_cut_chair_car,fixed_awgn,75,
0,0,0,138,514,0,64,716,09_scene_cut_chair_car,fixed_awgn,76,
0,0,0,138,514,0,64,716,09_scene_cut_chair_car,fixed_awgn,77,
393,131133,131133,257,514,0,146,263576,09_scene_cut_chair_car,fixed_awgn,78,
0,0,0,138,514,0,64,716,09_scene_cut_chair_car,fixed_awgn,79,
0,0,0,137,432,0,64,633,09_scene_cut_chair_car,fixed_awgn,8,
0,0,0,138,514,0,64,716,09_scene_cut_chair_car,fixed_awgn,80,
0,0,0,138,514,0,64,716,09_scene_cut_chair_car,fixed_awgn,81,
0,0,0,138,514,0,64,716,09_scene_cut_chair_car,fixed_awgn,82,
0,0,0,138,514,0,64,716,09_scene_cut_chair_car,fixed_awgn,83,
0,0,0,138,514,0,64,716,09_scene_cut_chair_car,fixed_awgn,84,
0,0,0,138,514,0,64,716,09_scene_cut_chair_car,fixed_awgn,85,
0,0,0,138,514,0,64,716,09_scene_cut_chair_car,fixed_awgn,86,
0,0,0,138,514,0,64,716,09_scene_cut_chair_car,fixed_awgn,87,
0,0,0,138,514,0,64,716,09_scene_cut_chair_car,fixed_awgn,88,
0,0,0,138,514,0,64,716,09_scene_cut_chair_car,fixed_awgn,89,
0,0,0,137,432,0,64,633,09_scene_cut_chair_car,fixed_awgn,9,
0,0,0,138,514,0,64,716,09_scene_cut_chair_car,fixed_awgn,90,
0,0,0,138,514,0,64,716,09_scene_cut_chair_car,fixed_awgn,91,
0,0,0,138,514,0,64,716,09_scene_cut_chair_car,fixed_awgn,92,
0,0,0,138,514,0,64,716,09_scene_cut_chair_car,fixed_awgn,93,
393,131133,131133,257,514,0,146,263576,09_scene_cut_chair_car,fixed_awgn,94,
0,0,0,138,514,0,64,716,09_scene_cut_chair_car,fixed_awgn,95,
0,0,0,138,514,0,64,716,09_scene_cut_chair_car,fixed_awgn,96,
0,0,0,138,514,0,64,716,09_scene_cut_chair_car,fixed_awgn,97,
0,0,0,138,514,0,64,716,09_scene_cut_chair_car,fixed_awgn,98,
0,0,0,138,514,0,64,716,09_scene_cut_chair_car,fixed_awgn,99,
241,131133,131133,259,432,131680,352,395230,09_scene_cut_chair_car,fixed_float32,0,32
0,0,0,140,432,0,64,636,09_scene_cut_chair_car,fixed_float32,1,32
0,0,0,141,432,0,64,637,09_scene_cut_chair_car,fixed_float32,10,32
0,0,0,141,432,0,64,637,09_scene_cut_chair_car,fixed_float32,11,32
0,0,0,141,432,0,64,637,09_scene_cut_chair_car,fixed_float32,12,32
0,0,0,141,432,0,64,637,09_scene_cut_chair_car,fixed_float32,13,32
0,0,0,141,432,0,64,637,09_scene_cut_chair_car,fixed_float32,14,32
0,0,0,141,432,0,64,637,09_scene_cut_chair_car,fixed_float32,15,32
241,131133,131133,260,432,131680,352,395231,09_scene_cut_chair_car,fixed_float32,16,32
0,0,0,141,432,0,64,637,09_scene_cut_chair_car,fixed_float32,17,32
0,0,0,141,432,0,64,637,09_scene_cut_chair_car,fixed_float32,18,32
0,0,0,141,432,0,64,637,09_scene_cut_chair_car,fixed_float32,19,32
0,0,0,140,432,0,64,636,09_scene_cut_chair_car,fixed_float32,2,32
0,0,0,141,432,0,64,637,09_scene_cut_chair_car,fixed_float32,20,32
0,0,0,141,432,0,64,637,09_scene_cut_chair_car,fixed_float32,21,32
0,0,0,141,432,0,64,637,09_scene_cut_chair_car,fixed_float32,22,32
0,0,0,141,432,0,64,637,09_scene_cut_chair_car,fixed_float32,23,32
0,0,0,141,432,0,64,637,09_scene_cut_chair_car,fixed_float32,24,32
0,0,0,141,432,0,64,637,09_scene_cut_chair_car,fixed_float32,25,32
0,0,0,141,432,0,64,637,09_scene_cut_chair_car,fixed_float32,26,32
0,0,0,141,432,0,64,637,09_scene_cut_chair_car,fixed_float32,27,32
0,0,0,141,432,0,64,637,09_scene_cut_chair_car,fixed_float32,28,32
0,0,0,141,432,0,64,637,09_scene_cut_chair_car,fixed_float32,29,32
0,0,0,140,432,0,64,636,09_scene_cut_chair_car,fixed_float32,3,32
393,131133,131133,260,514,131680,352,395465,09_scene_cut_chair_car,fixed_float32,30,32
0,0,0,141,514,0,64,719,09_scene_cut_chair_car,fixed_float32,31,32
0,0,0,141,514,0,64,719,09_scene_cut_chair_car,fixed_float32,32,32
0,0,0,141,514,0,64,719,09_scene_cut_chair_car,fixed_float32,33,32
0,0,0,141,514,0,64,719,09_scene_cut_chair_car,fixed_float32,34,32
0,0,0,141,514,0,64,719,09_scene_cut_chair_car,fixed_float32,35,32
0,0,0,141,514,0,64,719,09_scene_cut_chair_car,fixed_float32,36,32
0,0,0,141,514,0,64,719,09_scene_cut_chair_car,fixed_float32,37,32
0,0,0,141,514,0,64,719,09_scene_cut_chair_car,fixed_float32,38,32
0,0,0,141,514,0,64,719,09_scene_cut_chair_car,fixed_float32,39,32
0,0,0,140,432,0,64,636,09_scene_cut_chair_car,fixed_float32,4,32
0,0,0,141,514,0,64,719,09_scene_cut_chair_car,fixed_float32,40,32
0,0,0,141,514,0,64,719,09_scene_cut_chair_car,fixed_float32,41,32
0,0,0,141,514,0,64,719,09_scene_cut_chair_car,fixed_float32,42,32
0,0,0,141,514,0,64,719,09_scene_cut_chair_car,fixed_float32,43,32
0,0,0,141,514,0,64,719,09_scene_cut_chair_car,fixed_float32,44,32
0,0,0,141,514,0,64,719,09_scene_cut_chair_car,fixed_float32,45,32
393,131133,131133,260,514,131680,352,395465,09_scene_cut_chair_car,fixed_float32,46,32
0,0,0,141,514,0,64,719,09_scene_cut_chair_car,fixed_float32,47,32
0,0,0,141,514,0,64,719,09_scene_cut_chair_car,fixed_float32,48,32
0,0,0,141,514,0,64,719,09_scene_cut_chair_car,fixed_float32,49,32
0,0,0,140,432,0,64,636,09_scene_cut_chair_car,fixed_float32,5,32
0,0,0,141,514,0,64,719,09_scene_cut_chair_car,fixed_float32,50,32
0,0,0,141,514,0,64,719,09_scene_cut_chair_car,fixed_float32,51,32
0,0,0,141,514,0,64,719,09_scene_cut_chair_car,fixed_float32,52,32
0,0,0,141,514,0,64,719,09_scene_cut_chair_car,fixed_float32,53,32
0,0,0,141,514,0,64,719,09_scene_cut_chair_car,fixed_float32,54,32
0,0,0,141,514,0,64,719,09_scene_cut_chair_car,fixed_float32,55,32
0,0,0,141,514,0,64,719,09_scene_cut_chair_car,fixed_float32,56,32
0,0,0,141,514,0,64,719,09_scene_cut_chair_car,fixed_float32,57,32
0,0,0,141,514,0,64,719,09_scene_cut_chair_car,fixed_float32,58,32
0,0,0,141,514,0,64,719,09_scene_cut_chair_car,fixed_float32,59,32
0,0,0,140,432,0,64,636,09_scene_cut_chair_car,fixed_float32,6,32
0,0,0,141,514,0,64,719,09_scene_cut_chair_car,fixed_float32,60,32
0,0,0,141,514,0,64,719,09_scene_cut_chair_car,fixed_float32,61,32
393,131133,131133,260,514,131680,352,395465,09_scene_cut_chair_car,fixed_float32,62,32
0,0,0,141,514,0,64,719,09_scene_cut_chair_car,fixed_float32,63,32
0,0,0,141,514,0,64,719,09_scene_cut_chair_car,fixed_float32,64,32
0,0,0,141,514,0,64,719,09_scene_cut_chair_car,fixed_float32,65,32
0,0,0,141,514,0,64,719,09_scene_cut_chair_car,fixed_float32,66,32
0,0,0,141,514,0,64,719,09_scene_cut_chair_car,fixed_float32,67,32
0,0,0,141,514,0,64,719,09_scene_cut_chair_car,fixed_float32,68,32
0,0,0,141,514,0,64,719,09_scene_cut_chair_car,fixed_float32,69,32
0,0,0,140,432,0,64,636,09_scene_cut_chair_car,fixed_float32,7,32
0,0,0,141,514,0,64,719,09_scene_cut_chair_car,fixed_float32,70,32
0,0,0,141,514,0,64,719,09_scene_cut_chair_car,fixed_float32,71,32
0,0,0,141,514,0,64,719,09_scene_cut_chair_car,fixed_float32,72,32
0,0,0,141,514,0,64,719,09_scene_cut_chair_car,fixed_float32,73,32
0,0,0,141,514,0,64,719,09_scene_cut_chair_car,fixed_float32,74,32
0,0,0,141,514,0,64,719,09_scene_cut_chair_car,fixed_float32,75,32
0,0,0,141,514,0,64,719,09_scene_cut_chair_car,fixed_float32,76,32
0,0,0,141,514,0,64,719,09_scene_cut_chair_car,fixed_float32,77,32
393,131133,131133,260,514,131680,352,395465,09_scene_cut_chair_car,fixed_float32,78,32
0,0,0,141,514,0,64,719,09_scene_cut_chair_car,fixed_float32,79,32
0,0,0,140,432,0,64,636,09_scene_cut_chair_car,fixed_float32,8,32
0,0,0,141,514,0,64,719,09_scene_cut_chair_car,fixed_float32,80,32
0,0,0,141,514,0,64,719,09_scene_cut_chair_car,fixed_float32,81,32
0,0,0,141,514,0,64,719,09_scene_cut_chair_car,fixed_float32,82,32
0,0,0,141,514,0,64,719,09_scene_cut_chair_car,fixed_float32,83,32
0,0,0,141,514,0,64,719,09_scene_cut_chair_car,fixed_float32,84,32
0,0,0,141,514,0,64,719,09_scene_cut_chair_car,fixed_float32,85,32
0,0,0,141,514,0,64,719,09_scene_cut_chair_car,fixed_float32,86,32
0,0,0,141,514,0,64,719,09_scene_cut_chair_car,fixed_float32,87,32
0,0,0,141,514,0,64,719,09_scene_cut_chair_car,fixed_float32,88,32
0,0,0,141,514,0,64,719,09_scene_cut_chair_car,fixed_float32,89,32
0,0,0,140,432,0,64,636,09_scene_cut_chair_car,fixed_float32,9,32
0,0,0,141,514,0,64,719,09_scene_cut_chair_car,fixed_float32,90,32
0,0,0,141,514,0,64,719,09_scene_cut_chair_car,fixed_float32,91,32
0,0,0,141,514,0,64,719,09_scene_cut_chair_car,fixed_float32,92,32
0,0,0,141,514,0,64,719,09_scene_cut_chair_car,fixed_float32,93,32
393,131133,131133,260,514,131680,352,395465,09_scene_cut_chair_car,fixed_float32,94,32
0,0,0,141,514,0,64,719,09_scene_cut_chair_car,fixed_float32,95,32
0,0,0,141,514,0,64,719,09_scene_cut_chair_car,fixed_float32,96,32
0,0,0,141,514,0,64,719,09_scene_cut_chair_car,fixed_float32,97,32
0,0,0,141,514,0,64,719,09_scene_cut_chair_car,fixed_float32,98,32
0,0,0,141,514,0,64,719,09_scene_cut_chair_car,fixed_float32,99,32
241,131133,131133,257,432,66144,352,329692,09_scene_cut_chair_car,fixed_int16,0,16
0,0,0,138,432,0,64,634,09_scene_cut_chair_car,fixed_int16,1,16
0,0,0,139,432,0,64,635,09_scene_cut_chair_car,fixed_int16,10,16
0,0,0,139,432,0,64,635,09_scene_cut_chair_car,fixed_int16,11,16
0,0,0,139,432,0,64,635,09_scene_cut_chair_car,fixed_int16,12,16
0,0,0,139,432,0,64,635,09_scene_cut_chair_car,fixed_int16,13,16
0,0,0,139,432,0,64,635,09_scene_cut_chair_car,fixed_int16,14,16
0,0,0,139,432,0,64,635,09_scene_cut_chair_car,fixed_int16,15,16
241,131133,131133,258,432,66144,352,329693,09_scene_cut_chair_car,fixed_int16,16,16
0,0,0,139,432,0,64,635,09_scene_cut_chair_car,fixed_int16,17,16
0,0,0,139,432,0,64,635,09_scene_cut_chair_car,fixed_int16,18,16
0,0,0,139,432,0,64,635,09_scene_cut_chair_car,fixed_int16,19,16
0,0,0,138,432,0,64,634,09_scene_cut_chair_car,fixed_int16,2,16
0,0,0,139,432,0,64,635,09_scene_cut_chair_car,fixed_int16,20,16
0,0,0,139,432,0,64,635,09_scene_cut_chair_car,fixed_int16,21,16
0,0,0,139,432,0,64,635,09_scene_cut_chair_car,fixed_int16,22,16
0,0,0,139,432,0,64,635,09_scene_cut_chair_car,fixed_int16,23,16
0,0,0,139,432,0,64,635,09_scene_cut_chair_car,fixed_int16,24,16
0,0,0,139,432,0,64,635,09_scene_cut_chair_car,fixed_int16,25,16
0,0,0,139,432,0,64,635,09_scene_cut_chair_car,fixed_int16,26,16
0,0,0,139,432,0,64,635,09_scene_cut_chair_car,fixed_int16,27,16
0,0,0,139,432,0,64,635,09_scene_cut_chair_car,fixed_int16,28,16
0,0,0,139,432,0,64,635,09_scene_cut_chair_car,fixed_int16,29,16
0,0,0,138,432,0,64,634,09_scene_cut_chair_car,fixed_int16,3,16
393,131133,131133,258,514,66144,352,329927,09_scene_cut_chair_car,fixed_int16,30,16
0,0,0,139,514,0,64,717,09_scene_cut_chair_car,fixed_int16,31,16
0,0,0,139,514,0,64,717,09_scene_cut_chair_car,fixed_int16,32,16
0,0,0,139,514,0,64,717,09_scene_cut_chair_car,fixed_int16,33,16
0,0,0,139,514,0,64,717,09_scene_cut_chair_car,fixed_int16,34,16
0,0,0,139,514,0,64,717,09_scene_cut_chair_car,fixed_int16,35,16
0,0,0,139,514,0,64,717,09_scene_cut_chair_car,fixed_int16,36,16
0,0,0,139,514,0,64,717,09_scene_cut_chair_car,fixed_int16,37,16
0,0,0,139,514,0,64,717,09_scene_cut_chair_car,fixed_int16,38,16
0,0,0,139,514,0,64,717,09_scene_cut_chair_car,fixed_int16,39,16
0,0,0,138,432,0,64,634,09_scene_cut_chair_car,fixed_int16,4,16
0,0,0,139,514,0,64,717,09_scene_cut_chair_car,fixed_int16,40,16
0,0,0,139,514,0,64,717,09_scene_cut_chair_car,fixed_int16,41,16
0,0,0,139,514,0,64,717,09_scene_cut_chair_car,fixed_int16,42,16
0,0,0,139,514,0,64,717,09_scene_cut_chair_car,fixed_int16,43,16
0,0,0,139,514,0,64,717,09_scene_cut_chair_car,fixed_int16,44,16
0,0,0,139,514,0,64,717,09_scene_cut_chair_car,fixed_int16,45,16
393,131133,131133,258,514,66144,352,329927,09_scene_cut_chair_car,fixed_int16,46,16
0,0,0,139,514,0,64,717,09_scene_cut_chair_car,fixed_int16,47,16
0,0,0,139,514,0,64,717,09_scene_cut_chair_car,fixed_int16,48,16
0,0,0,139,514,0,64,717,09_scene_cut_chair_car,fixed_int16,49,16
0,0,0,138,432,0,64,634,09_scene_cut_chair_car,fixed_int16,5,16
0,0,0,139,514,0,64,717,09_scene_cut_chair_car,fixed_int16,50,16
0,0,0,139,514,0,64,717,09_scene_cut_chair_car,fixed_int16,51,16
0,0,0,139,514,0,64,717,09_scene_cut_chair_car,fixed_int16,52,16
0,0,0,139,514,0,64,717,09_scene_cut_chair_car,fixed_int16,53,16
0,0,0,139,514,0,64,717,09_scene_cut_chair_car,fixed_int16,54,16
0,0,0,139,514,0,64,717,09_scene_cut_chair_car,fixed_int16,55,16
0,0,0,139,514,0,64,717,09_scene_cut_chair_car,fixed_int16,56,16
0,0,0,139,514,0,64,717,09_scene_cut_chair_car,fixed_int16,57,16
0,0,0,139,514,0,64,717,09_scene_cut_chair_car,fixed_int16,58,16
0,0,0,139,514,0,64,717,09_scene_cut_chair_car,fixed_int16,59,16
0,0,0,138,432,0,64,634,09_scene_cut_chair_car,fixed_int16,6,16
0,0,0,139,514,0,64,717,09_scene_cut_chair_car,fixed_int16,60,16
0,0,0,139,514,0,64,717,09_scene_cut_chair_car,fixed_int16,61,16
393,131133,131133,258,514,66144,352,329927,09_scene_cut_chair_car,fixed_int16,62,16
0,0,0,139,514,0,64,717,09_scene_cut_chair_car,fixed_int16,63,16
0,0,0,139,514,0,64,717,09_scene_cut_chair_car,fixed_int16,64,16
0,0,0,139,514,0,64,717,09_scene_cut_chair_car,fixed_int16,65,16
0,0,0,139,514,0,64,717,09_scene_cut_chair_car,fixed_int16,66,16
0,0,0,139,514,0,64,717,09_scene_cut_chair_car,fixed_int16,67,16
0,0,0,139,514,0,64,717,09_scene_cut_chair_car,fixed_int16,68,16
0,0,0,139,514,0,64,717,09_scene_cut_chair_car,fixed_int16,69,16
0,0,0,138,432,0,64,634,09_scene_cut_chair_car,fixed_int16,7,16
0,0,0,139,514,0,64,717,09_scene_cut_chair_car,fixed_int16,70,16
0,0,0,139,514,0,64,717,09_scene_cut_chair_car,fixed_int16,71,16
0,0,0,139,514,0,64,717,09_scene_cut_chair_car,fixed_int16,72,16
0,0,0,139,514,0,64,717,09_scene_cut_chair_car,fixed_int16,73,16
0,0,0,139,514,0,64,717,09_scene_cut_chair_car,fixed_int16,74,16
0,0,0,139,514,0,64,717,09_scene_cut_chair_car,fixed_int16,75,16
0,0,0,139,514,0,64,717,09_scene_cut_chair_car,fixed_int16,76,16
0,0,0,139,514,0,64,717,09_scene_cut_chair_car,fixed_int16,77,16
393,131133,131133,258,514,66144,352,329927,09_scene_cut_chair_car,fixed_int16,78,16
0,0,0,139,514,0,64,717,09_scene_cut_chair_car,fixed_int16,79,16
0,0,0,138,432,0,64,634,09_scene_cut_chair_car,fixed_int16,8,16
0,0,0,139,514,0,64,717,09_scene_cut_chair_car,fixed_int16,80,16
0,0,0,139,514,0,64,717,09_scene_cut_chair_car,fixed_int16,81,16
0,0,0,139,514,0,64,717,09_scene_cut_chair_car,fixed_int16,82,16
0,0,0,139,514,0,64,717,09_scene_cut_chair_car,fixed_int16,83,16
0,0,0,139,514,0,64,717,09_scene_cut_chair_car,fixed_int16,84,16
0,0,0,139,514,0,64,717,09_scene_cut_chair_car,fixed_int16,85,16
0,0,0,139,514,0,64,717,09_scene_cut_chair_car,fixed_int16,86,16
0,0,0,139,514,0,64,717,09_scene_cut_chair_car,fixed_int16,87,16
0,0,0,139,514,0,64,717,09_scene_cut_chair_car,fixed_int16,88,16
0,0,0,139,514,0,64,717,09_scene_cut_chair_car,fixed_int16,89,16
0,0,0,138,432,0,64,634,09_scene_cut_chair_car,fixed_int16,9,16
0,0,0,139,514,0,64,717,09_scene_cut_chair_car,fixed_int16,90,16
0,0,0,139,514,0,64,717,09_scene_cut_chair_car,fixed_int16,91,16
0,0,0,139,514,0,64,717,09_scene_cut_chair_car,fixed_int16,92,16
0,0,0,139,514,0,64,717,09_scene_cut_chair_car,fixed_int16,93,16
393,131133,131133,258,514,66144,352,329927,09_scene_cut_chair_car,fixed_int16,94,16
0,0,0,139,514,0,64,717,09_scene_cut_chair_car,fixed_int16,95,16
0,0,0,139,514,0,64,717,09_scene_cut_chair_car,fixed_int16,96,16
0,0,0,139,514,0,64,717,09_scene_cut_chair_car,fixed_int16,97,16
0,0,0,139,514,0,64,717,09_scene_cut_chair_car,fixed_int16,98,16
0,0,0,139,514,0,64,717,09_scene_cut_chair_car,fixed_int16,99,16
241,131133,131133,256,432,16992,352,280539,09_scene_cut_chair_car,fixed_int4,0,4
0,0,0,137,432,0,64,633,09_scene_cut_chair_car,fixed_int4,1,4
0,0,0,138,432,0,64,634,09_scene_cut_chair_car,fixed_int4,10,4
0,0,0,138,432,0,64,634,09_scene_cut_chair_car,fixed_int4,11,4
0,0,0,138,432,0,64,634,09_scene_cut_chair_car,fixed_int4,12,4
0,0,0,138,432,0,64,634,09_scene_cut_chair_car,fixed_int4,13,4
0,0,0,138,432,0,64,634,09_scene_cut_chair_car,fixed_int4,14,4
0,0,0,138,432,0,64,634,09_scene_cut_chair_car,fixed_int4,15,4
241,131133,131133,257,432,16992,352,280540,09_scene_cut_chair_car,fixed_int4,16,4
0,0,0,138,432,0,64,634,09_scene_cut_chair_car,fixed_int4,17,4
0,0,0,138,432,0,64,634,09_scene_cut_chair_car,fixed_int4,18,4
0,0,0,138,432,0,64,634,09_scene_cut_chair_car,fixed_int4,19,4
0,0,0,137,432,0,64,633,09_scene_cut_chair_car,fixed_int4,2,4
0,0,0,138,432,0,64,634,09_scene_cut_chair_car,fixed_int4,20,4
0,0,0,138,432,0,64,634,09_scene_cut_chair_car,fixed_int4,21,4
0,0,0,138,432,0,64,634,09_scene_cut_chair_car,fixed_int4,22,4
0,0,0,138,432,0,64,634,09_scene_cut_chair_car,fixed_int4,23,4
0,0,0,138,432,0,64,634,09_scene_cut_chair_car,fixed_int4,24,4
0,0,0,138,432,0,64,634,09_scene_cut_chair_car,fixed_int4,25,4
0,0,0,138,432,0,64,634,09_scene_cut_chair_car,fixed_int4,26,4
0,0,0,138,432,0,64,634,09_scene_cut_chair_car,fixed_int4,27,4
0,0,0,138,432,0,64,634,09_scene_cut_chair_car,fixed_int4,28,4
0,0,0,138,432,0,64,634,09_scene_cut_chair_car,fixed_int4,29,4
0,0,0,137,432,0,64,633,09_scene_cut_chair_car,fixed_int4,3,4
393,131133,131133,257,514,16992,352,280774,09_scene_cut_chair_car,fixed_int4,30,4
0,0,0,138,514,0,64,716,09_scene_cut_chair_car,fixed_int4,31,4
0,0,0,138,514,0,64,716,09_scene_cut_chair_car,fixed_int4,32,4
0,0,0,138,514,0,64,716,09_scene_cut_chair_car,fixed_int4,33,4
0,0,0,138,514,0,64,716,09_scene_cut_chair_car,fixed_int4,34,4
0,0,0,138,514,0,64,716,09_scene_cut_chair_car,fixed_int4,35,4
0,0,0,138,514,0,64,716,09_scene_cut_chair_car,fixed_int4,36,4
0,0,0,138,514,0,64,716,09_scene_cut_chair_car,fixed_int4,37,4
0,0,0,138,514,0,64,716,09_scene_cut_chair_car,fixed_int4,38,4
0,0,0,138,514,0,64,716,09_scene_cut_chair_car,fixed_int4,39,4
0,0,0,137,432,0,64,633,09_scene_cut_chair_car,fixed_int4,4,4
0,0,0,138,514,0,64,716,09_scene_cut_chair_car,fixed_int4,40,4
0,0,0,138,514,0,64,716,09_scene_cut_chair_car,fixed_int4,41,4
0,0,0,138,514,0,64,716,09_scene_cut_chair_car,fixed_int4,42,4
0,0,0,138,514,0,64,716,09_scene_cut_chair_car,fixed_int4,43,4
0,0,0,138,514,0,64,716,09_scene_cut_chair_car,fixed_int4,44,4
0,0,0,138,514,0,64,716,09_scene_cut_chair_car,fixed_int4,45,4
393,131133,131133,257,514,16992,352,280774,09_scene_cut_chair_car,fixed_int4,46,4
0,0,0,138,514,0,64,716,09_scene_cut_chair_car,fixed_int4,47,4
0,0,0,138,514,0,64,716,09_scene_cut_chair_car,fixed_int4,48,4
0,0,0,138,514,0,64,716,09_scene_cut_chair_car,fixed_int4,49,4
0,0,0,137,432,0,64,633,09_scene_cut_chair_car,fixed_int4,5,4
0,0,0,138,514,0,64,716,09_scene_cut_chair_car,fixed_int4,50,4
0,0,0,138,514,0,64,716,09_scene_cut_chair_car,fixed_int4,51,4
0,0,0,138,514,0,64,716,09_scene_cut_chair_car,fixed_int4,52,4
0,0,0,138,514,0,64,716,09_scene_cut_chair_car,fixed_int4,53,4
0,0,0,138,514,0,64,716,09_scene_cut_chair_car,fixed_int4,54,4
0,0,0,138,514,0,64,716,09_scene_cut_chair_car,fixed_int4,55,4
0,0,0,138,514,0,64,716,09_scene_cut_chair_car,fixed_int4,56,4
0,0,0,138,514,0,64,716,09_scene_cut_chair_car,fixed_int4,57,4
0,0,0,138,514,0,64,716,09_scene_cut_chair_car,fixed_int4,58,4
0,0,0,138,514,0,64,716,09_scene_cut_chair_car,fixed_int4,59,4
0,0,0,137,432,0,64,633,09_scene_cut_chair_car,fixed_int4,6,4
0,0,0,138,514,0,64,716,09_scene_cut_chair_car,fixed_int4,60,4
0,0,0,138,514,0,64,716,09_scene_cut_chair_car,fixed_int4,61,4
393,131133,131133,257,514,16992,352,280774,09_scene_cut_chair_car,fixed_int4,62,4
0,0,0,138,514,0,64,716,09_scene_cut_chair_car,fixed_int4,63,4
0,0,0,138,514,0,64,716,09_scene_cut_chair_car,fixed_int4,64,4
0,0,0,138,514,0,64,716,09_scene_cut_chair_car,fixed_int4,65,4
0,0,0,138,514,0,64,716,09_scene_cut_chair_car,fixed_int4,66,4
0,0,0,138,514,0,64,716,09_scene_cut_chair_car,fixed_int4,67,4
0,0,0,138,514,0,64,716,09_scene_cut_chair_car,fixed_int4,68,4
0,0,0,138,514,0,64,716,09_scene_cut_chair_car,fixed_int4,69,4
0,0,0,137,432,0,64,633,09_scene_cut_chair_car,fixed_int4,7,4
0,0,0,138,514,0,64,716,09_scene_cut_chair_car,fixed_int4,70,4
0,0,0,138,514,0,64,716,09_scene_cut_chair_car,fixed_int4,71,4
0,0,0,138,514,0,64,716,09_scene_cut_chair_car,fixed_int4,72,4
0,0,0,138,514,0,64,716,09_scene_cut_chair_car,fixed_int4,73,4
0,0,0,138,514,0,64,716,09_scene_cut_chair_car,fixed_int4,74,4
0,0,0,138,514,0,64,716,09_scene_cut_chair_car,fixed_int4,75,4
0,0,0,138,514,0,64,716,09_scene_cut_chair_car,fixed_int4,76,4
0,0,0,138,514,0,64,716,09_scene_cut_chair_car,fixed_int4,77,4
393,131133,131133,257,514,16992,352,280774,09_scene_cut_chair_car,fixed_int4,78,4
0,0,0,138,514,0,64,716,09_scene_cut_chair_car,fixed_int4,79,4
0,0,0,137,432,0,64,633,09_scene_cut_chair_car,fixed_int4,8,4
0,0,0,138,514,0,64,716,09_scene_cut_chair_car,fixed_int4,80,4
0,0,0,138,514,0,64,716,09_scene_cut_chair_car,fixed_int4,81,4
0,0,0,138,514,0,64,716,09_scene_cut_chair_car,fixed_int4,82,4
0,0,0,138,514,0,64,716,09_scene_cut_chair_car,fixed_int4,83,4
0,0,0,138,514,0,64,716,09_scene_cut_chair_car,fixed_int4,84,4
0,0,0,138,514,0,64,716,09_scene_cut_chair_car,fixed_int4,85,4
0,0,0,138,514,0,64,716,09_scene_cut_chair_car,fixed_int4,86,4
0,0,0,138,514,0,64,716,09_scene_cut_chair_car,fixed_int4,87,4
0,0,0,138,514,0,64,716,09_scene_cut_chair_car,fixed_int4,88,4
0,0,0,138,514,0,64,716,09_scene_cut_chair_car,fixed_int4,89,4
0,0,0,137,432,0,64,633,09_scene_cut_chair_car,fixed_int4,9,4
0,0,0,138,514,0,64,716,09_scene_cut_chair_car,fixed_int4,90,4
0,0,0,138,514,0,64,716,09_scene_cut_chair_car,fixed_int4,91,4
0,0,0,138,514,0,64,716,09_scene_cut_chair_car,fixed_int4,92,4
0,0,0,138,514,0,64,716,09_scene_cut_chair_car,fixed_int4,93,4
393,131133,131133,257,514,16992,352,280774,09_scene_cut_chair_car,fixed_int4,94,4
0,0,0,138,514,0,64,716,09_scene_cut_chair_car,fixed_int4,95,4
0,0,0,138,514,0,64,716,09_scene_cut_chair_car,fixed_int4,96,4
0,0,0,138,514,0,64,716,09_scene_cut_chair_car,fixed_int4,97,4
0,0,0,138,514,0,64,716,09_scene_cut_chair_car,fixed_int4,98,4
0,0,0,138,514,0,64,716,09_scene_cut_chair_car,fixed_int4,99,4
241,131133,131133,256,432,25184,352,288731,09_scene_cut_chair_car,fixed_int6,0,6
0,0,0,137,432,0,64,633,09_scene_cut_chair_car,fixed_int6,1,6
0,0,0,138,432,0,64,634,09_scene_cut_chair_car,fixed_int6,10,6
0,0,0,138,432,0,64,634,09_scene_cut_chair_car,fixed_int6,11,6
0,0,0,138,432,0,64,634,09_scene_cut_chair_car,fixed_int6,12,6
0,0,0,138,432,0,64,634,09_scene_cut_chair_car,fixed_int6,13,6
0,0,0,138,432,0,64,634,09_scene_cut_chair_car,fixed_int6,14,6
0,0,0,138,432,0,64,634,09_scene_cut_chair_car,fixed_int6,15,6
241,131133,131133,257,432,25184,352,288732,09_scene_cut_chair_car,fixed_int6,16,6
0,0,0,138,432,0,64,634,09_scene_cut_chair_car,fixed_int6,17,6
0,0,0,138,432,0,64,634,09_scene_cut_chair_car,fixed_int6,18,6
0,0,0,138,432,0,64,634,09_scene_cut_chair_car,fixed_int6,19,6
0,0,0,137,432,0,64,633,09_scene_cut_chair_car,fixed_int6,2,6
0,0,0,138,432,0,64,634,09_scene_cut_chair_car,fixed_int6,20,6
0,0,0,138,432,0,64,634,09_scene_cut_chair_car,fixed_int6,21,6
0,0,0,138,432,0,64,634,09_scene_cut_chair_car,fixed_int6,22,6
0,0,0,138,432,0,64,634,09_scene_cut_chair_car,fixed_int6,23,6
0,0,0,138,432,0,64,634,09_scene_cut_chair_car,fixed_int6,24,6
0,0,0,138,432,0,64,634,09_scene_cut_chair_car,fixed_int6,25,6
0,0,0,138,432,0,64,634,09_scene_cut_chair_car,fixed_int6,26,6
0,0,0,138,432,0,64,634,09_scene_cut_chair_car,fixed_int6,27,6
0,0,0,138,432,0,64,634,09_scene_cut_chair_car,fixed_int6,28,6
0,0,0,138,432,0,64,634,09_scene_cut_chair_car,fixed_int6,29,6
0,0,0,137,432,0,64,633,09_scene_cut_chair_car,fixed_int6,3,6
393,131133,131133,257,514,25184,352,288966,09_scene_cut_chair_car,fixed_int6,30,6
0,0,0,138,514,0,64,716,09_scene_cut_chair_car,fixed_int6,31,6
0,0,0,138,514,0,64,716,09_scene_cut_chair_car,fixed_int6,32,6
0,0,0,138,514,0,64,716,09_scene_cut_chair_car,fixed_int6,33,6
0,0,0,138,514,0,64,716,09_scene_cut_chair_car,fixed_int6,34,6
0,0,0,138,514,0,64,716,09_scene_cut_chair_car,fixed_int6,35,6
0,0,0,138,514,0,64,716,09_scene_cut_chair_car,fixed_int6,36,6
0,0,0,138,514,0,64,716,09_scene_cut_chair_car,fixed_int6,37,6
0,0,0,138,514,0,64,716,09_scene_cut_chair_car,fixed_int6,38,6
0,0,0,138,514,0,64,716,09_scene_cut_chair_car,fixed_int6,39,6
0,0,0,137,432,0,64,633,09_scene_cut_chair_car,fixed_int6,4,6
0,0,0,138,514,0,64,716,09_scene_cut_chair_car,fixed_int6,40,6
0,0,0,138,514,0,64,716,09_scene_cut_chair_car,fixed_int6,41,6
0,0,0,138,514,0,64,716,09_scene_cut_chair_car,fixed_int6,42,6
0,0,0,138,514,0,64,716,09_scene_cut_chair_car,fixed_int6,43,6
0,0,0,138,514,0,64,716,09_scene_cut_chair_car,fixed_int6,44,6
0,0,0,138,514,0,64,716,09_scene_cut_chair_car,fixed_int6,45,6
393,131133,131133,257,514,25184,352,288966,09_scene_cut_chair_car,fixed_int6,46,6
0,0,0,138,514,0,64,716,09_scene_cut_chair_car,fixed_int6,47,6
0,0,0,138,514,0,64,716,09_scene_cut_chair_car,fixed_int6,48,6
0,0,0,138,514,0,64,716,09_scene_cut_chair_car,fixed_int6,49,6
0,0,0,137,432,0,64,633,09_scene_cut_chair_car,fixed_int6,5,6
0,0,0,138,514,0,64,716,09_scene_cut_chair_car,fixed_int6,50,6
0,0,0,138,514,0,64,716,09_scene_cut_chair_car,fixed_int6,51,6
0,0,0,138,514,0,64,716,09_scene_cut_chair_car,fixed_int6,52,6
0,0,0,138,514,0,64,716,09_scene_cut_chair_car,fixed_int6,53,6
0,0,0,138,514,0,64,716,09_scene_cut_chair_car,fixed_int6,54,6
0,0,0,138,514,0,64,716,09_scene_cut_chair_car,fixed_int6,55,6
0,0,0,138,514,0,64,716,09_scene_cut_chair_car,fixed_int6,56,6
0,0,0,138,514,0,64,716,09_scene_cut_chair_car,fixed_int6,57,6
0,0,0,138,514,0,64,716,09_scene_cut_chair_car,fixed_int6,58,6
0,0,0,138,514,0,64,716,09_scene_cut_chair_car,fixed_int6,59,6
0,0,0,137,432,0,64,633,09_scene_cut_chair_car,fixed_int6,6,6
0,0,0,138,514,0,64,716,09_scene_cut_chair_car,fixed_int6,60,6
0,0,0,138,514,0,64,716,09_scene_cut_chair_car,fixed_int6,61,6
393,131133,131133,257,514,25184,352,288966,09_scene_cut_chair_car,fixed_int6,62,6
0,0,0,138,514,0,64,716,09_scene_cut_chair_car,fixed_int6,63,6
0,0,0,138,514,0,64,716,09_scene_cut_chair_car,fixed_int6,64,6
0,0,0,138,514,0,64,716,09_scene_cut_chair_car,fixed_int6,65,6
0,0,0,138,514,0,64,716,09_scene_cut_chair_car,fixed_int6,66,6
0,0,0,138,514,0,64,716,09_scene_cut_chair_car,fixed_int6,67,6
0,0,0,138,514,0,64,716,09_scene_cut_chair_car,fixed_int6,68,6
0,0,0,138,514,0,64,716,09_scene_cut_chair_car,fixed_int6,69,6
0,0,0,137,432,0,64,633,09_scene_cut_chair_car,fixed_int6,7,6
0,0,0,138,514,0,64,716,09_scene_cut_chair_car,fixed_int6,70,6
0,0,0,138,514,0,64,716,09_scene_cut_chair_car,fixed_int6,71,6
0,0,0,138,514,0,64,716,09_scene_cut_chair_car,fixed_int6,72,6
0,0,0,138,514,0,64,716,09_scene_cut_chair_car,fixed_int6,73,6
0,0,0,138,514,0,64,716,09_scene_cut_chair_car,fixed_int6,74,6
0,0,0,138,514,0,64,716,09_scene_cut_chair_car,fixed_int6,75,6
0,0,0,138,514,0,64,716,09_scene_cut_chair_car,fixed_int6,76,6
0,0,0,138,514,0,64,716,09_scene_cut_chair_car,fixed_int6,77,6
393,131133,131133,257,514,25184,352,288966,09_scene_cut_chair_car,fixed_int6,78,6
0,0,0,138,514,0,64,716,09_scene_cut_chair_car,fixed_int6,79,6
0,0,0,137,432,0,64,633,09_scene_cut_chair_car,fixed_int6,8,6
0,0,0,138,514,0,64,716,09_scene_cut_chair_car,fixed_int6,80,6
0,0,0,138,514,0,64,716,09_scene_cut_chair_car,fixed_int6,81,6
0,0,0,138,514,0,64,716,09_scene_cut_chair_car,fixed_int6,82,6
0,0,0,138,514,0,64,716,09_scene_cut_chair_car,fixed_int6,83,6
0,0,0,138,514,0,64,716,09_scene_cut_chair_car,fixed_int6,84,6
0,0,0,138,514,0,64,716,09_scene_cut_chair_car,fixed_int6,85,6
0,0,0,138,514,0,64,716,09_scene_cut_chair_car,fixed_int6,86,6
0,0,0,138,514,0,64,716,09_scene_cut_chair_car,fixed_int6,87,6
0,0,0,138,514,0,64,716,09_scene_cut_chair_car,fixed_int6,88,6
0,0,0,138,514,0,64,716,09_scene_cut_chair_car,fixed_int6,89,6
0,0,0,137,432,0,64,633,09_scene_cut_chair_car,fixed_int6,9,6
0,0,0,138,514,0,64,716,09_scene_cut_chair_car,fixed_int6,90,6
0,0,0,138,514,0,64,716,09_scene_cut_chair_car,fixed_int6,91,6
0,0,0,138,514,0,64,716,09_scene_cut_chair_car,fixed_int6,92,6
0,0,0,138,514,0,64,716,09_scene_cut_chair_car,fixed_int6,93,6
393,131133,131133,257,514,25184,352,288966,09_scene_cut_chair_car,fixed_int6,94,6
0,0,0,138,514,0,64,716,09_scene_cut_chair_car,fixed_int6,95,6
0,0,0,138,514,0,64,716,09_scene_cut_chair_car,fixed_int6,96,6
0,0,0,138,514,0,64,716,09_scene_cut_chair_car,fixed_int6,97,6
0,0,0,138,514,0,64,716,09_scene_cut_chair_car,fixed_int6,98,6
0,0,0,138,514,0,64,716,09_scene_cut_chair_car,fixed_int6,99,6
241,131133,131133,256,432,33376,352,296923,09_scene_cut_chair_car,fixed_int8,0,8
0,0,0,137,432,0,64,633,09_scene_cut_chair_car,fixed_int8,1,8
0,0,0,138,432,0,64,634,09_scene_cut_chair_car,fixed_int8,10,8
0,0,0,138,432,0,64,634,09_scene_cut_chair_car,fixed_int8,11,8
0,0,0,138,432,0,64,634,09_scene_cut_chair_car,fixed_int8,12,8
0,0,0,138,432,0,64,634,09_scene_cut_chair_car,fixed_int8,13,8
0,0,0,138,432,0,64,634,09_scene_cut_chair_car,fixed_int8,14,8
0,0,0,138,432,0,64,634,09_scene_cut_chair_car,fixed_int8,15,8
241,131133,131133,257,432,33376,352,296924,09_scene_cut_chair_car,fixed_int8,16,8
0,0,0,138,432,0,64,634,09_scene_cut_chair_car,fixed_int8,17,8
0,0,0,138,432,0,64,634,09_scene_cut_chair_car,fixed_int8,18,8
0,0,0,138,432,0,64,634,09_scene_cut_chair_car,fixed_int8,19,8
0,0,0,137,432,0,64,633,09_scene_cut_chair_car,fixed_int8,2,8
0,0,0,138,432,0,64,634,09_scene_cut_chair_car,fixed_int8,20,8
0,0,0,138,432,0,64,634,09_scene_cut_chair_car,fixed_int8,21,8
0,0,0,138,432,0,64,634,09_scene_cut_chair_car,fixed_int8,22,8
0,0,0,138,432,0,64,634,09_scene_cut_chair_car,fixed_int8,23,8
0,0,0,138,432,0,64,634,09_scene_cut_chair_car,fixed_int8,24,8
0,0,0,138,432,0,64,634,09_scene_cut_chair_car,fixed_int8,25,8
0,0,0,138,432,0,64,634,09_scene_cut_chair_car,fixed_int8,26,8
0,0,0,138,432,0,64,634,09_scene_cut_chair_car,fixed_int8,27,8
0,0,0,138,432,0,64,634,09_scene_cut_chair_car,fixed_int8,28,8
0,0,0,138,432,0,64,634,09_scene_cut_chair_car,fixed_int8,29,8
0,0,0,137,432,0,64,633,09_scene_cut_chair_car,fixed_int8,3,8
393,131133,131133,257,514,33376,352,297158,09_scene_cut_chair_car,fixed_int8,30,8
0,0,0,138,514,0,64,716,09_scene_cut_chair_car,fixed_int8,31,8
0,0,0,138,514,0,64,716,09_scene_cut_chair_car,fixed_int8,32,8
0,0,0,138,514,0,64,716,09_scene_cut_chair_car,fixed_int8,33,8
0,0,0,138,514,0,64,716,09_scene_cut_chair_car,fixed_int8,34,8
0,0,0,138,514,0,64,716,09_scene_cut_chair_car,fixed_int8,35,8
0,0,0,138,514,0,64,716,09_scene_cut_chair_car,fixed_int8,36,8
0,0,0,138,514,0,64,716,09_scene_cut_chair_car,fixed_int8,37,8
0,0,0,138,514,0,64,716,09_scene_cut_chair_car,fixed_int8,38,8
0,0,0,138,514,0,64,716,09_scene_cut_chair_car,fixed_int8,39,8
0,0,0,137,432,0,64,633,09_scene_cut_chair_car,fixed_int8,4,8
0,0,0,138,514,0,64,716,09_scene_cut_chair_car,fixed_int8,40,8
0,0,0,138,514,0,64,716,09_scene_cut_chair_car,fixed_int8,41,8
0,0,0,138,514,0,64,716,09_scene_cut_chair_car,fixed_int8,42,8
0,0,0,138,514,0,64,716,09_scene_cut_chair_car,fixed_int8,43,8
0,0,0,138,514,0,64,716,09_scene_cut_chair_car,fixed_int8,44,8
0,0,0,138,514,0,64,716,09_scene_cut_chair_car,fixed_int8,45,8
393,131133,131133,257,514,33376,352,297158,09_scene_cut_chair_car,fixed_int8,46,8
0,0,0,138,514,0,64,716,09_scene_cut_chair_car,fixed_int8,47,8
0,0,0,138,514,0,64,716,09_scene_cut_chair_car,fixed_int8,48,8
0,0,0,138,514,0,64,716,09_scene_cut_chair_car,fixed_int8,49,8
0,0,0,137,432,0,64,633,09_scene_cut_chair_car,fixed_int8,5,8
0,0,0,138,514,0,64,716,09_scene_cut_chair_car,fixed_int8,50,8
0,0,0,138,514,0,64,716,09_scene_cut_chair_car,fixed_int8,51,8
0,0,0,138,514,0,64,716,09_scene_cut_chair_car,fixed_int8,52,8
0,0,0,138,514,0,64,716,09_scene_cut_chair_car,fixed_int8,53,8
0,0,0,138,514,0,64,716,09_scene_cut_chair_car,fixed_int8,54,8
0,0,0,138,514,0,64,716,09_scene_cut_chair_car,fixed_int8,55,8
0,0,0,138,514,0,64,716,09_scene_cut_chair_car,fixed_int8,56,8
0,0,0,138,514,0,64,716,09_scene_cut_chair_car,fixed_int8,57,8
0,0,0,138,514,0,64,716,09_scene_cut_chair_car,fixed_int8,58,8
0,0,0,138,514,0,64,716,09_scene_cut_chair_car,fixed_int8,59,8
0,0,0,137,432,0,64,633,09_scene_cut_chair_car,fixed_int8,6,8
0,0,0,138,514,0,64,716,09_scene_cut_chair_car,fixed_int8,60,8
0,0,0,138,514,0,64,716,09_scene_cut_chair_car,fixed_int8,61,8
393,131133,131133,257,514,33376,352,297158,09_scene_cut_chair_car,fixed_int8,62,8
0,0,0,138,514,0,64,716,09_scene_cut_chair_car,fixed_int8,63,8
0,0,0,138,514,0,64,716,09_scene_cut_chair_car,fixed_int8,64,8
0,0,0,138,514,0,64,716,09_scene_cut_chair_car,fixed_int8,65,8
0,0,0,138,514,0,64,716,09_scene_cut_chair_car,fixed_int8,66,8
0,0,0,138,514,0,64,716,09_scene_cut_chair_car,fixed_int8,67,8
0,0,0,138,514,0,64,716,09_scene_cut_chair_car,fixed_int8,68,8
0,0,0,138,514,0,64,716,09_scene_cut_chair_car,fixed_int8,69,8
0,0,0,137,432,0,64,633,09_scene_cut_chair_car,fixed_int8,7,8
0,0,0,138,514,0,64,716,09_scene_cut_chair_car,fixed_int8,70,8
0,0,0,138,514,0,64,716,09_scene_cut_chair_car,fixed_int8,71,8
0,0,0,138,514,0,64,716,09_scene_cut_chair_car,fixed_int8,72,8
0,0,0,138,514,0,64,716,09_scene_cut_chair_car,fixed_int8,73,8
0,0,0,138,514,0,64,716,09_scene_cut_chair_car,fixed_int8,74,8
0,0,0,138,514,0,64,716,09_scene_cut_chair_car,fixed_int8,75,8
0,0,0,138,514,0,64,716,09_scene_cut_chair_car,fixed_int8,76,8
0,0,0,138,514,0,64,716,09_scene_cut_chair_car,fixed_int8,77,8
393,131133,131133,257,514,33376,352,297158,09_scene_cut_chair_car,fixed_int8,78,8
0,0,0,138,514,0,64,716,09_scene_cut_chair_car,fixed_int8,79,8
0,0,0,137,432,0,64,633,09_scene_cut_chair_car,fixed_int8,8,8
0,0,0,138,514,0,64,716,09_scene_cut_chair_car,fixed_int8,80,8
0,0,0,138,514,0,64,716,09_scene_cut_chair_car,fixed_int8,81,8
0,0,0,138,514,0,64,716,09_scene_cut_chair_car,fixed_int8,82,8
0,0,0,138,514,0,64,716,09_scene_cut_chair_car,fixed_int8,83,8
0,0,0,138,514,0,64,716,09_scene_cut_chair_car,fixed_int8,84,8
0,0,0,138,514,0,64,716,09_scene_cut_chair_car,fixed_int8,85,8
0,0,0,138,514,0,64,716,09_scene_cut_chair_car,fixed_int8,86,8
0,0,0,138,514,0,64,716,09_scene_cut_chair_car,fixed_int8,87,8
0,0,0,138,514,0,64,716,09_scene_cut_chair_car,fixed_int8,88,8
0,0,0,138,514,0,64,716,09_scene_cut_chair_car,fixed_int8,89,8
0,0,0,137,432,0,64,633,09_scene_cut_chair_car,fixed_int8,9,8
0,0,0,138,514,0,64,716,09_scene_cut_chair_car,fixed_int8,90,8
0,0,0,138,514,0,64,716,09_scene_cut_chair_car,fixed_int8,91,8
0,0,0,138,514,0,64,716,09_scene_cut_chair_car,fixed_int8,92,8
0,0,0,138,514,0,64,716,09_scene_cut_chair_car,fixed_int8,93,8
393,131133,131133,257,514,33376,352,297158,09_scene_cut_chair_car,fixed_int8,94,8
0,0,0,138,514,0,64,716,09_scene_cut_chair_car,fixed_int8,95,8
0,0,0,138,514,0,64,716,09_scene_cut_chair_car,fixed_int8,96,8
0,0,0,138,514,0,64,716,09_scene_cut_chair_car,fixed_int8,97,8
0,0,0,138,514,0,64,716,09_scene_cut_chair_car,fixed_int8,98,8
0,0,0,138,514,0,64,716,09_scene_cut_chair_car,fixed_int8,99,8
489,131133,131133,250,648,0,146,263799,10_busy_sidewalk,fixed_awgn,0,
0,0,0,131,648,0,64,843,10_busy_sidewalk,fixed_awgn,1,
0,0,0,132,648,0,64,844,10_busy_sidewalk,fixed_awgn,10,
0,0,0,132,648,0,64,844,10_busy_sidewalk,fixed_awgn,11,
0,0,0,132,648,0,64,844,10_busy_sidewalk,fixed_awgn,12,
0,0,0,132,648,0,64,844,10_busy_sidewalk,fixed_awgn,13,
0,0,0,132,648,0,64,844,10_busy_sidewalk,fixed_awgn,14,
0,0,0,132,648,0,64,844,10_busy_sidewalk,fixed_awgn,15,
489,131133,131133,251,648,0,146,263800,10_busy_sidewalk,fixed_awgn,16,
0,0,0,132,648,0,64,844,10_busy_sidewalk,fixed_awgn,17,
0,0,0,132,648,0,64,844,10_busy_sidewalk,fixed_awgn,18,
0,0,0,132,648,0,64,844,10_busy_sidewalk,fixed_awgn,19,
0,0,0,131,648,0,64,843,10_busy_sidewalk,fixed_awgn,2,
0,0,0,132,648,0,64,844,10_busy_sidewalk,fixed_awgn,20,
0,0,0,132,648,0,64,844,10_busy_sidewalk,fixed_awgn,21,
0,0,0,132,648,0,64,844,10_busy_sidewalk,fixed_awgn,22,
0,0,0,132,648,0,64,844,10_busy_sidewalk,fixed_awgn,23,
0,0,0,132,648,0,64,844,10_busy_sidewalk,fixed_awgn,24,
0,0,0,132,648,0,64,844,10_busy_sidewalk,fixed_awgn,25,
0,0,0,132,648,0,64,844,10_busy_sidewalk,fixed_awgn,26,
0,0,0,132,648,0,64,844,10_busy_sidewalk,fixed_awgn,27,
0,0,0,132,648,0,64,844,10_busy_sidewalk,fixed_awgn,28,
0,0,0,132,648,0,64,844,10_busy_sidewalk,fixed_awgn,29,
0,0,0,131,648,0,64,843,10_busy_sidewalk,fixed_awgn,3,
0,0,0,132,648,0,64,844,10_busy_sidewalk,fixed_awgn,30,
0,0,0,132,648,0,64,844,10_busy_sidewalk,fixed_awgn,31,
489,131133,131133,251,648,0,146,263800,10_busy_sidewalk,fixed_awgn,32,
0,0,0,132,648,0,64,844,10_busy_sidewalk,fixed_awgn,33,
0,0,0,132,648,0,64,844,10_busy_sidewalk,fixed_awgn,34,
0,0,0,132,648,0,64,844,10_busy_sidewalk,fixed_awgn,35,
0,0,0,132,648,0,64,844,10_busy_sidewalk,fixed_awgn,36,
0,0,0,132,648,0,64,844,10_busy_sidewalk,fixed_awgn,37,
0,0,0,132,648,0,64,844,10_busy_sidewalk,fixed_awgn,38,
0,0,0,132,648,0,64,844,10_busy_sidewalk,fixed_awgn,39,
0,0,0,131,648,0,64,843,10_busy_sidewalk,fixed_awgn,4,
0,0,0,132,648,0,64,844,10_busy_sidewalk,fixed_awgn,40,
0,0,0,132,648,0,64,844,10_busy_sidewalk,fixed_awgn,41,
0,0,0,132,648,0,64,844,10_busy_sidewalk,fixed_awgn,42,
0,0,0,132,648,0,64,844,10_busy_sidewalk,fixed_awgn,43,
0,0,0,132,648,0,64,844,10_busy_sidewalk,fixed_awgn,44,
0,0,0,132,648,0,64,844,10_busy_sidewalk,fixed_awgn,45,
0,0,0,132,648,0,64,844,10_busy_sidewalk,fixed_awgn,46,
0,0,0,132,648,0,64,844,10_busy_sidewalk,fixed_awgn,47,
489,131133,131133,251,648,0,146,263800,10_busy_sidewalk,fixed_awgn,48,
0,0,0,132,648,0,64,844,10_busy_sidewalk,fixed_awgn,49,
0,0,0,131,648,0,64,843,10_busy_sidewalk,fixed_awgn,5,
0,0,0,132,648,0,64,844,10_busy_sidewalk,fixed_awgn,50,
0,0,0,132,648,0,64,844,10_busy_sidewalk,fixed_awgn,51,
0,0,0,132,648,0,64,844,10_busy_sidewalk,fixed_awgn,52,
0,0,0,132,648,0,64,844,10_busy_sidewalk,fixed_awgn,53,
0,0,0,132,648,0,64,844,10_busy_sidewalk,fixed_awgn,54,
0,0,0,132,648,0,64,844,10_busy_sidewalk,fixed_awgn,55,
0,0,0,132,648,0,64,844,10_busy_sidewalk,fixed_awgn,56,
0,0,0,132,648,0,64,844,10_busy_sidewalk,fixed_awgn,57,
0,0,0,132,648,0,64,844,10_busy_sidewalk,fixed_awgn,58,
0,0,0,132,648,0,64,844,10_busy_sidewalk,fixed_awgn,59,
0,0,0,131,648,0,64,843,10_busy_sidewalk,fixed_awgn,6,
0,0,0,132,648,0,64,844,10_busy_sidewalk,fixed_awgn,60,
0,0,0,132,648,0,64,844,10_busy_sidewalk,fixed_awgn,61,
0,0,0,132,648,0,64,844,10_busy_sidewalk,fixed_awgn,62,
0,0,0,132,648,0,64,844,10_busy_sidewalk,fixed_awgn,63,
489,131133,131133,251,648,0,146,263800,10_busy_sidewalk,fixed_awgn,64,
0,0,0,132,648,0,64,844,10_busy_sidewalk,fixed_awgn,65,
0,0,0,132,648,0,64,844,10_busy_sidewalk,fixed_awgn,66,
0,0,0,132,648,0,64,844,10_busy_sidewalk,fixed_awgn,67,
0,0,0,132,648,0,64,844,10_busy_sidewalk,fixed_awgn,68,
0,0,0,132,648,0,64,844,10_busy_sidewalk,fixed_awgn,69,
0,0,0,131,648,0,64,843,10_busy_sidewalk,fixed_awgn,7,
0,0,0,132,648,0,64,844,10_busy_sidewalk,fixed_awgn,70,
0,0,0,132,648,0,64,844,10_busy_sidewalk,fixed_awgn,71,
0,0,0,132,648,0,64,844,10_busy_sidewalk,fixed_awgn,72,
0,0,0,132,648,0,64,844,10_busy_sidewalk,fixed_awgn,73,
0,0,0,132,648,0,64,844,10_busy_sidewalk,fixed_awgn,74,
0,0,0,132,648,0,64,844,10_busy_sidewalk,fixed_awgn,75,
0,0,0,132,648,0,64,844,10_busy_sidewalk,fixed_awgn,76,
0,0,0,132,648,0,64,844,10_busy_sidewalk,fixed_awgn,77,
0,0,0,132,648,0,64,844,10_busy_sidewalk,fixed_awgn,78,
0,0,0,132,648,0,64,844,10_busy_sidewalk,fixed_awgn,79,
0,0,0,131,648,0,64,843,10_busy_sidewalk,fixed_awgn,8,
489,131133,131133,251,648,0,146,263800,10_busy_sidewalk,fixed_awgn,80,
0,0,0,132,648,0,64,844,10_busy_sidewalk,fixed_awgn,81,
0,0,0,132,648,0,64,844,10_busy_sidewalk,fixed_awgn,82,
0,0,0,132,648,0,64,844,10_busy_sidewalk,fixed_awgn,83,
0,0,0,132,648,0,64,844,10_busy_sidewalk,fixed_awgn,84,
0,0,0,132,648,0,64,844,10_busy_sidewalk,fixed_awgn,85,
0,0,0,132,648,0,64,844,10_busy_sidewalk,fixed_awgn,86,
0,0,0,132,648,0,64,844,10_busy_sidewalk,fixed_awgn,87,
0,0,0,132,648,0,64,844,10_busy_sidewalk,fixed_awgn,88,
0,0,0,132,648,0,64,844,10_busy_sidewalk,fixed_awgn,89,
0,0,0,131,648,0,64,843,10_busy_sidewalk,fixed_awgn,9,
0,0,0,132,648,0,64,844,10_busy_sidewalk,fixed_awgn,90,
0,0,0,132,648,0,64,844,10_busy_sidewalk,fixed_awgn,91,
0,0,0,132,648,0,64,844,10_busy_sidewalk,fixed_awgn,92,
0,0,0,132,648,0,64,844,10_busy_sidewalk,fixed_awgn,93,
0,0,0,132,648,0,64,844,10_busy_sidewalk,fixed_awgn,94,
0,0,0,132,648,0,64,844,10_busy_sidewalk,fixed_awgn,95,
489,131133,131133,251,648,0,146,263800,10_busy_sidewalk,fixed_awgn,96,
0,0,0,132,648,0,64,844,10_busy_sidewalk,fixed_awgn,97,
0,0,0,132,648,0,64,844,10_busy_sidewalk,fixed_awgn,98,
0,0,0,132,648,0,64,844,10_busy_sidewalk,fixed_awgn,99,
489,131133,131133,253,648,131680,352,395688,10_busy_sidewalk,fixed_float32,0,32
0,0,0,134,648,0,64,846,10_busy_sidewalk,fixed_float32,1,32
0,0,0,135,648,0,64,847,10_busy_sidewalk,fixed_float32,10,32
0,0,0,135,648,0,64,847,10_busy_sidewalk,fixed_float32,11,32
0,0,0,135,648,0,64,847,10_busy_sidewalk,fixed_float32,12,32
0,0,0,135,648,0,64,847,10_busy_sidewalk,fixed_float32,13,32
0,0,0,135,648,0,64,847,10_busy_sidewalk,fixed_float32,14,32
0,0,0,135,648,0,64,847,10_busy_sidewalk,fixed_float32,15,32
489,131133,131133,254,648,131680,352,395689,10_busy_sidewalk,fixed_float32,16,32
0,0,0,135,648,0,64,847,10_busy_sidewalk,fixed_float32,17,32
0,0,0,135,648,0,64,847,10_busy_sidewalk,fixed_float32,18,32
0,0,0,135,648,0,64,847,10_busy_sidewalk,fixed_float32,19,32
0,0,0,134,648,0,64,846,10_busy_sidewalk,fixed_float32,2,32
0,0,0,135,648,0,64,847,10_busy_sidewalk,fixed_float32,20,32
0,0,0,135,648,0,64,847,10_busy_sidewalk,fixed_float32,21,32
0,0,0,135,648,0,64,847,10_busy_sidewalk,fixed_float32,22,32
0,0,0,135,648,0,64,847,10_busy_sidewalk,fixed_float32,23,32
0,0,0,135,648,0,64,847,10_busy_sidewalk,fixed_float32,24,32
0,0,0,135,648,0,64,847,10_busy_sidewalk,fixed_float32,25,32
0,0,0,135,648,0,64,847,10_busy_sidewalk,fixed_float32,26,32
0,0,0,135,648,0,64,847,10_busy_sidewalk,fixed_float32,27,32
0,0,0,135,648,0,64,847,10_busy_sidewalk,fixed_float32,28,32
0,0,0,135,648,0,64,847,10_busy_sidewalk,fixed_float32,29,32
0,0,0,134,648,0,64,846,10_busy_sidewalk,fixed_float32,3,32
0,0,0,135,648,0,64,847,10_busy_sidewalk,fixed_float32,30,32
0,0,0,135,648,0,64,847,10_busy_sidewalk,fixed_float32,31,32
489,131133,131133,254,648,131680,352,395689,10_busy_sidewalk,fixed_float32,32,32
0,0,0,135,648,0,64,847,10_busy_sidewalk,fixed_float32,33,32
0,0,0,135,648,0,64,847,10_busy_sidewalk,fixed_float32,34,32
0,0,0,135,648,0,64,847,10_busy_sidewalk,fixed_float32,35,32
0,0,0,135,648,0,64,847,10_busy_sidewalk,fixed_float32,36,32
0,0,0,135,648,0,64,847,10_busy_sidewalk,fixed_float32,37,32
0,0,0,135,648,0,64,847,10_busy_sidewalk,fixed_float32,38,32
0,0,0,135,648,0,64,847,10_busy_sidewalk,fixed_float32,39,32
0,0,0,134,648,0,64,846,10_busy_sidewalk,fixed_float32,4,32
0,0,0,135,648,0,64,847,10_busy_sidewalk,fixed_float32,40,32
0,0,0,135,648,0,64,847,10_busy_sidewalk,fixed_float32,41,32
0,0,0,135,648,0,64,847,10_busy_sidewalk,fixed_float32,42,32
0,0,0,135,648,0,64,847,10_busy_sidewalk,fixed_float32,43,32
0,0,0,135,648,0,64,847,10_busy_sidewalk,fixed_float32,44,32
0,0,0,135,648,0,64,847,10_busy_sidewalk,fixed_float32,45,32
0,0,0,135,648,0,64,847,10_busy_sidewalk,fixed_float32,46,32
0,0,0,135,648,0,64,847,10_busy_sidewalk,fixed_float32,47,32
489,131133,131133,254,648,131680,352,395689,10_busy_sidewalk,fixed_float32,48,32
0,0,0,135,648,0,64,847,10_busy_sidewalk,fixed_float32,49,32
0,0,0,134,648,0,64,846,10_busy_sidewalk,fixed_float32,5,32
0,0,0,135,648,0,64,847,10_busy_sidewalk,fixed_float32,50,32
0,0,0,135,648,0,64,847,10_busy_sidewalk,fixed_float32,51,32
0,0,0,135,648,0,64,847,10_busy_sidewalk,fixed_float32,52,32
0,0,0,135,648,0,64,847,10_busy_sidewalk,fixed_float32,53,32
0,0,0,135,648,0,64,847,10_busy_sidewalk,fixed_float32,54,32
0,0,0,135,648,0,64,847,10_busy_sidewalk,fixed_float32,55,32
0,0,0,135,648,0,64,847,10_busy_sidewalk,fixed_float32,56,32
0,0,0,135,648,0,64,847,10_busy_sidewalk,fixed_float32,57,32
0,0,0,135,648,0,64,847,10_busy_sidewalk,fixed_float32,58,32
0,0,0,135,648,0,64,847,10_busy_sidewalk,fixed_float32,59,32
0,0,0,134,648,0,64,846,10_busy_sidewalk,fixed_float32,6,32
0,0,0,135,648,0,64,847,10_busy_sidewalk,fixed_float32,60,32
0,0,0,135,648,0,64,847,10_busy_sidewalk,fixed_float32,61,32
0,0,0,135,648,0,64,847,10_busy_sidewalk,fixed_float32,62,32
0,0,0,135,648,0,64,847,10_busy_sidewalk,fixed_float32,63,32
489,131133,131133,254,648,131680,352,395689,10_busy_sidewalk,fixed_float32,64,32
0,0,0,135,648,0,64,847,10_busy_sidewalk,fixed_float32,65,32
0,0,0,135,648,0,64,847,10_busy_sidewalk,fixed_float32,66,32
0,0,0,135,648,0,64,847,10_busy_sidewalk,fixed_float32,67,32
0,0,0,135,648,0,64,847,10_busy_sidewalk,fixed_float32,68,32
0,0,0,135,648,0,64,847,10_busy_sidewalk,fixed_float32,69,32
0,0,0,134,648,0,64,846,10_busy_sidewalk,fixed_float32,7,32
0,0,0,135,648,0,64,847,10_busy_sidewalk,fixed_float32,70,32
0,0,0,135,648,0,64,847,10_busy_sidewalk,fixed_float32,71,32
0,0,0,135,648,0,64,847,10_busy_sidewalk,fixed_float32,72,32
0,0,0,135,648,0,64,847,10_busy_sidewalk,fixed_float32,73,32
0,0,0,135,648,0,64,847,10_busy_sidewalk,fixed_float32,74,32
0,0,0,135,648,0,64,847,10_busy_sidewalk,fixed_float32,75,32
0,0,0,135,648,0,64,847,10_busy_sidewalk,fixed_float32,76,32
0,0,0,135,648,0,64,847,10_busy_sidewalk,fixed_float32,77,32
0,0,0,135,648,0,64,847,10_busy_sidewalk,fixed_float32,78,32
0,0,0,135,648,0,64,847,10_busy_sidewalk,fixed_float32,79,32
0,0,0,134,648,0,64,846,10_busy_sidewalk,fixed_float32,8,32
489,131133,131133,254,648,131680,352,395689,10_busy_sidewalk,fixed_float32,80,32
0,0,0,135,648,0,64,847,10_busy_sidewalk,fixed_float32,81,32
0,0,0,135,648,0,64,847,10_busy_sidewalk,fixed_float32,82,32
0,0,0,135,648,0,64,847,10_busy_sidewalk,fixed_float32,83,32
0,0,0,135,648,0,64,847,10_busy_sidewalk,fixed_float32,84,32
0,0,0,135,648,0,64,847,10_busy_sidewalk,fixed_float32,85,32
0,0,0,135,648,0,64,847,10_busy_sidewalk,fixed_float32,86,32
0,0,0,135,648,0,64,847,10_busy_sidewalk,fixed_float32,87,32
0,0,0,135,648,0,64,847,10_busy_sidewalk,fixed_float32,88,32
0,0,0,135,648,0,64,847,10_busy_sidewalk,fixed_float32,89,32
0,0,0,134,648,0,64,846,10_busy_sidewalk,fixed_float32,9,32
0,0,0,135,648,0,64,847,10_busy_sidewalk,fixed_float32,90,32
0,0,0,135,648,0,64,847,10_busy_sidewalk,fixed_float32,91,32
0,0,0,135,648,0,64,847,10_busy_sidewalk,fixed_float32,92,32
0,0,0,135,648,0,64,847,10_busy_sidewalk,fixed_float32,93,32
0,0,0,135,648,0,64,847,10_busy_sidewalk,fixed_float32,94,32
0,0,0,135,648,0,64,847,10_busy_sidewalk,fixed_float32,95,32
489,131133,131133,254,648,131680,352,395689,10_busy_sidewalk,fixed_float32,96,32
0,0,0,135,648,0,64,847,10_busy_sidewalk,fixed_float32,97,32
0,0,0,135,648,0,64,847,10_busy_sidewalk,fixed_float32,98,32
0,0,0,135,648,0,64,847,10_busy_sidewalk,fixed_float32,99,32
489,131133,131133,251,648,66144,352,330150,10_busy_sidewalk,fixed_int16,0,16
0,0,0,132,648,0,64,844,10_busy_sidewalk,fixed_int16,1,16
0,0,0,133,648,0,64,845,10_busy_sidewalk,fixed_int16,10,16
0,0,0,133,648,0,64,845,10_busy_sidewalk,fixed_int16,11,16
0,0,0,133,648,0,64,845,10_busy_sidewalk,fixed_int16,12,16
0,0,0,133,648,0,64,845,10_busy_sidewalk,fixed_int16,13,16
0,0,0,133,648,0,64,845,10_busy_sidewalk,fixed_int16,14,16
0,0,0,133,648,0,64,845,10_busy_sidewalk,fixed_int16,15,16
489,131133,131133,252,648,66144,352,330151,10_busy_sidewalk,fixed_int16,16,16
0,0,0,133,648,0,64,845,10_busy_sidewalk,fixed_int16,17,16
0,0,0,133,648,0,64,845,10_busy_sidewalk,fixed_int16,18,16
0,0,0,133,648,0,64,845,10_busy_sidewalk,fixed_int16,19,16
0,0,0,132,648,0,64,844,10_busy_sidewalk,fixed_int16,2,16
0,0,0,133,648,0,64,845,10_busy_sidewalk,fixed_int16,20,16
0,0,0,133,648,0,64,845,10_busy_sidewalk,fixed_int16,21,16
0,0,0,133,648,0,64,845,10_busy_sidewalk,fixed_int16,22,16
0,0,0,133,648,0,64,845,10_busy_sidewalk,fixed_int16,23,16
0,0,0,133,648,0,64,845,10_busy_sidewalk,fixed_int16,24,16
0,0,0,133,648,0,64,845,10_busy_sidewalk,fixed_int16,25,16
0,0,0,133,648,0,64,845,10_busy_sidewalk,fixed_int16,26,16
0,0,0,133,648,0,64,845,10_busy_sidewalk,fixed_int16,27,16
0,0,0,133,648,0,64,845,10_busy_sidewalk,fixed_int16,28,16
0,0,0,133,648,0,64,845,10_busy_sidewalk,fixed_int16,29,16
0,0,0,132,648,0,64,844,10_busy_sidewalk,fixed_int16,3,16
0,0,0,133,648,0,64,845,10_busy_sidewalk,fixed_int16,30,16
0,0,0,133,648,0,64,845,10_busy_sidewalk,fixed_int16,31,16
489,131133,131133,252,648,66144,352,330151,10_busy_sidewalk,fixed_int16,32,16
0,0,0,133,648,0,64,845,10_busy_sidewalk,fixed_int16,33,16
0,0,0,133,648,0,64,845,10_busy_sidewalk,fixed_int16,34,16
0,0,0,133,648,0,64,845,10_busy_sidewalk,fixed_int16,35,16
0,0,0,133,648,0,64,845,10_busy_sidewalk,fixed_int16,36,16
0,0,0,133,648,0,64,845,10_busy_sidewalk,fixed_int16,37,16
0,0,0,133,648,0,64,845,10_busy_sidewalk,fixed_int16,38,16
0,0,0,133,648,0,64,845,10_busy_sidewalk,fixed_int16,39,16
0,0,0,132,648,0,64,844,10_busy_sidewalk,fixed_int16,4,16
0,0,0,133,648,0,64,845,10_busy_sidewalk,fixed_int16,40,16
0,0,0,133,648,0,64,845,10_busy_sidewalk,fixed_int16,41,16
0,0,0,133,648,0,64,845,10_busy_sidewalk,fixed_int16,42,16
0,0,0,133,648,0,64,845,10_busy_sidewalk,fixed_int16,43,16
0,0,0,133,648,0,64,845,10_busy_sidewalk,fixed_int16,44,16
0,0,0,133,648,0,64,845,10_busy_sidewalk,fixed_int16,45,16
0,0,0,133,648,0,64,845,10_busy_sidewalk,fixed_int16,46,16
0,0,0,133,648,0,64,845,10_busy_sidewalk,fixed_int16,47,16
489,131133,131133,252,648,66144,352,330151,10_busy_sidewalk,fixed_int16,48,16
0,0,0,133,648,0,64,845,10_busy_sidewalk,fixed_int16,49,16
0,0,0,132,648,0,64,844,10_busy_sidewalk,fixed_int16,5,16
0,0,0,133,648,0,64,845,10_busy_sidewalk,fixed_int16,50,16
0,0,0,133,648,0,64,845,10_busy_sidewalk,fixed_int16,51,16
0,0,0,133,648,0,64,845,10_busy_sidewalk,fixed_int16,52,16
0,0,0,133,648,0,64,845,10_busy_sidewalk,fixed_int16,53,16
0,0,0,133,648,0,64,845,10_busy_sidewalk,fixed_int16,54,16
0,0,0,133,648,0,64,845,10_busy_sidewalk,fixed_int16,55,16
0,0,0,133,648,0,64,845,10_busy_sidewalk,fixed_int16,56,16
0,0,0,133,648,0,64,845,10_busy_sidewalk,fixed_int16,57,16
0,0,0,133,648,0,64,845,10_busy_sidewalk,fixed_int16,58,16
0,0,0,133,648,0,64,845,10_busy_sidewalk,fixed_int16,59,16
0,0,0,132,648,0,64,844,10_busy_sidewalk,fixed_int16,6,16
0,0,0,133,648,0,64,845,10_busy_sidewalk,fixed_int16,60,16
0,0,0,133,648,0,64,845,10_busy_sidewalk,fixed_int16,61,16
0,0,0,133,648,0,64,845,10_busy_sidewalk,fixed_int16,62,16
0,0,0,133,648,0,64,845,10_busy_sidewalk,fixed_int16,63,16
489,131133,131133,252,648,66144,352,330151,10_busy_sidewalk,fixed_int16,64,16
0,0,0,133,648,0,64,845,10_busy_sidewalk,fixed_int16,65,16
0,0,0,133,648,0,64,845,10_busy_sidewalk,fixed_int16,66,16
0,0,0,133,648,0,64,845,10_busy_sidewalk,fixed_int16,67,16
0,0,0,133,648,0,64,845,10_busy_sidewalk,fixed_int16,68,16
0,0,0,133,648,0,64,845,10_busy_sidewalk,fixed_int16,69,16
0,0,0,132,648,0,64,844,10_busy_sidewalk,fixed_int16,7,16
0,0,0,133,648,0,64,845,10_busy_sidewalk,fixed_int16,70,16
0,0,0,133,648,0,64,845,10_busy_sidewalk,fixed_int16,71,16
0,0,0,133,648,0,64,845,10_busy_sidewalk,fixed_int16,72,16
0,0,0,133,648,0,64,845,10_busy_sidewalk,fixed_int16,73,16
0,0,0,133,648,0,64,845,10_busy_sidewalk,fixed_int16,74,16
0,0,0,133,648,0,64,845,10_busy_sidewalk,fixed_int16,75,16
0,0,0,133,648,0,64,845,10_busy_sidewalk,fixed_int16,76,16
0,0,0,133,648,0,64,845,10_busy_sidewalk,fixed_int16,77,16
0,0,0,133,648,0,64,845,10_busy_sidewalk,fixed_int16,78,16
0,0,0,133,648,0,64,845,10_busy_sidewalk,fixed_int16,79,16
0,0,0,132,648,0,64,844,10_busy_sidewalk,fixed_int16,8,16
489,131133,131133,252,648,66144,352,330151,10_busy_sidewalk,fixed_int16,80,16
0,0,0,133,648,0,64,845,10_busy_sidewalk,fixed_int16,81,16
0,0,0,133,648,0,64,845,10_busy_sidewalk,fixed_int16,82,16
0,0,0,133,648,0,64,845,10_busy_sidewalk,fixed_int16,83,16
0,0,0,133,648,0,64,845,10_busy_sidewalk,fixed_int16,84,16
0,0,0,133,648,0,64,845,10_busy_sidewalk,fixed_int16,85,16
0,0,0,133,648,0,64,845,10_busy_sidewalk,fixed_int16,86,16
0,0,0,133,648,0,64,845,10_busy_sidewalk,fixed_int16,87,16
0,0,0,133,648,0,64,845,10_busy_sidewalk,fixed_int16,88,16
0,0,0,133,648,0,64,845,10_busy_sidewalk,fixed_int16,89,16
0,0,0,132,648,0,64,844,10_busy_sidewalk,fixed_int16,9,16
0,0,0,133,648,0,64,845,10_busy_sidewalk,fixed_int16,90,16
0,0,0,133,648,0,64,845,10_busy_sidewalk,fixed_int16,91,16
0,0,0,133,648,0,64,845,10_busy_sidewalk,fixed_int16,92,16
0,0,0,133,648,0,64,845,10_busy_sidewalk,fixed_int16,93,16
0,0,0,133,648,0,64,845,10_busy_sidewalk,fixed_int16,94,16
0,0,0,133,648,0,64,845,10_busy_sidewalk,fixed_int16,95,16
489,131133,131133,252,648,66144,352,330151,10_busy_sidewalk,fixed_int16,96,16
0,0,0,133,648,0,64,845,10_busy_sidewalk,fixed_int16,97,16
0,0,0,133,648,0,64,845,10_busy_sidewalk,fixed_int16,98,16
0,0,0,133,648,0,64,845,10_busy_sidewalk,fixed_int16,99,16
489,131133,131133,250,648,16992,352,280997,10_busy_sidewalk,fixed_int4,0,4
0,0,0,131,648,0,64,843,10_busy_sidewalk,fixed_int4,1,4
0,0,0,132,648,0,64,844,10_busy_sidewalk,fixed_int4,10,4
0,0,0,132,648,0,64,844,10_busy_sidewalk,fixed_int4,11,4
0,0,0,132,648,0,64,844,10_busy_sidewalk,fixed_int4,12,4
0,0,0,132,648,0,64,844,10_busy_sidewalk,fixed_int4,13,4
0,0,0,132,648,0,64,844,10_busy_sidewalk,fixed_int4,14,4
0,0,0,132,648,0,64,844,10_busy_sidewalk,fixed_int4,15,4
489,131133,131133,251,648,16992,352,280998,10_busy_sidewalk,fixed_int4,16,4
0,0,0,132,648,0,64,844,10_busy_sidewalk,fixed_int4,17,4
0,0,0,132,648,0,64,844,10_busy_sidewalk,fixed_int4,18,4
0,0,0,132,648,0,64,844,10_busy_sidewalk,fixed_int4,19,4
0,0,0,131,648,0,64,843,10_busy_sidewalk,fixed_int4,2,4
0,0,0,132,648,0,64,844,10_busy_sidewalk,fixed_int4,20,4
0,0,0,132,648,0,64,844,10_busy_sidewalk,fixed_int4,21,4
0,0,0,132,648,0,64,844,10_busy_sidewalk,fixed_int4,22,4
0,0,0,132,648,0,64,844,10_busy_sidewalk,fixed_int4,23,4
0,0,0,132,648,0,64,844,10_busy_sidewalk,fixed_int4,24,4
0,0,0,132,648,0,64,844,10_busy_sidewalk,fixed_int4,25,4
0,0,0,132,648,0,64,844,10_busy_sidewalk,fixed_int4,26,4
0,0,0,132,648,0,64,844,10_busy_sidewalk,fixed_int4,27,4
0,0,0,132,648,0,64,844,10_busy_sidewalk,fixed_int4,28,4
0,0,0,132,648,0,64,844,10_busy_sidewalk,fixed_int4,29,4
0,0,0,131,648,0,64,843,10_busy_sidewalk,fixed_int4,3,4
0,0,0,132,648,0,64,844,10_busy_sidewalk,fixed_int4,30,4
0,0,0,132,648,0,64,844,10_busy_sidewalk,fixed_int4,31,4
489,131133,131133,251,648,16992,352,280998,10_busy_sidewalk,fixed_int4,32,4
0,0,0,132,648,0,64,844,10_busy_sidewalk,fixed_int4,33,4
0,0,0,132,648,0,64,844,10_busy_sidewalk,fixed_int4,34,4
0,0,0,132,648,0,64,844,10_busy_sidewalk,fixed_int4,35,4
0,0,0,132,648,0,64,844,10_busy_sidewalk,fixed_int4,36,4
0,0,0,132,648,0,64,844,10_busy_sidewalk,fixed_int4,37,4
0,0,0,132,648,0,64,844,10_busy_sidewalk,fixed_int4,38,4
0,0,0,132,648,0,64,844,10_busy_sidewalk,fixed_int4,39,4
0,0,0,131,648,0,64,843,10_busy_sidewalk,fixed_int4,4,4
0,0,0,132,648,0,64,844,10_busy_sidewalk,fixed_int4,40,4
0,0,0,132,648,0,64,844,10_busy_sidewalk,fixed_int4,41,4
0,0,0,132,648,0,64,844,10_busy_sidewalk,fixed_int4,42,4
0,0,0,132,648,0,64,844,10_busy_sidewalk,fixed_int4,43,4
0,0,0,132,648,0,64,844,10_busy_sidewalk,fixed_int4,44,4
0,0,0,132,648,0,64,844,10_busy_sidewalk,fixed_int4,45,4
0,0,0,132,648,0,64,844,10_busy_sidewalk,fixed_int4,46,4
0,0,0,132,648,0,64,844,10_busy_sidewalk,fixed_int4,47,4
489,131133,131133,251,648,16992,352,280998,10_busy_sidewalk,fixed_int4,48,4
0,0,0,132,648,0,64,844,10_busy_sidewalk,fixed_int4,49,4
0,0,0,131,648,0,64,843,10_busy_sidewalk,fixed_int4,5,4
0,0,0,132,648,0,64,844,10_busy_sidewalk,fixed_int4,50,4
0,0,0,132,648,0,64,844,10_busy_sidewalk,fixed_int4,51,4
0,0,0,132,648,0,64,844,10_busy_sidewalk,fixed_int4,52,4
0,0,0,132,648,0,64,844,10_busy_sidewalk,fixed_int4,53,4
0,0,0,132,648,0,64,844,10_busy_sidewalk,fixed_int4,54,4
0,0,0,132,648,0,64,844,10_busy_sidewalk,fixed_int4,55,4
0,0,0,132,648,0,64,844,10_busy_sidewalk,fixed_int4,56,4
0,0,0,132,648,0,64,844,10_busy_sidewalk,fixed_int4,57,4
0,0,0,132,648,0,64,844,10_busy_sidewalk,fixed_int4,58,4
0,0,0,132,648,0,64,844,10_busy_sidewalk,fixed_int4,59,4
0,0,0,131,648,0,64,843,10_busy_sidewalk,fixed_int4,6,4
0,0,0,132,648,0,64,844,10_busy_sidewalk,fixed_int4,60,4
0,0,0,132,648,0,64,844,10_busy_sidewalk,fixed_int4,61,4
0,0,0,132,648,0,64,844,10_busy_sidewalk,fixed_int4,62,4
0,0,0,132,648,0,64,844,10_busy_sidewalk,fixed_int4,63,4
489,131133,131133,251,648,16992,352,280998,10_busy_sidewalk,fixed_int4,64,4
0,0,0,132,648,0,64,844,10_busy_sidewalk,fixed_int4,65,4
0,0,0,132,648,0,64,844,10_busy_sidewalk,fixed_int4,66,4
0,0,0,132,648,0,64,844,10_busy_sidewalk,fixed_int4,67,4
0,0,0,132,648,0,64,844,10_busy_sidewalk,fixed_int4,68,4
0,0,0,132,648,0,64,844,10_busy_sidewalk,fixed_int4,69,4
0,0,0,131,648,0,64,843,10_busy_sidewalk,fixed_int4,7,4
0,0,0,132,648,0,64,844,10_busy_sidewalk,fixed_int4,70,4
0,0,0,132,648,0,64,844,10_busy_sidewalk,fixed_int4,71,4
0,0,0,132,648,0,64,844,10_busy_sidewalk,fixed_int4,72,4
0,0,0,132,648,0,64,844,10_busy_sidewalk,fixed_int4,73,4
0,0,0,132,648,0,64,844,10_busy_sidewalk,fixed_int4,74,4
0,0,0,132,648,0,64,844,10_busy_sidewalk,fixed_int4,75,4
0,0,0,132,648,0,64,844,10_busy_sidewalk,fixed_int4,76,4
0,0,0,132,648,0,64,844,10_busy_sidewalk,fixed_int4,77,4
0,0,0,132,648,0,64,844,10_busy_sidewalk,fixed_int4,78,4
0,0,0,132,648,0,64,844,10_busy_sidewalk,fixed_int4,79,4
0,0,0,131,648,0,64,843,10_busy_sidewalk,fixed_int4,8,4
489,131133,131133,251,648,16992,352,280998,10_busy_sidewalk,fixed_int4,80,4
0,0,0,132,648,0,64,844,10_busy_sidewalk,fixed_int4,81,4
0,0,0,132,648,0,64,844,10_busy_sidewalk,fixed_int4,82,4
0,0,0,132,648,0,64,844,10_busy_sidewalk,fixed_int4,83,4
0,0,0,132,648,0,64,844,10_busy_sidewalk,fixed_int4,84,4
0,0,0,132,648,0,64,844,10_busy_sidewalk,fixed_int4,85,4
0,0,0,132,648,0,64,844,10_busy_sidewalk,fixed_int4,86,4
0,0,0,132,648,0,64,844,10_busy_sidewalk,fixed_int4,87,4
0,0,0,132,648,0,64,844,10_busy_sidewalk,fixed_int4,88,4
0,0,0,132,648,0,64,844,10_busy_sidewalk,fixed_int4,89,4
0,0,0,131,648,0,64,843,10_busy_sidewalk,fixed_int4,9,4
0,0,0,132,648,0,64,844,10_busy_sidewalk,fixed_int4,90,4
0,0,0,132,648,0,64,844,10_busy_sidewalk,fixed_int4,91,4
0,0,0,132,648,0,64,844,10_busy_sidewalk,fixed_int4,92,4
0,0,0,132,648,0,64,844,10_busy_sidewalk,fixed_int4,93,4
0,0,0,132,648,0,64,844,10_busy_sidewalk,fixed_int4,94,4
0,0,0,132,648,0,64,844,10_busy_sidewalk,fixed_int4,95,4
489,131133,131133,251,648,16992,352,280998,10_busy_sidewalk,fixed_int4,96,4
0,0,0,132,648,0,64,844,10_busy_sidewalk,fixed_int4,97,4
0,0,0,132,648,0,64,844,10_busy_sidewalk,fixed_int4,98,4
0,0,0,132,648,0,64,844,10_busy_sidewalk,fixed_int4,99,4
489,131133,131133,250,648,25184,352,289189,10_busy_sidewalk,fixed_int6,0,6
0,0,0,131,648,0,64,843,10_busy_sidewalk,fixed_int6,1,6
0,0,0,132,648,0,64,844,10_busy_sidewalk,fixed_int6,10,6
0,0,0,132,648,0,64,844,10_busy_sidewalk,fixed_int6,11,6
0,0,0,132,648,0,64,844,10_busy_sidewalk,fixed_int6,12,6
0,0,0,132,648,0,64,844,10_busy_sidewalk,fixed_int6,13,6
0,0,0,132,648,0,64,844,10_busy_sidewalk,fixed_int6,14,6
0,0,0,132,648,0,64,844,10_busy_sidewalk,fixed_int6,15,6
489,131133,131133,251,648,25184,352,289190,10_busy_sidewalk,fixed_int6,16,6
0,0,0,132,648,0,64,844,10_busy_sidewalk,fixed_int6,17,6
0,0,0,132,648,0,64,844,10_busy_sidewalk,fixed_int6,18,6
0,0,0,132,648,0,64,844,10_busy_sidewalk,fixed_int6,19,6
0,0,0,131,648,0,64,843,10_busy_sidewalk,fixed_int6,2,6
0,0,0,132,648,0,64,844,10_busy_sidewalk,fixed_int6,20,6
0,0,0,132,648,0,64,844,10_busy_sidewalk,fixed_int6,21,6
0,0,0,132,648,0,64,844,10_busy_sidewalk,fixed_int6,22,6
0,0,0,132,648,0,64,844,10_busy_sidewalk,fixed_int6,23,6
0,0,0,132,648,0,64,844,10_busy_sidewalk,fixed_int6,24,6
0,0,0,132,648,0,64,844,10_busy_sidewalk,fixed_int6,25,6
0,0,0,132,648,0,64,844,10_busy_sidewalk,fixed_int6,26,6
0,0,0,132,648,0,64,844,10_busy_sidewalk,fixed_int6,27,6
0,0,0,132,648,0,64,844,10_busy_sidewalk,fixed_int6,28,6
0,0,0,132,648,0,64,844,10_busy_sidewalk,fixed_int6,29,6
0,0,0,131,648,0,64,843,10_busy_sidewalk,fixed_int6,3,6
0,0,0,132,648,0,64,844,10_busy_sidewalk,fixed_int6,30,6
0,0,0,132,648,0,64,844,10_busy_sidewalk,fixed_int6,31,6
489,131133,131133,251,648,25184,352,289190,10_busy_sidewalk,fixed_int6,32,6
0,0,0,132,648,0,64,844,10_busy_sidewalk,fixed_int6,33,6
0,0,0,132,648,0,64,844,10_busy_sidewalk,fixed_int6,34,6
0,0,0,132,648,0,64,844,10_busy_sidewalk,fixed_int6,35,6
0,0,0,132,648,0,64,844,10_busy_sidewalk,fixed_int6,36,6
0,0,0,132,648,0,64,844,10_busy_sidewalk,fixed_int6,37,6
0,0,0,132,648,0,64,844,10_busy_sidewalk,fixed_int6,38,6
0,0,0,132,648,0,64,844,10_busy_sidewalk,fixed_int6,39,6
0,0,0,131,648,0,64,843,10_busy_sidewalk,fixed_int6,4,6
0,0,0,132,648,0,64,844,10_busy_sidewalk,fixed_int6,40,6
0,0,0,132,648,0,64,844,10_busy_sidewalk,fixed_int6,41,6
0,0,0,132,648,0,64,844,10_busy_sidewalk,fixed_int6,42,6
0,0,0,132,648,0,64,844,10_busy_sidewalk,fixed_int6,43,6
0,0,0,132,648,0,64,844,10_busy_sidewalk,fixed_int6,44,6
0,0,0,132,648,0,64,844,10_busy_sidewalk,fixed_int6,45,6
0,0,0,132,648,0,64,844,10_busy_sidewalk,fixed_int6,46,6
0,0,0,132,648,0,64,844,10_busy_sidewalk,fixed_int6,47,6
489,131133,131133,251,648,25184,352,289190,10_busy_sidewalk,fixed_int6,48,6
0,0,0,132,648,0,64,844,10_busy_sidewalk,fixed_int6,49,6
0,0,0,131,648,0,64,843,10_busy_sidewalk,fixed_int6,5,6
0,0,0,132,648,0,64,844,10_busy_sidewalk,fixed_int6,50,6
0,0,0,132,648,0,64,844,10_busy_sidewalk,fixed_int6,51,6
0,0,0,132,648,0,64,844,10_busy_sidewalk,fixed_int6,52,6
0,0,0,132,648,0,64,844,10_busy_sidewalk,fixed_int6,53,6
0,0,0,132,648,0,64,844,10_busy_sidewalk,fixed_int6,54,6
0,0,0,132,648,0,64,844,10_busy_sidewalk,fixed_int6,55,6
0,0,0,132,648,0,64,844,10_busy_sidewalk,fixed_int6,56,6
0,0,0,132,648,0,64,844,10_busy_sidewalk,fixed_int6,57,6
0,0,0,132,648,0,64,844,10_busy_sidewalk,fixed_int6,58,6
0,0,0,132,648,0,64,844,10_busy_sidewalk,fixed_int6,59,6
0,0,0,131,648,0,64,843,10_busy_sidewalk,fixed_int6,6,6
0,0,0,132,648,0,64,844,10_busy_sidewalk,fixed_int6,60,6
0,0,0,132,648,0,64,844,10_busy_sidewalk,fixed_int6,61,6
0,0,0,132,648,0,64,844,10_busy_sidewalk,fixed_int6,62,6
0,0,0,132,648,0,64,844,10_busy_sidewalk,fixed_int6,63,6
489,131133,131133,251,648,25184,352,289190,10_busy_sidewalk,fixed_int6,64,6
0,0,0,132,648,0,64,844,10_busy_sidewalk,fixed_int6,65,6
0,0,0,132,648,0,64,844,10_busy_sidewalk,fixed_int6,66,6
0,0,0,132,648,0,64,844,10_busy_sidewalk,fixed_int6,67,6
0,0,0,132,648,0,64,844,10_busy_sidewalk,fixed_int6,68,6
0,0,0,132,648,0,64,844,10_busy_sidewalk,fixed_int6,69,6
0,0,0,131,648,0,64,843,10_busy_sidewalk,fixed_int6,7,6
0,0,0,132,648,0,64,844,10_busy_sidewalk,fixed_int6,70,6
0,0,0,132,648,0,64,844,10_busy_sidewalk,fixed_int6,71,6
0,0,0,132,648,0,64,844,10_busy_sidewalk,fixed_int6,72,6
0,0,0,132,648,0,64,844,10_busy_sidewalk,fixed_int6,73,6
0,0,0,132,648,0,64,844,10_busy_sidewalk,fixed_int6,74,6
0,0,0,132,648,0,64,844,10_busy_sidewalk,fixed_int6,75,6
0,0,0,132,648,0,64,844,10_busy_sidewalk,fixed_int6,76,6
0,0,0,132,648,0,64,844,10_busy_sidewalk,fixed_int6,77,6
0,0,0,132,648,0,64,844,10_busy_sidewalk,fixed_int6,78,6
0,0,0,132,648,0,64,844,10_busy_sidewalk,fixed_int6,79,6
0,0,0,131,648,0,64,843,10_busy_sidewalk,fixed_int6,8,6
489,131133,131133,251,648,25184,352,289190,10_busy_sidewalk,fixed_int6,80,6
0,0,0,132,648,0,64,844,10_busy_sidewalk,fixed_int6,81,6
0,0,0,132,648,0,64,844,10_busy_sidewalk,fixed_int6,82,6
0,0,0,132,648,0,64,844,10_busy_sidewalk,fixed_int6,83,6
0,0,0,132,648,0,64,844,10_busy_sidewalk,fixed_int6,84,6
0,0,0,132,648,0,64,844,10_busy_sidewalk,fixed_int6,85,6
0,0,0,132,648,0,64,844,10_busy_sidewalk,fixed_int6,86,6
0,0,0,132,648,0,64,844,10_busy_sidewalk,fixed_int6,87,6
0,0,0,132,648,0,64,844,10_busy_sidewalk,fixed_int6,88,6
0,0,0,132,648,0,64,844,10_busy_sidewalk,fixed_int6,89,6
0,0,0,131,648,0,64,843,10_busy_sidewalk,fixed_int6,9,6
0,0,0,132,648,0,64,844,10_busy_sidewalk,fixed_int6,90,6
0,0,0,132,648,0,64,844,10_busy_sidewalk,fixed_int6,91,6
0,0,0,132,648,0,64,844,10_busy_sidewalk,fixed_int6,92,6
0,0,0,132,648,0,64,844,10_busy_sidewalk,fixed_int6,93,6
0,0,0,132,648,0,64,844,10_busy_sidewalk,fixed_int6,94,6
0,0,0,132,648,0,64,844,10_busy_sidewalk,fixed_int6,95,6
489,131133,131133,251,648,25184,352,289190,10_busy_sidewalk,fixed_int6,96,6
0,0,0,132,648,0,64,844,10_busy_sidewalk,fixed_int6,97,6
0,0,0,132,648,0,64,844,10_busy_sidewalk,fixed_int6,98,6
0,0,0,132,648,0,64,844,10_busy_sidewalk,fixed_int6,99,6
489,131133,131133,250,648,33376,352,297381,10_busy_sidewalk,fixed_int8,0,8
0,0,0,131,648,0,64,843,10_busy_sidewalk,fixed_int8,1,8
0,0,0,132,648,0,64,844,10_busy_sidewalk,fixed_int8,10,8
0,0,0,132,648,0,64,844,10_busy_sidewalk,fixed_int8,11,8
0,0,0,132,648,0,64,844,10_busy_sidewalk,fixed_int8,12,8
0,0,0,132,648,0,64,844,10_busy_sidewalk,fixed_int8,13,8
0,0,0,132,648,0,64,844,10_busy_sidewalk,fixed_int8,14,8
0,0,0,132,648,0,64,844,10_busy_sidewalk,fixed_int8,15,8
489,131133,131133,251,648,33376,352,297382,10_busy_sidewalk,fixed_int8,16,8
0,0,0,132,648,0,64,844,10_busy_sidewalk,fixed_int8,17,8
0,0,0,132,648,0,64,844,10_busy_sidewalk,fixed_int8,18,8
0,0,0,132,648,0,64,844,10_busy_sidewalk,fixed_int8,19,8
0,0,0,131,648,0,64,843,10_busy_sidewalk,fixed_int8,2,8
0,0,0,132,648,0,64,844,10_busy_sidewalk,fixed_int8,20,8
0,0,0,132,648,0,64,844,10_busy_sidewalk,fixed_int8,21,8
0,0,0,132,648,0,64,844,10_busy_sidewalk,fixed_int8,22,8
0,0,0,132,648,0,64,844,10_busy_sidewalk,fixed_int8,23,8
0,0,0,132,648,0,64,844,10_busy_sidewalk,fixed_int8,24,8
0,0,0,132,648,0,64,844,10_busy_sidewalk,fixed_int8,25,8
0,0,0,132,648,0,64,844,10_busy_sidewalk,fixed_int8,26,8
0,0,0,132,648,0,64,844,10_busy_sidewalk,fixed_int8,27,8
0,0,0,132,648,0,64,844,10_busy_sidewalk,fixed_int8,28,8
0,0,0,132,648,0,64,844,10_busy_sidewalk,fixed_int8,29,8
0,0,0,131,648,0,64,843,10_busy_sidewalk,fixed_int8,3,8
0,0,0,132,648,0,64,844,10_busy_sidewalk,fixed_int8,30,8
0,0,0,132,648,0,64,844,10_busy_sidewalk,fixed_int8,31,8
489,131133,131133,251,648,33376,352,297382,10_busy_sidewalk,fixed_int8,32,8
0,0,0,132,648,0,64,844,10_busy_sidewalk,fixed_int8,33,8
0,0,0,132,648,0,64,844,10_busy_sidewalk,fixed_int8,34,8
0,0,0,132,648,0,64,844,10_busy_sidewalk,fixed_int8,35,8
0,0,0,132,648,0,64,844,10_busy_sidewalk,fixed_int8,36,8
0,0,0,132,648,0,64,844,10_busy_sidewalk,fixed_int8,37,8
0,0,0,132,648,0,64,844,10_busy_sidewalk,fixed_int8,38,8
0,0,0,132,648,0,64,844,10_busy_sidewalk,fixed_int8,39,8
0,0,0,131,648,0,64,843,10_busy_sidewalk,fixed_int8,4,8
0,0,0,132,648,0,64,844,10_busy_sidewalk,fixed_int8,40,8
0,0,0,132,648,0,64,844,10_busy_sidewalk,fixed_int8,41,8
0,0,0,132,648,0,64,844,10_busy_sidewalk,fixed_int8,42,8
0,0,0,132,648,0,64,844,10_busy_sidewalk,fixed_int8,43,8
0,0,0,132,648,0,64,844,10_busy_sidewalk,fixed_int8,44,8
0,0,0,132,648,0,64,844,10_busy_sidewalk,fixed_int8,45,8
0,0,0,132,648,0,64,844,10_busy_sidewalk,fixed_int8,46,8
0,0,0,132,648,0,64,844,10_busy_sidewalk,fixed_int8,47,8
489,131133,131133,251,648,33376,352,297382,10_busy_sidewalk,fixed_int8,48,8
0,0,0,132,648,0,64,844,10_busy_sidewalk,fixed_int8,49,8
0,0,0,131,648,0,64,843,10_busy_sidewalk,fixed_int8,5,8
0,0,0,132,648,0,64,844,10_busy_sidewalk,fixed_int8,50,8
0,0,0,132,648,0,64,844,10_busy_sidewalk,fixed_int8,51,8
0,0,0,132,648,0,64,844,10_busy_sidewalk,fixed_int8,52,8
0,0,0,132,648,0,64,844,10_busy_sidewalk,fixed_int8,53,8
0,0,0,132,648,0,64,844,10_busy_sidewalk,fixed_int8,54,8
0,0,0,132,648,0,64,844,10_busy_sidewalk,fixed_int8,55,8
0,0,0,132,648,0,64,844,10_busy_sidewalk,fixed_int8,56,8
0,0,0,132,648,0,64,844,10_busy_sidewalk,fixed_int8,57,8
0,0,0,132,648,0,64,844,10_busy_sidewalk,fixed_int8,58,8
0,0,0,132,648,0,64,844,10_busy_sidewalk,fixed_int8,59,8
0,0,0,131,648,0,64,843,10_busy_sidewalk,fixed_int8,6,8
0,0,0,132,648,0,64,844,10_busy_sidewalk,fixed_int8,60,8
0,0,0,132,648,0,64,844,10_busy_sidewalk,fixed_int8,61,8
0,0,0,132,648,0,64,844,10_busy_sidewalk,fixed_int8,62,8
0,0,0,132,648,0,64,844,10_busy_sidewalk,fixed_int8,63,8
489,131133,131133,251,648,33376,352,297382,10_busy_sidewalk,fixed_int8,64,8
0,0,0,132,648,0,64,844,10_busy_sidewalk,fixed_int8,65,8
0,0,0,132,648,0,64,844,10_busy_sidewalk,fixed_int8,66,8
0,0,0,132,648,0,64,844,10_busy_sidewalk,fixed_int8,67,8
0,0,0,132,648,0,64,844,10_busy_sidewalk,fixed_int8,68,8
0,0,0,132,648,0,64,844,10_busy_sidewalk,fixed_int8,69,8
0,0,0,131,648,0,64,843,10_busy_sidewalk,fixed_int8,7,8
0,0,0,132,648,0,64,844,10_busy_sidewalk,fixed_int8,70,8
0,0,0,132,648,0,64,844,10_busy_sidewalk,fixed_int8,71,8
0,0,0,132,648,0,64,844,10_busy_sidewalk,fixed_int8,72,8
0,0,0,132,648,0,64,844,10_busy_sidewalk,fixed_int8,73,8
0,0,0,132,648,0,64,844,10_busy_sidewalk,fixed_int8,74,8
0,0,0,132,648,0,64,844,10_busy_sidewalk,fixed_int8,75,8
0,0,0,132,648,0,64,844,10_busy_sidewalk,fixed_int8,76,8
0,0,0,132,648,0,64,844,10_busy_sidewalk,fixed_int8,77,8
0,0,0,132,648,0,64,844,10_busy_sidewalk,fixed_int8,78,8
0,0,0,132,648,0,64,844,10_busy_sidewalk,fixed_int8,79,8
0,0,0,131,648,0,64,843,10_busy_sidewalk,fixed_int8,8,8
489,131133,131133,251,648,33376,352,297382,10_busy_sidewalk,fixed_int8,80,8
0,0,0,132,648,0,64,844,10_busy_sidewalk,fixed_int8,81,8
0,0,0,132,648,0,64,844,10_busy_sidewalk,fixed_int8,82,8
0,0,0,132,648,0,64,844,10_busy_sidewalk,fixed_int8,83,8
0,0,0,132,648,0,64,844,10_busy_sidewalk,fixed_int8,84,8
0,0,0,132,648,0,64,844,10_busy_sidewalk,fixed_int8,85,8
0,0,0,132,648,0,64,844,10_busy_sidewalk,fixed_int8,86,8
0,0,0,132,648,0,64,844,10_busy_sidewalk,fixed_int8,87,8
0,0,0,132,648,0,64,844,10_busy_sidewalk,fixed_int8,88,8
0,0,0,132,648,0,64,844,10_busy_sidewalk,fixed_int8,89,8
0,0,0,131,648,0,64,843,10_busy_sidewalk,fixed_int8,9,8
0,0,0,132,648,0,64,844,10_busy_sidewalk,fixed_int8,90,8
0,0,0,132,648,0,64,844,10_busy_sidewalk,fixed_int8,91,8
0,0,0,132,648,0,64,844,10_busy_sidewalk,fixed_int8,92,8
0,0,0,132,648,0,64,844,10_busy_sidewalk,fixed_int8,93,8
0,0,0,132,648,0,64,844,10_busy_sidewalk,fixed_int8,94,8
0,0,0,132,648,0,64,844,10_busy_sidewalk,fixed_int8,95,8
489,131133,131133,251,648,33376,352,297382,10_busy_sidewalk,fixed_int8,96,8
0,0,0,132,648,0,64,844,10_busy_sidewalk,fixed_int8,97,8
0,0,0,132,648,0,64,844,10_busy_sidewalk,fixed_int8,98,8
0,0,0,132,648,0,64,844,10_busy_sidewalk,fixed_int8,99,8
