video,config,frame_index,wire_metadata,patch_index,bit_depth,quant_mse,quant_signal_power,quant_snr_db
01_person_walk,fixed_float32,0,False,0,32,0.0,0.9999999403953552,
01_person_walk,fixed_float32,0,False,1,32,0.0,1.0,
01_person_walk,fixed_float32,0,False,2,32,0.0,0.9999999403953552,
01_person_walk,fixed_float32,0,False,3,32,0.0,1.0,
01_person_walk,fixed_float32,0,False,4,32,0.0,0.9999998807907104,
01_person_walk,fixed_float32,0,False,5,32,0.0,1.0,
01_person_walk,fixed_float32,0,False,6,32,0.0,1.0,
01_person_walk,fixed_float32,0,False,7,32,0.0,1.0,
01_person_walk,fixed_float32,16,False,0,32,0.0,1.0,
01_person_walk,fixed_float32,16,False,1,32,0.0,1.0,
01_person_walk,fixed_float32,16,False,2,32,0.0,1.0,
01_person_walk,fixed_float32,16,False,3,32,0.0,0.9999998807907104,
01_person_walk,fixed_float32,16,False,4,32,0.0,0.9999999403953552,
01_person_walk,fixed_float32,16,False,5,32,0.0,1.0,
01_person_walk,fixed_float32,16,False,6,32,0.0,1.0,
01_person_walk,fixed_float32,16,False,7,32,0.0,0.9999998807907104,
01_person_walk,fixed_float32,32,False,0,32,0.0,0.9999999403953552,
01_person_walk,fixed_float32,32,False,1,32,0.0,0.9999998807907104,
01_person_walk,fixed_float32,32,False,2,32,0.0,1.0,
01_person_walk,fixed_float32,32,False,3,32,0.0,1.0000001192092896,
01_person_walk,fixed_float32,32,False,4,32,0.0,1.0000001192092896,
01_person_walk,fixed_float32,32,False,5,32,0.0,0.9999999403953552,
01_person_walk,fixed_float32,32,False,6,32,0.0,1.0,
01_person_walk,fixed_float32,32,False,7,32,0.0,1.0,
01_person_walk,fixed_float32,48,False,0,32,0.0,1.0,
01_person_walk,fixed_float32,48,False,1,32,0.0,1.0,
01_person_walk,fixed_float32,48,False,2,32,0.0,1.0,
01_person_walk,fixed_float32,48,False,3,32,0.0,1.0000001192092896,
01_person_walk,fixed_float32,48,False,4,32,0.0,1.0,
01_person_walk,fixed_float32,48,False,5,32,0.0,1.0,
01_person_walk,fixed_float32,48,False,6,32,0.0,1.0,
01_person_walk,fixed_float32,48,False,7,32,0.0,1.0,
01_person_walk,fixed_float32,64,False,0,32,0.0,1.0,
01_person_walk,fixed_float32,64,False,1,32,0.0,0.9999999403953552,
01_person_walk,fixed_float32,64,False,2,32,0.0,0.9999998807907104,
01_person_walk,fixed_float32,64,False,3,32,0.0,1.0,
01_person_walk,fixed_float32,64,False,4,32,0.0,1.0,
01_person_walk,fixed_float32,64,False,5,32,0.0,1.0,
01_person_walk,fixed_float32,64,False,6,32,0.0,1.0,
01_person_walk,fixed_float32,64,False,7,32,0.0,0.9999999403953552,
01_person_walk,fixed_float32,80,False,0,32,0.0,0.9999998807907104,
01_person_walk,fixed_float32,80,False,1,32,0.0,1.0,
01_person_walk,fixed_float32,80,False,2,32,0.0,1.0,
01_person_walk,fixed_float32,80,False,3,32,0.0,1.0000001192092896,
01_person_walk,fixed_float32,80,False,4,32,0.0,1.0,
01_person_walk,fixed_float32,80,False,5,32,0.0,0.9999999403953552,
01_person_walk,fixed_float32,80,False,6,32,0.0,1.0000001192092896,
01_person_walk,fixed_float32,80,False,7,32,0.0,0.9999998807907104,
01_person_walk,fixed_float32,96,False,0,32,0.0,1.0,
01_person_walk,fixed_float32,96,False,1,32,0.0,1.0,
01_person_walk,fixed_float32,96,False,2,32,0.0,1.0,
01_person_walk,fixed_float32,96,False,3,32,0.0,0.9999999403953552,
01_person_walk,fixed_float32,96,False,4,32,0.0,1.0,
01_person_walk,fixed_float32,96,False,5,32,0.0,1.0,
01_person_walk,fixed_float32,96,False,6,32,0.0,0.9999999403953552,
01_person_walk,fixed_float32,96,False,7,32,0.0,0.9999998807907104,
01_person_walk,fixed_int16,0,False,0,16,2.2292030443793465e-09,0.9999999403953552,86.51850346621914
01_person_walk,fixed_int16,0,False,1,16,3.016743521655485e-09,1.0,85.20461611225272
01_person_walk,fixed_int16,0,False,2,16,3.225801625816871e-09,0.9999999403953552,84.91362317651932
01_person_walk,fixed_int16,0,False,3,16,4.988313762055441e-09,1.0,83.02046237462196
01_person_walk,fixed_int16,0,False,4,16,1.7669301577427632e-09,0.9999998807907104,87.52780564938833
01_person_walk,fixed_int16,0,False,5,16,1.301588836710721e-09,1.0,88.85526184852793
01_person_walk,fixed_int16,0,False,6,16,2.5120927560351447e-09,1.0,85.99964328831932
01_person_walk,fixed_int16,0,False,7,16,1.9338666223944756e-09,1.0,87.13573482246593
01_person_walk,fixed_int16,16,False,0,16,5.3496815866083125e-09,1.0,82.7167206644499
01_person_walk,fixed_int16,16,False,1,16,2.389863418272853e-09,1.0,86.21626918459972
01_person_walk,fixed_int16,16,False,2,16,4.77441375323906e-09,1.0,83.21079947507245
01_person_walk,fixed_int16,16,False,3,16,4.991743907112323e-09,0.9999998807907104,83.01747651718134
01_person_walk,fixed_int16,16,False,4,16,3.419961647210812e-09,0.9999999403953552,84.65978738378979
01_person_walk,fixed_int16,16,False,5,16,1.0133928141087267e-09,1.0,89.9422217958353
01_person_walk,fixed_int16,16,False,6,16,2.8910558391714858e-09,1.0,85.38943520086569
01_person_walk,fixed_int16,16,False,7,16,1.5907278827498317e-09,0.9999998807907104,87.98404054645417
01_person_walk,fixed_int16,32,False,0,16,3.227907718894585e-09,0.9999999403953552,84.91078863723148
01_person_walk,fixed_int16,32,False,1,16,1.5856711499395715e-09,0.9999998807907104,87.99786823616577
01_person_walk,fixed_int16,32,False,2,16,1.9005135243332916e-09,1.0,87.2112903554658
01_person_walk,fixed_int16,32,False,3,16,4.773191175644342e-09,1.0000001192092896,83.21191222713735
01_person_walk,fixed_int16,32,False,4,16,5.1504835951732275e-09,1.0000001192092896,82.88152043535588
01_person_walk,fixed_int16,32,False,5,16,1.4141162685277209e-09,0.9999999403953552,88.49514855527187
01_person_walk,fixed_int16,32,False,6,16,3.4692864137042534e-09,1.0,84.59759844650124
01_person_walk,fixed_int16,32,False,7,16,1.256472148547516e-09,1.0,89.00847133705854
01_person_walk,fixed_int16,48,False,0,16,3.736730924686071e-09,1.0,84.27508173793746
01_person_walk,fixed_int16,48,False,1,16,1.6829609927881961e-09,1.0,87.73925949866815
01_person_walk,fixed_int16,48,False,2,16,1.3905622209264834e-09,1.0,88.56809573789778
01_person_walk,fixed_int16,48,False,3,16,3.521998914735036e-09,1.0000001192092896,84.53210833963689
01_person_walk,fixed_int16,48,False,4,16,1.6397596613870746e-09,1.0,87.85219801575656
01_person_walk,fixed_int16,48,False,5,16,2.0431223379802077e-09,1.0,86.89705627925056
01_person_walk,fixed_int16,48,False,6,16,1.1253807885580613e-09,1.0,89.48700502985508
01_person_walk,fixed_int16,48,False,7,16,1.4714026663753543e-09,1.0,88.32268461294026
01_person_walk,fixed_int16,64,False,0,16,3.63142693693419e-09,1.0,84.3992268927087
01_person_walk,fixed_int16,64,False,1,16,3.2033988794921697e-09,0.9999999403953552,84.9438895478309
01_person_walk,fixed_int16,64,False,2,16,7.088506670527295e-09,0.9999998807907104,81.49445195845986
01_person_walk,fixed_int16,64,False,3,16,1.2770847712673117e-09,1.0,88.93780273862896
01_person_walk,fixed_int16,64,False,4,16,1.1627595553065362e-09,1.0,89.3451008286366
01_person_walk,fixed_int16,64,False,5,16,2.9930835587776983e-09,1.0,85.23881158666151
01_person_walk,fixed_int16,64,False,6,16,2.0940402745139863e-09,1.0,86.79014969824806
01_person_walk,fixed_int16,64,False,7,16,1.0857430510213817e-09,0.9999999403953552,89.6427291564479
01_person_walk,fixed_int16,80,False,0,16,2.321498548951695e-09,0.9999998807907104,86.34231531680733
01_person_walk,fixed_int16,80,False,1,16,2.46057085817597e-09,1.0,86.08964123874478
01_person_walk,fixed_int16,80,False,2,16,5.843764583346456e-09,1.0,82.33307287982939
01_person_walk,fixed_int16,80,False,3,16,1.210633815418305e-09,1.0000001192092896,89.16987251314458
01_person_walk,fixed_int16,80,False,4,16,1.4498775513516193e-09,1.0,88.38668674329051
01_person_walk,fixed_int16,80,False,5,16,2.435919466137193e-09,0.9999999403953552,86.13337048113118
01_person_walk,fixed_int16,80,False,6,16,1.9125623307303385e-09,1.0000001192092896,87.18384453984903
01_person_walk,fixed_int16,80,False,7,16,1.2347037836590857e-09,0.9999998807907104,89.08437169217498
01_person_walk,fixed_int16,96,False,0,16,4.073965609308061e-09,1.0,83.8998264145043
01_person_walk,fixed_int16,96,False,1,16,3.022625261195344e-09,1.0,85.19615692413026
01_person_walk,fixed_int16,96,False,2,16,1.7506028848757182e-09,1.0,87.56812360179866
01_person_walk,fixed_int16,96,False,3,16,3.5007585719171175e-09,0.9999999403953552,84.55837813220344
01_person_walk,fixed_int16,96,False,4,16,1.1093668206285656e-09,1.0,89.54924827310086
01_person_walk,fixed_int16,96,False,5,16,2.1690627072246116e-09,1.0,86.63727892426579
01_person_walk,fixed_int16,96,False,6,16,1.389208303947953e-09,0.9999999403953552,88.57232603486251
01_person_walk,fixed_int16,96,False,7,16,1.2729056697580177e-09,0.9999998807907104,88.95203727309277
01_person_walk,fixed_int4,0,False,0,4,0.042309198528528214,0.9999999403953552,13.735651756306304
01_person_walk,fixed_int4,0,False,1,4,0.056447986513376236,1.0,12.483515446464633
01_person_walk,fixed_int4,0,False,2,4,0.06214124709367752,0.9999999403953552,12.066200093845206
01_person_walk,fixed_int4,0,False,3,4,0.0944005474448204,1.0,10.250254871471082
01_person_walk,fixed_int4,0,False,4,4,0.03283200040459633,0.9999998807907104,14.837026037804455
01_person_walk,fixed_int4,0,False,5,4,0.024639781564474106,1.0,16.08363146579205
01_person_walk,fixed_int4,0,False,6,4,0.047193121165037155,1.0,13.261212992002186
01_person_walk,fixed_int4,0,False,7,4,0.03600610792636871,1.0,14.436238210739967
01_person_walk,fixed_int4,16,False,0,4,0.10133321583271027,1.0,9.942481746954659
01_person_walk,fixed_int4,16,False,1,4,0.04473942145705223,1.0,13.493096362347918
01_person_walk,fixed_int4,16,False,2,4,0.09039546549320221,1.0,10.438533544878323
01_person_walk,fixed_int4,16,False,3,4,0.09555098414421082,0.9999998807907104,10.197647837213921
01_person_walk,fixed_int4,16,False,4,4,0.06534633040428162,0.9999999403953552,11.847787698014166
01_person_walk,fixed_int4,16,False,5,4,0.01941119320690632,1.0,17.11947767690057
01_person_walk,fixed_int4,16,False,6,4,0.05557553470134735,1.0,12.5511635019033
01_person_walk,fixed_int4,16,False,7,4,0.031030436977744102,0.9999998807907104,15.082120567661399
01_person_walk,fixed_int4,32,False,0,4,0.06054156273603439,0.9999999403953552,12.179463470726478
01_person_walk,fixed_int4,32,False,1,4,0.029842279851436615,0.9999998807907104,15.251679494985984
01_person_walk,fixed_int4,32,False,2,4,0.036983150988817215,1.0,14.319960894246153
01_person_walk,fixed_int4,32,False,3,4,0.09076851606369019,1.0000001192092896,10.420648163663975
01_person_walk,fixed_int4,32,False,4,4,0.09530417621135712,1.0000001192092896,10.208881200128417
01_person_walk,fixed_int4,32,False,5,4,0.027093486860394478,0.9999999403953552,15.671350729280558
01_person_walk,fixed_int4,32,False,6,4,0.06402178108692169,1.0,11.936722479447424
01_person_walk,fixed_int4,32,False,7,4,0.02350144274532795,1.0,16.28905475723937
01_person_walk,fixed_int4,48,False,0,4,0.07271435856819153,1.0,11.383798225493369
01_person_walk,fixed_int4,48,False,1,4,0.03171727806329727,1.0,14.987040903586188
01_person_walk,fixed_int4,48,False,2,4,0.026865845546126366,1.0,15.707994863724828
01_person_walk,fixed_int4,48,False,3,4,0.06582236289978027,1.0000001192092896,11.816265831737063
01_person_walk,fixed_int4,48,False,4,4,0.031129781156778336,1.0,15.068239324089607
01_person_walk,fixed_int4,48,False,5,4,0.03859345614910126,1.0,14.134863274334597
01_person_walk,fixed_int4,48,False,6,4,0.021763820201158524,1.0,16.622648706161264
01_person_walk,fixed_int4,48,False,7,4,0.027977894991636276,1.0,15.53184964179682
01_person_walk,fixed_int4,64,False,0,4,0.07128001004457474,1.0,11.470322477716435
01_person_walk,fixed_int4,64,False,1,4,0.0625721737742424,0.9999999403953552,12.036187313666556
01_person_walk,fixed_int4,64,False,2,4,0.13952887058258057,0.9999998807907104,8.55335869382377
01_person_walk,fixed_int4,64,False,3,4,0.024362802505493164,1.0,16.132727553386303
01_person_walk,fixed_int4,64,False,4,4,0.021901879459619522,1.0,16.59518615574545
01_person_walk,fixed_int4,64,False,5,4,0.05826980248093605,1.0,12.345564540496293
01_person_walk,fixed_int4,64,False,6,4,0.038605816662311554,1.0,14.133472561046478
01_person_walk,fixed_int4,64,False,7,4,0.02100761979818344,0.9999999403953552,16.77623125281285
01_person_walk,fixed_int4,80,False,0,4,0.04421710595488548,0.9999998807907104,13.544096339779978
01_person_walk,fixed_int4,80,False,1,4,0.04764809086918831,1.0,13.219544956885494
01_person_walk,fixed_int4,80,False,2,4,0.10862680524587631,1.0,9.640629930352643
01_person_walk,fixed_int4,80,False,3,4,0.023358192294836044,1.0000001192092896,16.31560822353644
01_person_walk,fixed_int4,80,False,4,4,0.027827275916934013,1.0,15.555293057805102
01_person_walk,fixed_int4,80,False,5,4,0.04517090693116188,0.9999999403953552,13.451411637995932
01_person_walk,fixed_int4,80,False,6,4,0.035937681794166565,1.0000001192092896,14.444499928129078
01_person_walk,fixed_int4,80,False,7,4,0.023335061967372894,0.9999998807907104,16.319909897155902
01_person_walk,fixed_int4,96,False,0,4,0.07669990509748459,1.0,11.152051734130042
01_person_walk,fixed_int4,96,False,1,4,0.05844017118215561,1.0,12.332885206063803
01_person_walk,fixed_int4,96,False,2,4,0.03415963053703308,1.0,14.664868351901614
01_person_walk,fixed_int4,96,False,3,4,0.06396949291229248,0.9999999403953552,11.940270660456175
01_person_walk,fixed_int4,96,False,4,4,0.022049736231565475,1.0,16.565966013825726
01_person_walk,fixed_int4,96,False,5,4,0.04105180501937866,1.0,13.866677424977283
01_person_walk,fixed_int4,96,False,6,4,0.026796920225024223,0.9999999403953552,15.719150907619504
01_person_walk,fixed_int4,96,False,7,4,0.025097647681832314,0.9999998807907104,16.0036692980176
01_person_walk,fixed_int6,0,False,0,6,0.002429260639473796,0.9999999403953552,26.14525860621121
01_person_walk,fixed_int6,0,False,1,6,0.003105251584202051,1.0,25.07903207981947
01_person_walk,fixed_int6,0,False,2,6,0.003537604119628668,0.9999999403953552,24.51290743132288
01_person_walk,fixed_int6,0,False,3,6,0.005313296802341938,1.0,22.746359235935437
01_person_walk,fixed_int6,0,False,4,6,0.0018862313590943813,0.9999998807907104,27.244049873900472
01_person_walk,fixed_int6,0,False,5,6,0.0014087152667343616,1.0,28.511767787730346
01_person_walk,fixed_int6,0,False,6,6,0.002726159058511257,1.0,25.64448808729333
01_person_walk,fixed_int6,0,False,7,6,0.0020242249593138695,1.0,26.937412244608602
01_person_walk,fixed_int6,16,False,0,6,0.005711328238248825,1.0,22.432628795894225
01_person_walk,fixed_int6,16,False,1,6,0.0026235480327159166,1.0,25.811109801972933
01_person_walk,fixed_int6,16,False,2,6,0.0052672261372208595,1.0,22.784180357266433
01_person_walk,fixed_int6,16,False,3,6,0.005493702832609415,0.9999998807907104,22.601347845247332
01_person_walk,fixed_int6,16,False,4,6,0.003606504062190652,0.9999999403953552,24.429135484195026
01_person_walk,fixed_int6,16,False,5,6,0.001114437123760581,1.0,29.529444292690993
01_person_walk,fixed_int6,16,False,6,6,0.003106864169239998,1.0,25.07677733497212
01_person_walk,fixed_int6,16,False,7,6,0.0017347600078210235,0.9999998807907104,27.607605466160162
01_person_walk,fixed_int6,32,False,0,6,0.00341307302005589,0.9999999403953552,24.668543943416594
01_person_walk,fixed_int6,32,False,1,6,0.0016796945128589869,0.9999998807907104,27.747696447423277
01_person_walk,fixed_int6,32,False,2,6,0.002041199244558811,1.0,26.901146010707492
01_person_walk,fixed_int6,32,False,3,6,0.00501196039840579,1.0000001192092896,22.9999242097851
01_person_walk,fixed_int6,32,False,4,6,0.005499314516782761,1.0000001192092896,22.596914932107794
01_person_walk,fixed_int6,32,False,5,6,0.001571228145621717,0.9999999403953552,28.037607240258406
01_person_walk,fixed_int6,32,False,6,6,0.0037268383894115686,1.0,24.286594395800847
01_person_walk,fixed_int6,32,False,7,6,0.001382340444251895,1.0,28.59384985289031
01_person_walk,fixed_int6,48,False,0,6,0.0039573656395077705,1.0,24.025938213830884
01_person_walk,fixed_int6,48,False,1,6,0.0018003616714850068,1.0,27.446402414788093
01_person_walk,fixed_int6,48,False,2,6,0.0015343197155743837,1.0,28.140841343621727
01_person_walk,fixed_int6,48,False,3,6,0.0038319730665534735,1.0000001192092896,24.165776038414997
01_person_walk,fixed_int6,48,False,4,6,0.001753531163558364,1.0,27.5608651148127
01_person_walk,fixed_int6,48,False,5,6,0.0021789162419736385,1.0,26.617594638096413
01_person_walk,fixed_int6,48,False,6,6,0.001251733279787004,1.0,29.02488201043284
01_person_walk,fixed_int6,48,False,7,6,0.0016169891459867358,1.0,27.912928952784398
01_person_walk,fixed_int6,64,False,0,6,0.003974800929427147,1.0,24.006846173009045
01_person_walk,fixed_int6,64,False,1,6,0.0034313907381147146,0.9999999403953552,24.64529799414029
01_person_walk,fixed_int6,64,False,2,6,0.008105902932584286,0.9999998807907104,20.91198549426312
01_person_walk,fixed_int6,64,False,3,6,0.001362855895422399,1.0,28.655500628237796
01_person_walk,fixed_int6,64,False,4,6,0.0012916142586618662,1.0,28.888671692727243
01_person_walk,fixed_int6,64,False,5,6,0.0033509167842566967,1.0,24.748363571802066
01_person_walk,fixed_int6,64,False,6,6,0.0022555801551789045,1.0,26.467417350334138
01_person_walk,fixed_int6,64,False,7,6,0.001191027695313096,0.9999999403953552,29.240781137380488
01_person_walk,fixed_int6,80,False,0,6,0.0026026673149317503,0.9999998807907104,25.84581290116221
01_person_walk,fixed_int6,80,False,1,6,0.0026470988523215055,1.0,25.77229840256588
01_person_walk,fixed_int6,80,False,2,6,0.006198157090693712,1.0,22.077374208755558
01_person_walk,fixed_int6,80,False,3,6,0.0013152881292626262,1.0000001192092896,28.809791512336748
01_person_walk,fixed_int6,80,False,4,6,0.0015500131994485855,1.0,28.096646034921108
01_person_walk,fixed_int6,80,False,5,6,0.0026130718179047108,0.9999999403953552,25.82848628033434
01_person_walk,fixed_int6,80,False,6,6,0.002037608530372381,1.0000001192092896,26.908793016548618
01_person_walk,fixed_int6,80,False,7,6,0.0013269432820379734,0.9999998807907104,28.771475881551535
01_person_walk,fixed_int6,96,False,0,6,0.004293913021683693,1.0,23.671467569620418
01_person_walk,fixed_int6,96,False,1,6,0.003231494687497616,1.0,24.90596553710786
01_person_walk,fixed_int6,96,False,2,6,0.0019504402298480272,1.0,27.0986735386022
01_person_walk,fixed_int6,96,False,3,6,0.003779495833441615,0.9999999403953552,24.225661032073628
01_person_walk,fixed_int6,96,False,4,6,0.001210278132930398,1.0,29.17114813389054
01_person_walk,fixed_int6,96,False,5,6,0.002347351983189583,1.0,26.294217834753514
01_person_walk,fixed_int6,96,False,6,6,0.0015502083115279675,0.9999999403953552,28.096099130608888
01_person_walk,fixed_int6,96,False,7,6,0.0014033832121640444,0.9999998807907104,28.528236712099297
01_person_walk,fixed_int8,0,False,0,8,0.00014595722313970327,0.9999999403953552,38.357743818671295
01_person_walk,fixed_int8,0,False,1,8,0.00018911607912741601,1.0,37.23271544769752
01_person_walk,fixed_int8,0,False,2,8,0.000210551472264342,0.9999999403953552,36.76641691577675
01_person_walk,fixed_int8,0,False,3,8,0.0003250908339396119,1.0,34.87995275430254
01_person_walk,fixed_int8,0,False,4,8,0.00011779624765040353,0.9999998807907104,39.28868491823489
01_person_walk,fixed_int8,0,False,5,8,8.311784768011421e-05,1.0,40.803057112732084
01_person_walk,fixed_int8,0,False,6,8,0.00016244209837168455,1.0,37.89301409077608
01_person_walk,fixed_int8,0,False,7,8,0.00012792715278919786,1.0,38.93037265881328
01_person_walk,fixed_int8,16,False,0,8,0.0003577417810447514,1.0,34.46430335172419
01_person_walk,fixed_int8,16,False,1,8,0.0001580323005327955,1.0,38.01254137669258
01_person_walk,fixed_int8,16,False,2,8,0.0003126813389826566,1.0,35.04898036949236
01_person_walk,fixed_int8,16,False,3,8,0.0003311712353024632,0.9999998807907104,34.79947340199533
01_person_walk,fixed_int8,16,False,4,8,0.00022461685875896364,0.9999999403953552,36.485576247210204
01_person_walk,fixed_int8,16,False,5,8,6.688155554002151e-05,1.0,41.74693634573353
01_person_walk,fixed_int8,16,False,6,8,0.00018756459758151323,1.0,37.26849130380781
01_person_walk,fixed_int8,16,False,7,8,0.00010577847569948062,0.9999998807907104,39.7560264381768
01_person_walk,fixed_int8,32,False,0,8,0.0002149979118257761,0.9999999403953552,36.67565732277247
01_person_walk,fixed_int8,32,False,1,8,0.00010114991164300591,0.9999998807907104,39.95034440488234
01_person_walk,fixed_int8,32,False,2,8,0.00012564608186949044,1.0,39.008510498409315
01_person_walk,fixed_int8,32,False,3,8,0.00031241143005900085,1.0000001192092896,35.052731369356124
01_person_walk,fixed_int8,32,False,4,8,0.00033185031497851014,1.0000001192092896,34.79057817579426
01_person_walk,fixed_int8,32,False,5,8,9.531601972412318e-05,0.9999999403953552,40.20834075646721
01_person_walk,fixed_int8,32,False,6,8,0.00022676086518913507,1.0,36.44431894659766
01_person_walk,fixed_int8,32,False,7,8,8.265351061709225e-05,1.0,40.82738695519612
01_person_walk,fixed_int8,48,False,0,8,0.00024177944578696042,1.0,36.16580622254099
01_person_walk,fixed_int8,48,False,1,8,0.00011347528197802603,1.0,39.45098729392792
01_person_walk,fixed_int8,48,False,2,8,9.34303825488314e-05,1.0,40.29511872938645
01_person_walk,fixed_int8,48,False,3,8,0.00023088036687113345,1.0000001192092896,36.366130479238386
01_person_walk,fixed_int8,48,False,4,8,0.00010716651740949601,1.0,39.69940882326707
01_person_walk,fixed_int8,48,False,5,8,0.00013220292748883367,1.0,38.78758927768915
01_person_walk,fixed_int8,48,False,6,8,7.661773997824639e-05,1.0,41.156706627086244
01_person_walk,fixed_int8,48,False,7,8,9.667623817222193e-05,1.0,40.14680257031777
01_person_walk,fixed_int8,64,False,0,8,0.000242915193666704,1.0,36.145453204388154
01_person_walk,fixed_int8,64,False,1,8,0.00021714225294999778,0.9999999403953552,36.632556345953105
01_person_walk,fixed_int8,64,False,2,8,0.00048353482270613313,0.9999998807907104,33.15572192116096
01_person_walk,fixed_int8,64,False,3,8,8.432540198555216e-05,1.0,40.740415798192714
01_person_walk,fixed_int8,64,False,4,8,7.754169928375632e-05,1.0,41.10464685899454
01_person_walk,fixed_int8,64,False,5,8,0.00020455155754461884,1.0,36.89197209245745
01_person_walk,fixed_int8,64,False,6,8,0.00013471627607941628,1.0,38.70579930747286
01_person_walk,fixed_int8,64,False,7,8,7.01617100276053e-05,0.9999999403953552,41.538998087146766
01_person_walk,fixed_int8,80,False,0,8,0.00015622700448147953,0.9999998807907104,38.0624384260722
01_person_walk,fixed_int8,80,False,1,8,0.00016607454745098948,1.0,37.7969692232646
01_person_walk,fixed_int8,80,False,2,8,0.0003783080028370023,1.0,34.22154471418893
01_person_walk,fixed_int8,80,False,3,8,7.910766726126894e-05,1.0000001192092896,41.01781473610696
01_person_walk,fixed_int8,80,False,4,8,9.497575956629589e-05,1.0,40.2238722449994
01_person_walk,fixed_int8,80,False,5,8,0.00015964491467457265,0.9999999403953552,37.96844885024641
01_person_walk,fixed_int8,80,False,6,8,0.00012451517977751791,1.0000001192092896,39.04777751812088
01_person_walk,fixed_int8,80,False,7,8,7.824670319678262e-05,0.9999998807907104,41.065338999470534
01_person_walk,fixed_int8,96,False,0,8,0.0002666761283762753,1.0,35.74015858620064
01_person_walk,fixed_int8,96,False,1,8,0.000198694207938388,1.0,37.01814792664016
01_person_walk,fixed_int8,96,False,2,8,0.0001213042633025907,1.0,39.16123935355579
01_person_walk,fixed_int8,96,False,3,8,0.00022707213065586984,0.9999999403953552,36.43836139080081
01_person_walk,fixed_int8,96,False,4,8,7.44051139918156e-05,1.0,41.28397213619465
01_person_walk,fixed_int8,96,False,5,8,0.00014344824012368917,1.0,38.43304775471374
01_person_walk,fixed_int8,96,False,6,8,9.037389099830762e-05,0.9999999403953552,40.43956993120108
01_person_walk,fixed_int8,96,False,7,8,8.561924914829433e-05,0.9999998807907104,40.67428533328021
02_car_pass,fixed_float32,0,False,0,32,0.0,1.0,
02_car_pass,fixed_float32,0,False,1,32,0.0,1.0,
02_car_pass,fixed_float32,0,False,2,32,0.0,1.0000001192092896,
02_car_pass,fixed_float32,0,False,3,32,0.0,1.0,
02_car_pass,fixed_float32,0,False,4,32,0.0,0.9999998807907104,
02_car_pass,fixed_float32,0,False,5,32,0.0,0.9999998807907104,
02_car_pass,fixed_float32,0,False,6,32,0.0,0.9999999403953552,
02_car_pass,fixed_float32,0,False,7,32,0.0,1.0000001192092896,
02_car_pass,fixed_float32,14,False,0,32,0.0,1.0,
02_car_pass,fixed_float32,14,False,1,32,0.0,1.0,
02_car_pass,fixed_float32,14,False,2,32,0.0,1.0,
02_car_pass,fixed_float32,14,False,3,32,0.0,1.0,
02_car_pass,fixed_float32,14,False,4,32,0.0,0.9999999403953552,
02_car_pass,fixed_float32,14,False,5,32,0.0,1.0,
02_car_pass,fixed_float32,14,False,6,32,0.0,1.0000001192092896,
02_car_pass,fixed_float32,14,False,7,32,0.0,1.0,
02_car_pass,fixed_float32,15,False,0,32,0.0,1.0,
02_car_pass,fixed_float32,15,False,1,32,0.0,1.0,
02_car_pass,fixed_float32,15,False,2,32,0.0,1.0,
02_car_pass,fixed_float32,15,False,3,32,0.0,1.0000001192092896,
02_car_pass,fixed_float32,15,False,4,32,0.0,1.0,
02_car_pass,fixed_float32,15,False,5,32,0.0,1.0,
02_car_pass,fixed_float32,15,False,6,32,0.0,1.0,
02_car_pass,fixed_float32,15,False,7,32,0.0,0.9999998807907104,
02_car_pass,fixed_float32,16,False,0,32,0.0,1.0000001192092896,
02_car_pass,fixed_float32,16,False,1,32,0.0,0.9999998807907104,
02_car_pass,fixed_float32,16,False,2,32,0.0,1.0,
02_car_pass,fixed_float32,16,False,3,32,0.0,1.0,
02_car_pass,fixed_float32,16,False,4,32,0.0,1.0,
02_car_pass,fixed_float32,16,False,5,32,0.0,1.0,
02_car_pass,fixed_float32,16,False,6,32,0.0,1.0,
02_car_pass,fixed_float32,16,False,7,32,0.0,0.9999999403953552,
02_car_pass,fixed_float32,32,False,0,32,0.0,1.0,
02_car_pass,fixed_float32,32,False,1,32,0.0,1.0,
02_car_pass,fixed_float32,32,False,2,32,0.0,1.0,
02_car_pass,fixed_float32,32,False,3,32,0.0,1.0,
02_car_pass,fixed_float32,32,False,4,32,0.0,1.0,
02_car_pass,fixed_float32,32,False,5,32,0.0,0.9999998807907104,
02_car_pass,fixed_float32,32,False,6,32,0.0,1.0,
02_car_pass,fixed_float32,32,False,7,32,0.0,0.9999999403953552,
02_car_pass,fixed_float32,48,False,0,32,0.0,1.0,
02_car_pass,fixed_float32,48,False,1,32,0.0,0.9999998807907104,
02_car_pass,fixed_float32,48,False,2,32,0.0,1.0,
02_car_pass,fixed_float32,48,False,3,32,0.0,0.9999999403953552,
02_car_pass,fixed_float32,48,False,4,32,0.0,0.9999998807907104,
02_car_pass,fixed_float32,48,False,5,32,0.0,1.0000001192092896,
02_car_pass,fixed_float32,48,False,6,32,0.0,1.0,
02_car_pass,fixed_float32,48,False,7,32,0.0,1.0,
02_car_pass,fixed_float32,64,False,0,32,0.0,1.0,
02_car_pass,fixed_float32,64,False,1,32,0.0,1.0000001192092896,
02_car_pass,fixed_float32,64,False,2,32,0.0,1.0000001192092896,
02_car_pass,fixed_float32,64,False,3,32,0.0,1.0,
02_car_pass,fixed_float32,64,False,4,32,0.0,1.0000001192092896,
02_car_pass,fixed_float32,64,False,5,32,0.0,1.0,
02_car_pass,fixed_float32,64,False,6,32,0.0,1.0000001192092896,
02_car_pass,fixed_float32,64,False,7,32,0.0,1.0,
02_car_pass,fixed_float32,80,False,0,32,0.0,1.0,
02_car_pass,fixed_float32,80,False,1,32,0.0,1.0000001192092896,
02_car_pass,fixed_float32,80,False,2,32,0.0,1.0,
02_car_pass,fixed_float32,80,False,3,32,0.0,0.9999999403953552,
02_car_pass,fixed_float32,80,False,4,32,0.0,1.0,
02_car_pass,fixed_float32,80,False,5,32,0.0,1.0,
02_car_pass,fixed_float32,80,False,6,32,0.0,1.0,
02_car_pass,fixed_float32,80,False,7,32,0.0,1.0,
02_car_pass,fixed_float32,96,False,0,32,0.0,1.0,
02_car_pass,fixed_float32,96,False,1,32,0.0,1.0000001192092896,
02_car_pass,fixed_float32,96,False,2,32,0.0,0.9999998807907104,
02_car_pass,fixed_float32,96,False,3,32,0.0,0.9999999403953552,
02_car_pass,fixed_float32,96,False,4,32,0.0,0.9999999403953552,
02_car_pass,fixed_float32,96,False,5,32,0.0,1.0,
02_car_pass,fixed_float32,96,False,6,32,0.0,1.0,
02_car_pass,fixed_float32,96,False,7,32,0.0,1.0,
02_car_pass,fixed_int16,0,False,0,16,1.7538621666091103e-09,1.0,87.56004540179322
02_car_pass,fixed_int16,0,False,1,16,3.7199643365681823e-09,1.0,84.29461223694955
02_car_pass,fixed_int16,0,False,2,16,2.501574281055241e-09,1.0000001192092896,86.01786648540737
02_car_pass,fixed_int16,0,False,3,16,3.187303976304179e-09,1.0,84.96576515460649
02_car_pass,fixed_int16,0,False,4,16,4.887009907861284e-09,0.9999998807907104,83.10956728715925
02_car_pass,fixed_int16,0,False,5,16,5.085926346737324e-09,0.9999998807907104,82.9362988169965
02_car_pass,fixed_int16,0,False,6,16,4.709804102276394e-09,0.9999999403953552,83.26997130481884
02_car_pass,fixed_int16,0,False,7,16,3.99299171505163e-09,1.0000001192092896,83.98701642682303
02_car_pass,fixed_int16,14,False,0,16,2.231419937714918e-09,1.0,86.51418690823178
02_car_pass,fixed_int16,14,False,1,16,3.784156099584379e-09,1.0,84.2203095689238
02_car_pass,fixed_int16,14,False,2,16,2.5434769845844585e-09,1.0,85.94572187858927
02_car_pass,fixed_int16,14,False,3,16,2.8885691616409304e-09,1.0,85.39317229590657
02_car_pass,fixed_int16,14,False,4,16,6.96592961091369e-09,0.9999999403953552,81.57020892413607
02_car_pass,fixed_int16,14,False,5,16,5.235643030232495e-09,1.0,82.81029971610423
02_car_pass,fixed_int16,14,False,6,16,5.106922884579035e-09,1.0000001192092896,82.91840751788854
02_car_pass,fixed_int16,14,False,7,16,4.541151454873216e-09,1.0,83.4283401342191
02_car_pass,fixed_int16,15,False,0,16,1.4812839843614256e-09,1.0,88.29361672729311
02_car_pass,fixed_int16,15,False,1,16,3.7197378510711587e-09,1.0,84.29487665990395
02_car_pass,fixed_int16,15,False,2,16,2.5192341546187436e-09,1.0,85.9873146436663
02_car_pass,fixed_int16,15,False,3,16,2.804229071173836e-09,1.0000001192092896,85.5218656448754
02_car_pass,fixed_int16,15,False,4,16,3.7241310035796005e-09,1.0,84.28975050265605
02_car_pass,fixed_int16,15,False,5,16,5.308819162053169e-09,1.0,82.75002068077575
02_car_pass,fixed_int16,15,False,6,16,4.920081231318818e-09,1.0,83.08027726902905
02_car_pass,fixed_int16,15,False,7,16,4.505853912206703e-09,0.9999998807907104,83.46222841211086
02_car_pass,fixed_int16,16,False,0,16,1.5680471365797644e-09,1.0000001192092896,88.04640938035251
02_car_pass,fixed_int16,16,False,1,16,3.7405007979884886e-09,0.9999998807907104,84.2707019649745
02_car_pass,fixed_int16,16,False,2,16,2.5197497421913795e-09,1.0,85.9864259056068
02_car_pass,fixed_int16,16,False,3,16,2.8504700821940787e-09,1.0,85.45083512879884
02_car_pass,fixed_int16,16,False,4,16,2.769665163881996e-09,1.0,85.57572731393347
02_car_pass,fixed_int16,16,False,5,16,5.178575346320713e-09,1.0,82.85789700550175
02_car_pass,fixed_int16,16,False,6,16,4.949680665333744e-09,1.0,83.05422819199171
02_car_pass,fixed_int16,16,False,7,16,4.48122161600395e-09,0.9999999403953552,83.48603551908717
02_car_pass,fixed_int16,32,False,0,16,1.0150325024937956e-09,1.0,89.93520050925447
02_car_pass,fixed_int16,32,False,1,16,1.0507271719362166e-09,1.0,89.7851003668758
02_car_pass,fixed_int16,32,False,2,16,2.2413486622241408e-09,1.0,86.49490579742564
02_car_pass,fixed_int16,32,False,3,16,3.155544270327937e-09,1.0,85.00925722564386
02_car_pass,fixed_int16,32,False,4,16,1.6502628152892385e-09,1.0,87.82446886003865
02_car_pass,fixed_int16,32,False,5,16,2.7491646736876874e-09,0.9999998807907104,85.60799193567597
02_car_pass,fixed_int16,32,False,6,16,3.2513431946767923e-09,1.0,84.87937186244343
02_car_pass,fixed_int16,32,False,7,16,4.354983484944341e-09,0.9999999403953552,83.61013461707465
02_car_pass,fixed_int16,48,False,0,16,2.0737072059517914e-09,1.0,86.83252563190976
02_car_pass,fixed_int16,48,False,1,16,1.4282932614406718e-09,0.9999998807907104,88.45182560991415
02_car_pass,fixed_int16,48,False,2,16,1.862994647439109e-09,1.0,87.29788392871336
02_car_pass,fixed_int16,48,False,3,16,2.4953976662800414e-09,0.9999999403953552,86.02860209521651
02_car_pass,fixed_int16,48,False,4,16,4.961297150885002e-09,0.9999998807907104,83.04404708870791
02_car_pass,fixed_int16,48,False,5,16,1.983733177723934e-09,1.0000001192092896,87.02516794858504
02_car_pass,fixed_int16,48,False,6,16,1.8923425049166553e-09,1.0,87.23000255601679
02_car_pass,fixed_int16,48,False,7,16,7.327668249956787e-09,1.0,81.35034200977016
02_car_pass,fixed_int16,64,False,0,16,1.5146550680356086e-09,1.0,88.19686257659802
02_car_pass,fixed_int16,64,False,1,16,1.4459605734984393e-09,1.0000001192092896,88.39843600407823
02_car_pass,fixed_int16,64,False,2,16,1.30453869928715e-09,1.0000001192092896,88.84543084749976
02_car_pass,fixed_int16,64,False,3,16,1.2031776686072249e-09,1.0,89.196702373331
02_car_pass,fixed_int16,64,False,4,16,4.252446395014431e-09,1.0000001192092896,83.71361204030812
02_car_pass,fixed_int16,64,False,5,16,4.037536527334851e-09,1.0,83.93883535608653
02_car_pass,fixed_int16,64,False,6,16,1.6286451076652497e-09,1.0000001192092896,87.88173592739147
02_car_pass,fixed_int16,64,False,7,16,1.7054589962484101e-09,1.0,87.68158717720743
02_car_pass,fixed_int16,80,False,0,16,1.6105315969738854e-09,1.0,87.93030750349541
02_car_pass,fixed_int16,80,False,1,16,3.790815661375291e-09,1.0000001192092896,84.21267385571292
02_car_pass,fixed_int16,80,False,2,16,1.3355524464131463e-09,1.0,88.74339052801278
02_car_pass,fixed_int16,80,False,3,16,1.541409777594538e-09,0.9999999403953552,88.12081864603599
02_car_pass,fixed_int16,80,False,4,16,5.460998320216959e-09,1.0,82.62727957051824
02_car_pass,fixed_int16,80,False,5,16,5.000124758680613e-09,1.0,83.0101915939786
02_car_pass,fixed_int16,80,False,6,16,2.4282738042558094e-09,1.0,86.14702345202579
02_car_pass,fixed_int16,80,False,7,16,1.4654454316698207e-09,1.0,88.34030348611358
02_car_pass,fixed_int16,96,False,0,16,1.5467995773121856e-09,1.0,88.10565955276894
02_car_pass,fixed_int16,96,False,1,16,3.635588496919695e-09,1.0000001192092896,84.39425331135851
02_car_pass,fixed_int16,96,False,2,16,2.381160824072026e-09,0.9999998807907104,86.23211219497556
02_car_pass,fixed_int16,96,False,3,16,1.7097884219552384e-09,0.9999999403953552,87.67057602237897
02_car_pass,fixed_int16,96,False,4,16,6.198123791989474e-09,0.9999999403953552,82.07739728180265
02_car_pass,fixed_int16,96,False,5,16,4.773027306725908e-09,1.0,83.21206081006382
02_car_pass,fixed_int16,96,False,6,16,4.6231383166173146e-09,1.0,83.35063112998205
02_car_pass,fixed_int16,96,False,7,16,2.2012454081732358e-09,1.0,86.57331536967702
02_car_pass,fixed_int4,0,False,0,4,0.033275723457336426,1.0,14.77872493625982
02_car_pass,fixed_int4,0,False,1,4,0.06997942924499512,1.0,11.550296039617145
02_car_pass,fixed_int4,0,False,2,4,0.04876864701509476,1.0000001192092896,13.118593446123779
02_car_pass,fixed_int4,0,False,3,4,0.061462968587875366,1.0,12.113864676689929
02_car_pass,fixed_int4,0,False,4,4,0.09326769411563873,0.9999998807907104,10.30268708521422
02_car_pass,fixed_int4,0,False,5,4,0.09708970785140991,0.9999998807907104,10.128267539559626
02_car_pass,fixed_int4,0,False,6,4,0.08895670622587204,0.9999999403953552,10.508212800740122
02_car_pass,fixed_int4,0,False,7,4,0.07424784451723099,1.0000001192092896,11.293162015653156
02_car_pass,fixed_int4,14,False,0,4,0.04245087131857872,1.0,13.721133912865255
02_car_pass,fixed_int4,14,False,1,4,0.07228551805019379,1.0,11.409487021642516
02_car_pass,fixed_int4,14,False,2,4,0.050885431468486786,1.0,12.934065386549104
02_car_pass,fixed_int4,14,False,3,4,0.05590261518955231,1.0,12.525678748358462
02_car_pass,fixed_int4,14,False,4,4,0.13264988362789154,0.9999999403953552,8.772931007967134
02_car_pass,fixed_int4,14,False,5,4,0.09881214797496796,1.0,10.051896599247403
02_car_pass,fixed_int4,14,False,6,4,0.09487943351268768,1.0000001192092896,10.228279687434014
02_car_pass,fixed_int4,14,False,7,4,0.08709149062633514,1.0,10.600242761583685
02_car_pass,fixed_int4,15,False,0,4,0.028648054227232933,1.0,15.429048699294912
02_car_pass,fixed_int4,15,False,1,4,0.07350179553031921,1.0,11.337020516724696
02_car_pass,fixed_int4,15,False,2,4,0.05048614367842674,1.0,12.968278010838967
02_car_pass,fixed_int4,15,False,3,4,0.05340693145990372,1.0000001192092896,12.724024258401458
02_car_pass,fixed_int4,15,False,4,4,0.07042625546455383,1.0,11.522654022553162
02_car_pass,fixed_int4,15,False,5,4,0.09973660111427307,1.0,10.011454360220828
02_car_pass,fixed_int4,15,False,6,4,0.09313590824604034,1.0,10.308828459094137
02_car_pass,fixed_int4,15,False,7,4,0.08606044948101044,0.9999998807907104,10.651963382196971
02_car_pass,fixed_int4,16,False,0,4,0.029449068009853363,1.0000001192092896,15.309284967772548
02_car_pass,fixed_int4,16,False,1,4,0.07304742932319641,0.9999998807907104,11.363950113307082
02_car_pass,fixed_int4,16,False,2,4,0.04999939724802971,1.0,13.010352311326312
02_car_pass,fixed_int4,16,False,3,4,0.054471857845783234,1.0,12.638278121986456
02_car_pass,fixed_int4,16,False,4,4,0.053004685789346695,1.0,12.75685735635002
02_car_pass,fixed_int4,16,False,5,4,0.09937183558940887,1.0,10.027366878493293
02_car_pass,fixed_int4,16,False,6,4,0.09421612322330475,1.0,10.258747699488282
02_car_pass,fixed_int4,16,False,7,4,0.08579760044813156,0.9999999403953552,10.665248322642537
02_car_pass,fixed_int4,32,False,0,4,0.01949477568268776,1.0,17.100817576717574
02_car_pass,fixed_int4,32,False,1,4,0.01989719085395336,1.0,17.01208234280961
02_car_pass,fixed_int4,32,False,2,4,0.04278063774108887,1.0,13.687527455856372
02_car_pass,fixed_int4,32,False,3,4,0.06025955080986023,1.0,12.199741099929987
02_car_pass,fixed_int4,32,False,4,4,0.03194771334528923,1.0,14.955602209816973
02_car_pass,fixed_int4,32,False,5,4,0.052506595849990845,0.9999998807907104,12.79786085558753
02_car_pass,fixed_int4,32,False,6,4,0.05997731536626816,1.0,12.220129775179569
02_car_pass,fixed_int4,32,False,7,4,0.08407830446958542,0.9999999403953552,10.753160290259057
02_car_pass,fixed_int4,48,False,0,4,0.03970644250512123,1.0,14.0113902176526
02_car_pass,fixed_int4,48,False,1,4,0.02742634527385235,0.9999998807907104,15.618320091305637
02_car_pass,fixed_int4,48,False,2,4,0.03509825840592384,1.0,14.54714432920566
02_car_pass,fixed_int4,48,False,3,4,0.04793786257505417,0.9999999403953552,13.193213080491402
02_car_pass,fixed_int4,48,False,4,4,0.095633864402771,0.9999998807907104,10.193882429915197
02_car_pass,fixed_int4,48,False,5,4,0.03714003786444664,1.0000001192092896,14.301577096026401
02_car_pass,fixed_int4,48,False,6,4,0.03667225316166878,1.0,14.356624059483662
02_car_pass,fixed_int4,48,False,7,4,0.14190112054347992,1.0,8.48014175057476
02_car_pass,fixed_int4,64,False,0,4,0.028475139290094376,1.0,15.455341428319553
02_car_pass,fixed_int4,64,False,1,4,0.027728376910090446,1.0000001192092896,15.570756030242809
02_car_pass,fixed_int4,64,False,2,4,0.024298209697008133,1.0000001192092896,16.144257760071014
02_car_pass,fixed_int4,64,False,3,4,0.02260812558233738,1.0,16.4573544309439
02_car_pass,fixed_int4,64,False,4,4,0.08378992229700089,1.0000001192092896,10.768082640962165
02_car_pass,fixed_int4,64,False,5,4,0.07696683704853058,1.0,11.136963604016014
02_car_pass,fixed_int4,64,False,6,4,0.03058893047273159,1.0000001192092896,15.144357594198521
02_car_pass,fixed_int4,64,False,7,4,0.031999703496694565,1.0,14.948540457534063
02_car_pass,fixed_int4,80,False,0,4,0.030009569600224495,1.0,15.227402332185303
02_car_pass,fixed_int4,80,False,1,4,0.07348035275936127,1.0000001192092896,11.338288192024484
02_car_pass,fixed_int4,80,False,2,4,0.025937817990779877,1.0,15.860665615758533
02_car_pass,fixed_int4,80,False,3,4,0.028834650292992592,0.9999999403953552,15.400852854642043
02_car_pass,fixed_int4,80,False,4,4,0.10465248674154282,1.0,9.802504475422207
02_car_pass,fixed_int4,80,False,5,4,0.09610377252101898,1.0,10.172595639141406
02_car_pass,fixed_int4,80,False,6,4,0.047135744243860245,1.0,13.266496312907377
02_car_pass,fixed_int4,80,False,7,4,0.02794908732175827,1.0,15.536323694446715
02_car_pass,fixed_int4,96,False,0,4,0.029576309025287628,1.0,15.290560247261297
02_car_pass,fixed_int4,96,False,1,4,0.07172387093305588,1.0000001192092896,11.443363314018654
02_car_pass,fixed_int4,96,False,2,4,0.04572363942861557,0.9999998807907104,13.398591569322198
02_car_pass,fixed_int4,96,False,3,4,0.033586762845516205,0.9999999403953552,14.738318263628036
02_car_pass,fixed_int4,96,False,4,4,0.11540360748767853,0.9999999403953552,9.377805891460987
02_car_pass,fixed_int4,96,False,5,4,0.09168822318315506,1.0,10.376864433379042
02_car_pass,fixed_int4,96,False,6,4,0.08850317448377609,1.0,10.530411514935729
02_car_pass,fixed_int4,96,False,7,4,0.0416741743683815,1.0,13.801329954785501
02_car_pass,fixed_int6,0,False,0,6,0.0018977446015924215,1.0,27.21762235313595
02_car_pass,fixed_int6,0,False,1,6,0.004041422624140978,1.0,23.934657316570394
02_car_pass,fixed_int6,0,False,2,6,0.0026981690898537636,1.0000001192092896,25.689308890567418
02_car_pass,fixed_int6,0,False,3,6,0.003377610119059682,1.0,24.71390482921663
02_car_pass,fixed_int6,0,False,4,6,0.0051902299746870995,0.9999998807907104,22.848133467332005
02_car_pass,fixed_int6,0,False,5,6,0.0055967457592487335,0.9999998807907104,22.520643693654982
02_car_pass,fixed_int6,0,False,6,6,0.005022870376706123,0.9999999403953552,22.990480034813853
02_car_pass,fixed_int6,0,False,7,6,0.004227126017212868,1.0000001192092896,23.73954856754745
02_car_pass,fixed_int6,14,False,0,6,0.002328043570742011,1.0,26.330088958624614
02_car_pass,fixed_int6,14,False,1,6,0.004032127559185028,1.0,23.94465737134485
02_car_pass,fixed_int6,14,False,2,6,0.002753322711214423,1.0,25.601428828725954
02_car_pass,fixed_int6,14,False,3,6,0.0031166234984993935,1.0,25.063156591926024
02_car_pass,fixed_int6,14,False,4,6,0.007615179754793644,0.9999999403953552,21.183198148866715
02_car_pass,fixed_int6,14,False,5,6,0.005691769998520613,1.0,22.447526578483856
02_car_pass,fixed_int6,14,False,6,6,0.00545097328722477,1.0000001192092896,22.635259980214894
02_car_pass,fixed_int6,14,False,7,6,0.004993006121367216,1.0,23.016379015045988
02_car_pass,fixed_int6,15,False,0,6,0.0016275066882371902,1.0,27.88477218023342
02_car_pass,fixed_int6,15,False,1,6,0.004015498794615269,1.0,23.96260500125215
02_car_pass,fixed_int6,15,False,2,6,0.0027652715798467398,1.0,25.58262209807069
02_car_pass,fixed_int6,15,False,3,6,0.0030793282203376293,1.0000001192092896,25.115440696941867
02_car_pass,fixed_int6,15,False,4,6,0.004035855643451214,1.0,23.940643762244665
02_car_pass,fixed_int6,15,False,5,6,0.0056863510981202126,1.0,22.45166328734786
02_car_pass,fixed_int6,15,False,6,6,0.005329323001205921,1.0,22.733279571112558
02_car_pass,fixed_int6,15,False,7,6,0.004828161559998989,0.9999998807907104,23.162181541925335
02_car_pass,fixed_int6,16,False,0,6,0.0016837717266753316,1.0000001192092896,27.737168390531686
02_car_pass,fixed_int6,16,False,1,6,0.00397696765139699,0.9999998807907104,24.004478897733648
02_car_pass,fixed_int6,16,False,2,6,0.002690219786018133,1.0,25.70212237486199
02_car_pass,fixed_int6,16,False,3,6,0.003086473559960723,1.0,25.10537439031342
02_car_pass,fixed_int6,16,False,4,6,0.003016639966517687,1.0,25.204765194189953
02_car_pass,fixed_int6,16,False,5,6,0.005617280025035143,1.0,22.50473925723955
02_car_pass,fixed_int6,16,False,6,6,0.005316189955919981,1.0,22.74399509419681
02_car_pass,fixed_int6,16,False,7,6,0.004900896456092596,0.9999999403953552,23.097244470804167
02_car_pass,fixed_int6,32,False,0,6,0.0011022299295291305,1.0,29.577278004844988
02_car_pass,fixed_int6,32,False,1,6,0.001110424054786563,1.0,29.545111387949177
02_car_pass,fixed_int6,32,False,2,6,0.0023935516364872456,1.0,26.20957198973936
02_car_pass,fixed_int6,32,False,3,6,0.003438748186454177,1.0,24.635996256427983
02_car_pass,fixed_int6,32,False,4,6,0.0018048090860247612,1.0,27.435687313046397
02_car_pass,fixed_int6,32,False,5,6,0.002902920823544264,0.9999998807907104,25.371647575106657
02_car_pass,fixed_int6,32,False,6,6,0.0035500051453709602,1.0,24.497710174788224
02_car_pass,fixed_int6,32,False,7,6,0.004835268948227167,0.9999999403953552,23.155793386148645
02_car_pass,fixed_int6,48,False,0,6,0.0022863943595439196,1.0,26.40848859941302
02_car_pass,fixed_int6,48,False,1,6,0.0015264841495081782,0.9999998807907104,28.16307649136041
02_car_pass,fixed_int6,48,False,2,6,0.0019988510757684708,1.0,26.992195617504628
02_car_pass,fixed_int6,48,False,3,6,0.0026588074397295713,0.9999999403953552,25.753130887911592
02_car_pass,fixed_int6,48,False,4,6,0.005398176144808531,0.9999998807907104,22.677528965606832
02_car_pass,fixed_int6,48,False,5,6,0.0021222918294370174,1.0000001192092896,26.73194949680713
02_car_pass,fixed_int6,48,False,6,6,0.0020751042757183313,1.0,26.829600747440765
02_car_pass,fixed_int6,48,False,7,6,0.007845724932849407,1.0,21.05366922084604
02_car_pass,fixed_int6,64,False,0,6,0.0015914224786683917,1.0,27.982145118695747
02_car_pass,fixed_int6,64,False,1,6,0.0015924035105854273,1.0000001192092896,27.979469254206627
02_car_pass,fixed_int6,64,False,2,6,0.0013930939603596926,1.0000001192092896,28.56019642390641
02_car_pass,fixed_int6,64,False,3,6,0.0012801719130948186,1.0,28.927317054340453
02_car_pass,fixed_int6,64,False,4,6,0.004726681392639875,1.0000001192092896,23.254437225982272
02_car_pass,fixed_int6,64,False,5,6,0.004363219253718853,1.0,23.60192962972897
02_car_pass,fixed_int6,64,False,6,6,0.0017419048817828298,1.0000001192092896,27.589756154772644
02_car_pass,fixed_int6,64,False,7,6,0.001763483160175383,1.0,27.536286831344704
02_car_pass,fixed_int6,80,False,0,6,0.0017304818611592054,1.0,27.618329486031683
02_car_pass,fixed_int6,80,False,1,6,0.004141152836382389,1.0000001192092896,23.828787925874426
02_car_pass,fixed_int6,80,False,2,6,0.0014343266375362873,1.0,28.433519360281107
02_car_pass,fixed_int6,80,False,3,6,0.0016372104873880744,0.9999999403953552,27.858954561959038
02_car_pass,fixed_int6,80,False,4,6,0.006055044941604137,1.0,22.17882629099252
02_car_pass,fixed_int6,80,False,5,6,0.005505993962287903,1.0,22.591642691770666
02_car_pass,fixed_int6,80,False,6,6,0.0026456480845808983,1.0,25.774679247324034
02_car_pass,fixed_int6,80,False,7,6,0.0015322866383939981,1.0,28.146599854680346
02_car_pass,fixed_int6,96,False,0,6,0.0017056637443602085,1.0,27.681065818218013
02_car_pass,fixed_int6,96,False,1,6,0.0040189120918512344,1.0000001192092896,23.958915450676983
02_car_pass,fixed_int6,96,False,2,6,0.002615460194647312,0.9999998807907104,25.824518334522836
02_car_pass,fixed_int6,96,False,3,6,0.0018559119198471308,0.9999999403953552,27.31442613024326
02_car_pass,fixed_int6,96,False,4,6,0.006656655576080084,0.9999999403953552,21.767438875360355
02_car_pass,fixed_int6,96,False,5,6,0.005236213095486164,1.0,22.80982687501232
02_car_pass,fixed_int6,96,False,6,6,0.0052032326348125935,1.0,22.837267565070345
02_car_pass,fixed_int6,96,False,7,6,0.0023960855323821306,1.0,26.204976831197143
02_car_pass,fixed_int8,0,False,0,8,0.0001139377272920683,1.0,39.43332447634804
02_car_pass,fixed_int8,0,False,1,8,0.00024131653481163085,1.0,36.17412919568928
02_car_pass,fixed_int8,0,False,2,8,0.00016283770673908293,1.0000001192092896,37.88245074237348
02_car_pass,fixed_int8,0,False,3,8,0.0002044284192379564,1.0,36.89458729573126
02_car_pass,fixed_int8,0,False,4,8,0.00032018631463870406,0.9999998807907104,34.94597182805646
02_car_pass,fixed_int8,0,False,5,8,0.0003322254924569279,0.9999998807907104,34.785669943793856
02_car_pass,fixed_int8,0,False,6,8,0.0003094625426456332,0.9999999403953552,35.09391884592398
02_car_pass,fixed_int8,0,False,7,8,0.0002601505839265883,1.0000001192092896,35.84775246733764
02_car_pass,fixed_int8,14,False,0,8,0.0001418775354977697,1.0,38.48086364103501
02_car_pass,fixed_int8,14,False,1,8,0.00024392972409259528,1.0,36.12735275443354
02_car_pass,fixed_int8,14,False,2,8,0.00016643849085085094,1.0,37.78746230743301
02_car_pass,fixed_int8,14,False,3,8,0.00019847310613840818,1.0,37.022983334700506
02_car_pass,fixed_int8,14,False,4,8,0.0004548613796941936,0.9999999403953552,33.421209097785244
02_car_pass,fixed_int8,14,False,5,8,0.00034960394259542227,1.0,34.564236783323096
02_car_pass,fixed_int8,14,False,6,8,0.0003286372811999172,1.0000001192092896,34.83283222736801
02_car_pass,fixed_int8,14,False,7,8,0.00030587497167289257,1.0,35.14456057860202
02_car_pass,fixed_int8,15,False,0,8,9.690802835393697e-05,1.0,40.136402422951285
02_car_pass,fixed_int8,15,False,1,8,0.0002434557827655226,1.0,36.13579905269536
02_car_pass,fixed_int8,15,False,2,8,0.000168269281857647,1.0,37.73995158755855
02_car_pass,fixed_int8,15,False,3,8,0.0001895026070997119,1.0000001192092896,37.22384862580085
02_car_pass,fixed_int8,15,False,4,8,0.0002478670503478497,1.0,36.057812013612285
02_car_pass,fixed_int8,15,False,5,8,0.0003543528728187084,1.0,34.50564041964818
02_car_pass,fixed_int8,15,False,6,8,0.00033631332917138934,1.0,34.732559198668476
02_car_pass,fixed_int8,15,False,7,8,0.0002897018566727638,0.9999998807907104,35.38048669661674
02_car_pass,fixed_int8,16,False,0,8,0.00010246774763800204,1.0000001192092896,39.894128617656406
02_car_pass,fixed_int8,16,False,1,8,0.00024304298858623952,0.9999998807907104,36.1431685135989
02_car_pass,fixed_int8,16,False,2,8,0.00016563314420636743,1.0,37.808527538697504
02_car_pass,fixed_int8,16,False,3,8,0.0001877623872132972,1.0,37.26391401748985
02_car_pass,fixed_int8,16,False,4,8,0.00018531370733398944,1.0,37.32092455482287
02_car_pass,fixed_int8,16,False,5,8,0.0003382848808541894,1.0,34.7071741193217
02_car_pass,fixed_int8,16,False,6,8,0.00032129394821822643,1.0,34.930974545922176
02_car_pass,fixed_int8,16,False,7,8,0.0002994012029375881,0.9999999403953552,35.2374643319014
02_car_pass,fixed_int8,32,False,0,8,6.818302063038573e-05,1.0,41.66323762654657
02_car_pass,fixed_int8,32,False,1,8,6.660097278654575e-05,1.0,41.765194273951124
02_car_pass,fixed_int8,32,False,2,8,0.00015022420848254114,1.0,38.23260075566149
02_car_pass,fixed_int8,32,False,3,8,0.00020647687779273838,1.0,36.851285755294576
02_car_pass,fixed_int8,32,False,4,8,0.00010731458314694464,1.0,39.69341257065728
02_car_pass,fixed_int8,32,False,5,8,0.00018392837955616415,0.9999998807907104,37.35351203580893
02_car_pass,fixed_int8,32,False,6,8,0.00021208912949077785,1.0,36.734815904327775
02_car_pass,fixed_int8,32,False,7,8,0.0002860836684703827,0.9999999403953552,35.43506907974755
02_car_pass,fixed_int8,48,False,0,8,0.00013762485468760133,1.0,38.61303126573552
02_car_pass,fixed_int8,48,False,1,8,9.209705604007468e-05,0.9999998807907104,40.35754200398043
02_car_pass,fixed_int8,48,False,2,8,0.00012449073255993426,1.0,39.048629774669344
02_car_pass,fixed_int8,48,False,3,8,0.000160845898790285,0.9999999403953552,37.93589982270233
02_car_pass,fixed_int8,48,False,4,8,0.0003297702351119369,0.9999998807907104,34.817884943422484
02_car_pass,fixed_int8,48,False,5,8,0.00012960360618308187,1.0000001192092896,38.873829659501354
02_car_pass,fixed_int8,48,False,6,8,0.00012907721975352615,1.0,38.89150397611994
02_car_pass,fixed_int8,48,False,7,8,0.0004877883766312152,1.0,33.11768552577161
02_car_pass,fixed_int8,64,False,0,8,9.835589298745617e-05,1.0,40.07199614237144
02_car_pass,fixed_int8,64,False,1,8,9.291795868193731e-05,1.0000001192092896,40.31900391570431
02_car_pass,fixed_int8,64,False,2,8,8.516886009601876e-05,1.0000001192092896,40.69719217105043
02_car_pass,fixed_int8,64,False,3,8,8.053187048062682e-05,1.0,40.94032213611152
02_car_pass,fixed_int8,64,False,4,8,0.0002898871898651123,1.0000001192092896,35.37771027495981
02_car_pass,fixed_int8,64,False,5,8,0.00025889158132486045,1.0,35.86882071788394
02_car_pass,fixed_int8,64,False,6,8,0.00010560894588707015,1.0000001192092896,39.762993439450234
02_car_pass,fixed_int8,64,False,7,8,0.00010984335676766932,1.0,39.59226203708298
02_car_pass,fixed_int8,80,False,0,8,0.00010583602852420881,1.0,39.75366465328321
02_car_pass,fixed_int8,80,False,1,8,0.00025943294167518616,1.0000001192092896,35.85974931683711
02_car_pass,fixed_int8,80,False,2,8,8.833278843667358e-05,1.0,40.53878059798052
02_car_pass,fixed_int8,80,False,3,8,0.00010413282143417746,0.9999999403953552,39.82412338540644
02_car_pass,fixed_int8,80,False,4,8,0.000361613929271698,1.0,34.417548489673514
02_car_pass,fixed_int8,80,False,5,8,0.00032338572782464325,1.0,34.90279150984279
02_car_pass,fixed_int8,80,False,6,8,0.00016263600264210254,1.0,37.887833085695476
02_car_pass,fixed_int8,80,False,7,8,9.360989497508854e-05,1.0,40.28678242010312
02_car_pass,fixed_int8,96,False,0,8,0.00010535276669543236,1.0,39.773540547897966
02_car_pass,fixed_int8,96,False,1,8,0.0002459283568896353,1.0000001192092896,36.09191443608012
02_car_pass,fixed_int8,96,False,2,8,0.0001622174313524738,0.9999998807907104,37.89902427986493
02_car_pass,fixed_int8,96,False,3,8,0.00011856103810714558,0.9999999403953552,39.2605798082838
02_car_pass,fixed_int8,96,False,4,8,0.000412095250794664,0.9999999403953552,33.850023646017114
02_car_pass,fixed_int8,96,False,5,8,0.0003083214978687465,1.0,35.109961928204626
02_car_pass,fixed_int8,96,False,6,8,0.0003119900939054787,1.0,35.05859195181835
02_car_pass,fixed_int8,96,False,7,8,0.00014669120719190687,1.0,38.335959173938015
03_dog_walk,fixed_float32,0,False,0,32,0.0,0.9999999403953552,
03_dog_walk,fixed_float32,0,False,1,32,0.0,0.9999999403953552,
03_dog_walk,fixed_float32,0,False,2,32,0.0,1.0,
03_dog_walk,fixed_float32,0,False,3,32,0.0,0.9999999403953552,
03_dog_walk,fixed_float32,0,False,4,32,0.0,1.0,
03_dog_walk,fixed_float32,0,False,5,32,0.0,1.0,
03_dog_walk,fixed_float32,0,False,6,32,0.0,1.0,
03_dog_walk,fixed_float32,0,False,7,32,0.0,1.0000001192092896,
03_dog_walk,fixed_float32,16,False,0,32,0.0,1.0,
03_dog_walk,fixed_float32,16,False,1,32,0.0,1.0,
03_dog_walk,fixed_float32,16,False,2,32,0.0,1.0,
03_dog_walk,fixed_float32,16,False,3,32,0.0,0.9999999403953552,
03_dog_walk,fixed_float32,16,False,4,32,0.0,1.0000001192092896,
03_dog_walk,fixed_float32,16,False,5,32,0.0,1.0,
03_dog_walk,fixed_float32,16,False,6,32,0.0,1.0000001192092896,
03_dog_walk,fixed_float32,16,False,7,32,0.0,1.0,
03_dog_walk,fixed_float32,32,False,0,32,0.0,1.0,
03_dog_walk,fixed_float32,32,False,1,32,0.0,1.0,
03_dog_walk,fixed_float32,32,False,2,32,0.0,0.9999999403953552,
03_dog_walk,fixed_float32,32,False,3,32,0.0,1.0,
03_dog_walk,fixed_float32,32,False,4,32,0.0,1.0,
03_dog_walk,fixed_float32,32,False,5,32,0.0,0.9999999403953552,
03_dog_walk,fixed_float32,32,False,6,32,0.0,0.9999999403953552,
03_dog_walk,fixed_float32,32,False,7,32,0.0,1.0,
03_dog_walk,fixed_float32,48,False,0,32,0.0,0.9999999403953552,
03_dog_walk,fixed_float32,48,False,1,32,0.0,1.0,
03_dog_walk,fixed_float32,48,False,2,32,0.0,1.0000001192092896,
03_dog_walk,fixed_float32,48,False,3,32,0.0,1.0000001192092896,
03_dog_walk,fixed_float32,48,False,4,32,0.0,0.9999998807907104,
03_dog_walk,fixed_float32,48,False,5,32,0.0,1.0,
03_dog_walk,fixed_float32,48,False,6,32,0.0,0.9999999403953552,
03_dog_walk,fixed_float32,48,False,7,32,0.0,1.0,
03_dog_walk,fixed_float32,64,False,0,32,0.0,1.0,
03_dog_walk,fixed_float32,64,False,1,32,0.0,1.0,
03_dog_walk,fixed_float32,64,False,2,32,0.0,1.0,
03_dog_walk,fixed_float32,64,False,3,32,0.0,0.9999998807907104,
03_dog_walk,fixed_float32,64,False,4,32,0.0,1.0000001192092896,
03_dog_walk,fixed_float32,64,False,5,32,0.0,0.9999999403953552,
03_dog_walk,fixed_float32,64,False,6,32,0.0,1.0,
03_dog_walk,fixed_float32,64,False,7,32,0.0,1.0,
03_dog_walk,fixed_float32,80,False,0,32,0.0,1.0,
03_dog_walk,fixed_float32,80,False,1,32,0.0,1.0,
03_dog_walk,fixed_float32,80,False,2,32,0.0,1.0,
03_dog_walk,fixed_float32,80,False,3,32,0.0,1.0000001192092896,
03_dog_walk,fixed_float32,80,False,4,32,0.0,1.0000001192092896,
03_dog_walk,fixed_float32,80,False,5,32,0.0,1.0,
03_dog_walk,fixed_float32,80,False,6,32,0.0,1.0,
03_dog_walk,fixed_float32,80,False,7,32,0.0,0.9999998807907104,
03_dog_walk,fixed_float32,96,False,0,32,0.0,1.0000001192092896,
03_dog_walk,fixed_float32,96,False,1,32,0.0,0.9999999403953552,
03_dog_walk,fixed_float32,96,False,2,32,0.0,1.0,
03_dog_walk,fixed_float32,96,False,3,32,0.0,1.000000238418579,
03_dog_walk,fixed_float32,96,False,4,32,0.0,0.9999998807907104,
03_dog_walk,fixed_float32,96,False,5,32,0.0,0.9999998807907104,
03_dog_walk,fixed_float32,96,False,6,32,0.0,1.0,
03_dog_walk,fixed_float32,96,False,7,32,0.0,1.0000001192092896,
03_dog_walk,fixed_int16,0,False,0,16,1.7914081329450937e-09,0.9999999403953552,87.46805432545759
03_dog_walk,fixed_int16,0,False,1,16,2.589703562705381e-09,0.9999999403953552,85.86749919858782
03_dog_walk,fixed_int16,0,False,2,16,1.126644999516202e-09,1.0,89.48212906525767
03_dog_walk,fixed_int16,0,False,3,16,1.4656774682819673e-09,0.9999999403953552,88.33961562578577
03_dog_walk,fixed_int16,0,False,4,16,1.776200964087593e-09,1.0,87.5050789854801
03_dog_walk,fixed_int16,0,False,5,16,2.4256900932329017e-09,1.0,86.15164685495895
03_dog_walk,fixed_int16,0,False,6,16,1.7083403580642198e-09,1.0,87.67425599160306
03_dog_walk,fixed_int16,0,False,7,16,1.2106078361995287e-09,1.0000001192092896,89.16996571021437
03_dog_walk,fixed_int16,16,False,0,16,1.8072437990568346e-09,1.0,87.4298325671242
03_dog_walk,fixed_int16,16,False,1,16,1.6748583631098768e-09,1.0,87.76021913833509
03_dog_walk,fixed_int16,16,False,2,16,1.1044068992660527e-09,1.0,89.56870888972455
03_dog_walk,fixed_int16,16,False,3,16,1.4512931967303189e-09,0.9999999403953552,88.38244814702512
03_dog_walk,fixed_int16,16,False,4,16,1.6298277172310804e-09,1.0000001192092896,87.87858352527651
03_dog_walk,fixed_int16,16,False,5,16,1.4246459567601732e-09,1.0,88.46293050132243
03_dog_walk,fixed_int16,16,False,6,16,1.6917489631396165e-09,1.0000001192092896,87.7166413279221
03_dog_walk,fixed_int16,16,False,7,16,1.1746372763354884e-09,1.0,89.30096221226816
03_dog_walk,fixed_int16,32,False,0,16,1.7649818273568485e-09,1.0,87.53259761845152
03_dog_walk,fixed_int16,32,False,1,16,1.143345307319521e-09,1.0,89.41822586389227
03_dog_walk,fixed_int16,32,False,2,16,2.1902875069201855e-09,0.9999999403953552,86.59498848098765
03_dog_walk,fixed_int16,32,False,3,16,1.4685477278675307e-09,1.0,88.33111934321522
03_dog_walk,fixed_int16,32,False,4,16,1.5634590289081984e-09,1.0,88.05913495138813
03_dog_walk,fixed_int16,32,False,5,16,1.246438952051676e-09,0.9999999403953552,89.04328961580174
03_dog_walk,fixed_int16,32,False,6,16,1.3512033714135896e-09,0.9999999403953552,88.69279253933189
03_dog_walk,fixed_int16,32,False,7,16,1.229956803072696e-09,1.0,89.10110141013119
03_dog_walk,fixed_int16,48,False,0,16,1.8241629318183072e-09,0.9999999403953552,87.38936347780948
03_dog_walk,fixed_int16,48,False,1,16,1.930501314362232e-09,1.0,87.1432989835484
03_dog_walk,fixed_int16,48,False,2,16,1.3365729634173817e-09,1.0000001192092896,88.74007379929193
03_dog_walk,fixed_int16,48,False,3,16,1.4406544845968483e-09,1.0000001192092896,88.41440216291483
03_dog_walk,fixed_int16,48,False,4,16,1.7168413357637746e-09,0.9999998807907104,87.65269787130183
03_dog_walk,fixed_int16,48,False,5,16,1.5670457154115525e-09,1.0,88.0491833367731
03_dog_walk,fixed_int16,48,False,6,16,1.9699950559726176e-09,0.9999999403953552,87.05534837884673
03_dog_walk,fixed_int16,48,False,7,16,1.2347957101255247e-09,1.0,89.08404887994647
03_dog_walk,fixed_int16,64,False,0,16,1.635869883997998e-09,1.0,87.86251242785079
03_dog_walk,fixed_int16,64,False,1,16,2.7321067630481366e-09,1.0,85.63502333652025
03_dog_walk,fixed_int16,64,False,2,16,2.2930424226075274e-09,1.0,86.39587910497305
03_dog_walk,fixed_int16,64,False,3,16,1.2513523550694572e-09,0.9999998807907104,89.02620332926449
03_dog_walk,fixed_int16,64,False,4,16,1.7326498014114122e-09,1.0000001192092896,87.61289258638803
03_dog_walk,fixed_int16,64,False,5,16,2.3324195908003276e-09,0.9999999403953552,86.32193293559867
03_dog_walk,fixed_int16,64,False,6,16,1.2100569435347097e-09,1.0,89.17194191930649
03_dog_walk,fixed_int16,64,False,7,16,1.1418462841916721e-09,1.0,89.42392357053942
03_dog_walk,fixed_int16,80,False,0,16,1.8755756947541613e-09,1.0,87.2686540384028
03_dog_walk,fixed_int16,80,False,1,16,2.8547770813958095e-09,1.0,85.44427798486247
03_dog_walk,fixed_int16,80,False,2,16,1.2267123983278339e-09,1.0,89.11257245308741
03_dog_walk,fixed_int16,80,False,3,16,1.423924311794167e-09,1.0000001192092896,88.46513146631028
03_dog_walk,fixed_int16,80,False,4,16,1.7765794391166878e-09,1.0000001192092896,87.50415420189375
03_dog_walk,fixed_int16,80,False,5,16,2.3365338552849835e-09,1.0,86.31427921869744
03_dog_walk,fixed_int16,80,False,6,16,1.477466482491252e-09,1.0,88.30482362652602
03_dog_walk,fixed_int16,80,False,7,16,1.6969183835868762e-09,0.9999998807907104,87.70338993600572
03_dog_walk,fixed_int16,96,False,0,16,1.8001709012338551e-09,1.0000001192092896,87.44686314479986
03_dog_walk,fixed_int16,96,False,1,16,2.7019673165540325e-09,0.9999999403953552,85.68319882694519
03_dog_walk,fixed_int16,96,False,2,16,1.3476024740555204e-09,1.0,88.7043820037148
03_dog_walk,fixed_int16,96,False,3,16,1.4672202341969864e-09,1.000000238418579,88.33504795891645
03_dog_walk,fixed_int16,96,False,4,16,1.772898494678543e-09,0.9999998807907104,87.51316076960438
03_dog_walk,fixed_int16,96,False,5,16,2.2957107326249115e-09,0.9999998807907104,86.39082783639402
03_dog_walk,fixed_int16,96,False,6,16,1.6435297567340967e-09,1.0,87.84222428443672
03_dog_walk,fixed_int16,96,False,7,16,1.5269725484046148e-09,1.0000001192092896,88.16168822301341
03_dog_walk,fixed_int4,0,False,0,4,0.03528154268860817,0.9999999403953552,14.524524076740303
03_dog_walk,fixed_int4,0,False,1,4,0.05151034891605377,0.9999999403953552,12.881054824395559
03_dog_walk,fixed_int4,0,False,2,4,0.021932389587163925,1.0,16.589140483050265
03_dog_walk,fixed_int4,0,False,3,4,0.028219811618328094,0.9999999403953552,15.494458638237553
03_dog_walk,fixed_int4,0,False,4,4,0.03381386399269104,1.0,14.70905198509023
03_dog_walk,fixed_int4,0,False,5,4,0.0475388802587986,1.0,13.229510519547476
03_dog_walk,fixed_int4,0,False,6,4,0.032876305282115936,1.0,14.83116995443119
03_dog_walk,fixed_int4,0,False,7,4,0.022991852834820747,1.0000001192092896,16.384260807847504
03_dog_walk,fixed_int4,16,False,0,4,0.034262530505657196,1.0,14.651805647780144
03_dog_walk,fixed_int4,16,False,1,4,0.03179327771067619,1.0,14.976646964236867
03_dog_walk,fixed_int4,16,False,2,4,0.020988186821341515,1.0,16.780250786876962
03_dog_walk,fixed_int4,16,False,3,4,0.02747509814798832,0.9999999403953552,15.610607216061787
03_dog_walk,fixed_int4,16,False,4,4,0.031095333397388458,1.0000001192092896,15.073048341866343
03_dog_walk,fixed_int4,16,False,5,4,0.02809963934123516,1.0,15.512992542271835
03_dog_walk,fixed_int4,16,False,6,4,0.03286774456501007,1.0000001192092896,14.832301486205747
03_dog_walk,fixed_int4,16,False,7,4,0.02200322598218918,1.0,16.57513640834458
03_dog_walk,fixed_int4,32,False,0,4,0.03348342329263687,1.0,14.751701468227523
03_dog_walk,fixed_int4,32,False,1,4,0.02136910893023014,1.0,16.702135870896694
03_dog_walk,fixed_int4,32,False,2,4,0.04218507930636406,0.9999999403953552,13.748411042127307
03_dog_walk,fixed_int4,32,False,3,4,0.02820570021867752,1.0,15.496631142568638
03_dog_walk,fixed_int4,32,False,4,4,0.02912561595439911,1.0,15.357248813215303
03_dog_walk,fixed_int4,32,False,5,4,0.02385837957262993,0.9999999403953552,16.223590304445533
03_dog_walk,fixed_int4,32,False,6,4,0.025621136650443077,0.9999999403953552,15.914015813335746
03_dog_walk,fixed_int4,32,False,7,4,0.023268435150384903,1.0,16.332328229188892
03_dog_walk,fixed_int4,48,False,0,4,0.03570925071835518,0.9999999403953552,14.472192365591015
03_dog_walk,fixed_int4,48,False,1,4,0.036100152879953384,1.0,14.424909589037725
03_dog_walk,fixed_int4,48,False,2,4,0.02511235885322094,1.0000001192092896,16.00112543008741
03_dog_walk,fixed_int4,48,False,3,4,0.02849501743912697,1.0000001192092896,15.45231124671093
03_dog_walk,fixed_int4,48,False,4,4,0.03242475539445877,0.9999998807907104,14.891232396858975
03_dog_walk,fixed_int4,48,False,5,4,0.028987081721425056,1.0,15.377955051029904
03_dog_walk,fixed_int4,48,False,6,4,0.03813175857067108,0.9999999403953552,14.187131394690756
03_dog_walk,fixed_int4,48,False,7,4,0.02351740375161171,1.0,16.286106247125936
03_dog_walk,fixed_int4,64,False,0,4,0.03242119401693344,1.0,14.891709948725554
03_dog_walk,fixed_int4,64,False,1,4,0.05409594625234604,1.0,12.668352780764046
03_dog_walk,fixed_int4,64,False,2,4,0.04399678856134415,1.0,13.565790226271695
03_dog_walk,fixed_int4,64,False,3,4,0.02334441989660263,0.9999998807907104,16.318168619438723
03_dog_walk,fixed_int4,64,False,4,4,0.0335860475897789,1.0000001192092896,14.738411527514907
03_dog_walk,fixed_int4,64,False,5,4,0.04396234452724457,0.9999999403953552,13.569191286680006
03_dog_walk,fixed_int4,64,False,6,4,0.023242443799972534,1.0,16.33718210488037
03_dog_walk,fixed_int4,64,False,7,4,0.02138354629278183,1.0,16.69920268833993
03_dog_walk,fixed_int4,80,False,0,4,0.03491797298192978,1.0,14.569509753992818
03_dog_walk,fixed_int4,80,False,1,4,0.055097796022892,1.0,12.588657730944954
03_dog_walk,fixed_int4,80,False,2,4,0.023851757869124413,1.0,16.224796080399035
03_dog_walk,fixed_int4,80,False,3,4,0.027379825711250305,1.0000001192092896,15.625693725058529
03_dog_walk,fixed_int4,80,False,4,4,0.03370201960206032,1.0000001192092896,14.72344124913959
03_dog_walk,fixed_int4,80,False,5,4,0.04502207040786743,1.0,13.465745371889632
03_dog_walk,fixed_int4,80,False,6,4,0.028261594474315643,1.0,15.48803339590702
03_dog_walk,fixed_int4,80,False,7,4,0.031906869262456894,0.9999998807907104,14.961157554022357
03_dog_walk,fixed_int4,96,False,0,4,0.034866027534008026,1.0000001192092896,14.575975829832164
03_dog_walk,fixed_int4,96,False,1,4,0.05343446135520935,0.9999999403953552,12.721785382604855
03_dog_walk,fixed_int4,96,False,2,4,0.025798171758651733,1.0,15.88411070132217
03_dog_walk,fixed_int4,96,False,3,4,0.02852168306708336,1.000000238418579,15.448249538514125
03_dog_walk,fixed_int4,96,False,4,4,0.0328918918967247,0.9999998807907104,14.829110940011795
03_dog_walk,fixed_int4,96,False,5,4,0.04414242506027222,0.9999998807907104,13.551437598336808
03_dog_walk,fixed_int4,96,False,6,4,0.032575346529483795,1.0,14.871109556601311
03_dog_walk,fixed_int4,96,False,7,4,0.028390713036060333,1.0000001192092896,15.468237517526738
03_dog_walk,fixed_int6,0,False,0,6,0.0019495555898174644,0.9999999403953552,27.100643508984273
03_dog_walk,fixed_int6,0,False,1,6,0.0028316089883446693,0.9999999403953552,25.47966691878925
03_dog_walk,fixed_int6,0,False,2,6,0.0012142285704612732,1.0,29.15699552514217
03_dog_walk,fixed_int6,0,False,3,6,0.0016018787864595652,0.9999999403953552,27.95370324015878
03_dog_walk,fixed_int6,0,False,4,6,0.0018960769521072507,1.0,27.221440408390023
03_dog_walk,fixed_int6,0,False,5,6,0.002649916335940361,1.0,25.76767837539802
03_dog_walk,fixed_int6,0,False,6,6,0.0019214898347854614,1.0,27.163619087319034
03_dog_walk,fixed_int6,0,False,7,6,0.0012790524633601308,1.0000001192092896,28.931116933132017
03_dog_walk,fixed_int6,16,False,0,6,0.0020128122996538877,1.0,26.961967223916755
03_dog_walk,fixed_int6,16,False,1,6,0.0018241627840325236,1.0,27.38936408851577
03_dog_walk,fixed_int6,16,False,2,6,0.0011873323237523437,1.0,29.254277088700675
03_dog_walk,fixed_int6,16,False,3,6,0.0015583873027935624,0.9999999403953552,28.073245730478913
03_dog_walk,fixed_int6,16,False,4,6,0.0017648192588239908,1.0000001192092896,27.532998173538836
03_dog_walk,fixed_int6,16,False,5,6,0.0015688072890043259,1.0,28.04430401513269
03_dog_walk,fixed_int6,16,False,6,6,0.0018386052688583732,1.0000001192092896,27.355115514394996
03_dog_walk,fixed_int6,16,False,7,6,0.0012383500579744577,1.0,29.071565711827155
03_dog_walk,fixed_int6,32,False,0,6,0.0019048441899940372,1.0,27.20140542399504
03_dog_walk,fixed_int6,32,False,1,6,0.0012740523088723421,1.0,28.94812740769703
03_dog_walk,fixed_int6,32,False,2,6,0.0023371833376586437,0.9999999403953552,26.313071926544342
03_dog_walk,fixed_int6,32,False,3,6,0.001597909489646554,1.0,27.96447824058511
03_dog_walk,fixed_int6,32,False,4,6,0.0016887092497199774,1.0,27.724451178131574
03_dog_walk,fixed_int6,32,False,5,6,0.0013571280287578702,0.9999999403953552,28.67379154044356
03_dog_walk,fixed_int6,32,False,6,6,0.0014271026011556387,0.9999999403953552,28.455447763925797
03_dog_walk,fixed_int6,32,False,7,6,0.0013306757900863886,1.0,28.759277444711188
03_dog_walk,fixed_int6,48,False,0,6,0.0020795173477381468,0.9999999403953552,26.820374264289356
03_dog_walk,fixed_int6,48,False,1,6,0.002060138853266835,1.0,26.861035072156433
03_dog_walk,fixed_int6,48,False,2,6,0.0014328600373119116,1.0000001192092896,28.43796281466545
03_dog_walk,fixed_int6,48,False,3,6,0.0015599302714690566,1.0000001192092896,28.06894865848898
03_dog_walk,fixed_int6,48,False,4,6,0.0017969106556847692,0.9999998807907104,27.454734641673394
03_dog_walk,fixed_int6,48,False,5,6,0.0016709980554878712,1.0,27.770240554874455
03_dog_walk,fixed_int6,48,False,6,6,0.002136249328032136,0.9999999403953552,26.703480349947082
03_dog_walk,fixed_int6,48,False,7,6,0.001330664148554206,1.0,28.759315439505574
03_dog_walk,fixed_int6,64,False,0,6,0.0018602675991132855,1.0,27.304245781159665
03_dog_walk,fixed_int6,64,False,1,6,0.0030371765606105328,1.0,25.175299604459006
03_dog_walk,fixed_int6,64,False,2,6,0.0024437468964606524,1.0,26.119437768102856
03_dog_walk,fixed_int6,64,False,3,6,0.0013702462892979383,0.9999998807907104,28.632013135754928
03_dog_walk,fixed_int6,64,False,4,6,0.0019107813714072108,1.0000001192092896,27.187890531644328
03_dog_walk,fixed_int6,64,False,5,6,0.0025729842018336058,0.9999999403953552,25.895628544709414
03_dog_walk,fixed_int6,64,False,6,6,0.0013307849876582623,1.0,28.758921069720994
03_dog_walk,fixed_int6,64,False,7,6,0.0012386970920488238,1.0,29.07034881949215
03_dog_walk,fixed_int6,80,False,0,6,0.0020148619078099728,1.0,26.95754713657484
03_dog_walk,fixed_int6,80,False,1,6,0.0030360629316419363,1.0,25.176892306087147
03_dog_walk,fixed_int6,80,False,2,6,0.0013253323268145323,1.0,28.776752088176213
03_dog_walk,fixed_int6,80,False,3,6,0.0015323682455345988,1.0000001192092896,28.146369080249684
03_dog_walk,fixed_int6,80,False,4,6,0.0019280975684523582,1.0000001192092896,27.148710448356574
03_dog_walk,fixed_int6,80,False,5,6,0.0025441532488912344,1.0,25.94456732196862
03_dog_walk,fixed_int6,80,False,6,6,0.0015767615986987948,1.0,28.022339656415355
03_dog_walk,fixed_int6,80,False,7,6,0.0018393902573734522,0.9999998807907104,27.353260663837666
03_dog_walk,fixed_int6,96,False,0,6,0.0020023388788104057,1.0000001192092896,26.984624717641058
03_dog_walk,fixed_int6,96,False,1,6,0.0029072752222418785,0.9999999403953552,25.365138271584886
03_dog_walk,fixed_int6,96,False,2,6,0.0014438153011724353,1.0,28.404883599603128
03_dog_walk,fixed_int6,96,False,3,6,0.0015891327057033777,1.000000238418579,27.988399376466155
03_dog_walk,fixed_int6,96,False,4,6,0.0018969669472426176,0.9999998807907104,27.21940184421738
03_dog_walk,fixed_int6,96,False,5,6,0.0024799578823149204,0.9999998807907104,26.055556430605307
03_dog_walk,fixed_int6,96,False,6,6,0.0018364933785051107,1.0,27.36010633168879
03_dog_walk,fixed_int6,96,False,7,6,0.0016261243727058172,1.0000001192092896,27.888462926084955
03_dog_walk,fixed_int8,0,False,0,8,0.00011604373867157847,0.9999999403953552,39.35378261754172
03_dog_walk,fixed_int8,0,False,1,8,0.0001769169030012563,0.9999999403953552,37.52230645842631
03_dog_walk,fixed_int8,0,False,2,8,7.253251533256844e-05,1.0,41.39467261513671
03_dog_walk,fixed_int8,0,False,3,8,9.798577229958028e-05,0.9999999403953552,40.08836954139518
03_dog_walk,fixed_int8,0,False,4,8,0.000117352137749549,1.0,39.30508994651869
03_dog_walk,fixed_int8,0,False,5,8,0.0001612557825865224,1.0,37.924847027367925
03_dog_walk,fixed_int8,0,False,6,8,0.00011313152208458632,1.0,39.464163697872074
03_dog_walk,fixed_int8,0,False,7,8,8.077442907961085e-05,1.0000001192092896,40.927261547009564
03_dog_walk,fixed_int8,16,False,0,8,0.00011925464059459046,1.0,39.235247121166935
03_dog_walk,fixed_int8,16,False,1,8,0.00011308315879432485,1.0,39.466020687022876
03_dog_walk,fixed_int8,16,False,2,8,7.205342990346253e-05,1.0,41.423453409750046
03_dog_walk,fixed_int8,16,False,3,8,9.732041507959366e-05,0.9999999403953552,40.1179602154953
03_dog_walk,fixed_int8,16,False,4,8,0.00010927506082225591,1.0000001192092896,39.61478994882833
03_dog_walk,fixed_int8,16,False,5,8,9.771814802661538e-05,1.0,40.10024772454262
03_dog_walk,fixed_int8,16,False,6,8,0.00011277510930085555,1.0000001192092896,39.47786795086775
03_dog_walk,fixed_int8,16,False,7,8,7.591569737996906e-05,1.0,41.19668414082989
03_dog_walk,fixed_int8,32,False,0,8,0.0001166156871477142,1.0,39.332430243331224
03_dog_walk,fixed_int8,32,False,1,8,7.44758581276983e-05,1.0,41.27984484044747
03_dog_walk,fixed_int8,32,False,2,8,0.0001424299116479233,0.9999999403953552,38.46398769226949
03_dog_walk,fixed_int8,32,False,3,8,9.699573274701834e-05,1.0,40.13247371766624
03_dog_walk,fixed_int8,32,False,4,8,0.0001022013311740011,1.0,39.90543447471775
03_dog_walk,fixed_int8,32,False,5,8,8.360866195289418e-05,0.9999999403953552,40.777487009397
03_dog_walk,fixed_int8,32,False,6,8,8.87047135620378e-05,0.9999999403953552,40.520532762711014
03_dog_walk,fixed_int8,32,False,7,8,7.989975711097941e-05,1.0,40.974545409053036
03_dog_walk,fixed_int8,48,False,0,8,0.0001233715156558901,0.9999999403953552,39.087850739098016
03_dog_walk,fixed_int8,48,False,1,8,0.00012752696056850255,1.0,38.94397991007621
03_dog_walk,fixed_int8,48,False,2,8,8.796402835287154e-05,1.0000001192092896,40.556949419135215
03_dog_walk,fixed_int8,48,False,3,8,9.643730300012976e-05,1.0000001192092896,40.15754995530428
03_dog_walk,fixed_int8,48,False,4,8,0.00011107009777333587,0.9999998807907104,39.54402794057415
03_dog_walk,fixed_int8,48,False,5,8,0.00010402704356238246,1.0,39.82853743940218
03_dog_walk,fixed_int8,48,False,6,8,0.00013002008199691772,0.9999999403953552,38.85989538523493
03_dog_walk,fixed_int8,48,False,7,8,8.121012069750577e-05,1.0,40.903898440447186
03_dog_walk,fixed_int8,64,False,0,8,0.00011251858086325228,1.0,39.48775753996574
03_dog_walk,fixed_int8,64,False,1,8,0.00018643714429344982,1.0,37.29467557890787
03_dog_walk,fixed_int8,64,False,2,8,0.00015061524754855782,1.0,38.22131060067561
03_dog_walk,fixed_int8,64,False,3,8,8.44691603560932e-05,0.9999998807907104,40.73301771016267
03_dog_walk,fixed_int8,64,False,4,8,0.0001171012336271815,1.0000001192092896,39.31438581510368
03_dog_walk,fixed_int8,64,False,5,8,0.00015572094707749784,0.9999999403953552,38.0765293772909
03_dog_walk,fixed_int8,64,False,6,8,8.143906597979367e-05,1.0,40.89167215878482
03_dog_walk,fixed_int8,64,False,7,8,7.332652603508905e-05,1.0,41.347388899332
03_dog_walk,fixed_int8,80,False,0,8,0.00012298689398448914,1.0,39.10141166393777
03_dog_walk,fixed_int8,80,False,1,8,0.00018795423966366798,1.0,37.259478735055325
03_dog_walk,fixed_int8,80,False,2,8,8.291342965094373e-05,1.0,40.813751202226015
03_dog_walk,fixed_int8,80,False,3,8,9.244675311492756e-05,1.0000001192092896,40.34108389159734
03_dog_walk,fixed_int8,80,False,4,8,0.00011800980428233743,1.0000001192092896,39.28081961679048
03_dog_walk,fixed_int8,80,False,5,8,0.00015271618030965328,1.0,38.16114946919167
03_dog_walk,fixed_int8,80,False,6,8,9.888047497952357e-05,1.0,40.04889456085249
03_dog_walk,fixed_int8,80,False,7,8,0.00011040882236557081,0.9999998807907104,39.56996170563142
03_dog_walk,fixed_int8,96,False,0,8,0.00012110493116779253,1.0000001192092896,39.168382246044345
03_dog_walk,fixed_int8,96,False,1,8,0.00018305530829820782,0.9999999403953552,37.37417646899247
03_dog_walk,fixed_int8,96,False,2,8,8.894676284398884e-05,1.0,40.50869853140207
03_dog_walk,fixed_int8,96,False,3,8,9.729125304147601e-05,1.000000238418579,40.11926306714138
03_dog_walk,fixed_int8,96,False,4,8,0.00011569853086257353,0.9999998807907104,39.366721039031766
03_dog_walk,fixed_int8,96,False,5,8,0.00015009708295110613,0.9999998807907104,38.2362769616166
03_dog_walk,fixed_int8,96,False,6,8,0.00011268578236922622,1.0,39.48130875685067
03_dog_walk,fixed_int8,96,False,7,8,0.00010112123709404841,1.0000001192092896,39.95157677741926
04_person_car,fixed_float32,0,False,0,32,0.0,1.0000001192092896,
04_person_car,fixed_float32,0,False,1,32,0.0,1.0,
04_person_car,fixed_float32,0,False,2,32,0.0,0.9999998211860657,
04_person_car,fixed_float32,0,False,3,32,0.0,1.0,
04_person_car,fixed_float32,0,False,4,32,0.0,0.9999999403953552,
04_person_car,fixed_float32,0,False,5,32,0.0,0.9999999403953552,
04_person_car,fixed_float32,0,False,6,32,0.0,1.000000238418579,
04_person_car,fixed_float32,0,False,7,32,0.0,0.9999998807907104,
04_person_car,fixed_float32,16,False,0,32,0.0,0.9999998807907104,
04_person_car,fixed_float32,16,False,1,32,0.0,0.9999999403953552,
04_person_car,fixed_float32,16,False,2,32,0.0,1.0,
04_person_car,fixed_float32,16,False,3,32,0.0,1.0,
04_person_car,fixed_float32,16,False,4,32,0.0,1.0000001192092896,
04_person_car,fixed_float32,16,False,5,32,0.0,1.0,
04_person_car,fixed_float32,16,False,6,32,0.0,1.0000001192092896,
04_person_car,fixed_float32,16,False,7,32,0.0,1.0,
04_person_car,fixed_float32,32,False,0,32,0.0,1.0000001192092896,
04_person_car,fixed_float32,32,False,1,32,0.0,0.9999998807907104,
04_person_car,fixed_float32,32,False,2,32,0.0,0.9999999403953552,
04_person_car,fixed_float32,32,False,3,32,0.0,0.9999998807907104,
04_person_car,fixed_float32,32,False,4,32,0.0,1.0,
04_person_car,fixed_float32,32,False,5,32,0.0,0.9999998807907104,
04_person_car,fixed_float32,32,False,6,32,0.0,1.0,
04_person_car,fixed_float32,32,False,7,32,0.0,0.9999998807907104,
04_person_car,fixed_float32,48,False,0,32,0.0,1.0,
04_person_car,fixed_float32,48,False,1,32,0.0,1.0,
04_person_car,fixed_float32,48,False,2,32,0.0,1.0,
04_person_car,fixed_float32,48,False,3,32,0.0,1.0,
04_person_car,fixed_float32,48,False,4,32,0.0,1.0000001192092896,
04_person_car,fixed_float32,48,False,5,32,0.0,0.9999999403953552,
04_person_car,fixed_float32,48,False,6,32,0.0,1.0000001192092896,
04_person_car,fixed_float32,48,False,7,32,0.0,1.0000001192092896,
04_person_car,fixed_float32,64,False,0,32,0.0,1.0000001192092896,
04_person_car,fixed_float32,64,False,1,32,0.0,1.0,
04_person_car,fixed_float32,64,False,2,32,0.0,1.0,
04_person_car,fixed_float32,64,False,3,32,0.0,1.0000001192092896,
04_person_car,fixed_float32,64,False,4,32,0.0,0.9999999403953552,
04_person_car,fixed_float32,64,False,5,32,0.0,1.0000001192092896,
04_person_car,fixed_float32,64,False,6,32,0.0,0.9999997615814209,
04_person_car,fixed_float32,64,False,7,32,0.0,1.0,
04_person_car,fixed_float32,80,False,0,32,0.0,0.9999998807907104,
04_person_car,fixed_float32,80,False,1,32,0.0,1.0,
04_person_car,fixed_float32,80,False,2,32,0.0,1.0000001192092896,
04_person_car,fixed_float32,80,False,3,32,0.0,0.9999998807907104,
04_person_car,fixed_float32,80,False,4,32,0.0,1.0,
04_person_car,fixed_float32,80,False,5,32,0.0,0.9999998807907104,
04_person_car,fixed_float32,80,False,6,32,0.0,1.0,
04_person_car,fixed_float32,80,False,7,32,0.0,0.9999998807907104,
04_person_car,fixed_float32,96,False,0,32,0.0,0.9999998807907104,
04_person_car,fixed_float32,96,False,1,32,0.0,1.0,
04_person_car,fixed_float32,96,False,2,32,0.0,0.9999999403953552,
04_person_car,fixed_float32,96,False,3,32,0.0,0.9999999403953552,
04_person_car,fixed_float32,96,False,4,32,0.0,1.0,
04_person_car,fixed_float32,96,False,5,32,0.0,1.0000001192092896,
04_person_car,fixed_float32,96,False,6,32,0.0,1.0,
04_person_car,fixed_float32,96,False,7,32,0.0,1.0,
04_person_car,fixed_int16,0,False,0,16,1.2046701414192285e-09,1.0000001192092896,89.1913190558515
04_person_car,fixed_int16,0,False,1,16,1.1652903086911692e-09,1.0,89.33565865405143
04_person_car,fixed_int16,0,False,2,16,1.0687600804359931e-09,0.9999998211860657,89.71119698365315
04_person_car,fixed_int16,0,False,3,16,1.1542532485364632e-09,1.0,89.37698894494409
04_person_car,fixed_int16,0,False,4,16,5.5298268186732e-09,0.9999999403953552,82.57288443690402
04_person_car,fixed_int16,0,False,5,16,1.299678364929946e-09,0.9999999403953552,88.86164084590828
04_person_car,fixed_int16,0,False,6,16,1.1718591652609689e-09,1.000000238418579,89.31124682497645
04_person_car,fixed_int16,0,False,7,16,1.7102019800319113e-09,0.9999998807907104,87.66952543313579
04_person_car,fixed_int16,16,False,0,16,1.2406899951855621e-09,0.9999998807907104,89.06336668098346
04_person_car,fixed_int16,16,False,1,16,1.290931583852739e-09,0.9999999403953552,88.89096747759744
04_person_car,fixed_int16,16,False,2,16,8.951938079704291e-10,1.0,90.48082930471635
04_person_car,fixed_int16,16,False,3,16,9.222533847719205e-10,1.0,90.35149742189454
04_person_car,fixed_int16,16,False,4,16,5.562684091131587e-09,1.0000001192092896,82.54715655029744
04_person_car,fixed_int16,16,False,5,16,9.856284677312033e-10,1.0,90.06286761348454
04_person_car,fixed_int16,16,False,6,16,9.520888522018822e-10,1.0000001192092896,90.21322571643401
04_person_car,fixed_int16,16,False,7,16,1.6040606620748576e-09,1.0,87.94779211671427
04_person_car,fixed_int16,32,False,0,16,1.3475777160820712e-09,1.0000001192092896,88.70446231017176
04_person_car,fixed_int16,32,False,1,16,9.347886908983583e-10,0.9999998807907104,90.29286498583767
04_person_car,fixed_int16,32,False,2,16,1.3153197420123774e-09,0.9999999403953552,88.8096863549952
04_person_car,fixed_int16,32,False,3,16,1.2884221467501789e-09,0.9999998807907104,88.89941766907533
04_person_car,fixed_int16,32,False,4,16,2.3082717959255206e-09,1.0,86.36713054909335
04_person_car,fixed_int16,32,False,5,16,1.343249733665175e-09,0.9999998807907104,88.71843185097701
04_person_car,fixed_int16,32,False,6,16,1.0148509810292694e-09,1.0,89.93597724123185
04_person_car,fixed_int16,32,False,7,16,1.0483629520052773e-09,0.9999998807907104,89.79488283172086
04_person_car,fixed_int16,48,False,0,16,1.3878290738844612e-09,1.0,88.57664018636103
04_person_car,fixed_int16,48,False,1,16,9.754336227629778e-10,1.0,90.10802278548881
04_person_car,fixed_int16,48,False,2,16,1.3174572544016883e-09,1.0,88.80263466801283
04_person_car,fixed_int16,48,False,3,16,1.1351499740186455e-09,1.0,89.44946756456837
04_person_car,fixed_int16,48,False,4,16,3.880031851366539e-09,1.0000001192092896,84.11164761018975
04_person_car,fixed_int16,48,False,5,16,1.195315180169132e-09,0.9999999403953552,89.22517539155974
04_person_car,fixed_int16,48,False,6,16,1.1891199136471187e-09,1.0000001192092896,89.2477439966852
04_person_car,fixed_int16,48,False,7,16,1.131092441930548e-09,1.0000001192092896,89.46501951373692
04_person_car,fixed_int16,64,False,0,16,1.3938663556700703e-09,1.0000001192092896,88.55778916300784
04_person_car,fixed_int16,64,False,1,16,1.01021402354462e-09,1.0,89.95586607011776
04_person_car,fixed_int16,64,False,2,16,8.867793166444926e-10,1.0,90.52184444980102
04_person_car,fixed_int16,64,False,3,16,1.136414407021391e-09,1.0000001192092896,89.4446332086902
04_person_car,fixed_int16,64,False,4,16,2.4988886515586728e-09,0.9999999403953552,86.02253069364538
04_person_car,fixed_int16,64,False,5,16,1.0614408241238493e-09,1.0000001192092896,89.74104264737507
04_person_car,fixed_int16,64,False,6,16,1.03912112248139e-09,0.9999997615814209,89.8333372352894
04_person_car,fixed_int16,64,False,7,16,1.0516234549839965e-09,1.0,89.78139736129268
04_person_car,fixed_int16,80,False,0,16,1.2182175268549145e-09,0.9999998807907104,89.14275104694887
04_person_car,fixed_int16,80,False,1,16,8.952344976442816e-10,1.0,90.48063190724703
04_person_car,fixed_int16,80,False,2,16,8.327791789497496e-10,1.0000001192092896,90.79470193314926
04_person_car,fixed_int16,80,False,3,16,1.0387062321370877e-09,0.9999998807907104,89.83507210874463
04_person_car,fixed_int16,80,False,4,16,4.5648880231397015e-09,1.0,83.40569871257608
04_person_car,fixed_int16,80,False,5,16,1.5035213074554576e-09,0.9999998807907104,88.22890361056068
04_person_car,fixed_int16,80,False,6,16,1.172982599939587e-09,1.0,89.30708430174556
04_person_car,fixed_int16,80,False,7,16,1.2657558334794317e-09,0.9999998807907104,88.97650010634842
04_person_car,fixed_int16,96,False,0,16,1.8506743915125412e-09,0.9999998807907104,87.3266993272124
04_person_car,fixed_int16,96,False,1,16,1.1715914904897318e-09,1.0,89.31223791349242
04_person_car,fixed_int16,96,False,2,16,9.902860753641107e-10,0.9999999403953552,90.04239301733799
04_person_car,fixed_int16,96,False,3,16,1.183864783982358e-09,0.9999999403953552,89.26697872169511
04_person_car,fixed_int16,96,False,4,16,2.7367963451041533e-09,1.0,85.62757518807706
04_person_car,fixed_int16,96,False,5,16,1.331550203431675e-09,1.0000001192092896,88.75642506485278
04_person_car,fixed_int16,96,False,6,16,1.0882322820648938e-09,1.0,89.63278395031202
04_person_car,fixed_int16,96,False,7,16,1.4107087720205413e-09,1.0,88.50562633133494
04_person_car,fixed_int4,0,False,0,4,0.022929007187485695,1.0000001192092896,16.39614801330314
04_person_car,fixed_int4,0,False,1,4,0.021528856828808784,1.0,16.669790303772192
04_person_car,fixed_int4,0,False,2,4,0.02071419544517994,0.9999998211860657,16.83731852702195
04_person_car,fixed_int4,0,False,3,4,0.02220044657588005,1.0,16.53638289356128
04_person_car,fixed_int4,0,False,4,4,0.10183726251125336,0.9999999403953552,9.92093257587009
04_person_car,fixed_int4,0,False,5,4,0.025152986869215965,0.9999999403953552,15.994104100184373
04_person_car,fixed_int4,0,False,6,4,0.022864075377583504,1.000000238418579,16.40846460325858
04_person_car,fixed_int4,0,False,7,4,0.03264518454670906,0.9999998807907104,14.861808201676254
04_person_car,fixed_int4,16,False,0,4,0.02350137196481228,0.9999998807907104,16.289067319412133
04_person_car,fixed_int4,16,False,1,4,0.02479705587029457,0.9999999403953552,16.055998535775995
04_person_car,fixed_int4,16,False,2,4,0.017347082495689392,1.0,17.607735561795295
04_person_car,fixed_int4,16,False,3,4,0.01703162118792534,1.0,17.687440109064674
04_person_car,fixed_int4,16,False,4,4,0.10458004474639893,1.0000001192092896,9.805512284577768
04_person_car,fixed_int4,16,False,5,4,0.01864149607717991,1.0,17.2951923618855
04_person_car,fixed_int4,16,False,6,4,0.018027586862444878,1.0000001192092896,17.44062454969863
04_person_car,fixed_int4,16,False,7,4,0.03012726828455925,1.0,15.210402451180784
04_person_car,fixed_int4,32,False,0,4,0.02568955346941948,1.0000001192092896,15.902434962581175
04_person_car,fixed_int4,32,False,1,4,0.018321512266993523,0.9999998807907104,17.370386305280697
04_person_car,fixed_int4,32,False,2,4,0.025295529514551163,0.9999999403953552,15.96956199132414
04_person_car,fixed_int4,32,False,3,4,0.025132711976766586,0.9999998807907104,15.997605940168338
04_person_car,fixed_int4,32,False,4,4,0.04396748170256615,1.0,13.568684084762637
04_person_car,fixed_int4,32,False,5,4,0.026300717145204544,0.9999998807907104,15.800323576105908
04_person_car,fixed_int4,32,False,6,4,0.019461167976260185,1.0,17.108310987838472
04_person_car,fixed_int4,32,False,7,4,0.019415976479649544,0.9999998807907104,17.118407110045425
04_person_car,fixed_int4,48,False,0,4,0.027155917137861252,1.0,15.661355251789884
04_person_car,fixed_int4,48,False,1,4,0.01878996752202511,1.0,17.260739705656515
04_person_car,fixed_int4,48,False,2,4,0.025649167597293854,1.0,15.90926724656181
04_person_car,fixed_int4,48,False,3,4,0.021002406254410744,1.0,16.777309451162715
04_person_car,fixed_int4,48,False,4,4,0.07395090907812119,1.0000001192092896,11.310565346265145
04_person_car,fixed_int4,48,False,5,4,0.023104209452867508,0.9999999403953552,16.363088610788722
04_person_car,fixed_int4,48,False,6,4,0.021905232220888138,1.0000001192092896,16.594521902077176
04_person_car,fixed_int4,48,False,7,4,0.022233247756958008,1.0000001192092896,16.52997144183103
04_person_car,fixed_int4,64,False,0,4,0.02570030838251114,1.0000001192092896,15.900617172336593
04_person_car,fixed_int4,64,False,1,4,0.019844138994812965,1.0,17.02367739685193
04_person_car,fixed_int4,64,False,2,4,0.016659533604979515,1.0,17.783371611296552
04_person_car,fixed_int4,64,False,3,4,0.02229449525475502,1.0000001192092896,16.51802407360632
04_person_car,fixed_int4,64,False,4,4,0.04797594994306564,0.9999999403953552,13.189763914163263
04_person_car,fixed_int4,64,False,5,4,0.020511005073785782,1.0000001192092896,16.8801310972125
04_person_car,fixed_int4,64,False,6,4,0.01960526593029499,0.9999997615814209,17.076271589106106
04_person_car,fixed_int4,64,False,7,4,0.02081163041293621,1.0,16.816938952038115
04_person_car,fixed_int4,80,False,0,4,0.02258790284395218,0.9999998807907104,16.461240371650867
04_person_car,fixed_int4,80,False,1,4,0.016682686284184456,1.0,17.777340169797128
04_person_car,fixed_int4,80,False,2,4,0.015845177695155144,1.0000001192092896,18.001029378390115
04_person_car,fixed_int4,80,False,3,4,0.019427821040153503,0.9999998807907104,17.115758539228295
04_person_car,fixed_int4,80,False,4,4,0.08585852384567261,1.0,10.662165825603985
04_person_car,fixed_int4,80,False,5,4,0.02916061319410801,0.9999998807907104,15.352032960712368
04_person_car,fixed_int4,80,False,6,4,0.022518215700984,1.0,16.474660250958742
04_person_car,fixed_int4,80,False,7,4,0.022974465042352676,0.9999998807907104,16.387545405468057
04_person_car,fixed_int4,96,False,0,4,0.034777093678712845,0.9999998807907104,14.587066630293704
04_person_car,fixed_int4,96,False,1,4,0.022601310163736343,1.0,16.458663847291998
04_person_car,fixed_int4,96,False,2,4,0.019334953278303146,0.9999999403953552,17.13656847148942
04_person_car,fixed_int4,96,False,3,4,0.022359484806656837,0.9999999403953552,16.50538181527719
04_person_car,fixed_int4,96,False,4,4,0.05263133719563484,1.0,12.787555957948442
04_person_car,fixed_int4,96,False,5,4,0.02455168031156063,1.0000001192092896,16.09918831277666
04_person_car,fixed_int4,96,False,6,4,0.0215597003698349,1.0,16.663572791361126
04_person_car,fixed_int4,96,False,7,4,0.02669360116124153,1.0,15.735928327709113
04_person_car,fixed_int6,0,False,0,6,0.0012991043040528893,1.0000001192092896,28.863560301399648
04_person_car,fixed_int6,0,False,1,6,0.001246824860572815,1.0,29.041945468652408
04_person_car,fixed_int6,0,False,2,6,0.0011691490653902292,0.9999998211860657,29.321300355179645
04_person_car,fixed_int6,0,False,3,6,0.0012687627458944917,1.0,28.96619581831311
04_person_car,fixed_int6,0,False,4,6,0.005892771761864424,0.9999999403953552,22.29680353735396
04_person_car,fixed_int6,0,False,5,6,0.0014129129704087973,0.9999999403953552,28.498845621842626
04_person_car,fixed_int6,0,False,6,6,0.0012761371908709407,1.000000238418579,28.941027379083508
04_person_car,fixed_int6,0,False,7,6,0.001845319988206029,0.9999998807907104,27.339282622519686
04_person_car,fixed_int6,16,False,0,6,0.001335697015747428,0.9999998807907104,28.742919925675075
04_person_car,fixed_int6,16,False,1,6,0.0014234953559935093,0.9999999403953552,28.466439194696118
04_person_car,fixed_int6,16,False,2,6,0.0009685112163424492,1.0,30.1389534534505
04_person_car,fixed_int6,16,False,3,6,0.000975726346950978,1.0,30.106719678593485
04_person_car,fixed_int6,16,False,4,6,0.005962844472378492,1.0000001192092896,22.245465698903356
04_person_car,fixed_int6,16,False,5,6,0.0010487140389159322,1.0,29.793429181471684
04_person_car,fixed_int6,16,False,6,6,0.0010124477557837963,1.0000001192092896,29.946274297224676
04_person_car,fixed_int6,16,False,7,6,0.0017072055488824844,1.0,27.67714186342094
04_person_car,fixed_int6,32,False,0,6,0.0014829938299953938,1.0000001192092896,28.28860707624555
04_person_car,fixed_int6,32,False,1,6,0.001040321891196072,0.9999998807907104,29.82832210909498
04_person_car,fixed_int6,32,False,2,6,0.0014403053792193532,0.9999999403953552,28.41545391429147
04_person_car,fixed_int6,32,False,3,6,0.001382404938340187,0.9999998807907104,28.59364671668139
04_person_car,fixed_int6,32,False,4,6,0.0024968041107058525,1.0,26.026155293253417
04_person_car,fixed_int6,32,False,5,6,0.0014329219702631235,0.9999998807907104,28.437774066840408
04_person_car,fixed_int6,32,False,6,6,0.001063112635165453,1.0,29.734207201997506
04_person_car,fixed_int6,32,False,7,6,0.0011560991406440735,0.9999998807907104,29.370048698628676
04_person_car,fixed_int6,48,False,0,6,0.0015158463502302766,1.0,28.1934481758849
04_person_car,fixed_int6,48,False,1,6,0.0010381786851212382,1.0,29.837278918791064
04_person_car,fixed_int6,48,False,2,6,0.0013872062554582953,1.0,28.57858961458916
04_person_car,fixed_int6,48,False,3,6,0.0012525938218459487,1.0,29.02189734695089
04_person_car,fixed_int6,48,False,4,6,0.004264414310455322,1.0000001192092896,23.70140659692548
04_person_car,fixed_int6,48,False,5,6,0.0013243802823126316,0.9999999403953552,28.77987267864992
04_person_car,fixed_int6,48,False,6,6,0.0012538388837128878,1.0000001192092896,29.017583178369524
04_person_car,fixed_int6,48,False,7,6,0.0012305777054280043,1.0000001192092896,29.098910091308472
04_person_car,fixed_int6,64,False,0,6,0.0015197754837572575,1.0000001192092896,28.182206173582486
04_person_car,fixed_int6,64,False,1,6,0.0010860401671379805,1.0,29.641541120917523
04_person_car,fixed_int6,64,False,2,6,0.0009692292078398168,1.0,30.135735068204067
04_person_car,fixed_int6,64,False,3,6,0.0012313865590840578,1.0000001192092896,29.09605642931838
04_person_car,fixed_int6,64,False,4,6,0.0027566137723624706,0.9999999403953552,25.59624052506598
04_person_car,fixed_int6,64,False,5,6,0.0011301417835056782,1.0000001192092896,29.468671198536104
04_person_car,fixed_int6,64,False,6,6,0.0011511275079101324,0.9999997615814209,29.388764642992008
04_person_car,fixed_int6,64,False,7,6,0.0011729447869583964,1.0,29.307224305815325
04_person_car,fixed_int6,80,False,0,6,0.0013003862695768476,0.9999998807907104,28.859275729764796
04_person_car,fixed_int6,80,False,1,6,0.0009644455858506262,1.0,30.1572227028184
04_person_car,fixed_int6,80,False,2,6,0.0008919799001887441,1.0000001192092896,30.49644983646334
04_person_car,fixed_int6,80,False,3,6,0.0011170331854373217,0.9999998807907104,29.519338726610435
04_person_car,fixed_int6,80,False,4,6,0.004897669423371553,1.0,23.100105316757073
04_person_car,fixed_int6,80,False,5,6,0.0016444887733086944,0.9999998807907104,27.839690352660163
04_person_car,fixed_int6,80,False,6,6,0.0012506416533142328,1.0,29.028671109957664
04_person_car,fixed_int6,80,False,7,6,0.0013195211067795753,0.9999998807907104,28.79583606734071
04_person_car,fixed_int6,96,False,0,6,0.0019599886145442724,0.9999998807907104,27.07746399654726
04_person_car,fixed_int6,96,False,1,6,0.0012711425079032779,1.0,28.958057579222917
04_person_car,fixed_int6,96,False,2,6,0.001091501791961491,0.9999999403953552,29.619755210699278
04_person_car,fixed_int6,96,False,3,6,0.0012917224084958434,0.9999999403953552,28.888307804327976
04_person_car,fixed_int6,96,False,4,6,0.003003579331561923,1.0,25.223608928311307
04_person_car,fixed_int6,96,False,5,6,0.0014092782512307167,1.0000001192092896,28.510033020667386
04_person_car,fixed_int6,96,False,6,6,0.0012154316063970327,1.0,29.152694743361195
04_person_car,fixed_int6,96,False,7,6,0.0015485452022403479,1.0,28.10076113008497
04_person_car,fixed_int8,0,False,0,8,8.274909487226978e-05,1.0000001192092896,40.82236799706395
04_person_car,fixed_int8,0,False,1,8,7.676321547478437e-05,1.0,41.14846841730893
04_person_car,fixed_int8,0,False,2,8,7.046727841952816e-05,0.9999998211860657,41.52012423800767
04_person_car,fixed_int8,0,False,3,8,7.706022734055296e-05,1.0,41.13169714079804
04_person_car,fixed_int8,0,False,4,8,0.00036037201061844826,0.9999999403953552,34.43248921290911
04_person_car,fixed_int8,0,False,5,8,8.728415559744462e-05,0.9999999403953552,40.590645592872235
04_person_car,fixed_int8,0,False,6,8,7.861020276322961e-05,1.000000238418579,41.04521187069213
04_person_car,fixed_int8,0,False,7,8,0.00011108710168628022,0.9999998807907104,39.54336312254486
04_person_car,fixed_int8,16,False,0,8,8.202264871215448e-05,0.9999998807907104,40.86066158617983
04_person_car,fixed_int8,16,False,1,8,8.796175825409591e-05,0.9999999403953552,40.557060722927204
04_person_car,fixed_int8,16,False,2,8,5.8802143030334264e-05,1.0,42.30606845874732
04_person_car,fixed_int8,16,False,3,8,6.0256752476561815e-05,1.0,42.19994278230442
04_person_car,fixed_int8,16,False,4,8,0.0003659845679067075,1.0000001192092896,34.365372784383396
04_person_car,fixed_int8,16,False,5,8,6.64380204398185e-05,1.0,41.775833160892624
04_person_car,fixed_int8,16,False,6,8,6.385479355230927e-05,1.0000001192092896,41.948065466458864
04_person_car,fixed_int8,16,False,7,8,0.00010310260404367,1.0,39.86730365681424
04_person_car,fixed_int8,32,False,0,8,8.998832345241681e-05,1.0000001192092896,40.45813891101161
04_person_car,fixed_int8,32,False,1,8,6.33573072263971e-05,0.9999998807907104,41.98203237373393
04_person_car,fixed_int8,32,False,2,8,8.761207573115826e-05,0.9999999403953552,40.57436004224875
04_person_car,fixed_int8,32,False,3,8,8.6056868894957e-05,0.9999998807907104,40.652144076246806
04_person_car,fixed_int8,32,False,4,8,0.00015447181067429483,1.0,38.11150762747814
04_person_car,fixed_int8,32,False,5,8,8.891185279935598e-05,0.9999998807907104,40.51040287795218
04_person_car,fixed_int8,32,False,6,8,6.549170211656019e-05,1.0,41.838137221956686
04_person_car,fixed_int8,32,False,7,8,6.791447231080383e-05,0.9999998807907104,41.680376176148
04_person_car,fixed_int8,48,False,0,8,8.988053014036268e-05,1.0,40.46334374655722
04_person_car,fixed_int8,48,False,1,8,6.343478889903054e-05,1.0,41.97672501058531
04_person_car,fixed_int8,48,False,2,8,8.694821735844016e-05,1.0,40.607393176213485
04_person_car,fixed_int8,48,False,3,8,7.318463758565485e-05,1.0,41.355800734768565
04_person_car,fixed_int8,48,False,4,8,0.000258532352745533,1.0000001192092896,35.87485153318083
04_person_car,fixed_int8,48,False,5,8,7.922646909719333e-05,0.9999999403953552,41.01129673050191
04_person_car,fixed_int8,48,False,6,8,7.819666643626988e-05,1.0000001192092896,41.06811812512491
04_person_car,fixed_int8,48,False,7,8,7.601940160384402e-05,1.0000001192092896,41.190756050943165
04_person_car,fixed_int8,64,False,0,8,9.0101282694377e-05,1.0000001192092896,40.45269078072287
04_person_car,fixed_int8,64,False,1,8,6.795213266741484e-05,1.0,41.677969084509066
04_person_car,fixed_int8,64,False,2,8,5.796309778816067e-05,1.0,42.368484120836605
04_person_car,fixed_int8,64,False,3,8,7.666838791919872e-05,1.0000001192092896,41.15383720185933
04_person_car,fixed_int8,64,False,4,8,0.00016900274204090238,0.9999999403953552,37.72106223088687
04_person_car,fixed_int8,64,False,5,8,7.121494854800403e-05,1.0000001192092896,41.47428886920248
04_person_car,fixed_int8,64,False,6,8,7.041986827971414e-05,0.9999997615814209,41.523046880685385
04_person_car,fixed_int8,64,False,7,8,7.077339250827208e-05,1.0,41.50129986077524
04_person_car,fixed_int8,80,False,0,8,7.864433428039774e-05,0.9999998807907104,41.04332507720001
04_person_car,fixed_int8,80,False,1,8,5.720720946555957e-05,1.0,42.42549236350165
04_person_car,fixed_int8,80,False,2,8,5.4987780458759516e-05,1.0000001192092896,42.59733861713024
04_person_car,fixed_int8,80,False,3,8,6.669751746812835e-05,0.9999998807907104,41.75890278778641
04_person_car,fixed_int8,80,False,4,8,0.0002935586089733988,1.0,35.32305178870652
04_person_car,fixed_int8,80,False,5,8,0.0001008770486805588,0.9999998807907104,39.96207580457019
04_person_car,fixed_int8,80,False,6,8,7.746158371446654e-05,1.0,41.109136280390324
04_person_car,fixed_int8,80,False,7,8,8.08258555480279e-05,0.9999998807907104,40.92449637878942
04_person_car,fixed_int8,96,False,0,8,0.00012213013542350382,0.9999998807907104,39.13177109563062
04_person_car,fixed_int8,96,False,1,8,7.770931551931426e-05,1.0,41.0952691638398
04_person_car,fixed_int8,96,False,2,8,6.355256482493132e-05,0.9999999403953552,41.96866891815074
04_person_car,fixed_int8,96,False,3,8,7.65784498071298e-05,0.9999999403953552,41.158934035234076
04_person_car,fixed_int8,96,False,4,8,0.0001762883912306279,1.0,37.5377628549123
04_person_car,fixed_int8,96,False,5,8,8.650851668789983e-05,1.0000001192092896,40.62941186289968
04_person_car,fixed_int8,96,False,6,8,7.247071334859356e-05,1.0,41.39837463784066
04_person_car,fixed_int8,96,False,7,8,9.277422941522673e-05,1.0,40.32572644223639
05_camera_pan_person,fixed_float32,0,False,0,32,0.0,1.0,
05_camera_pan_person,fixed_float32,0,False,1,32,0.0,1.0,
05_camera_pan_person,fixed_float32,0,False,2,32,0.0,1.0000001192092896,
05_camera_pan_person,fixed_float32,0,False,3,32,0.0,1.0000001192092896,
05_camera_pan_person,fixed_float32,0,False,4,32,0.0,1.0000001192092896,
05_camera_pan_person,fixed_float32,0,False,5,32,0.0,1.0,
05_camera_pan_person,fixed_float32,0,False,6,32,0.0,1.0,
05_camera_pan_person,fixed_float32,0,False,7,32,0.0,1.0,
05_camera_pan_person,fixed_float32,16,False,0,32,0.0,1.0000001192092896,
05_camera_pan_person,fixed_float32,16,False,1,32,0.0,1.0000001192092896,
05_camera_pan_person,fixed_float32,16,False,2,32,0.0,1.0000001192092896,
05_camera_pan_person,fixed_float32,16,False,3,32,0.0,1.0000001192092896,
05_camera_pan_person,fixed_float32,16,False,4,32,0.0,1.0000001192092896,
05_camera_pan_person,fixed_float32,16,False,5,32,0.0,1.0000001192092896,
05_camera_pan_person,fixed_float32,16,False,6,32,0.0,1.0,
05_camera_pan_person,fixed_float32,16,False,7,32,0.0,0.9999998807907104,
05_camera_pan_person,fixed_float32,32,False,0,32,0.0,1.0000001192092896,
05_camera_pan_person,fixed_float32,32,False,1,32,0.0,1.0,
05_camera_pan_person,fixed_float32,32,False,2,32,0.0,1.000000238418579,
05_camera_pan_person,fixed_float32,32,False,3,32,0.0,1.000000238418579,
05_camera_pan_person,fixed_float32,32,False,4,32,0.0,0.9999998807907104,
05_camera_pan_person,fixed_float32,32,False,5,32,0.0,1.0,
05_camera_pan_person,fixed_float32,32,False,6,32,0.0,1.0,
05_camera_pan_person,fixed_float32,32,False,7,32,0.0,0.9999998211860657,
05_camera_pan_person,fixed_float32,48,False,0,32,0.0,1.0,
05_camera_pan_person,fixed_float32,48,False,1,32,0.0,0.9999998807907104,
05_camera_pan_person,fixed_float32,48,False,2,32,0.0,1.0,
05_camera_pan_person,fixed_float32,48,False,3,32,0.0,1.0000001192092896,
05_camera_pan_person,fixed_float32,48,False,4,32,0.0,0.9999998807907104,
05_camera_pan_person,fixed_float32,48,False,5,32,0.0,0.9999999403953552,
05_camera_pan_person,fixed_float32,48,False,6,32,0.0,1.0,
05_camera_pan_person,fixed_float32,48,False,7,32,0.0,1.0,
05_camera_pan_person,fixed_float32,64,False,0,32,0.0,1.0,
05_camera_pan_person,fixed_float32,64,False,1,32,0.0,1.0000001192092896,
05_camera_pan_person,fixed_float32,64,False,2,32,0.0,0.9999998807907104,
05_camera_pan_person,fixed_float32,64,False,3,32,0.0,1.0,
05_camera_pan_person,fixed_float32,64,False,4,32,0.0,1.0,
05_camera_pan_person,fixed_float32,64,False,5,32,0.0,1.0000001192092896,
05_camera_pan_person,fixed_float32,64,False,6,32,0.0,1.0000001192092896,
05_camera_pan_person,fixed_float32,64,False,7,32,0.0,0.9999999403953552,
05_camera_pan_person,fixed_float32,80,False,0,32,0.0,0.9999999403953552,
05_camera_pan_person,fixed_float32,80,False,1,32,0.0,0.9999998807907104,
05_camera_pan_person,fixed_float32,80,False,2,32,0.0,1.0000001192092896,
05_camera_pan_person,fixed_float32,80,False,3,32,0.0,1.0,
05_camera_pan_person,fixed_float32,80,False,4,32,0.0,0.9999999403953552,
05_camera_pan_person,fixed_float32,80,False,5,32,0.0,0.9999999403953552,
05_camera_pan_person,fixed_float32,80,False,6,32,0.0,0.9999997615814209,
05_camera_pan_person,fixed_float32,80,False,7,32,0.0,1.0000001192092896,
05_camera_pan_person,fixed_float32,96,False,0,32,0.0,1.0,
05_camera_pan_person,fixed_float32,96,False,1,32,0.0,1.0,
05_camera_pan_person,fixed_float32,96,False,2,32,0.0,1.0,
05_camera_pan_person,fixed_float32,96,False,3,32,0.0,1.0,
05_camera_pan_person,fixed_float32,96,False,4,32,0.0,0.9999999403953552,
05_camera_pan_person,fixed_float32,96,False,5,32,0.0,0.9999998807907104,
05_camera_pan_person,fixed_float32,96,False,6,32,0.0,0.9999998807907104,
05_camera_pan_person,fixed_float32,96,False,7,32,0.0,0.9999998807907104,
05_camera_pan_person,fixed_int16,0,False,0,16,1.1468911376155688e-09,1.0,89.40477803176844
05_camera_pan_person,fixed_int16,0,False,1,16,1.2427684437099629e-09,1.0,89.05609782852392
05_camera_pan_person,fixed_int16,0,False,2,16,1.2611122146566345e-09,1.0000001192092896,88.99246319649367
05_camera_pan_person,fixed_int16,0,False,3,16,1.0272943606892682e-09,1.0000001192092896,89.8830514770165
05_camera_pan_person,fixed_int16,0,False,4,16,1.2140761729284577e-09,1.0000001192092896,89.15754115901981
05_camera_pan_person,fixed_int16,0,False,5,16,1.2912525493291582e-09,1.0,88.8898880804077
05_camera_pan_person,fixed_int16,0,False,6,16,1.892376033651999e-09,1.0,87.22992560791829
05_camera_pan_person,fixed_int16,0,False,7,16,1.9015555796642047e-09,1.0,87.20890976279898
05_camera_pan_person,fixed_int16,16,False,0,16,1.1096592533732519e-09,1.0000001192092896,89.54810412713582
05_camera_pan_person,fixed_int16,16,False,1,16,1.284331418993645e-09,1.0000001192092896,88.91322944808819
05_camera_pan_person,fixed_int16,16,False,2,16,1.1968419588725965e-09,1.0000001192092896,89.21963245493352
05_camera_pan_person,fixed_int16,16,False,3,16,1.065293853130811e-09,1.0000001192092896,89.72530630672999
05_camera_pan_person,fixed_int16,16,False,4,16,1.2635710255892718e-09,1.0000001192092896,88.98400393047027
05_camera_pan_person,fixed_int16,16,False,5,16,1.1648206843517528e-09,1.0000001192092896,89.33740977732171
05_camera_pan_person,fixed_int16,16,False,6,16,1.0609582101750448e-09,1.0,89.74301722081513
05_camera_pan_person,fixed_int16,16,False,7,16,1.657713299962893e-09,0.9999998807907104,87.80490526362777
05_camera_pan_person,fixed_int16,32,False,0,16,1.0490535107265941e-09,1.0000001192092896,89.79202410269922
05_camera_pan_person,fixed_int16,32,False,1,16,1.0007779049914234e-09,1.0,89.99662291490324
05_camera_pan_person,fixed_int16,32,False,2,16,1.2633148971374908e-09,1.000000238418579,88.98488486129126
05_camera_pan_person,fixed_int16,32,False,3,16,9.162295921960606e-10,1.000000238418579,90.37995789122883
05_camera_pan_person,fixed_int16,32,False,4,16,1.374738656245711e-09,0.9999998807907104,88.6177980347132
05_camera_pan_person,fixed_int16,32,False,5,16,9.944357559632522e-10,1.0,90.02423268579648
05_camera_pan_person,fixed_int16,32,False,6,16,1.3803165277437301e-09,1.0,88.60021311794628
05_camera_pan_person,fixed_int16,32,False,7,16,1.180184283633423e-09,0.9999998211860657,89.28050095445926
05_camera_pan_person,fixed_int16,48,False,0,16,9.902860753641107e-10,1.0,90.04239327619769
05_camera_pan_person,fixed_int16,48,False,1,16,1.092909984734547e-09,0.9999998807907104,89.6141555457016
05_camera_pan_person,fixed_int16,48,False,2,16,1.2682095373861557e-09,1.0,88.96808985088022
05_camera_pan_person,fixed_int16,48,False,3,16,1.1160226076611934e-09,1.0000001192092896,89.52327059425699
05_camera_pan_person,fixed_int16,48,False,4,16,1.7662875606561101e-09,0.9999998807907104,87.52938537865576
05_camera_pan_person,fixed_int16,48,False,5,16,1.0950471640569504e-09,0.9999999403953552,89.60567149322767
05_camera_pan_person,fixed_int16,48,False,6,16,1.388689829795453e-09,1.0,88.57394745083607
05_camera_pan_person,fixed_int16,48,False,7,16,1.1992462578547247e-09,1.0,89.21091628038701
05_camera_pan_person,fixed_int16,64,False,0,16,1.3605581106190812e-09,1.0,88.66282904393412
05_camera_pan_person,fixed_int16,64,False,1,16,1.187861697893311e-09,1.0000001192092896,89.2523417285928
05_camera_pan_person,fixed_int16,64,False,2,16,8.079101831981461e-10,0.9999998807907104,90.92636866054443
05_camera_pan_person,fixed_int16,64,False,3,16,1.6001325819914314e-09,1.0,87.95844031567964
05_camera_pan_person,fixed_int16,64,False,4,16,1.2148972938774705e-09,1.0,89.15460435306521
05_camera_pan_person,fixed_int16,64,False,5,16,1.0451328691374329e-09,1.0000001192092896,89.80828545377462
05_camera_pan_person,fixed_int16,64,False,6,16,1.7682836306320837e-09,1.0000001192092896,87.52448125179164
05_camera_pan_person,fixed_int16,64,False,7,16,1.5231016448069568e-09,0.9999999403953552,88.17271086992193
05_camera_pan_person,fixed_int16,80,False,0,16,1.2442554764291458e-09,0.9999999403953552,89.05090413202913
05_camera_pan_person,fixed_int16,80,False,1,16,1.2668875948307345e-09,0.9999998807907104,88.97261864607712
05_camera_pan_person,fixed_int16,80,False,2,16,1.2777300328892238e-09,1.0000001192092896,88.93560948819506
05_camera_pan_person,fixed_int16,80,False,3,16,1.1721836834510668e-09,1.0,89.31004328199651
05_camera_pan_person,fixed_int16,80,False,4,16,1.1806652322476907e-09,0.9999999403953552,89.27873199614271
05_camera_pan_person,fixed_int16,80,False,5,16,1.2214671496479923e-09,0.9999999403953552,89.13118182639573
05_camera_pan_person,fixed_int16,80,False,6,16,2.4237916118607927e-09,0.9999997615814209,86.15504618300702
05_camera_pan_person,fixed_int16,80,False,7,16,1.1942107303042349e-09,1.0000001192092896,89.22919082656048
05_camera_pan_person,fixed_int16,96,False,0,16,1.270428762190079e-09,1.0,88.96049682487005
05_camera_pan_person,fixed_int16,96,False,1,16,1.2717285002850076e-09,1.0,88.95605595773675
05_camera_pan_person,fixed_int16,96,False,2,16,1.2181292641244568e-09,1.0,89.1430662326536
05_camera_pan_person,fixed_int16,96,False,3,16,1.0185208232371679e-09,1.0,89.9203008760191
05_camera_pan_person,fixed_int16,96,False,4,16,1.2092921108930454e-09,0.9999999403953552,89.1746875445623
05_camera_pan_person,fixed_int16,96,False,5,16,1.0910345960013501e-09,0.9999998807907104,89.62161426224259
05_camera_pan_person,fixed_int16,96,False,6,16,1.76980508026503e-09,0.9999998807907104,87.52074510807947
05_camera_pan_person,fixed_int16,96,False,7,16,1.3111280949829052e-09,0.9999998807907104,88.8235482463361
05_camera_pan_person,fixed_int4,0,False,0,4,0.022041063755750656,1.0,16.567674491984647
05_camera_pan_person,fixed_int4,0,False,1,4,0.02400927059352398,1.0,16.19621033696385
05_camera_pan_person,fixed_int4,0,False,2,4,0.024012044072151184,1.0000001192092896,16.195709199752166
05_camera_pan_person,fixed_int4,0,False,3,4,0.019148115068674088,1.0000001192092896,17.178740231051165
05_camera_pan_person,fixed_int4,0,False,4,4,0.02282838150858879,1.0000001192092896,16.415249298921037
05_camera_pan_person,fixed_int4,0,False,5,4,0.024879861623048782,1.0,16.0415203943594
05_camera_pan_person,fixed_int4,0,False,6,4,0.0361982136964798,1.0,14.413128604310081
05_camera_pan_person,fixed_int4,0,False,7,4,0.03632405772805214,1.0,14.398056427922297
05_camera_pan_person,fixed_int4,16,False,0,4,0.0216127447783947,1.0000001192092896,16.652901267945648
05_camera_pan_person,fixed_int4,16,False,1,4,0.025173727422952652,1.0000001192092896,15.990525263559515
05_camera_pan_person,fixed_int4,16,False,2,4,0.0225837342441082,1.0000001192092896,16.46204297197914
05_camera_pan_person,fixed_int4,16,False,3,4,0.02090473100543022,1.0000001192092896,16.797554681949443
05_camera_pan_person,fixed_int4,16,False,4,4,0.024045096710324287,1.0000001192092896,16.189735236091146
05_camera_pan_person,fixed_int4,16,False,5,4,0.02319543994963169,1.0000001192092896,16.345974375433524
05_camera_pan_person,fixed_int4,16,False,6,4,0.020515665411949158,1.0,16.879143924162424
05_camera_pan_person,fixed_int4,16,False,7,4,0.032750826328992844,0.9999998807907104,14.847776861721819
05_camera_pan_person,fixed_int4,32,False,0,4,0.019710900261998177,1.0000001192092896,17.05293591374312
05_camera_pan_person,fixed_int4,32,False,1,4,0.018748532980680466,1.0,17.270327089133836
05_camera_pan_person,fixed_int4,32,False,2,4,0.023665251210331917,1.000000238418579,16.25888984611731
05_camera_pan_person,fixed_int4,32,False,3,4,0.01803540624678135,1.000000238418579,17.43874174314022
05_camera_pan_person,fixed_int4,32,False,4,4,0.02599862590432167,0.9999998807907104,15.850495532549598
05_camera_pan_person,fixed_int4,32,False,5,4,0.018575744703412056,1.0,17.31053766310351
05_camera_pan_person,fixed_int4,32,False,6,4,0.025464683771133423,1.0,15.940617126668533
05_camera_pan_person,fixed_int4,32,False,7,4,0.02306092157959938,0.9999998211860657,16.37123263401741
05_camera_pan_person,fixed_int4,48,False,0,4,0.019663013517856598,1.0,17.063499222168808
05_camera_pan_person,fixed_int4,48,False,1,4,0.02158815972507,0.9999998807907104,16.657843255932725
05_camera_pan_person,fixed_int4,48,False,2,4,0.02462512068450451,1.0,16.086216324045264
05_camera_pan_person,fixed_int4,48,False,3,4,0.021606994792819023,1.0000001192092896,16.654056845025032
05_camera_pan_person,fixed_int4,48,False,4,4,0.033913321793079376,0.9999998807907104,14.696296174370183
05_camera_pan_person,fixed_int4,48,False,5,4,0.02017959952354431,0.9999999403953552,16.950874309663924
05_camera_pan_person,fixed_int4,48,False,6,4,0.02668512985110283,1.0,15.73730679557781
05_camera_pan_person,fixed_int4,48,False,7,4,0.022964365780353546,1.0,16.389455442323932
05_camera_pan_person,fixed_int4,64,False,0,4,0.02596140280365944,1.0,15.856718444822784
05_camera_pan_person,fixed_int4,64,False,1,4,0.022152308374643326,1.0000001192092896,16.54581063328665
05_camera_pan_person,fixed_int4,64,False,2,4,0.016130253672599792,0.9999998807907104,17.923587508487696
05_camera_pan_person,fixed_int4,64,False,3,4,0.030404316261410713,1.0,15.170647586461541
05_camera_pan_person,fixed_int4,64,False,4,4,0.022769391536712646,1.0,16.42648574820909
05_camera_pan_person,fixed_int4,64,False,5,4,0.020633429288864136,1.0000001192092896,16.85428637785179
05_camera_pan_person,fixed_int4,64,False,6,4,0.03363083302974701,1.0000001192092896,14.732624269270648
05_camera_pan_person,fixed_int4,64,False,7,4,0.029873481020331383,0.9999999403953552,15.247141422083619
05_camera_pan_person,fixed_int4,80,False,0,4,0.023520149290561676,0.9999999403953552,16.285599000831713
05_camera_pan_person,fixed_int4,80,False,1,4,0.023741083219647408,0.9999998807907104,16.244994178730412
05_camera_pan_person,fixed_int4,80,False,2,4,0.0246929582208395,1.0000001192092896,16.07426930166134
05_camera_pan_person,fixed_int4,80,False,3,4,0.02235124260187149,1.0,16.506983275595687
05_camera_pan_person,fixed_int4,80,False,4,4,0.022173713892698288,0.9999999403953552,16.5416153458444
05_camera_pan_person,fixed_int4,80,False,5,4,0.023009629920125008,0.9999999403953552,16.380903404493022
05_camera_pan_person,fixed_int4,80,False,6,4,0.04666604846715927,0.9999997615814209,13.30998868692105
05_camera_pan_person,fixed_int4,80,False,7,4,0.021891765296459198,1.0000001192092896,16.597192683858374
05_camera_pan_person,fixed_int4,96,False,0,4,0.024641066789627075,1.0,16.083404941204623
05_camera_pan_person,fixed_int4,96,False,1,4,0.02377738617360592,1.0,16.23835888690054
05_camera_pan_person,fixed_int4,96,False,2,4,0.02345762774348259,1.0,16.297159099531456
05_camera_pan_person,fixed_int4,96,False,3,4,0.019458593800663948,1.0,17.108885477613068
05_camera_pan_person,fixed_int4,96,False,4,4,0.022948483005166054,0.9999999403953552,16.392459920516657
05_camera_pan_person,fixed_int4,96,False,5,4,0.0204995796084404,0.9999998807907104,16.88254993299458
05_camera_pan_person,fixed_int4,96,False,6,4,0.03303775191307068,0.9999998807907104,14.809894605774526
05_camera_pan_person,fixed_int4,96,False,7,4,0.024614183232188225,0.9999998807907104,16.08814518992284
05_camera_pan_person,fixed_int6,0,False,0,6,0.0012324114795774221,1.0,29.09244265001389
05_camera_pan_person,fixed_int6,0,False,1,6,0.0013551197480410337,1.0,28.680223257374976
05_camera_pan_person,fixed_int6,0,False,2,6,0.001324875163845718,1.0000001192092896,28.778250929006894
05_camera_pan_person,fixed_int6,0,False,3,6,0.0011100918054580688,1.0000001192092896,29.546411550076748
05_camera_pan_person,fixed_int6,0,False,4,6,0.001252408605068922,1.0000001192092896,29.022540088593853
05_camera_pan_person,fixed_int6,0,False,5,6,0.0013571360614150763,1.0,28.673766094076463
05_camera_pan_person,fixed_int6,0,False,6,6,0.0020753946155309677,1.0,26.828993143477895
05_camera_pan_person,fixed_int6,0,False,7,6,0.0020761489868164062,1.0,26.8274148423853
05_camera_pan_person,fixed_int6,16,False,0,6,0.0011994318338111043,1.0000001192092896,29.210244806193202
05_camera_pan_person,fixed_int6,16,False,1,6,0.0013797077117487788,1.0000001192092896,28.602129600225688
05_camera_pan_person,fixed_int6,16,False,2,6,0.0012862990843132138,1.0000001192092896,28.90658091298121
05_camera_pan_person,fixed_int6,16,False,3,6,0.001163009786978364,1.0000001192092896,29.344166823463105
05_camera_pan_person,fixed_int6,16,False,4,6,0.0013897966127842665,1.0000001192092896,28.570488028907945
05_camera_pan_person,fixed_int6,16,False,5,6,0.0012962011387571692,1.0000001192092896,28.873276531120318
05_camera_pan_person,fixed_int6,16,False,6,6,0.0011679311282932758,1.0,29.325827663709404
05_camera_pan_person,fixed_int6,16,False,7,6,0.0017836682964116335,0.9999998807907104,27.486858551566545
05_camera_pan_person,fixed_int6,32,False,0,6,0.001126094488427043,1.0000001192092896,29.484252189113107
05_camera_pan_person,fixed_int6,32,False,1,6,0.0010733333183452487,1.0,29.692653890883435
05_camera_pan_person,fixed_int6,32,False,2,6,0.0013347114436328411,1.000000238418579,28.746127194788738
05_camera_pan_person,fixed_int6,32,False,3,6,0.0010232425993308425,1.000000238418579,29.900214912784968
05_camera_pan_person,fixed_int6,32,False,4,6,0.0014778540935367346,0.9999998807907104,28.303683893382683
05_camera_pan_person,fixed_int6,32,False,5,6,0.001046924153342843,1.0,29.800847805731557
05_camera_pan_person,fixed_int6,32,False,6,6,0.0014479646924883127,1.0,28.392420279485723
05_camera_pan_person,fixed_int6,32,False,7,6,0.0013059882912784815,0.9999998211860657,28.84060639014013
05_camera_pan_person,fixed_int6,48,False,0,6,0.001069311867468059,1.0,29.708956132500642
05_camera_pan_person,fixed_int6,48,False,1,6,0.0011852490715682507,0.9999998807907104,29.26190324429383
05_camera_pan_person,fixed_int6,48,False,2,6,0.0014028168516233563,1.0,28.529990257082165
05_camera_pan_person,fixed_int6,48,False,3,6,0.0012267028214409947,1.0000001192092896,29.11260687610802
05_camera_pan_person,fixed_int6,48,False,4,6,0.001917543588206172,0.9999998807907104,27.17254703428548
05_camera_pan_person,fixed_int6,48,False,5,6,0.0011508167954161763,0.9999999403953552,29.389937826064312
05_camera_pan_person,fixed_int6,48,False,6,6,0.0015055026160553098,1.0,28.223184854933685
05_camera_pan_person,fixed_int6,48,False,7,6,0.001300544710829854,1.0,28.85874712800744
05_camera_pan_person,fixed_int6,64,False,0,6,0.0014392032753676176,1.0,28.418778612853068
05_camera_pan_person,fixed_int6,64,False,1,6,0.0012895603431388736,1.0000001192092896,28.895583826309966
05_camera_pan_person,fixed_int6,64,False,2,6,0.0009136984008364379,0.9999998807907104,30.39197083421925
05_camera_pan_person,fixed_int6,64,False,3,6,0.0016892884159460664,1.0,27.72296196041472
05_camera_pan_person,fixed_int6,64,False,4,6,0.0012738393852487206,1.0,28.948853274932553
05_camera_pan_person,fixed_int6,64,False,5,6,0.0011526995804160833,1.0000001192092896,29.382839166956774
05_camera_pan_person,fixed_int6,64,False,6,6,0.0019099912606179714,1.0000001192092896,27.189686716834068
05_camera_pan_person,fixed_int6,64,False,7,6,0.0016432581469416618,0.9999999403953552,27.842941800120514
05_camera_pan_person,fixed_int6,80,False,0,6,0.0012920745648443699,0.9999999403953552,28.887123968589663
05_camera_pan_person,fixed_int6,80,False,1,6,0.0013216579100117087,0.9999998807907104,28.788808887061
05_camera_pan_person,fixed_int6,80,False,2,6,0.0014267286751419306,1.0000001192092896,28.45658661763413
05_camera_pan_person,fixed_int6,80,False,3,6,0.0012514673871919513,1.0,29.025804634725553
05_camera_pan_person,fixed_int6,80,False,4,6,0.0012598696630448103,0.9999999403953552,28.99674355622085
05_camera_pan_person,fixed_int6,80,False,5,6,0.001261092140339315,0.9999999403953552,28.992531551230073
05_camera_pan_person,fixed_int6,80,False,6,6,0.002613404532894492,0.9999997615814209,25.827932564166034
05_camera_pan_person,fixed_int6,80,False,7,6,0.0012786297593265772,1.0000001192092896,28.932552436176874
05_camera_pan_person,fixed_int6,96,False,0,6,0.0013585961423814297,1.0,28.669096228859047
05_camera_pan_person,fixed_int6,96,False,1,6,0.0013779272558167577,1.0,28.60773709301599
05_camera_pan_person,fixed_int6,96,False,2,6,0.001343660755082965,1.0,28.717103672888854
05_camera_pan_person,fixed_int6,96,False,3,6,0.0011312364367768168,1.0,29.46446614830539
05_camera_pan_person,fixed_int6,96,False,4,6,0.0013077114708721638,0.9999999403953552,28.834880408526086
05_camera_pan_person,fixed_int6,96,False,5,6,0.0011806313414126635,0.9999998807907104,29.278856402713046
05_camera_pan_person,fixed_int6,96,False,6,6,0.0018970529781654477,0.9999998807907104,27.219204888187633
05_camera_pan_person,fixed_int6,96,False,7,6,0.0013819378800690174,0.9999998807907104,28.59511426861074
05_camera_pan_person,fixed_int8,0,False,0,8,7.61703122407198e-05,1.0,41.18214264123778
05_camera_pan_person,fixed_int8,0,False,1,8,8.237113070208579e-05,1.0,40.84224972448923
05_camera_pan_person,fixed_int8,0,False,2,8,8.13849619589746e-05,1.0000001192092896,40.894558869512984
05_camera_pan_person,fixed_int8,0,False,3,8,6.760398537153378e-05,1.0000001192092896,41.70027752666882
05_camera_pan_person,fixed_int8,0,False,4,8,7.660547998966649e-05,1.0000001192092896,41.15740213677885
05_camera_pan_person,fixed_int8,0,False,5,8,8.402407547691837e-05,1.0,40.75596257406318
05_camera_pan_person,fixed_int8,0,False,6,8,0.00012410597992129624,1.0,39.06207291956128
05_camera_pan_person,fixed_int8,0,False,7,8,0.00012426302419044077,1.0,39.05658081165214
05_camera_pan_person,fixed_int8,16,False,0,8,7.389709207927808e-05,1.0000001192092896,41.313727029409925
05_camera_pan_person,fixed_int8,16,False,1,8,8.531057392247021e-05,1.0000001192092896,40.689971881123064
05_camera_pan_person,fixed_int8,16,False,2,8,7.824403292033821e-05,1.0000001192092896,41.06548824640777
05_camera_pan_person,fixed_int8,16,False,3,8,7.102523522917181e-05,1.0000001192092896,41.48587371030432
05_camera_pan_person,fixed_int8,16,False,4,8,8.521888230461627e-05,1.0000001192092896,40.69464217895774
05_camera_pan_person,fixed_int8,16,False,5,8,7.839854515623301e-05,1.0000001192092896,41.05692048226302
05_camera_pan_person,fixed_int8,16,False,6,8,6.914992991369218e-05,1.0,41.60208255729828
05_camera_pan_person,fixed_int8,16,False,7,8,0.00011067869490943849,0.9999998807907104,39.559359188015286
05_camera_pan_person,fixed_int8,32,False,0,8,6.958864105399698e-05,1.0000001192092896,41.57461696215457
05_camera_pan_person,fixed_int8,32,False,1,8,6.514689448522404e-05,1.0,41.86106282024707
05_camera_pan_person,fixed_int8,32,False,2,8,8.367910049855709e-05,1.000000238418579,40.77383100407525
05_camera_pan_person,fixed_int8,32,False,3,8,6.152188871055841e-05,1.000000238418579,42.109704437858824
05_camera_pan_person,fixed_int8,32,False,4,8,8.93419492058456e-05,0.9999998807907104,40.489445248279885
05_camera_pan_person,fixed_int8,32,False,5,8,6.390453927451745e-05,1.0,41.944682918907795
05_camera_pan_person,fixed_int8,32,False,6,8,8.934573270380497e-05,1.0,40.48926185267423
05_camera_pan_person,fixed_int8,32,False,7,8,7.566503336420283e-05,0.9999998211860657,41.21104694431224
05_camera_pan_person,fixed_int8,48,False,0,8,6.589335680473596e-05,1.0,41.81158367628672
05_camera_pan_person,fixed_int8,48,False,1,8,7.220303086796775e-05,0.9999998807907104,41.41444519888249
05_camera_pan_person,fixed_int8,48,False,2,8,8.518351387465373e-05,1.0,40.696444489664685
05_camera_pan_person,fixed_int8,48,False,3,8,7.567596912849694e-05,1.0000001192092896,41.21042060406111
05_camera_pan_person,fixed_int8,48,False,4,8,0.00011863382678711787,0.9999998807907104,39.25791408505467
05_camera_pan_person,fixed_int8,48,False,5,8,6.956724246265367e-05,0.9999999403953552,41.57595185173342
05_camera_pan_person,fixed_int8,48,False,6,8,9.135348227573559e-05,1.0,40.39274893256031
05_camera_pan_person,fixed_int8,48,False,7,8,7.723883027210832e-05,1.0,41.12164311928056
05_camera_pan_person,fixed_int8,64,False,0,8,8.833742322167382e-05,1.0,40.53855273143392
05_camera_pan_person,fixed_int8,64,False,1,8,7.782677857903764e-05,1.0000001192092896,41.08870997351715
05_camera_pan_person,fixed_int8,64,False,2,8,5.391530430642888e-05,0.9999998807907104,42.682878874494975
05_camera_pan_person,fixed_int8,64,False,3,8,0.00010569162259344012,1.0,39.75959434694722
05_camera_pan_person,fixed_int8,64,False,4,8,7.959248614497483e-05,1.0,40.99127929496015
05_camera_pan_person,fixed_int8,64,False,5,8,6.980587204452604e-05,1.0000001192092896,41.56108094918524
05_camera_pan_person,fixed_int8,64,False,6,8,0.00011578088015085086,1.0000001192092896,39.36363205079714
05_camera_pan_person,fixed_int8,64,False,7,8,0.00010183999256696552,0.9999999403953552,39.92081615166448
05_camera_pan_person,fixed_int8,80,False,0,8,7.959743379615247e-05,0.9999999403953552,40.991009077097246
05_camera_pan_person,fixed_int8,80,False,1,8,8.045614958973601e-05,0.9999998807907104,40.94440703636166
05_camera_pan_person,fixed_int8,80,False,2,8,8.60550717334263e-05,1.0000001192092896,40.65223580816286
05_camera_pan_person,fixed_int8,80,False,3,8,7.617299706907943e-05,1.0,41.1819895651169
05_camera_pan_person,fixed_int8,80,False,4,8,7.6354066550266e-05,0.9999999403953552,41.17167801964419
05_camera_pan_person,fixed_int8,80,False,5,8,7.913579611340538e-05,0.9999999403953552,41.016269983538876
05_camera_pan_person,fixed_int8,80,False,6,8,0.00015937865828163922,0.9999997615814209,37.97569730029957
05_camera_pan_person,fixed_int8,80,False,7,8,7.988045399542898e-05,1.0000001192092896,40.975595272814644
05_camera_pan_person,fixed_int8,96,False,0,8,8.292492566397414e-05,1.0,40.81314909120995
05_camera_pan_person,fixed_int8,96,False,1,8,8.332119614351541e-05,1.0,40.79244504029147
05_camera_pan_person,fixed_int8,96,False,2,8,8.080925181275234e-05,1.0,40.92538914210475
05_camera_pan_person,fixed_int8,96,False,3,8,6.737541843904182e-05,1.0,41.714985245851295
05_camera_pan_person,fixed_int8,96,False,4,8,7.879274198785424e-05,0.9999999403953552,41.03513759921416
05_camera_pan_person,fixed_int8,96,False,5,8,7.379017188213766e-05,0.9999998807907104,41.3200142626396
05_camera_pan_person,fixed_int8,96,False,6,8,0.00011667959915939718,0.9999998807907104,39.33005019749234
05_camera_pan_person,fixed_int8,96,False,7,8,8.565167081542313e-05,0.9999998807907104,40.672641090194546
06_handheld_sign,fixed_float32,0,False,0,32,0.0,1.0,
06_handheld_sign,fixed_float32,0,False,1,32,0.0,1.0,
06_handheld_sign,fixed_float32,0,False,2,32,0.0,0.9999999403953552,
06_handheld_sign,fixed_float32,0,False,3,32,0.0,0.9999999403953552,
06_handheld_sign,fixed_float32,0,False,4,32,0.0,1.0,
06_handheld_sign,fixed_float32,0,False,5,32,0.0,1.0,
06_handheld_sign,fixed_float32,0,False,6,32,0.0,1.0,
06_handheld_sign,fixed_float32,0,False,7,32,0.0,1.0,
06_handheld_sign,fixed_float32,16,False,0,32,0.0,1.0,
06_handheld_sign,fixed_float32,16,False,1,32,0.0,1.0,
06_handheld_sign,fixed_float32,16,False,2,32,0.0,0.9999998807907104,
06_handheld_sign,fixed_float32,16,False,3,32,0.0,1.0,
06_handheld_sign,fixed_float32,16,False,4,32,0.0,1.0,
06_handheld_sign,fixed_float32,16,False,5,32,0.0,1.0000001192092896,
06_handheld_sign,fixed_float32,16,False,6,32,0.0,0.9999999403953552,
06_handheld_sign,fixed_float32,16,False,7,32,0.0,1.0,
06_handheld_sign,fixed_float32,32,False,0,32,0.0,0.9999999403953552,
06_handheld_sign,fixed_float32,32,False,1,32,0.0,1.0,
06_handheld_sign,fixed_float32,32,False,2,32,0.0,1.0,
06_handheld_sign,fixed_float32,32,False,3,32,0.0,1.0,
06_handheld_sign,fixed_float32,32,False,4,32,0.0,1.0,
06_handheld_sign,fixed_float32,32,False,5,32,0.0,0.9999999403953552,
06_handheld_sign,fixed_float32,32,False,6,32,0.0,1.0,
06_handheld_sign,fixed_float32,32,False,7,32,0.0,0.9999999403953552,
06_handheld_sign,fixed_float32,48,False,0,32,0.0,1.0,
06_handheld_sign,fixed_float32,48,False,1,32,0.0,0.9999999403953552,
06_handheld_sign,fixed_float32,48,False,2,32,0.0,1.0000001192092896,
06_handheld_sign,fixed_float32,48,False,3,32,0.0,1.0,
06_handheld_sign,fixed_float32,48,False,4,32,0.0,0.9999998807907104,
06_handheld_sign,fixed_float32,48,False,5,32,0.0,1.0,
06_handheld_sign,fixed_float32,48,False,6,32,0.0,1.0,
06_handheld_sign,fixed_float32,48,False,7,32,0.0,1.0,
06_handheld_sign,fixed_float32,64,False,0,32,0.0,0.9999999403953552,
06_handheld_sign,fixed_float32,64,False,1,32,0.0,1.0,
06_handheld_sign,fixed_float32,64,False,2,32,0.0,0.9999998807907104,
06_handheld_sign,fixed_float32,64,False,3,32,0.0,0.9999999403953552,
06_handheld_sign,fixed_float32,64,False,4,32,0.0,1.0,
06_handheld_sign,fixed_float32,64,False,5,32,0.0,1.0,
06_handheld_sign,fixed_float32,64,False,6,32,0.0,0.9999998807907104,
06_handheld_sign,fixed_float32,64,False,7,32,0.0,1.0,
06_handheld_sign,fixed_float32,80,False,0,32,0.0,1.0,
06_handheld_sign,fixed_float32,80,False,1,32,0.0,0.9999998807907104,
06_handheld_sign,fixed_float32,80,False,2,32,0.0,1.0,
06_handheld_sign,fixed_float32,80,False,3,32,0.0,1.0,
06_handheld_sign,fixed_float32,80,False,4,32,0.0,1.0,
06_handheld_sign,fixed_float32,80,False,5,32,0.0,0.9999998807907104,
06_handheld_sign,fixed_float32,80,False,6,32,0.0,1.0000001192092896,
06_handheld_sign,fixed_float32,80,False,7,32,0.0,1.0000001192092896,
06_handheld_sign,fixed_float32,96,False,0,32,0.0,1.0,
06_handheld_sign,fixed_float32,96,False,1,32,0.0,1.0,
06_handheld_sign,fixed_float32,96,False,2,32,0.0,1.0,
06_handheld_sign,fixed_float32,96,False,3,32,0.0,1.0,
06_handheld_sign,fixed_float32,96,False,4,32,0.0,1.0,
06_handheld_sign,fixed_float32,96,False,5,32,0.0,1.0,
06_handheld_sign,fixed_float32,96,False,6,32,0.0,0.9999999403953552,
06_handheld_sign,fixed_float32,96,False,7,32,0.0,1.0,
06_handheld_sign,fixed_int16,0,False,0,16,2.686502575954819e-09,1.0,85.70812738671529
06_handheld_sign,fixed_int16,0,False,1,16,3.653247260260173e-09,1.0,84.37320932734013
06_handheld_sign,fixed_int16,0,False,2,16,1.1292755619507489e-09,0.9999999403953552,89.4720004420669
06_handheld_sign,fixed_int16,0,False,3,16,1.2108857250225924e-09,0.9999999403953552,89.16896814731386
06_handheld_sign,fixed_int16,0,False,4,16,3.5164411382737626e-09,1.0,84.5389664784729
06_handheld_sign,fixed_int16,0,False,5,16,2.6793509633193935e-09,1.0,85.71970395219778
06_handheld_sign,fixed_int16,0,False,6,16,1.6086421084082758e-09,1.0,87.93540567232381
06_handheld_sign,fixed_int16,0,False,7,16,2.381770780601755e-09,1.0,86.23100036937997
06_handheld_sign,fixed_int16,16,False,0,16,2.8337545643353224e-09,1.0,85.47637767345691
06_handheld_sign,fixed_int16,16,False,1,16,2.327161352511098e-09,1.0,86.33173504089349
06_handheld_sign,fixed_int16,16,False,2,16,1.2448624353567084e-09,0.9999998807907104,89.04878586247207
06_handheld_sign,fixed_int16,16,False,3,16,1.5784377138672312e-09,1.0,88.01772550963699
06_handheld_sign,fixed_int16,16,False,4,16,3.2058189436412476e-09,1.0,84.9406100911785
06_handheld_sign,fixed_int16,16,False,5,16,3.819366600765761e-09,1.0000001192092896,84.18008705771385
06_handheld_sign,fixed_int16,16,False,6,16,1.8701229453910173e-09,0.9999999403953552,87.2812981530495
06_handheld_sign,fixed_int16,16,False,7,16,2.4720885338780363e-09,1.0,86.06935979745772
06_handheld_sign,fixed_int16,32,False,0,16,2.4304955825726893e-09,0.9999999403953552,86.14305138033258
06_handheld_sign,fixed_int16,32,False,1,16,4.803606401537763e-09,1.0,83.18432585083286
06_handheld_sign,fixed_int16,32,False,2,16,9.140364021220648e-10,1.0,90.39036507848301
06_handheld_sign,fixed_int16,32,False,3,16,1.1893193097023413e-09,1.0,89.24701529885641
06_handheld_sign,fixed_int16,32,False,4,16,3.912374868519919e-09,1.0,84.07559539485203
06_handheld_sign,fixed_int16,32,False,5,16,1.93844473805882e-09,0.9999999403953552,87.1254654963137
06_handheld_sign,fixed_int16,32,False,6,16,2.023627265757e-09,1.0,86.93869477668275
06_handheld_sign,fixed_int16,32,False,7,16,1.6524228652059492e-09,0.9999999403953552,87.81878778269379
06_handheld_sign,fixed_int16,48,False,0,16,4.748205384430548e-09,1.0,83.23470503829556
06_handheld_sign,fixed_int16,48,False,1,16,1.500112811747556e-09,0.9999999403953552,88.23876053940214
06_handheld_sign,fixed_int16,48,False,2,16,1.3835597112432652e-09,1.0000001192092896,88.59002144743202
06_handheld_sign,fixed_int16,48,False,3,16,2.5397723923958893e-09,1.0,85.95205201945278
06_handheld_sign,fixed_int16,48,False,4,16,2.2606658767188037e-09,0.9999998807907104,86.457635692618
06_handheld_sign,fixed_int16,48,False,5,16,1.3537084786463538e-09,1.0,88.6847485097332
06_handheld_sign,fixed_int16,48,False,6,16,1.0943840278443417e-09,1.0,89.60830253955177
06_handheld_sign,fixed_int16,48,False,7,16,2.7502271571222536e-09,1.0,85.60631433802303
06_handheld_sign,fixed_int16,64,False,0,16,2.6840010214357335e-09,0.9999999403953552,85.71217297339945
06_handheld_sign,fixed_int16,64,False,1,16,1.3251784114487464e-09,1.0,88.77725647846711
06_handheld_sign,fixed_int16,64,False,2,16,1.2165420892884526e-09,0.9999998807907104,89.14872809207411
06_handheld_sign,fixed_int16,64,False,3,16,3.867318021377741e-09,0.9999999403953552,84.12590087210214
06_handheld_sign,fixed_int16,64,False,4,16,3.0448001897553922e-09,1.0,85.1644120199133
06_handheld_sign,fixed_int16,64,False,5,16,1.6810339786843542e-09,1.0,87.74423508091773
06_handheld_sign,fixed_int16,64,False,6,16,1.48081213957596e-09,0.9999998807907104,88.29499982158225
06_handheld_sign,fixed_int16,64,False,7,16,1.3661217712623852e-09,1.0,88.6451058745517
06_handheld_sign,fixed_int16,80,False,0,16,4.402401110326082e-09,1.0,83.5631039066382
06_handheld_sign,fixed_int16,80,False,1,16,1.0396348226748842e-09,0.9999998807907104,89.83119130417299
06_handheld_sign,fixed_int16,80,False,2,16,9.421736724135599e-10,1.0,90.25869035616
06_handheld_sign,fixed_int16,80,False,3,16,2.82022627473566e-09,1.0,85.49716045607323
06_handheld_sign,fixed_int16,80,False,4,16,3.5591802838297326e-09,1.0,84.48650013038745
06_handheld_sign,fixed_int16,80,False,5,16,1.6018312232191079e-09,0.9999998807907104,87.95383193462388
06_handheld_sign,fixed_int16,80,False,6,16,1.4933290160001889e-09,1.0000001192092896,88.2584454807158
06_handheld_sign,fixed_int16,80,False,7,16,1.3826335631961229e-09,1.0000001192092896,88.59292956672394
06_handheld_sign,fixed_int16,96,False,0,16,4.251051954895502e-09,1.0,83.71503587202594
06_handheld_sign,fixed_int16,96,False,1,16,1.2807626070809874e-09,1.0,88.92531360488702
06_handheld_sign,fixed_int16,96,False,2,16,1.1132338384456375e-09,1.0,89.5341360109216
06_handheld_sign,fixed_int16,96,False,3,16,1.673212679520475e-09,1.0,87.7644885301747
06_handheld_sign,fixed_int16,96,False,4,16,2.3981721053445426e-09,1.0,86.20119652880476
06_handheld_sign,fixed_int16,96,False,5,16,3.2442342146055125e-09,1.0,84.88887799824957
06_handheld_sign,fixed_int16,96,False,6,16,1.8971759718766634e-09,0.9999999403953552,87.21892358528177
06_handheld_sign,fixed_int16,96,False,7,16,3.1753577545146072e-09,1.0,84.98207337440118
06_handheld_sign,fixed_int4,0,False,0,4,0.05113162100315094,1.0,12.913104388094634
06_handheld_sign,fixed_int4,0,False,1,4,0.06797056645154953,1.0,11.67679110749253
06_handheld_sign,fixed_int4,0,False,2,4,0.020901910960674286,0.9999999403953552,16.79813980742831
06_handheld_sign,fixed_int4,0,False,3,4,0.022735541686415672,0.9999999403953552,16.43294668151803
06_handheld_sign,fixed_int4,0,False,4,4,0.06590816378593445,1.0,11.81060787718723
06_handheld_sign,fixed_int4,0,False,5,4,0.05151691287755966,1.0,12.880501697245439
06_handheld_sign,fixed_int4,0,False,6,4,0.030630338937044144,1.0,15.138481975233791
06_handheld_sign,fixed_int4,0,False,7,4,0.04640519618988037,1.0,13.334333868967928
06_handheld_sign,fixed_int4,16,False,0,4,0.054421715438365936,1.0,12.642277728525766
06_handheld_sign,fixed_int4,16,False,1,4,0.04293198511004448,1.0,13.672190299364392
06_handheld_sign,fixed_int4,16,False,2,4,0.023815222084522247,0.9999998807907104,16.23145312427362
06_handheld_sign,fixed_int4,16,False,3,4,0.0286420751363039,1.0,15.429955203167587
06_handheld_sign,fixed_int4,16,False,4,4,0.06216179579496384,1.0,12.064764476727474
06_handheld_sign,fixed_int4,16,False,5,4,0.07385547459125519,1.0000001192092896,11.316173585335726
06_handheld_sign,fixed_int4,16,False,6,4,0.03514634817838669,0.9999999403953552,14.54119767044568
06_handheld_sign,fixed_int4,16,False,7,4,0.047133687883615494,1.0,13.266685783849779
06_handheld_sign,fixed_int4,32,False,0,4,0.04602203890681267,0.9999999403953552,13.3703411887826
06_handheld_sign,fixed_int4,32,False,1,4,0.09033392369747162,1.0,10.441491255679532
06_handheld_sign,fixed_int4,32,False,2,4,0.017773384228348732,1.0,17.50229870351095
06_handheld_sign,fixed_int4,32,False,3,4,0.02309592440724373,1.0,16.36464650567007
06_handheld_sign,fixed_int4,32,False,4,4,0.07659086585044861,1.0,11.15823020801894
06_handheld_sign,fixed_int4,32,False,5,4,0.037069953978061676,0.9999999403953552,14.309779272559338
06_handheld_sign,fixed_int4,32,False,6,4,0.03952726349234581,1.0,14.031032512100696
06_handheld_sign,fixed_int4,32,False,7,4,0.03160157799720764,0.9999999403953552,15.00291204838376
06_handheld_sign,fixed_int4,48,False,0,4,0.09421636909246445,1.0,10.258736366026838
06_handheld_sign,fixed_int4,48,False,1,4,0.02839481644332409,0.9999999403953552,15.467609085574558
06_handheld_sign,fixed_int4,48,False,2,4,0.025805983692407608,1.0000001192092896,15.882796332781112
06_handheld_sign,fixed_int4,48,False,3,4,0.04733545333147049,1.0,13.248134592899579
06_handheld_sign,fixed_int4,48,False,4,4,0.04131907597184181,0.9999998807907104,13.838493475009365
06_handheld_sign,fixed_int4,48,False,5,4,0.025505203753709793,1.0,15.933712026656949
06_handheld_sign,fixed_int4,48,False,6,4,0.02065923623740673,1.0,16.848857381896327
06_handheld_sign,fixed_int4,48,False,7,4,0.0520193912088871,1.0,12.83834734726999
06_handheld_sign,fixed_int4,64,False,0,4,0.05205162242054939,0.9999999403953552,12.835657033354744
06_handheld_sign,fixed_int4,64,False,1,4,0.02478959783911705,1.0,16.057305187210456
06_handheld_sign,fixed_int4,64,False,2,4,0.023468438535928726,0.9999998807907104,16.295157532945332
06_handheld_sign,fixed_int4,64,False,3,4,0.07544206082820892,0.9999999403953552,11.223864307302671
06_handheld_sign,fixed_int4,64,False,4,4,0.05785185471177101,1.0,12.376827131482619
06_handheld_sign,fixed_int4,64,False,5,4,0.03172783926129341,1.0,14.985595033439584
06_handheld_sign,fixed_int4,64,False,6,4,0.028256621211767197,0.9999998807907104,15.488797184159143
06_handheld_sign,fixed_int4,64,False,7,4,0.026255600154399872,1.0,15.807780500958266
06_handheld_sign,fixed_int4,80,False,0,4,0.08422179520130157,1.0,10.745755057593778
06_handheld_sign,fixed_int4,80,False,1,4,0.01917821168899536,0.9999998807907104,17.171918401697674
06_handheld_sign,fixed_int4,80,False,2,4,0.01799231767654419,1.0,17.449128895003817
06_handheld_sign,fixed_int4,80,False,3,4,0.05506856366991997,1.0,12.590962508904791
06_handheld_sign,fixed_int4,80,False,4,4,0.06969662755727768,1.0,11.56788235800114
06_handheld_sign,fixed_int4,80,False,5,4,0.030345257371664047,0.9999998807907104,15.179091229407247
06_handheld_sign,fixed_int4,80,False,6,4,0.02856292575597763,1.0000001192092896,15.441973607617319
06_handheld_sign,fixed_int4,80,False,7,4,0.026169428601861,1.0000001192092896,15.8220581166044
06_handheld_sign,fixed_int4,96,False,0,4,0.08143794536590576,1.0,10.891731918774747
06_handheld_sign,fixed_int4,96,False,1,4,0.025065258145332336,1.0,16.00927818259543
06_handheld_sign,fixed_int4,96,False,2,4,0.02087867446243763,1.0,16.802970771220064
06_handheld_sign,fixed_int4,96,False,3,4,0.032915711402893066,1.0,14.825967541215878
06_handheld_sign,fixed_int4,96,False,4,4,0.04439987242221832,1.0,13.526182777774116
06_handheld_sign,fixed_int4,96,False,5,4,0.0627693459391594,1.0,12.022523967036598
06_handheld_sign,fixed_int4,96,False,6,4,0.03782522678375244,0.9999999403953552,14.22218433568522
06_handheld_sign,fixed_int4,96,False,7,4,0.061370257288217545,1.0,12.120420559792437
06_handheld_sign,fixed_int6,0,False,0,6,0.0028969007544219494,1.0,25.380663831342464
06_handheld_sign,fixed_int6,0,False,1,6,0.003908874001353979,1.0,24.07948328390627
06_handheld_sign,fixed_int6,0,False,2,6,0.0011598083656281233,0.9999999403953552,29.356137371505074
06_handheld_sign,fixed_int6,0,False,3,6,0.0012996206060051918,0.9999999403953552,28.86183385473555
06_handheld_sign,fixed_int6,0,False,4,6,0.0037176848854869604,1.0,24.297274242182063
06_handheld_sign,fixed_int6,0,False,5,6,0.0028680635150521994,1.0,25.42411235176047
06_handheld_sign,fixed_int6,0,False,6,6,0.0017434436595067382,1.0,27.585920825642777
06_handheld_sign,fixed_int6,0,False,7,6,0.0026068591978400946,1.0,25.838824253918816
06_handheld_sign,fixed_int6,16,False,0,6,0.003034822875633836,1.0,25.178666510070403
06_handheld_sign,fixed_int6,16,False,1,6,0.0025013028644025326,1.0,26.018337195548547
06_handheld_sign,fixed_int6,16,False,2,6,0.0013211953919380903,0.9999998807907104,28.790328979372255
06_handheld_sign,fixed_int6,16,False,3,6,0.0016152618918567896,1.0,27.917570529197256
06_handheld_sign,fixed_int6,16,False,4,6,0.0033970100339502096,1.0,24.689031703266835
06_handheld_sign,fixed_int6,16,False,5,6,0.004140641540288925,1.0000001192092896,23.82932416974186
06_handheld_sign,fixed_int6,16,False,6,6,0.001972515368834138,0.9999999403953552,27.049795784181967
06_handheld_sign,fixed_int6,16,False,7,6,0.0026682440657168627,1.0,25.737744477891717
06_handheld_sign,fixed_int6,32,False,0,6,0.0025843598414212465,0.9999999403953552,25.87646990230909
06_handheld_sign,fixed_int6,32,False,1,6,0.0054135932587087154,1.0,22.665143773305996
06_handheld_sign,fixed_int6,32,False,2,6,0.0010204216232523322,1.0,29.912203470441476
06_handheld_sign,fixed_int6,32,False,3,6,0.001303685363382101,1.0,28.848272103179404
06_handheld_sign,fixed_int6,32,False,4,6,0.004273564554750919,1.0,23.692097313771583
06_handheld_sign,fixed_int6,32,False,5,6,0.0021056407131254673,0.9999999403953552,26.766157048992085
06_handheld_sign,fixed_int6,32,False,6,6,0.0021960667800158262,1.0,26.583544575956214
06_handheld_sign,fixed_int6,32,False,7,6,0.0017895225901156664,0.9999999403953552,27.472627890182643
06_handheld_sign,fixed_int6,48,False,0,6,0.005273362621665001,1.0,22.77912363473522
06_handheld_sign,fixed_int6,48,False,1,6,0.0016486268723383546,0.9999999403953552,27.828775996222703
06_handheld_sign,fixed_int6,48,False,2,6,0.001427512033842504,1.0000001192092896,28.45420273761672
06_handheld_sign,fixed_int6,48,False,3,6,0.00264922808855772,1.0,25.76880648974329
06_handheld_sign,fixed_int6,48,False,4,6,0.0023757389280945063,0.9999998807907104,26.242012342747685
06_handheld_sign,fixed_int6,48,False,5,6,0.0014338596956804395,1.0,28.434933426520857
06_handheld_sign,fixed_int6,48,False,6,6,0.001179118873551488,1.0,29.28442409048245
06_handheld_sign,fixed_int6,48,False,7,6,0.0030204541981220245,1.0,25.199277454844836
06_handheld_sign,fixed_int6,64,False,0,6,0.0029255906119942665,0.9999999403953552,25.337864204009513
06_handheld_sign,fixed_int6,64,False,1,6,0.0014202753081917763,1.0,28.47627463194793
06_handheld_sign,fixed_int6,64,False,2,6,0.0012968656374141574,0.9999998807907104,28.871049651681492
06_handheld_sign,fixed_int6,64,False,3,6,0.004295372404158115,0.9999999403953552,23.669991514509228
06_handheld_sign,fixed_int6,64,False,4,6,0.003233721014112234,1.0,24.902974511142183
06_handheld_sign,fixed_int6,64,False,5,6,0.0017919570673257113,1.0,27.466723996107763
06_handheld_sign,fixed_int6,64,False,6,6,0.00160877569578588,0.9999998807907104,27.935044515952477
06_handheld_sign,fixed_int6,64,False,7,6,0.0014567205216735601,1.0,28.36623761570774
06_handheld_sign,fixed_int6,80,False,0,6,0.004722580313682556,1.0,23.25820647595104
06_handheld_sign,fixed_int6,80,False,1,6,0.0011229243827983737,0.9999998807907104,29.496494361688267
06_handheld_sign,fixed_int6,80,False,2,6,0.0010395993012934923,1.0,29.8313402105683
06_handheld_sign,fixed_int6,80,False,3,6,0.0031081028282642365,1.0,25.075046214641073
06_handheld_sign,fixed_int6,80,False,4,6,0.003941270522773266,1.0,24.043637548031313
06_handheld_sign,fixed_int6,80,False,5,6,0.0017597395926713943,0.9999998807907104,27.54551542819176
06_handheld_sign,fixed_int6,80,False,6,6,0.0015956046991050243,1.0000001192092896,27.97074745121612
06_handheld_sign,fixed_int6,80,False,7,6,0.0015546143986284733,1.0000001192092896,28.08377366007036
06_handheld_sign,fixed_int6,96,False,0,6,0.004545253235846758,1.0,23.42441915331539
06_handheld_sign,fixed_int6,96,False,1,6,0.00146439578384161,1.0,28.343415301708394
06_handheld_sign,fixed_int6,96,False,2,6,0.0011934145586565137,1.0,29.232086684312357
06_handheld_sign,fixed_int6,96,False,3,6,0.0018667395925149322,1.0,27.28916261280508
06_handheld_sign,fixed_int6,96,False,4,6,0.002550225704908371,1.0,25.93421381111757
06_handheld_sign,fixed_int6,96,False,5,6,0.0035186316817998886,1.0,24.5362619123061
06_handheld_sign,fixed_int6,96,False,6,6,0.0021634481381624937,0.9999999403953552,26.64853485293321
06_handheld_sign,fixed_int6,96,False,7,6,0.0034917108714580536,1.0,24.569617249117496
06_handheld_sign,fixed_int8,0,False,0,8,0.00018240748613607138,1.0,37.38957341880025
06_handheld_sign,fixed_int8,0,False,1,8,0.0002446532598696649,1.0,36.114489931312036
06_handheld_sign,fixed_int8,0,False,2,8,7.348561484832317e-05,0.9999999403953552,41.337976418792614
06_handheld_sign,fixed_int8,0,False,3,8,7.9204241046682e-05,0.9999999403953552,41.01251537299049
06_handheld_sign,fixed_int8,0,False,4,8,0.00022931948478799313,1.0,36.395590426255275
06_handheld_sign,fixed_int8,0,False,5,8,0.00018163248023483902,1.0,37.408064866219696
06_handheld_sign,fixed_int8,0,False,6,8,0.00010580285015748814,1.0,39.75502632953033
06_handheld_sign,fixed_int8,0,False,7,8,0.0001543623220641166,1.0,38.11458696982947
06_handheld_sign,fixed_int8,16,False,0,8,0.00018393034406471997,1.0,37.35346616750181
06_handheld_sign,fixed_int8,16,False,1,8,0.00015258905477821827,1.0,38.16476617232394
06_handheld_sign,fixed_int8,16,False,2,8,8.117147081065923e-05,0.9999998807907104,40.90596532861348
06_handheld_sign,fixed_int8,16,False,3,8,0.00010176611976930872,1.0,39.923967843398636
06_handheld_sign,fixed_int8,16,False,4,8,0.0002127413172274828,1.0,36.72148156071307
06_handheld_sign,fixed_int8,16,False,5,8,0.0002508207398932427,1.0000001192092896,36.00636607138034
06_handheld_sign,fixed_int8,16,False,6,8,0.00012092078395653516,0.9999999403953552,39.174990199706926
06_handheld_sign,fixed_int8,16,False,7,8,0.00016146490816026926,1.0,37.919218501027984
06_handheld_sign,fixed_int8,32,False,0,8,0.00016137267812155187,0.9999999403953552,37.92169967553742
06_handheld_sign,fixed_int8,32,False,1,8,0.00032401757198385894,1.0,34.89431436680146
06_handheld_sign,fixed_int8,32,False,2,8,6.171604036353528e-05,1.0,42.096019455938404
06_handheld_sign,fixed_int8,32,False,3,8,7.805404311511666e-05,1.0,41.076045960338874
06_handheld_sign,fixed_int8,32,False,4,8,0.000265625974861905,1.0,35.757294587181065
06_handheld_sign,fixed_int8,32,False,5,8,0.00012706890993285924,0.9999999403953552,38.959606697934596
06_handheld_sign,fixed_int8,32,False,6,8,0.00013539756764657795,1.0,38.68389137476263
06_handheld_sign,fixed_int8,32,False,7,8,0.00010714004747569561,0.9999999403953552,39.70048139633397
06_handheld_sign,fixed_int8,48,False,0,8,0.0003177985781803727,1.0,34.97848050142483
06_handheld_sign,fixed_int8,48,False,1,8,9.966338984668255e-05,0.9999999403953552,40.01464319387846
06_handheld_sign,fixed_int8,48,False,2,8,9.221566142514348e-05,1.0000001192092896,40.35195366153165
06_handheld_sign,fixed_int8,48,False,3,8,0.00016170543676707894,1.0,37.91275378249142
06_handheld_sign,fixed_int8,48,False,4,8,0.00014638525317423046,0.9999998807907104,38.345026200551324
06_handheld_sign,fixed_int8,48,False,5,8,8.959678962128237e-05,1.0,40.477075514398905
06_handheld_sign,fixed_int8,48,False,6,8,7.212372292997316e-05,1.0,41.419218636715804
06_handheld_sign,fixed_int8,48,False,7,8,0.00018825288861989975,1.0,37.25258351105706
06_handheld_sign,fixed_int8,64,False,0,8,0.00017556772218085825,0.9999999403953552,37.555552994873516
06_handheld_sign,fixed_int8,64,False,1,8,8.472820627503097e-05,1.0,40.719719876578154
06_handheld_sign,fixed_int8,64,False,2,8,8.2976563135162e-05,0.9999998807907104,40.81044505712276
06_handheld_sign,fixed_int8,64,False,3,8,0.0002698551397770643,0.9999999403953552,35.688692798745194
06_handheld_sign,fixed_int8,64,False,4,8,0.0002022086118813604,1.0,36.94200352143094
06_handheld_sign,fixed_int8,64,False,5,8,0.0001104349794331938,1.0,39.56893345368719
06_handheld_sign,fixed_int8,64,False,6,8,9.746132127474993e-05,0.9999998807907104,40.111676534499374
06_handheld_sign,fixed_int8,64,False,7,8,8.866492134984583e-05,1.0,40.52248166835866
06_handheld_sign,fixed_int8,80,False,0,8,0.00028243905398994684,1.0,35.49075251814116
06_handheld_sign,fixed_int8,80,False,1,8,6.803605356253684e-05,0.9999998807907104,41.67260833847793
06_handheld_sign,fixed_int8,80,False,2,8,6.291790487011895e-05,1.0,42.012257475633035
06_handheld_sign,fixed_int8,80,False,3,8,0.00019001669716089964,1.0,37.212082350143746
06_handheld_sign,fixed_int8,80,False,4,8,0.00023468615836463869,1.0,36.29512524049158
06_handheld_sign,fixed_int8,80,False,5,8,0.00010579086665529758,0.9999998807907104,39.75551773273932
06_handheld_sign,fixed_int8,80,False,6,8,9.735510684549809e-05,1.0000001192092896,40.11641314029407
06_handheld_sign,fixed_int8,80,False,7,8,9.071631211554632e-05,1.0000001192092896,40.423146652101295
06_handheld_sign,fixed_int8,96,False,0,8,0.0002779377973638475,1.0,35.56052388557891
06_handheld_sign,fixed_int8,96,False,1,8,8.453516784356907e-05,1.0,40.72962580718632
06_handheld_sign,fixed_int8,96,False,2,8,7.186285074567422e-05,1.0,41.43495558651565
06_handheld_sign,fixed_int8,96,False,3,8,0.00011076436203438789,1.0,39.5559994954833
06_handheld_sign,fixed_int8,96,False,4,8,0.00015395827358588576,1.0,38.12596967519816
06_handheld_sign,fixed_int8,96,False,5,8,0.00020811053400393575,1.0,36.817059363957924
06_handheld_sign,fixed_int8,96,False,6,8,0.00012867194891441613,0.9999999403953552,38.90516095115608
06_handheld_sign,fixed_int8,96,False,7,8,0.0002165186742786318,1.0,36.64504640712869
07_person_enter,fixed_float32,0,False,0,32,0.0,1.0,
07_person_enter,fixed_float32,0,False,1,32,0.0,0.9999999403953552,
07_person_enter,fixed_float32,0,False,2,32,0.0,0.9999998807907104,
07_person_enter,fixed_float32,0,False,3,32,0.0,1.0,
07_person_enter,fixed_float32,0,False,4,32,0.0,1.0000001192092896,
07_person_enter,fixed_float32,0,False,5,32,0.0,1.0,
07_person_enter,fixed_float32,0,False,6,32,0.0,1.0,
07_person_enter,fixed_float32,0,False,7,32,0.0,0.9999998807907104,
07_person_enter,fixed_float32,16,False,0,32,0.0,1.0,
07_person_enter,fixed_float32,16,False,1,32,0.0,0.9999999403953552,
07_person_enter,fixed_float32,16,False,2,32,0.0,1.0000001192092896,
07_person_enter,fixed_float32,16,False,3,32,0.0,1.0,
07_person_enter,fixed_float32,16,False,4,32,0.0,1.0,
07_person_enter,fixed_float32,16,False,5,32,0.0,1.0,
07_person_enter,fixed_float32,16,False,6,32,0.0,1.0,
07_person_enter,fixed_float32,16,False,7,32,0.0,1.0,
07_person_enter,fixed_float32,21,False,0,32,0.0,1.0,
07_person_enter,fixed_float32,21,False,1,32,0.0,0.9999998807907104,
07_person_enter,fixed_float32,21,False,2,32,0.0,1.0000001192092896,
07_person_enter,fixed_float32,21,False,3,32,0.0,1.0,
07_person_enter,fixed_float32,21,False,4,32,0.0,1.0,
07_person_enter,fixed_float32,21,False,5,32,0.0,1.0,
07_person_enter,fixed_float32,21,False,6,32,0.0,0.9999999403953552,
07_person_enter,fixed_float32,21,False,7,32,0.0,1.0,
07_person_enter,fixed_float32,22,False,0,32,0.0,1.0,
07_person_enter,fixed_float32,22,False,1,32,0.0,1.0,
07_person_enter,fixed_float32,22,False,2,32,0.0,1.0,
07_person_enter,fixed_float32,22,False,3,32,0.0,1.0,
07_person_enter,fixed_float32,22,False,4,32,0.0,1.0,
07_person_enter,fixed_float32,22,False,5,32,0.0,1.0,
07_person_enter,fixed_float32,22,False,6,32,0.0,1.0000001192092896,
07_person_enter,fixed_float32,22,False,7,32,0.0,0.9999998807907104,
07_person_enter,fixed_float32,23,False,0,32,0.0,1.0,
07_person_enter,fixed_float32,23,False,1,32,0.0,1.0,
07_person_enter,fixed_float32,23,False,2,32,0.0,0.9999998807907104,
07_person_enter,fixed_float32,23,False,3,32,0.0,0.9999998807907104,
07_person_enter,fixed_float32,23,False,4,32,0.0,1.0000001192092896,
07_person_enter,fixed_float32,23,False,5,32,0.0,1.0000001192092896,
07_person_enter,fixed_float32,23,False,6,32,0.0,1.0000001192092896,
07_person_enter,fixed_float32,23,False,7,32,0.0,1.0,
07_person_enter,fixed_float32,24,False,0,32,0.0,0.9999999403953552,
07_person_enter,fixed_float32,24,False,1,32,0.0,0.9999998807907104,
07_person_enter,fixed_float32,24,False,2,32,0.0,1.0,
07_person_enter,fixed_float32,24,False,3,32,0.0,0.9999998211860657,
07_person_enter,fixed_float32,24,False,4,32,0.0,0.9999999403953552,
07_person_enter,fixed_float32,24,False,5,32,0.0,1.0,
07_person_enter,fixed_float32,24,False,6,32,0.0,0.9999999403953552,
07_person_enter,fixed_float32,24,False,7,32,0.0,1.0,
07_person_enter,fixed_float32,25,False,0,32,0.0,0.9999999403953552,
07_person_enter,fixed_float32,25,False,1,32,0.0,1.0,
07_person_enter,fixed_float32,25,False,2,32,0.0,0.9999998807907104,
07_person_enter,fixed_float32,25,False,3,32,0.0,1.0,
07_person_enter,fixed_float32,25,False,4,32,0.0,1.0,
07_person_enter,fixed_float32,25,False,5,32,0.0,1.0,
07_person_enter,fixed_float32,25,False,6,32,0.0,1.0000001192092896,
07_person_enter,fixed_float32,25,False,7,32,0.0,1.0,
07_person_enter,fixed_float32,26,False,0,32,0.0,1.0,
07_person_enter,fixed_float32,26,False,1,32,0.0,1.0,
07_person_enter,fixed_float32,26,False,2,32,0.0,1.0000001192092896,
07_person_enter,fixed_float32,26,False,3,32,0.0,1.0,
07_person_enter,fixed_float32,26,False,4,32,0.0,1.0,
07_person_enter,fixed_float32,26,False,5,32,0.0,0.9999999403953552,
07_person_enter,fixed_float32,26,False,6,32,0.0,0.9999999403953552,
07_person_enter,fixed_float32,26,False,7,32,0.0,1.0,
07_person_enter,fixed_float32,27,False,0,32,0.0,0.9999998211860657,
07_person_enter,fixed_float32,27,False,1,32,0.0,0.9999998807907104,
07_person_enter,fixed_float32,27,False,2,32,0.0,1.0,
07_person_enter,fixed_float32,27,False,3,32,0.0,1.0,
07_person_enter,fixed_float32,27,False,4,32,0.0,1.0,
07_person_enter,fixed_float32,27,False,5,32,0.0,0.9999999403953552,
07_person_enter,fixed_float32,27,False,6,32,0.0,1.0,
07_person_enter,fixed_float32,27,False,7,32,0.0,0.9999998807907104,
07_person_enter,fixed_float32,28,False,0,32,0.0,1.0,
07_person_enter,fixed_float32,28,False,1,32,0.0,1.0,
07_person_enter,fixed_float32,28,False,2,32,0.0,0.9999998807907104,
07_person_enter,fixed_float32,28,False,3,32,0.0,0.9999998807907104,
07_person_enter,fixed_float32,28,False,4,32,0.0,1.0,
07_person_enter,fixed_float32,28,False,5,32,0.0,1.0,
07_person_enter,fixed_float32,28,False,6,32,0.0,1.0,
07_person_enter,fixed_float32,28,False,7,32,0.0,0.9999998211860657,
07_person_enter,fixed_float32,29,False,0,32,0.0,0.9999998807907104,
07_person_enter,fixed_float32,29,False,1,32,0.0,0.9999999403953552,
07_person_enter,fixed_float32,29,False,2,32,0.0,1.0,
07_person_enter,fixed_float32,29,False,3,32,0.0,1.0000001192092896,
07_person_enter,fixed_float32,29,False,4,32,0.0,1.0,
07_person_enter,fixed_float32,29,False,5,32,0.0,0.9999999403953552,
07_person_enter,fixed_float32,29,False,6,32,0.0,1.0,
07_person_enter,fixed_float32,29,False,7,32,0.0,1.0000001192092896,
07_person_enter,fixed_float32,30,False,0,32,0.0,1.0,
07_person_enter,fixed_float32,30,False,1,32,0.0,1.0000001192092896,
07_person_enter,fixed_float32,30,False,2,32,0.0,1.0000001192092896,
07_person_enter,fixed_float32,30,False,3,32,0.0,0.9999998807907104,
07_person_enter,fixed_float32,30,False,4,32,0.0,1.0,
07_person_enter,fixed_float32,30,False,5,32,0.0,1.0,
07_person_enter,fixed_float32,30,False,6,32,0.0,1.0,
07_person_enter,fixed_float32,30,False,7,32,0.0,1.0,
07_person_enter,fixed_float32,31,False,0,32,0.0,1.0,
07_person_enter,fixed_float32,31,False,1,32,0.0,1.0000001192092896,
07_person_enter,fixed_float32,31,False,2,32,0.0,1.0,
07_person_enter,fixed_float32,31,False,3,32,0.0,1.0000001192092896,
07_person_enter,fixed_float32,31,False,4,32,0.0,1.0000001192092896,
07_person_enter,fixed_float32,31,False,5,32,0.0,1.0,
07_person_enter,fixed_float32,31,False,6,32,0.0,1.0,
07_person_enter,fixed_float32,31,False,7,32,0.0,1.0,
07_person_enter,fixed_float32,32,False,0,32,0.0,1.0000001192092896,
07_person_enter,fixed_float32,32,False,1,32,0.0,0.9999998807907104,
07_person_enter,fixed_float32,32,False,2,32,0.0,0.9999998807907104,
07_person_enter,fixed_float32,32,False,3,32,0.0,1.0,
07_person_enter,fixed_float32,32,False,4,32,0.0,1.0,
07_person_enter,fixed_float32,32,False,5,32,0.0,1.0,
07_person_enter,fixed_float32,32,False,6,32,0.0,1.0,
07_person_enter,fixed_float32,32,False,7,32,0.0,1.0,
07_person_enter,fixed_float32,48,False,0,32,0.0,1.0,
07_person_enter,fixed_float32,48,False,1,32,0.0,1.0,
07_person_enter,fixed_float32,48,False,2,32,0.0,0.9999999403953552,
07_person_enter,fixed_float32,48,False,3,32,0.0,0.9999998807907104,
07_person_enter,fixed_float32,48,False,4,32,0.0,0.9999998807907104,
07_person_enter,fixed_float32,48,False,5,32,0.0,0.9999998807907104,
07_person_enter,fixed_float32,48,False,6,32,0.0,1.0,
07_person_enter,fixed_float32,48,False,7,32,0.0,1.0000001192092896,
07_person_enter,fixed_float32,64,False,0,32,0.0,0.9999999403953552,
07_person_enter,fixed_float32,64,False,1,32,0.0,1.0,
07_person_enter,fixed_float32,64,False,2,32,0.0,0.9999998807907104,
07_person_enter,fixed_float32,64,False,3,32,0.0,1.0,
07_person_enter,fixed_float32,64,False,4,32,0.0,0.9999999403953552,
07_person_enter,fixed_float32,64,False,5,32,0.0,1.0,
07_person_enter,fixed_float32,64,False,6,32,0.0,1.0,
07_person_enter,fixed_float32,64,False,7,32,0.0,1.0,
07_person_enter,fixed_float32,80,False,0,32,0.0,1.0,
07_person_enter,fixed_float32,80,False,1,32,0.0,1.0,
07_person_enter,fixed_float32,80,False,2,32,0.0,0.9999999403953552,
07_person_enter,fixed_float32,80,False,3,32,0.0,0.9999999403953552,
07_person_enter,fixed_float32,80,False,4,32,0.0,0.9999999403953552,
07_person_enter,fixed_float32,80,False,5,32,0.0,0.9999999403953552,
07_person_enter,fixed_float32,80,False,6,32,0.0,1.0000001192092896,
07_person_enter,fixed_float32,80,False,7,32,0.0,1.0,
07_person_enter,fixed_float32,96,False,0,32,0.0,0.9999999403953552,
07_person_enter,fixed_float32,96,False,1,32,0.0,1.0,
07_person_enter,fixed_float32,96,False,2,32,0.0,1.0,
07_person_enter,fixed_float32,96,False,3,32,0.0,0.9999998807907104,
07_person_enter,fixed_float32,96,False,4,32,0.0,1.0,
07_person_enter,fixed_float32,96,False,5,32,0.0,1.0,
07_person_enter,fixed_float32,96,False,6,32,0.0,1.0,
07_person_enter,fixed_float32,96,False,7,32,0.0,1.0,
07_person_enter,fixed_int16,0,False,0,16,4.073336334897704e-09,1.0,83.90049728789634
07_person_enter,fixed_int16,0,False,1,16,6.096843918612649e-09,0.9999999403953552,82.1489489704404
07_person_enter,fixed_int16,0,False,2,16,6.996846213525032e-09,0.9999998807907104,81.55097619742739
07_person_enter,fixed_int16,0,False,3,16,6.093085591629688e-09,1.0,82.15162721151522
07_person_enter,fixed_int16,0,False,4,16,2.5049764484919024e-09,1.0000001192092896,86.01196404737567
07_person_enter,fixed_int16,0,False,5,16,2.1087771528982557e-09,1.0,86.75969312332654
07_person_enter,fixed_int16,0,False,6,16,3.4129903347945856e-09,1.0,84.6686494159283
07_person_enter,fixed_int16,0,False,7,16,1.3981567015264318e-09,0.9999998807907104,88.5444409956918
07_person_enter,fixed_int16,16,False,0,16,4.1481049706248996e-09,1.0,83.82150262025925
07_person_enter,fixed_int16,16,False,1,16,6.6580971846974535e-09,0.9999999403953552,81.76649844081938
07_person_enter,fixed_int16,16,False,2,16,7.860034401119265e-09,1.0000001192092896,81.0457560494581
07_person_enter,fixed_int16,16,False,3,16,5.625219401395043e-09,1.0,82.49860534024252
07_person_enter,fixed_int16,16,False,4,16,2.370059926093404e-09,1.0,86.2524067287485
07_person_enter,fixed_int16,16,False,5,16,2.0684873813792137e-09,1.0,86.8434712413472
07_person_enter,fixed_int16,16,False,6,16,3.3869465010383237e-09,1.0,84.70191663257154
07_person_enter,fixed_int16,16,False,7,16,1.3305651025419252e-09,1.0,88.75963871219311
07_person_enter,fixed_int16,21,False,0,16,4.663782249281212e-09,1.0,83.31261734866375
07_person_enter,fixed_int16,21,False,1,16,6.747445269184027e-09,0.9999998807907104,81.70860577694988
07_person_enter,fixed_int16,21,False,2,16,7.692491088562292e-09,1.0000001192092896,81.1393304996462
07_person_enter,fixed_int16,21,False,3,16,5.93687321526204e-09,1.0,82.26442225539162
07_person_enter,fixed_int16,21,False,4,16,1.7248347194964708e-09,1.0,87.63252514416608
07_person_enter,fixed_int16,21,False,5,16,2.1365420543872915e-09,1.0,86.70288554375645
07_person_enter,fixed_int16,21,False,6,16,3.2373987934875004e-09,0.9999999403953552,84.89803773585936
07_person_enter,fixed_int16,21,False,7,16,1.2706626861813675e-09,1.0,88.95969723224654
07_person_enter,fixed_int16,22,False,0,16,2.656987074800554e-09,1.0,85.7561055825681
07_person_enter,fixed_int16,22,False,1,16,6.808705155236794e-09,1.0,81.66935472140672
07_person_enter,fixed_int16,22,False,2,16,7.718871763984225e-09,1.0,81.12446174079273
07_person_enter,fixed_int16,22,False,3,16,5.969144289963424e-09,1.0,82.24087922938193
07_person_enter,fixed_int16,22,False,4,16,1.685016903785197e-09,1.0,87.73395738006998
07_person_enter,fixed_int16,22,False,5,16,2.1208910183645457e-09,1.0,86.73481647060483
07_person_enter,fixed_int16,22,False,6,16,3.340222765046974e-09,1.0000001192092896,84.76224620168594
07_person_enter,fixed_int16,22,False,7,16,1.2722009001819856e-09,0.9999998807907104,88.95444249690007
07_person_enter,fixed_int16,23,False,0,16,1.8980723659467458e-09,1.0,87.21687233672569
07_person_enter,fixed_int16,23,False,1,16,6.822693077168651e-09,1.0,81.66044165271487
07_person_enter,fixed_int16,23,False,2,16,7.673651047923613e-09,0.9999998807907104,81.14997902050533
07_person_enter,fixed_int16,23,False,3,16,5.493292931646465e-09,0.9999998807907104,82.60167189693577
07_person_enter,fixed_int16,23,False,4,16,1.6507275546473466e-09,1.0000001192092896,87.823246509967
07_person_enter,fixed_int16,23,False,5,16,2.025033252195385e-09,1.0000001192092896,86.93567892800802
07_person_enter,fixed_int16,23,False,6,16,3.3957998635258946e-09,1.0000001192092896,84.69057965231706
07_person_enter,fixed_int16,23,False,7,16,1.2838246021829036e-09,1.0,88.91494306101576
07_person_enter,fixed_int16,24,False,0,16,2.385959652073666e-09,0.9999999403953552,86.22336878882777
07_person_enter,fixed_int16,24,False,1,16,6.864968149500328e-09,0.9999998807907104,81.63361421590224
07_person_enter,fixed_int16,24,False,2,16,7.770800891648832e-09,1.0,81.09534218663818
07_person_enter,fixed_int16,24,False,3,16,5.298404381903765e-09,0.9999998211860657,82.7585482113146
07_person_enter,fixed_int16,24,False,4,16,1.866228949154447e-09,0.9999999403953552,87.2903505214458
07_person_enter,fixed_int16,24,False,5,16,2.093466733299465e-09,1.0,86.79133935971349
07_person_enter,fixed_int16,24,False,6,16,3.328606945629531e-09,0.9999999403953552,84.77737459048174
07_person_enter,fixed_int16,24,False,7,16,1.2682268568653399e-09,1.0,88.96803054125783
07_person_enter,fixed_int16,25,False,0,16,1.9241785942369916e-09,0.9999999403953552,87.15754595137808
07_person_enter,fixed_int16,25,False,1,16,6.904963267828634e-09,1.0,81.60838627385388
07_person_enter,fixed_int16,25,False,2,16,7.72075114952031e-09,0.9999998807907104,81.12340393459382
07_person_enter,fixed_int16,25,False,3,16,5.059363594739352e-09,1.0,82.95904108590096
07_person_enter,fixed_int16,25,False,4,16,1.4650588520126462e-09,1.0,88.34144929172687
07_person_enter,fixed_int16,25,False,5,16,2.0668919908928274e-09,1.0,86.84682217608243
07_person_enter,fixed_int16,25,False,6,16,3.370949075431895e-09,1.0000001192092896,84.72247860041817
07_person_enter,fixed_int16,25,False,7,16,1.242785541144542e-09,1.0,89.05603808070481
07_person_enter,fixed_int16,26,False,0,16,1.8469430429490785e-09,1.0,87.33546497366652
07_person_enter,fixed_int16,26,False,1,16,6.833722476784487e-09,1.0,81.65342662243198
07_person_enter,fixed_int16,26,False,2,16,7.580732486189845e-09,1.0000001192092896,81.20288880527617
07_person_enter,fixed_int16,26,False,3,16,4.956392629651418e-09,1.0,83.04834297506433
07_person_enter,fixed_int16,26,False,4,16,1.318195552713064e-09,1.0,88.80020157902518
07_person_enter,fixed_int16,26,False,5,16,2.2018300516180034e-09,0.9999999403953552,86.57216179229823
07_person_enter,fixed_int16,26,False,6,16,3.3975566804400614e-09,0.9999999403953552,84.68833263441796
07_person_enter,fixed_int16,26,False,7,16,1.2967702467392428e-09,1.0,88.87136962552819
07_person_enter,fixed_int16,27,False,0,16,1.7625362280782042e-09,0.9999998211860657,87.53861869874251
07_person_enter,fixed_int16,27,False,1,16,6.952350695144105e-09,0.9999998807907104,81.57868277260908
07_person_enter,fixed_int16,27,False,2,16,7.782040789550138e-09,1.0,81.08906497172713
07_person_enter,fixed_int16,27,False,3,16,5.313065543077755e-09,1.0,82.74654826510474
07_person_enter,fixed_int16,27,False,4,16,1.2847397590221021e-09,1.0,88.9118483549756
07_person_enter,fixed_int16,27,False,5,16,2.133765164558099e-09,0.9999999403953552,86.70853353471968
07_person_enter,fixed_int16,27,False,6,16,3.2753402212648552e-09,1.0,84.84743581613051
07_person_enter,fixed_int16,27,False,7,16,1.2994677556221745e-09,0.9999998807907104,88.86234440635045
07_person_enter,fixed_int16,28,False,0,16,1.7005119534729829e-09,1.0,87.69420310917903
07_person_enter,fixed_int16,28,False,1,16,7.273966318166458e-09,1.0,81.3822871426128
07_person_enter,fixed_int16,28,False,2,16,7.665583723337477e-09,0.9999998807907104,81.15454716869102
07_person_enter,fixed_int16,28,False,3,16,5.508601130799207e-09,0.9999998807907104,82.58958621301153
07_person_enter,fixed_int16,28,False,4,16,1.2899539214572542e-09,1.0,88.89425802890102
07_person_enter,fixed_int16,28,False,5,16,2.1153414575536544e-09,1.0,86.74619518992483
07_person_enter,fixed_int16,28,False,6,16,3.303883611138758e-09,1.0,84.80975260362102
07_person_enter,fixed_int16,28,False,7,16,1.2863339282631614e-09,0.9999998211860657,88.90646197628979
07_person_enter,fixed_int16,29,False,0,16,1.9657486749480313e-09,0.9999998807907104,87.06471956634489
07_person_enter,fixed_int16,29,False,1,16,7.126144119240507e-09,0.9999999403953552,81.4714537283241
07_person_enter,fixed_int16,29,False,2,16,7.680006852694987e-09,1.0,81.14638392457252
07_person_enter,fixed_int16,29,False,3,16,5.490282006803682e-09,1.0000001192092896,82.60405399334005
07_person_enter,fixed_int16,29,False,4,16,1.2607693777866302e-09,1.0,88.99364348093572
07_person_enter,fixed_int16,29,False,5,16,2.13950812621988e-09,0.9999999403953552,86.69686033765801
07_person_enter,fixed_int16,29,False,6,16,3.2302076569123983e-09,1.0,84.90769557745574
07_person_enter,fixed_int16,29,False,7,16,1.2824414863388256e-09,1.0000001192092896,88.91962492989946
07_person_enter,fixed_int16,30,False,0,16,1.8407251278773629e-09,1.0,87.3501105905639
07_person_enter,fixed_int16,30,False,1,16,7.0943424468339344e-09,1.0000001192092896,81.49087903556392
07_person_enter,fixed_int16,30,False,2,16,7.662925405327314e-09,1.0000001192092896,81.15605453830072
07_person_enter,fixed_int16,30,False,3,16,5.500894406651469e-09,0.9999998807907104,82.59566639771428
07_person_enter,fixed_int16,30,False,4,16,1.121469250797702e-09,1.0,89.5021262969756
07_person_enter,fixed_int16,30,False,5,16,2.209741944980692e-09,1.0,86.55658440529626
07_person_enter,fixed_int16,30,False,6,16,3.3607561178428114e-09,1.0,84.73563002114894
07_person_enter,fixed_int16,30,False,7,16,1.2715554165154686e-09,1.0,88.95664707794663
07_person_enter,fixed_int16,31,False,0,16,1.755777856438101e-09,1.0,87.55530432522166
07_person_enter,fixed_int16,31,False,1,16,7.0303132204685426e-09,1.0000001192092896,81.53025377265509
07_person_enter,fixed_int16,31,False,2,16,7.769512144761848e-09,1.0,81.09606250116668
07_person_enter,fixed_int16,31,False,3,16,5.2981250497907695e-09,1.0000001192092896,82.75877847189133
07_person_enter,fixed_int16,31,False,4,16,2.3671644644451817e-09,1.0000001192092896,86.25771619140819
07_person_enter,fixed_int16,31,False,5,16,2.108252239452213e-09,1.0,86.76077429679279
07_person_enter,fixed_int16,31,False,6,16,3.3099936125324803e-09,1.0,84.80172844304214
07_person_enter,fixed_int16,31,False,7,16,1.2477034960767242e-09,1.0,89.03888608016547
07_person_enter,fixed_int16,32,False,0,16,1.1380397735294423e-09,1.0000001192092896,89.43842611222097
07_person_enter,fixed_int16,32,False,1,16,7.436512738934198e-09,0.9999998807907104,81.28630621994681
07_person_enter,fixed_int16,32,False,2,16,7.521073541738588e-09,0.9999998807907104,81.23720112958623
07_person_enter,fixed_int16,32,False,3,16,5.109398237834739e-09,1.0,82.91630246123023
07_person_enter,fixed_int16,32,False,4,16,1.867508370168025e-09,1.0,87.28737443001378
07_person_enter,fixed_int16,32,False,5,16,2.1117252391178454e-09,1.0,86.75362589404122
07_person_enter,fixed_int16,32,False,6,16,3.310814955526098e-09,1.0,84.80065091685165
07_person_enter,fixed_int16,32,False,7,16,1.270665239694324e-09,1.0,88.95968850471024
07_person_enter,fixed_int16,48,False,0,16,3.636023704345348e-09,1.0,84.39373294142912
07_person_enter,fixed_int16,48,False,1,16,2.2142312428030664e-09,1.0,86.54777025630237
07_person_enter,fixed_int16,48,False,2,16,7.690794667780665e-09,0.9999999403953552,81.14028757589408
07_person_enter,fixed_int16,48,False,3,16,5.522644563882295e-09,0.9999998807907104,82.57852855196651
07_person_enter,fixed_int16,48,False,4,16,1.909057578686202e-09,0.9999998807907104,87.19180920971854
07_person_enter,fixed_int16,48,False,5,16,1.2618062150693277e-09,0.9999998807907104,88.9900728602062
07_person_enter,fixed_int16,48,False,6,16,3.212902610627566e-09,1.0,84.93102438565528
07_person_enter,fixed_int16,48,False,7,16,1.1842056224509179e-09,1.0000001192092896,89.26572933048574
07_person_enter,fixed_int16,64,False,0,16,4.413527321389665e-09,0.9999999403953552,83.55214154736602
07_person_enter,fixed_int16,64,False,1,16,3.6995979613152485e-09,1.0,84.31845468546274
07_person_enter,fixed_int16,64,False,2,16,1.9974195630823033e-09,0.9999998807907104,86.99530649109555
07_person_enter,fixed_int16,64,False,3,16,3.2474885003352938e-09,1.0,84.88452378130151
07_person_enter,fixed_int16,64,False,4,16,1.680369954293326e-09,0.9999999403953552,87.7459506654281
07_person_enter,fixed_int16,64,False,5,16,1.2763449186437015e-09,1.0,88.94031946287727
07_person_enter,fixed_int16,64,False,6,16,1.4552360427799726e-09,1.0,88.37066557356746
07_person_enter,fixed_int16,64,False,7,16,1.2201870625005995e-09,1.0,89.13573584092349
07_person_enter,fixed_int16,80,False,0,16,4.421821131472825e-09,1.0,83.5439882918957
07_person_enter,fixed_int16,80,False,1,16,7.471678387105385e-09,1.0,81.26581830261836
07_person_enter,fixed_int16,80,False,2,16,2.8545648067535012e-09,0.9999999403953552,85.44460066937403
07_person_enter,fixed_int16,80,False,3,16,3.155048666769744e-09,0.9999999403953552,85.00993911469997
07_person_enter,fixed_int16,80,False,4,16,1.4022221161980042e-09,0.9999999403953552,88.53183161482929
07_person_enter,fixed_int16,80,False,5,16,2.0769561626110544e-09,0.9999999403953552,86.82572643942453
07_person_enter,fixed_int16,80,False,6,16,1.2555533279723363e-09,1.0000001192092896,89.01164888245681
07_person_enter,fixed_int16,80,False,7,16,1.1302248026368034e-09,1.0,89.46835166397432
07_person_enter,fixed_int16,96,False,0,16,3.040686813449156e-09,0.9999999403953552,85.17028283399456
07_person_enter,fixed_int16,96,False,1,16,6.6650542862589646e-09,1.0,81.76196308946791
07_person_enter,fixed_int16,96,False,2,16,5.683824522151326e-09,1.0,82.453593385978
07_person_enter,fixed_int16,96,False,3,16,1.3218677263893142e-09,0.9999998807907104,88.78811948882749
07_person_enter,fixed_int16,96,False,4,16,1.8252503952709276e-09,1.0,87.38677548837613
07_person_enter,fixed_int16,96,False,5,16,1.5953574017402161e-09,1.0,87.97142008396204
07_person_enter,fixed_int16,96,False,6,16,1.7957902942455917e-09,1.0,87.45744380012479
07_person_enter,fixed_int16,96,False,7,16,1.4547562043887297e-09,1.0,88.37209781908368
07_person_enter,fixed_int4,0,False,0,4,0.07641105353832245,1.0,11.168438123213601
07_person_enter,fixed_int4,0,False,1,4,0.11437727510929108,0.9999999403953552,9.41660228284695
07_person_enter,fixed_int4,0,False,2,4,0.13707731664180756,0.9999998807907104,8.630343539223919
07_person_enter,fixed_int4,0,False,3,4,0.11528274416923523,1.0,9.382356942050688
07_person_enter,fixed_int4,0,False,4,4,0.046549733728170395,1.0000001192092896,13.320828506805018
07_person_enter,fixed_int4,0,False,5,4,0.039562661200761795,1.0,14.02714503072473
07_person_enter,fixed_int4,0,False,6,4,0.06470423936843872,1.0,11.890672637825581
07_person_enter,fixed_int4,0,False,7,4,0.026667162775993347,0.9999998807907104,15.740231363730732
07_person_enter,fixed_int4,16,False,0,4,0.08278710395097733,1.0,10.820373095813718
07_person_enter,fixed_int4,16,False,1,4,0.1255699247121811,0.9999999403953552,9.011143402510866
07_person_enter,fixed_int4,16,False,2,4,0.1480647176504135,1.0000001192092896,8.295484689782057
07_person_enter,fixed_int4,16,False,3,4,0.10210296511650085,1.0,9.90961645620865
07_person_enter,fixed_int4,16,False,4,4,0.0458260104060173,1.0,13.388879506118972
07_person_enter,fixed_int4,16,False,5,4,0.039654478430747986,1.0,14.017077579572446
07_person_enter,fixed_int4,16,False,6,4,0.06402655690908432,1.0,11.93639852159757
07_person_enter,fixed_int4,16,False,7,4,0.024982541799545288,1.0,16.023633772766075
07_person_enter,fixed_int4,21,False,0,4,0.0913253054022789,1.0,10.39408866783139
07_person_enter,fixed_int4,21,False,1,4,0.12706303596496582,0.9999998807907104,8.959807203432511
07_person_enter,fixed_int4,21,False,2,4,0.14784958958625793,1.0000001192092896,8.301799284604963
07_person_enter,fixed_int4,21,False,3,4,0.11471472680568695,1.0,9.403808248198187
07_person_enter,fixed_int4,21,False,4,4,0.03125758469104767,1.0,15.050445834465833
07_person_enter,fixed_int4,21,False,5,4,0.04062216728925705,1.0,13.912369096693746
07_person_enter,fixed_int4,21,False,6,4,0.0626412108540535,0.9999999403953552,12.031398300745002
07_person_enter,fixed_int4,21,False,7,4,0.024345092475414276,1.0,16.135885714370083
07_person_enter,fixed_int4,22,False,0,4,0.05134941637516022,1.0,12.89464488122941
07_person_enter,fixed_int4,22,False,1,4,0.1291641891002655,1.0,8.888578782288386
07_person_enter,fixed_int4,22,False,2,4,0.14879119396209717,1.0,8.274227712554506
07_person_enter,fixed_int4,22,False,3,4,0.11612294614315033,1.0,9.350819542606017
07_person_enter,fixed_int4,22,False,4,4,0.03130500391125679,1.0,15.043862376179755
07_person_enter,fixed_int4,22,False,5,4,0.03981844335794449,1.0,13.999157220652451
07_person_enter,fixed_int4,22,False,6,4,0.0655113011598587,1.0000001192092896,11.83683826467075
07_person_enter,fixed_int4,22,False,7,4,0.02419087663292885,0.9999998807907104,16.1634834154682
07_person_enter,fixed_int4,23,False,0,4,0.03618093952536583,1.0,14.415201598260063
07_person_enter,fixed_int4,23,False,1,4,0.1273154318332672,1.0,8.95118952561217
07_person_enter,fixed_int4,23,False,2,4,0.14844027161598206,0.9999998807907104,8.284482078786237
07_person_enter,fixed_int4,23,False,3,4,0.10581991076469421,0.9999998807907104,9.754325572616313
07_person_enter,fixed_int4,23,False,4,4,0.030568916350603104,1.0000001192092896,15.147200082468569
07_person_enter,fixed_int4,23,False,5,4,0.039820000529289246,1.0000001192092896,13.99898790307881
07_person_enter,fixed_int4,23,False,6,4,0.06315813958644867,1.0000001192092896,11.995707230138784
07_person_enter,fixed_int4,23,False,7,4,0.024376822635531425,1.0,16.13022902564363
07_person_enter,fixed_int4,24,False,0,4,0.04692774638533592,0.9999999403953552,13.285702755570536
07_person_enter,fixed_int4,24,False,1,4,0.1275385469198227,0.9999998807907104,8.943584835797854
07_person_enter,fixed_int4,24,False,2,4,0.1477750986814499,1.0,8.303987419652374
07_person_enter,fixed_int4,24,False,3,4,0.09654028713703156,0.9999998211860657,10.152913361477626
07_person_enter,fixed_int4,24,False,4,4,0.03614652156829834,0.9999999403953552,14.419334632546581
07_person_enter,fixed_int4,24,False,5,4,0.040199629962444305,1.0,13.95777944577425
07_person_enter,fixed_int4,24,False,6,4,0.06375070661306381,0.9999999403953552,11.955149712597443
07_person_enter,fixed_int4,24,False,7,4,0.02396530658006668,1.0,16.204170108541433
07_person_enter,fixed_int4,25,False,0,4,0.03613193333148956,0.9999999403953552,14.42108773887448
07_person_enter,fixed_int4,25,False,1,4,0.13183490931987762,1.0,8.799695751931576
07_person_enter,fixed_int4,25,False,2,4,0.14911486208438873,0.9999998807907104,8.264790170515777
07_person_enter,fixed_int4,25,False,3,4,0.09305768460035324,1.0,10.312477574958505
07_person_enter,fixed_int4,25,False,4,4,0.026801658794283867,1.0,15.718383260118767
07_person_enter,fixed_int4,25,False,5,4,0.03932198882102966,1.0,14.053645246101103
07_person_enter,fixed_int4,25,False,6,4,0.06388480961322784,1.0000001192092896,11.946024469063804
07_person_enter,fixed_int4,25,False,7,4,0.023930169641971588,1.0,16.210542226439376
07_person_enter,fixed_int4,26,False,0,4,0.03548707067966461,1.0,14.49929848501464
07_person_enter,fixed_int4,26,False,1,4,0.131566122174263,1.0,8.808559256679702
07_person_enter,fixed_int4,26,False,2,4,0.14875440299510956,1.0000001192092896,8.275302224592117
07_person_enter,fixed_int4,26,False,3,4,0.09298963844776154,1.0,10.315654408617691
07_person_enter,fixed_int4,26,False,4,4,0.02504906803369522,1.0,16.012084276950524
07_person_enter,fixed_int4,26,False,5,4,0.039648398756980896,0.9999999403953552,14.017743215537163
07_person_enter,fixed_int4,26,False,6,4,0.06366323679685593,0.9999999403953552,11.961112586591165
07_person_enter,fixed_int4,26,False,7,4,0.02402641251683235,1.0,16.193110706632396
07_person_enter,fixed_int4,27,False,0,4,0.03263140842318535,0.9999998211860657,14.863641033131142
07_person_enter,fixed_int4,27,False,1,4,0.13240893185138702,0.9999998807907104,8.780826661233686
07_person_enter,fixed_int4,27,False,2,4,0.14803466200828552,1.0,8.29636583548168
07_person_enter,fixed_int4,27,False,3,4,0.09876547753810883,1.0,10.05394832079434
07_person_enter,fixed_int4,27,False,4,4,0.02504006400704384,1.0,16.01364565323013
07_person_enter,fixed_int4,27,False,5,4,0.03946620225906372,0.9999999403953552,14.03774636856741
07_person_enter,fixed_int4,27,False,6,4,0.0628008246421814,1.0,12.02034653473034
07_person_enter,fixed_int4,27,False,7,4,0.024738464504480362,0.9999998807907104,16.066272083887327
07_person_enter,fixed_int4,28,False,0,4,0.033110521733760834,1.0,14.80033975868042
07_person_enter,fixed_int4,28,False,1,4,0.13507166504859924,1.0,8.694357464900119
07_person_enter,fixed_int4,28,False,2,4,0.1469031423330307,0.9999998807907104,8.329688625582964
07_person_enter,fixed_int4,28,False,3,4,0.10287176817655563,0.9999998807907104,9.877037436056474
07_person_enter,fixed_int4,28,False,4,4,0.024122517555952072,1.0,16.17577368853554
07_person_enter,fixed_int4,28,False,5,4,0.03930843994021416,1.0,14.055141919672664
07_person_enter,fixed_int4,28,False,6,4,0.062380384653806686,1.0,12.049519515969795
07_person_enter,fixed_int4,28,False,7,4,0.024650562554597855,0.9999998211860657,16.08173087508968
07_person_enter,fixed_int4,29,False,0,4,0.03893543779850006,0.9999998807907104,14.09654885867171
07_person_enter,fixed_int4,29,False,1,4,0.1359148621559143,0.9999999403953552,8.667330251122912
07_person_enter,fixed_int4,29,False,2,4,0.14569753408432007,1.0,8.365477985569509
07_person_enter,fixed_int4,29,False,3,4,0.1033981591463089,1.0000001192092896,9.854872449261638
07_person_enter,fixed_int4,29,False,4,4,0.02512974850833416,1.0,15.998118576863433
07_person_enter,fixed_int4,29,False,5,4,0.0401928648352623,0.9999999403953552,13.958510115198061
07_person_enter,fixed_int4,29,False,6,4,0.0626412108540535,1.0,12.031398559604693
07_person_enter,fixed_int4,29,False,7,4,0.024767756462097168,1.0000001192092896,16.061133831053482
07_person_enter,fixed_int4,30,False,0,4,0.03549424931406975,1.0,14.498420045075608
07_person_enter,fixed_int4,30,False,1,4,0.13633950054645538,1.0000001192092896,8.653783530609095
07_person_enter,fixed_int4,30,False,2,4,0.14363667368888855,1.0000001192092896,8.427347125114899
07_person_enter,fixed_int4,30,False,3,4,0.10491549223661423,0.9999998807907104,9.791603256580139
07_person_enter,fixed_int4,30,False,4,4,0.021232623606920242,1.0,16.72996338965927
07_person_enter,fixed_int4,30,False,5,4,0.04072771966457367,1.0,13.90109905279001
07_person_enter,fixed_int4,30,False,6,4,0.06348547339439392,1.0,11.973256376432387
07_person_enter,fixed_int4,30,False,7,4,0.02429605834186077,1.0,16.14464178221921
07_person_enter,fixed_int4,31,False,0,4,0.03276919573545456,1.0,14.845342175111359
07_person_enter,fixed_int4,31,False,1,4,0.13417434692382812,1.0000001192092896,8.723305616795864
07_person_enter,fixed_int4,31,False,2,4,0.14583280682563782,1.0,8.36144765314242
07_person_enter,fixed_int4,31,False,3,4,0.10146690905094147,1.0000001192092896,9.936756209486392
07_person_enter,fixed_int4,31,False,4,4,0.0467199943959713,1.0000001192092896,13.304972697608886
07_person_enter,fixed_int4,31,False,5,4,0.040213268250226974,1.0,13.956306290766767
07_person_enter,fixed_int4,31,False,6,4,0.06333057582378387,1.0,11.983865631971407
07_person_enter,fixed_int4,31,False,7,4,0.024141840636730194,1.0,16.172296212353142
07_person_enter,fixed_int4,32,False,0,4,0.02227909490466118,1.0000001192092896,16.52102508263761
07_person_enter,fixed_int4,32,False,1,4,0.14032694697380066,0.9999998807907104,8.52858871652316
07_person_enter,fixed_int4,32,False,2,4,0.1471412479877472,0.9999998807907104,8.322655130100019
07_person_enter,fixed_int4,32,False,3,4,0.09778027981519699,1.0,10.097487242615662
07_person_enter,fixed_int4,32,False,4,4,0.03564196452498436,1.0,14.480383663959133
07_person_enter,fixed_int4,32,False,5,4,0.0403057299554348,1.0,13.946332091657414
07_person_enter,fixed_int4,32,False,6,4,0.0629662275314331,1.0,12.008923256174228
07_person_enter,fixed_int4,32,False,7,4,0.024349132552742958,1.0,16.135165060825102
07_person_enter,fixed_int4,48,False,0,4,0.0690065249800682,1.0,11.611098421778273
07_person_enter,fixed_int4,48,False,1,4,0.042045313864946365,1.0,13.762824011979344
07_person_enter,fixed_int4,48,False,2,4,0.14852876961231232,0.9999999403953552,8.281893906714254
07_person_enter,fixed_int4,48,False,3,4,0.10621696710586548,0.9999998807907104,9.738060517097292
07_person_enter,fixed_int4,48,False,4,4,0.03707874193787575,0.9999998807907104,14.30874957887946
07_person_enter,fixed_int4,48,False,5,4,0.02489430643618107,0.9999998807907104,16.0389991703957
07_person_enter,fixed_int4,48,False,6,4,0.060132015496492386,1.0,12.208942392887872
07_person_enter,fixed_int4,48,False,7,4,0.023046594113111496,1.0000001192092896,16.373932984962977
07_person_enter,fixed_int4,64,False,0,4,0.08650107681751251,0.9999999403953552,10.629784602562356
07_person_enter,fixed_int4,64,False,1,4,0.07010942697525024,1.0,11.542235824887928
07_person_enter,fixed_int4,64,False,2,4,0.037860799580812454,0.9999998807907104,14.218101666544863
07_person_enter,fixed_int4,64,False,3,4,0.06205028295516968,1.0,12.072562337367481
07_person_enter,fixed_int4,64,False,4,4,0.03216166794300079,0.9999999403953552,14.92661410416427
07_person_enter,fixed_int4,64,False,5,4,0.02422301284968853,1.0,16.157718404407774
07_person_enter,fixed_int4,64,False,6,4,0.027094975113868713,1.0,15.671112435412178
07_person_enter,fixed_int4,64,False,7,4,0.02269451692700386,1.0,16.440790571674157
07_person_enter,fixed_int4,80,False,0,4,0.08397293090820312,1.0,10.758606883641848
07_person_enter,fixed_int4,80,False,1,4,0.14354828000068665,1.0,8.430020068643463
07_person_enter,fixed_int4,80,False,2,4,0.05363710597157478,0.9999999403953552,12.705346369717986
07_person_enter,fixed_int4,80,False,3,4,0.06005264073610306,0.9999999403953552,12.21467864425038
07_person_enter,fixed_int4,80,False,4,4,0.02636365219950676,0.9999999403953552,15.789944005053009
07_person_enter,fixed_int4,80,False,5,4,0.03948443382978439,0.9999999403953552,14.035740591009835
07_person_enter,fixed_int4,80,False,6,4,0.023480292409658432,1.0000001192092896,16.292965507163583
07_person_enter,fixed_int4,80,False,7,4,0.02170880325138569,1.0,16.63364117385982
07_person_enter,fixed_int4,96,False,0,4,0.05923045054078102,0.9999999403953552,12.274549379675852
07_person_enter,fixed_int4,96,False,1,4,0.12816821038722992,1.0,8.922196796957259
07_person_enter,fixed_int4,96,False,2,4,0.10712698101997375,1.0,9.701011339080619
07_person_enter,fixed_int4,96,False,3,4,0.025158753618597984,0.9999998807907104,15.99310826159643
07_person_enter,fixed_int4,96,False,4,4,0.035195786505937576,1.0,14.535093253500035
07_person_enter,fixed_int4,96,False,5,4,0.030402055010199547,1.0,15.17097059502236
07_person_enter,fixed_int4,96,False,6,4,0.034204065799713135,1.0,14.659222667675744
07_person_enter,fixed_int4,96,False,7,4,0.027337800711393356,1.0,15.632364267588606
07_person_enter,fixed_int6,0,False,0,6,0.004432133864611387,1.0,23.533871309998247
07_person_enter,fixed_int6,0,False,1,6,0.0066067250445485115,0.9999999403953552,21.800137411849505
07_person_enter,fixed_int6,0,False,2,6,0.007797708734869957,0.9999998807907104,21.08032939125411
07_person_enter,fixed_int6,0,False,3,6,0.00646135862916708,1.0,21.896761533498843
07_person_enter,fixed_int6,0,False,4,6,0.0025935331359505653,1.0000001192092896,25.86108250697949
07_person_enter,fixed_int6,0,False,5,6,0.0022403867915272713,1.0,26.496769964316712
07_person_enter,fixed_int6,0,False,6,6,0.003724649315699935,1.0,24.28914610815257
07_person_enter,fixed_int6,0,False,7,6,0.0014854867476969957,0.9999998807907104,28.2813116649278
07_person_enter,fixed_int6,16,False,0,6,0.004573063924908638,1.0,23.397927277596988
07_person_enter,fixed_int6,16,False,1,6,0.0072241430170834064,0.9999999403953552,21.41213638952086
07_person_enter,fixed_int6,16,False,2,6,0.008314773440361023,1.0000001192092896,20.801496316429166
07_person_enter,fixed_int6,16,False,3,6,0.00602699862793088,1.0,22.198989074008647
07_person_enter,fixed_int6,16,False,4,6,0.002582340268418193,1.0,25.87986532418212
07_person_enter,fixed_int6,16,False,5,6,0.002296254737302661,1.0,26.38979934711271
07_person_enter,fixed_int6,16,False,6,6,0.0037116091698408127,1.0,24.304377609870382
07_person_enter,fixed_int6,16,False,7,6,0.001421688823029399,1.0,28.47195450884754
07_person_enter,fixed_int6,21,False,0,6,0.0052503012120723724,1.0,22.798157802153014
07_person_enter,fixed_int6,21,False,1,6,0.0071418494917452335,0.9999998807907104,21.461892546526293
07_person_enter,fixed_int6,21,False,2,6,0.00853754486888647,1.0000001192092896,20.686670526508838
07_person_enter,fixed_int6,21,False,3,6,0.006329577416181564,1.0,21.98625283971073
07_person_enter,fixed_int6,21,False,4,6,0.0018601836636662483,1.0,27.304441739654564
07_person_enter,fixed_int6,21,False,5,6,0.002260353183373809,1.0,26.458236964250045
07_person_enter,fixed_int6,21,False,6,6,0.0035850454587489367,0.9999999403953552,24.455053071761398
07_person_enter,fixed_int6,21,False,7,6,0.0013665149454027414,1.0,28.643856141210122
07_person_enter,fixed_int6,22,False,0,6,0.002888613613322377,1.0,25.393105463608833
07_person_enter,fixed_int6,22,False,1,6,0.0073051489889621735,1.0,21.363709221767344
07_person_enter,fixed_int6,22,False,2,6,0.008236978203058243,1.0,20.842320832580366
07_person_enter,fixed_int6,22,False,3,6,0.0065829455852508545,1.0,21.8157973477925
07_person_enter,fixed_int6,22,False,4,6,0.0018260465003550053,1.0,27.384881673326884
07_person_enter,fixed_int6,22,False,5,6,0.0022939525078982115,1.0,26.39415577616637
07_person_enter,fixed_int6,22,False,6,6,0.0037745931185781956,1.0000001192092896,24.231299079603552
07_person_enter,fixed_int6,22,False,7,6,0.0013630191097036004,0.9999998807907104,28.6549800348609
07_person_enter,fixed_int6,23,False,0,6,0.002069365931674838,1.0,26.841627050544247
07_person_enter,fixed_int6,23,False,1,6,0.007089745718985796,1.0,21.493693409553952
07_person_enter,fixed_int6,23,False,2,6,0.008250541985034943,0.9999998807907104,20.835174695716393
07_person_enter,fixed_int6,23,False,3,6,0.006009222473949194,0.9999998807907104,22.211816654296733
07_person_enter,fixed_int6,23,False,4,6,0.0017791560385376215,1.0000001192092896,27.497860127919584
07_person_enter,fixed_int6,23,False,5,6,0.0022537095937877893,1.0000001192092896,26.47102098332016
07_person_enter,fixed_int6,23,False,6,6,0.00361774954944849,1.0000001192092896,24.41561553664219
07_person_enter,fixed_int6,23,False,7,6,0.001365144387818873,1.0,28.648214119809516
07_person_enter,fixed_int6,24,False,0,6,0.0025668421294540167,0.9999999403953552,25.906008153823436
07_person_enter,fixed_int6,24,False,1,6,0.007085657678544521,0.9999998807907104,21.496197813077174
07_person_enter,fixed_int6,24,False,2,6,0.008250829763710499,1.0,20.835023734282764
07_person_enter,fixed_int6,24,False,3,6,0.005517534911632538,0.9999998211860657,22.582548325462028
07_person_enter,fixed_int6,24,False,4,6,0.0020179280545562506,0.9999999403953552,26.95094295893125
07_person_enter,fixed_int6,24,False,5,6,0.0022891447879374027,1.0,26.40326737419985
07_person_enter,fixed_int6,24,False,6,6,0.0037334333173930645,0.9999999403953552,24.278915752856626
07_person_enter,fixed_int6,24,False,7,6,0.0013600895181298256,1.0,28.664325063721513
07_person_enter,fixed_int6,25,False,0,6,0.0020718525629490614,0.9999999403953552,26.83641127179776
07_person_enter,fixed_int6,25,False,1,6,0.007412712089717388,1.0,21.30022867580299
07_person_enter,fixed_int6,25,False,2,6,0.00837984774261713,0.9999998807907104,20.767638204261765
07_person_enter,fixed_int6,25,False,3,6,0.005402704700827599,1.0,22.673887693302945
07_person_enter,fixed_int6,25,False,4,6,0.0015546252252534032,1.0,28.083742897377757
07_person_enter,fixed_int6,25,False,5,6,0.002198908245190978,1.0,26.57792892257502
07_person_enter,fixed_int6,25,False,6,6,0.003638042602688074,1.0000001192092896,24.39132271281959
07_person_enter,fixed_int6,25,False,7,6,0.001383011694997549,1.0,28.591741474023117
07_person_enter,fixed_int6,26,False,0,6,0.00199459632858634,1.0,27.001449846921837
07_person_enter,fixed_int6,26,False,1,6,0.007602562662214041,1.0,21.190399916058453
07_person_enter,fixed_int6,26,False,2,6,0.00832904502749443,1.0000001192092896,20.794048418495088
07_person_enter,fixed_int6,26,False,3,6,0.005514027550816536,1.0,22.585310682741877
07_person_enter,fixed_int6,26,False,4,6,0.0014477025251835585,1.0,28.39320668072276
07_person_enter,fixed_int6,26,False,5,6,0.0023438637144863605,0.9999999403953552,26.30067618375174
07_person_enter,fixed_int6,26,False,6,6,0.0035981948021799326,0.9999999403953552,24.439153022580136
07_person_enter,fixed_int6,26,False,7,6,0.0013754490064457059,1.0,28.615555060592946
07_person_enter,fixed_int6,27,False,0,6,0.0019205091521143913,0.9999998211860657,27.165835412218836
07_person_enter,fixed_int6,27,False,1,6,0.007662583142518997,0.9999998807907104,21.15624748382983
07_person_enter,fixed_int6,27,False,2,6,0.008443024009466171,1.0,20.735019757198103
07_person_enter,fixed_int6,27,False,3,6,0.005630717147141695,1.0,22.4943628841479
07_person_enter,fixed_int6,27,False,4,6,0.0013885153457522392,1.0,28.5744931610192
07_person_enter,fixed_int6,27,False,5,6,0.002259597647935152,0.9999999403953552,26.45968860116176
07_person_enter,fixed_int6,27,False,6,6,0.003497612662613392,1.0,24.5622828742562
07_person_enter,fixed_int6,27,False,7,6,0.001397344982251525,0.9999998807907104,28.546963084760097
07_person_enter,fixed_int6,28,False,0,6,0.0018835191149264574,1.0,27.25029967993255
07_person_enter,fixed_int6,28,False,1,6,0.007801006082445383,1.0,21.07849383479044
07_person_enter,fixed_int6,28,False,2,6,0.008515672758221626,0.9999998807907104,20.697809842862533
07_person_enter,fixed_int6,28,False,3,6,0.005854055751115084,0.9999998807907104,22.325430941059707
07_person_enter,fixed_int6,28,False,4,6,0.0013425848446786404,1.0,28.72058259511881
07_person_enter,fixed_int6,28,False,5,6,0.00226995418779552,1.0,26.439829076475725
07_person_enter,fixed_int6,28,False,6,6,0.003643415868282318,1.0,24.38491254508228
07_person_enter,fixed_int6,28,False,7,6,0.0014312505954876542,0.9999998211860657,28.442842419650603
07_person_enter,fixed_int6,29,False,0,6,0.0021511611994355917,0.9999998807907104,26.673269923258434
07_person_enter,fixed_int6,29,False,1,6,0.007703910116106272,0.9999999403953552,21.132887670155668
07_person_enter,fixed_int6,29,False,2,6,0.008412051014602184,1.0,20.750981022133622
07_person_enter,fixed_int6,29,False,3,6,0.005990336649119854,1.0000001192092896,22.225488219123797
07_person_enter,fixed_int6,29,False,4,6,0.0013883189531043172,1.0,28.57510747382465
07_person_enter,fixed_int6,29,False,5,6,0.0022651590406894684,0.9999999403953552,26.449012741364832
07_person_enter,fixed_int6,29,False,6,6,0.003620518371462822,1.0,24.41229244453355
07_person_enter,fixed_int6,29,False,7,6,0.0013850708492100239,1.0000001192092896,28.585280627512585
07_person_enter,fixed_int6,30,False,0,6,0.001978439511731267,1.0,27.036772231957336
07_person_enter,fixed_int6,30,False,1,6,0.007625626400113106,1.0000001192092896,21.177245275643948
07_person_enter,fixed_int6,30,False,2,6,0.008323078975081444,1.0000001192092896,20.797160362355424
07_person_enter,fixed_int6,30,False,3,6,0.0060509382747113705,0.9999998807907104,22.181772254871667
07_person_enter,fixed_int6,30,False,4,6,0.001218147692270577,1.0,29.143000532059485
07_person_enter,fixed_int6,30,False,5,6,0.0023175738751888275,1.0,26.34966413353691
07_person_enter,fixed_int6,30,False,6,6,0.0035008732229471207,1.0,24.558236160477076
07_person_enter,fixed_int6,30,False,7,6,0.001371256192214787,1.0,28.628813982586976
07_person_enter,fixed_int6,31,False,0,6,0.0019381572492420673,1.0,27.126109900780094
07_person_enter,fixed_int6,31,False,1,6,0.007643804885447025,1.0000001192092896,21.16690458979641
07_person_enter,fixed_int6,31,False,2,6,0.008224180899560452,1.0,20.84907345477103
07_person_enter,fixed_int6,31,False,3,6,0.005715472158044577,1.0000001192092896,22.429479382719126
07_person_enter,fixed_int6,31,False,4,6,0.0026576004456728697,1.0000001192092896,25.755103638345226
07_person_enter,fixed_int6,31,False,5,6,0.0023532994091510773,1.0,26.28322814230755
07_person_enter,fixed_int6,31,False,6,6,0.003573664464056492,1.0,24.468862263825617
07_person_enter,fixed_int6,31,False,7,6,0.0013659684918820858,1.0,28.6455931819443
07_person_enter,fixed_int6,32,False,0,6,0.0012270314618945122,1.0000001192092896,29.111443533057265
07_person_enter,fixed_int6,32,False,1,6,0.007899584248661995,0.9999998807907104,21.023957130468858
07_person_enter,fixed_int6,32,False,2,6,0.008479814045131207,0.9999998807907104,20.71613619563196
07_person_enter,fixed_int6,32,False,3,6,0.005525954999029636,1.0,22.575926561101856
07_person_enter,fixed_int6,32,False,4,6,0.0021055168472230434,1.0,26.76641279236957
07_person_enter,fixed_int6,32,False,5,6,0.0022861785255372524,1.0,26.408898589676827
07_person_enter,fixed_int6,32,False,6,6,0.0036446712911128998,1.0,24.383416341205333
07_person_enter,fixed_int6,32,False,7,6,0.0013852594420313835,1.0,28.58468880974481
07_person_enter,fixed_int6,48,False,0,6,0.003974192310124636,1.0,24.0075112132153
07_person_enter,fixed_int6,48,False,1,6,0.002417441690340638,1.0,26.166439924750364
07_person_enter,fixed_int6,48,False,2,6,0.00836633425205946,0.9999999403953552,20.774647625754735
07_person_enter,fixed_int6,48,False,3,6,0.005764903966337442,0.9999998807907104,22.392078711571184
07_person_enter,fixed_int6,48,False,4,6,0.00208229199051857,0.9999998807907104,26.814583196051395
07_person_enter,fixed_int6,48,False,5,6,0.0013801606837660074,0.9999998807907104,28.600702966018368
07_person_enter,fixed_int6,48,False,6,6,0.0034961081109941006,1.0,24.564151460370027
07_person_enter,fixed_int6,48,False,7,6,0.0012491322122514248,1.0000001192092896,29.033916438121963
07_person_enter,fixed_int6,64,False,0,6,0.0048736343160271645,0.9999999403953552,23.12147034511437
07_person_enter,fixed_int6,64,False,1,6,0.004065620247274637,1.0,23.90873189449906
07_person_enter,fixed_int6,64,False,2,6,0.0021788848098367453,0.9999998807907104,26.61765677033944
07_person_enter,fixed_int6,64,False,3,6,0.0035181650891900063,1.0,24.53683785219085
07_person_enter,fixed_int6,64,False,4,6,0.0017948092427104712,0.9999999403953552,27.459816767654637
07_person_enter,fixed_int6,64,False,5,6,0.001363831222988665,1.0,28.652393712190975
07_person_enter,fixed_int6,64,False,6,6,0.0015635027084499598,1.0,28.059013620936714
07_person_enter,fixed_int6,64,False,7,6,0.0013073306763544679,1.0,28.83614548033817
07_person_enter,fixed_int6,80,False,0,6,0.004856066778302193,1.0,23.137153496822336
07_person_enter,fixed_int6,80,False,1,6,0.007990624755620956,1.0,20.974192635756946
07_person_enter,fixed_int6,80,False,2,6,0.0030960054136812687,0.9999999403953552,25.091982626943107
07_person_enter,fixed_int6,80,False,3,6,0.003374058986082673,0.9999999403953552,24.718473033575783
07_person_enter,fixed_int6,80,False,4,6,0.001513840863481164,0.9999999403953552,28.199197500361333
07_person_enter,fixed_int6,80,False,5,6,0.0021908865310251713,0.9999999403953552,26.59380088669129
07_person_enter,fixed_int6,80,False,6,6,0.0013363698963075876,1.0000001192092896,28.74073367815981
07_person_enter,fixed_int6,80,False,7,6,0.0012350251199677587,1.0,29.08324208920562
07_person_enter,fixed_int6,96,False,0,6,0.0033351534511893988,0.9999999403953552,24.768841534111953
07_person_enter,fixed_int6,96,False,1,6,0.007183846551924944,1.0,21.4364295283908
07_person_enter,fixed_int6,96,False,2,6,0.006108171306550503,1.0,22.140887914508603
07_person_enter,fixed_int6,96,False,3,6,0.0014121414860710502,0.9999998807907104,28.501217362562038
07_person_enter,fixed_int6,96,False,4,6,0.0020113845821470022,1.0,26.96504883189561
07_person_enter,fixed_int6,96,False,5,6,0.0017119321273639798,1.0,27.665134577053706
07_person_enter,fixed_int6,96,False,6,6,0.001955829095095396,1.0,27.086690975544485
07_person_enter,fixed_int6,96,False,7,6,0.001602343050763011,1.0,27.952444987986564
07_person_enter,fixed_int8,0,False,0,8,0.00027296238113194704,1.0,35.638972020162534
07_person_enter,fixed_int8,0,False,1,8,0.00040316657396033406,0.9999999403953552,33.94515455999838
07_person_enter,fixed_int8,0,False,2,8,0.00047015375457704067,0.9999998807907104,33.27760039559372
07_person_enter,fixed_int8,0,False,3,8,0.00040567805990576744,1.0,33.91818479403178
07_person_enter,fixed_int8,0,False,4,8,0.00016487461107317358,1.0000001192092896,37.828462676843735
07_person_enter,fixed_int8,0,False,5,8,0.00013876894081477076,1.0,38.5770772654814
07_person_enter,fixed_int8,0,False,6,8,0.00023214334214571863,1.0,36.342437673535635
07_person_enter,fixed_int8,0,False,7,8,9.0936737251468e-05,0.9999998807907104,40.41260580271258
07_person_enter,fixed_int8,16,False,0,8,0.0002784431562758982,1.0,35.552634519639824
07_person_enter,fixed_int8,16,False,1,8,0.0004304906469769776,0.9999999403953552,33.66036253888616
07_person_enter,fixed_int8,16,False,2,8,0.0005001862882636487,1.0000001192092896,33.00868269641456
07_person_enter,fixed_int8,16,False,3,8,0.00035383127396926284,1.0,34.512037838852514
07_person_enter,fixed_int8,16,False,4,8,0.0001622859708731994,1.0,37.89719021983372
07_person_enter,fixed_int8,16,False,5,8,0.00013669487088918686,1.0,38.64247780869735
07_person_enter,fixed_int8,16,False,6,8,0.00021898213890381157,1.0,36.59591306583865
07_person_enter,fixed_int8,16,False,7,8,8.691721450304613e-05,1.0,40.608942002684564
07_person_enter,fixed_int8,21,False,0,8,0.00031071624835021794,1.0,35.076360354983855
07_person_enter,fixed_int8,21,False,1,8,0.00044528921716846526,0.9999998807907104,33.51357769559747
07_person_enter,fixed_int8,21,False,2,8,0.0005145308095961809,1.0000001192092896,32.88588666770665
07_person_enter,fixed_int8,21,False,3,8,0.000388501794077456,1.0,34.10606971313157
07_person_enter,fixed_int8,21,False,4,8,0.00011055852519348264,1.0,39.56407763245966
07_person_enter,fixed_int8,21,False,5,8,0.00014190663932822645,1.0,38.47997284907865
07_person_enter,fixed_int8,21,False,6,8,0.00022426265059038997,0.9999999403953552,36.49243023282465
07_person_enter,fixed_int8,21,False,7,8,8.1981263065245e-05,1.0,40.86285394899237
07_person_enter,fixed_int8,22,False,0,8,0.0001717994746286422,1.0,37.64978168596922
07_person_enter,fixed_int8,22,False,1,8,0.00044629868352785707,1.0,33.503743942202604
07_person_enter,fixed_int8,22,False,2,8,0.0005175721598789096,1.0,32.86029092339628
07_person_enter,fixed_int8,22,False,3,8,0.000398460280848667,1.0,33.99614963271546
07_person_enter,fixed_int8,22,False,4,8,0.00011272741539869457,1.0,39.47970450338658
07_person_enter,fixed_int8,22,False,5,8,0.000138359289849177,1.0,38.58991675736711
07_person_enter,fixed_int8,22,False,6,8,0.0002266385272378102,1.0000001192092896,36.446663124205585
07_person_enter,fixed_int8,22,False,7,8,8.346726826857775e-05,0.9999998807907104,40.78483748160345
07_person_enter,fixed_int8,23,False,0,8,0.00012599465844687074,1.0,38.99647866439757
07_person_enter,fixed_int8,23,False,1,8,0.0004458025796338916,1.0,33.508574228061555
07_person_enter,fixed_int8,23,False,2,8,0.0005113989464007318,0.9999998807907104,32.91240119283187
07_person_enter,fixed_int8,23,False,3,8,0.00037079129833728075,0.9999998807907104,34.30870414579887
07_person_enter,fixed_int8,23,False,4,8,0.00010684516746550798,1.0000001192092896,39.712451676726424
07_person_enter,fixed_int8,23,False,5,8,0.00013933490845374763,1.0000001192092896,38.55940115178969
07_person_enter,fixed_int8,23,False,6,8,0.00021947553614154458,1.0000001192092896,36.58613933165742
07_person_enter,fixed_int8,23,False,7,8,8.48680647322908e-05,1.0,40.71255701036141
07_person_enter,fixed_int8,24,False,0,8,0.00016000846517272294,0.9999999403953552,37.95857014704658
07_person_enter,fixed_int8,24,False,1,8,0.00043864164035767317,0.9999998807907104,33.57890091248692
07_person_enter,fixed_int8,24,False,2,8,0.0005073351785540581,1.0,32.94705022716669
07_person_enter,fixed_int8,24,False,3,8,0.0003529928217176348,0.9999998211860657,34.522340484560175
07_person_enter,fixed_int8,24,False,4,8,0.00012083028559572995,0.9999999403953552,39.1782417212516
07_person_enter,fixed_int8,24,False,5,8,0.00014065160939935595,1.0,38.518552940763804
07_person_enter,fixed_int8,24,False,6,8,0.0002262040798086673,0.9999999403953552,36.45499540534263
07_person_enter,fixed_int8,24,False,7,8,8.589576464146376e-05,1.0,40.660282498845774
07_person_enter,fixed_int8,25,False,0,8,0.00012569788668770343,0.9999999403953552,39.006719979999446
07_person_enter,fixed_int8,25,False,1,8,0.00044935342157259583,1.0,33.474119470534774
07_person_enter,fixed_int8,25,False,2,8,0.0005182871245779097,0.9999998807907104,32.854295281097734
07_person_enter,fixed_int8,25,False,3,8,0.0003184109809808433,1.0,34.97011963242309
07_person_enter,fixed_int8,25,False,4,8,9.288731962442398e-05,1.0,40.3204356903128
07_person_enter,fixed_int8,25,False,5,8,0.00013586098793894053,1.0,38.66905231679118
07_person_enter,fixed_int8,25,False,6,8,0.00022681582777295262,1.0000001192092896,36.44326694343793
07_person_enter,fixed_int8,25,False,7,8,8.35369573906064e-05,1.0,40.78121346793353
07_person_enter,fixed_int8,26,False,0,8,0.0001240438868990168,1.0,39.06424633660551
07_person_enter,fixed_int8,26,False,1,8,0.00045983860036358237,1.0,33.37394575430215
07_person_enter,fixed_int8,26,False,2,8,0.0005195919657126069,1.0000001192092896,32.84337624678213
07_person_enter,fixed_int8,26,False,3,8,0.0003222162486054003,1.0,34.91852562918243
07_person_enter,fixed_int8,26,False,4,8,8.688934030942619e-05,1.0,40.61033500061764
07_person_enter,fixed_int8,26,False,5,8,0.000138353745569475,0.9999999403953552,38.59009053079161
07_person_enter,fixed_int8,26,False,6,8,0.0002188342623412609,0.9999999403953552,36.59884654712109
07_person_enter,fixed_int8,26,False,7,8,8.446396532235667e-05,1.0,40.733285336476285
07_person_enter,fixed_int8,27,False,0,8,0.0001201149498228915,0.9999998211860657,39.20402858140466
07_person_enter,fixed_int8,27,False,1,8,0.00047211028868332505,0.9999998807907104,33.25956483128928
07_person_enter,fixed_int8,27,False,2,8,0.0005078004323877394,1.0,32.943069336640896
07_person_enter,fixed_int8,27,False,3,8,0.00034397008130326867,1.0,34.63479330945829
07_person_enter,fixed_int8,27,False,4,8,8.392899326281622e-05,1.0,40.76087986264064
07_person_enter,fixed_int8,27,False,5,8,0.00014135634410195053,0.9999999403953552,38.496846696249506
07_person_enter,fixed_int8,27,False,6,8,0.00021209016267675906,1.0,36.73479474785084
07_person_enter,fixed_int8,27,False,7,8,8.511009946232662e-05,0.9999998807907104,40.70018850182122
07_person_enter,fixed_int8,28,False,0,8,0.00011434282350819558,1.0,39.41791087800521
07_person_enter,fixed_int8,28,False,1,8,0.00047098787035793066,1.0,33.26990277381614
07_person_enter,fixed_int8,28,False,2,8,0.0005107769393362105,0.9999998807907104,32.91768666811921
07_person_enter,fixed_int8,28,False,3,8,0.00036130554508417845,0.9999998807907104,34.42125321337645
07_person_enter,fixed_int8,28,False,4,8,8.537706889910623e-05,1.0,40.68658759145506
07_person_enter,fixed_int8,28,False,5,8,0.00014119333354756236,1.0,38.50185808042396
07_person_enter,fixed_int8,28,False,6,8,0.0002134382666554302,1.0,36.70727714679955
07_person_enter,fixed_int8,28,False,7,8,8.524578879587352e-05,0.9999998211860657,40.69326988611724
07_person_enter,fixed_int8,29,False,0,8,0.00013104247045703232,0.9999998807907104,38.82587876267887
07_person_enter,fixed_int8,29,False,1,8,0.0004661637940444052,0.9999999403953552,33.31461434353192
07_person_enter,fixed_int8,29,False,2,8,0.0005077796522527933,1.0,32.943247061629364
07_person_enter,fixed_int8,29,False,3,8,0.0003614022280089557,1.0000001192092896,34.42009226156283
07_person_enter,fixed_int8,29,False,4,8,8.680489554535598e-05,1.0,40.61455781178581
07_person_enter,fixed_int8,29,False,5,8,0.0001403899659635499,0.9999999403953552,38.526639053685834
07_person_enter,fixed_int8,29,False,6,8,0.0002176402194891125,1.0,36.6226084478202
07_person_enter,fixed_int8,29,False,7,8,8.676967991050333e-05,1.0000001192092896,40.61632056410233
07_person_enter,fixed_int8,30,False,0,8,0.00012051896192133427,1.0,39.18944617736963
07_person_enter,fixed_int8,30,False,1,8,0.00047183531569316983,1.0000001192092896,33.26209608150143
07_person_enter,fixed_int8,30,False,2,8,0.0005119150155223906,1.0000001192092896,32.90802183282683
07_person_enter,fixed_int8,30,False,3,8,0.0003747072478290647,0.9999998807907104,34.26307854649272
07_person_enter,fixed_int8,30,False,4,8,7.40927061997354e-05,1.0,41.30224542535064
07_person_enter,fixed_int8,30,False,5,8,0.00014248338993638754,1.0,38.46235760774224
07_person_enter,fixed_int8,30,False,6,8,0.00021330757590476424,1.0,36.70993719725412
07_person_enter,fixed_int8,30,False,7,8,8.289292600238696e-05,1.0,40.81482530115754
07_person_enter,fixed_int8,31,False,0,8,0.00011943341087317094,1.0,39.22874164596148
07_person_enter,fixed_int8,31,False,1,8,0.00047139686648733914,1.0000001192092896,33.26613360456307
07_person_enter,fixed_int8,31,False,2,8,0.0005183091852813959,1.0,32.85411094688005
07_person_enter,fixed_int8,31,False,3,8,0.00035170975024811924,1.0000001192092896,34.538156435907325
07_person_enter,fixed_int8,31,False,4,8,0.00016541744116693735,1.0000001192092896,37.814187533073884
07_person_enter,fixed_int8,31,False,5,8,0.0001413810095982626,1.0,38.49608921377585
07_person_enter,fixed_int8,31,False,6,8,0.0002196447749156505,1.0,36.58279123617834
07_person_enter,fixed_int8,31,False,7,8,8.26983159640804e-05,1.0,40.82503334159107
07_person_enter,fixed_int8,32,False,0,8,7.634122448507696e-05,1.0000001192092896,41.17240930179718
07_person_enter,fixed_int8,32,False,1,8,0.0004878936451859772,0.9999998807907104,33.11674786763954
07_person_enter,fixed_int8,32,False,2,8,0.0005176887498237193,0.9999998807907104,32.85931221033663
07_person_enter,fixed_int8,32,False,3,8,0.000338980695232749,1.0,34.69825033928534
07_person_enter,fixed_int8,32,False,4,8,0.00012435104872565717,1.0,39.05350547717363
07_person_enter,fixed_int8,32,False,5,8,0.00013973427121527493,1.0,38.54697065794672
07_person_enter,fixed_int8,32,False,6,8,0.00021600266336463392,1.0,36.65540893860955
07_person_enter,fixed_int8,32,False,7,8,8.351062570000067e-05,1.0,40.78258262369292
07_person_enter,fixed_int8,48,False,0,8,0.00023628254712093621,1.0,36.26568356103554
07_person_enter,fixed_int8,48,False,1,8,0.0001455262245144695,1.0,38.37058737704379
07_person_enter,fixed_int8,48,False,2,8,0.000512023689225316,0.9999999403953552,32.90709919658048
07_person_enter,fixed_int8,48,False,3,8,0.00035829926491715014,0.9999998807907104,34.45754031054841
07_person_enter,fixed_int8,48,False,4,8,0.00012948934454470873,0.9999998807907104,38.87765915685915
07_person_enter,fixed_int8,48,False,5,8,8.318989421240985e-05,0.9999998807907104,40.79929376196384
07_person_enter,fixed_int8,48,False,6,8,0.00020375924941617996,1.0,36.90882667843282
07_person_enter,fixed_int8,48,False,7,8,7.978646317496896e-05,1.0000001192092896,40.9807083795388
07_person_enter,fixed_int8,64,False,0,8,0.0002900584659073502,0.9999999403953552,35.375144284159475
07_person_enter,fixed_int8,64,False,1,8,0.0002493951178621501,1.0,36.03112052486511
07_person_enter,fixed_int8,64,False,2,8,0.0001315796107519418,0.9999998807907104,38.808113509254724
07_person_enter,fixed_int8,64,False,3,8,0.0002181018062401563,1.0,36.61340737736822
07_person_enter,fixed_int8,64,False,4,8,0.0001099335277103819,0.9999999403953552,39.58869809634305
07_person_enter,fixed_int8,64,False,5,8,8.38857886265032e-05,1.0,40.76311608228074
07_person_enter,fixed_int8,64,False,6,8,9.530066745355725e-05,1.0,40.20904057699745
07_person_enter,fixed_int8,64,False,7,8,8.152816008077934e-05,1.0,40.88692358679051
07_person_enter,fixed_int8,80,False,0,8,0.0002884474815800786,1.0,35.39933248491762
07_person_enter,fixed_int8,80,False,1,8,0.0004793814732693136,1.0,33.193187542247294
07_person_enter,fixed_int8,80,False,2,8,0.00018849733169190586,0.9999999403953552,37.24694767262847
07_person_enter,fixed_int8,80,False,3,8,0.00020683169714175165,0.9999999403953552,36.84382878575669
07_person_enter,fixed_int8,80,False,4,8,9.37607983360067e-05,0.9999999403953552,40.27978677579026
07_person_enter,fixed_int8,80,False,5,8,0.00013470344129018486,0.9999999403953552,38.70621283259291
07_person_enter,fixed_int8,80,False,6,8,8.242327749030665e-05,1.0000001192092896,40.839501718957365
07_person_enter,fixed_int8,80,False,7,8,7.598193769808859e-05,1.0,41.19289635223823
07_person_enter,fixed_int8,96,False,0,8,0.00020548340398818254,0.9999999403953552,36.872232225851924
07_person_enter,fixed_int8,96,False,1,8,0.0004474287561606616,1.0,33.49276107319036
07_person_enter,fixed_int8,96,False,2,8,0.000365771702490747,1.0,34.367898962556865
07_person_enter,fixed_int8,96,False,3,8,8.920383697841316e-05,0.9999998807907104,40.49616412879818
07_person_enter,fixed_int8,96,False,4,8,0.00012178580072941259,1.0,39.144033440869
07_person_enter,fixed_int8,96,False,5,8,0.00010430681140860543,1.0,39.81687330494055
07_person_enter,fixed_int8,96,False,6,8,0.0001200224578497,1.0,39.20737483888599
07_person_enter,fixed_int8,96,False,7,8,9.592158312443644e-05,1.0,40.18083662097144
08_car_exit,fixed_float32,0,False,0,32,0.0,1.0,
08_car_exit,fixed_float32,0,False,1,32,0.0,0.9999998807907104,
08_car_exit,fixed_float32,0,False,2,32,0.0,1.0,
08_car_exit,fixed_float32,0,False,3,32,0.0,1.0,
08_car_exit,fixed_float32,0,False,4,32,0.0,1.0,
08_car_exit,fixed_float32,0,False,5,32,0.0,1.0000001192092896,
08_car_exit,fixed_float32,0,False,6,32,0.0,1.0000001192092896,
08_car_exit,fixed_float32,0,False,7,32,0.0,1.0000001192092896,
08_car_exit,fixed_float32,16,False,0,32,0.0,0.9999999403953552,
08_car_exit,fixed_float32,16,False,1,32,0.0,1.0,
08_car_exit,fixed_float32,16,False,2,32,0.0,0.9999998807907104,
08_car_exit,fixed_float32,16,False,3,32,0.0,1.0,
08_car_exit,fixed_float32,16,False,4,32,0.0,1.0,
08_car_exit,fixed_float32,16,False,5,32,0.0,1.0000001192092896,
08_car_exit,fixed_float32,16,False,6,32,0.0,1.0,
08_car_exit,fixed_float32,16,False,7,32,0.0,1.0,
08_car_exit,fixed_float32,32,False,0,32,0.0,1.0000001192092896,
08_car_exit,fixed_float32,32,False,1,32,0.0,1.0,
08_car_exit,fixed_float32,32,False,2,32,0.0,0.9999999403953552,
08_car_exit,fixed_float32,32,False,3,32,0.0,1.0,
08_car_exit,fixed_float32,32,False,4,32,0.0,1.0,
08_car_exit,fixed_float32,32,False,5,32,0.0,1.0,
08_car_exit,fixed_float32,32,False,6,32,0.0,1.0,
08_car_exit,fixed_float32,32,False,7,32,0.0,0.9999999403953552,
08_car_exit,fixed_float32,48,False,0,32,0.0,1.0,
08_car_exit,fixed_float32,48,False,1,32,0.0,1.0,
08_car_exit,fixed_float32,48,False,2,32,0.0,1.0,
08_car_exit,fixed_float32,48,False,3,32,0.0,1.0,
08_car_exit,fixed_float32,48,False,4,32,0.0,0.9999999403953552,
08_car_exit,fixed_float32,48,False,5,32,0.0,0.9999998807907104,
08_car_exit,fixed_float32,48,False,6,32,0.0,1.0,
08_car_exit,fixed_float32,48,False,7,32,0.0,1.0,
08_car_exit,fixed_float32,64,False,0,32,0.0,1.0,
08_car_exit,fixed_float32,64,False,1,32,0.0,1.0,
08_car_exit,fixed_float32,64,False,2,32,0.0,0.9999999403953552,
08_car_exit,fixed_float32,64,False,3,32,0.0,0.9999999403953552,
08_car_exit,fixed_float32,64,False,4,32,0.0,1.0000001192092896,
08_car_exit,fixed_float32,64,False,5,32,0.0,1.0,
08_car_exit,fixed_float32,64,False,6,32,0.0,1.0000001192092896,
08_car_exit,fixed_float32,64,False,7,32,0.0,1.0000001192092896,
08_car_exit,fixed_float32,80,False,0,32,0.0,1.0,
08_car_exit,fixed_float32,80,False,1,32,0.0,1.0000001192092896,
08_car_exit,fixed_float32,80,False,2,32,0.0,1.0,
08_car_exit,fixed_float32,80,False,3,32,0.0,0.9999999403953552,
08_car_exit,fixed_float32,80,False,4,32,0.0,1.0,
08_car_exit,fixed_float32,80,False,5,32,0.0,0.9999999403953552,
08_car_exit,fixed_float32,80,False,6,32,0.0,1.0,
08_car_exit,fixed_float32,80,False,7,32,0.0,1.0,
08_car_exit,fixed_float32,96,False,0,32,0.0,1.0,
08_car_exit,fixed_float32,96,False,1,32,0.0,0.9999999403953552,
08_car_exit,fixed_float32,96,False,2,32,0.0,1.0,
08_car_exit,fixed_float32,96,False,3,32,0.0,1.0,
08_car_exit,fixed_float32,96,False,4,32,0.0,1.0000001192092896,
08_car_exit,fixed_float32,96,False,5,32,0.0,0.9999998807907104,
08_car_exit,fixed_float32,96,False,6,32,0.0,1.0,
08_car_exit,fixed_float32,96,False,7,32,0.0,1.0,
08_car_exit,fixed_int16,0,False,0,16,1.5223109439688187e-09,1.0,88.17496630445024
08_car_exit,fixed_int16,0,False,1,16,2.5861486285805313e-09,0.9999998807907104,85.87346467622778
08_car_exit,fixed_int16,0,False,2,16,1.4826639915810347e-09,1.0,88.28957259717589
08_car_exit,fixed_int16,0,False,3,16,2.5012729665263578e-09,1.0,86.01838910673624
08_car_exit,fixed_int16,0,False,4,16,1.5955077259377504e-09,1.0,87.971010884783
08_car_exit,fixed_int16,0,False,5,16,2.137737098450998e-09,1.0000001192092896,86.7004575768707
08_car_exit,fixed_int16,0,False,6,16,9.975485992796962e-10,1.0000001192092896,90.01065988631342
08_car_exit,fixed_int16,0,False,7,16,1.3790492081611205e-09,1.0000001192092896,88.6042028853187
08_car_exit,fixed_int16,16,False,0,16,1.5980570200468946e-09,0.9999999403953552,87.96407702859509
08_car_exit,fixed_int16,16,False,1,16,2.1739081645932856e-09,1.0,86.62758806364167
08_car_exit,fixed_int16,16,False,2,16,1.2875900345932223e-09,0.9999998807907104,88.90222341458598
08_car_exit,fixed_int16,16,False,3,16,2.402408938451117e-09,1.0,86.19353064961267
08_car_exit,fixed_int16,16,False,4,16,1.786644610035637e-09,1.0,87.47961826481523
08_car_exit,fixed_int16,16,False,5,16,1.379782399446583e-09,1.0000001192092896,88.601894510019
08_car_exit,fixed_int16,16,False,6,16,1.6460173224430719e-09,1.0,87.83565598648748
08_car_exit,fixed_int16,16,False,7,16,1.546314298828122e-09,1.0,88.10702228157871
08_car_exit,fixed_int16,32,False,0,16,1.5251838680896412e-09,1.0000001192092896,88.16677848690298
08_car_exit,fixed_int16,32,False,1,16,1.6455450335683963e-09,1.0,87.8369022788639
08_car_exit,fixed_int16,32,False,2,16,2.2088546547394117e-09,0.9999999403953552,86.5583283439532
08_car_exit,fixed_int16,32,False,3,16,1.9403150197661034e-09,1.0,87.12127754482398
08_car_exit,fixed_int16,32,False,4,16,1.7321548639870343e-09,1.0,87.61413282313838
08_car_exit,fixed_int16,32,False,5,16,1.5076300208249904e-09,1.0,88.21705223206496
08_car_exit,fixed_int16,32,False,6,16,1.3919986274757434e-09,1.0,88.56361192943851
08_car_exit,fixed_int16,32,False,7,16,1.7526242679366533e-09,0.9999999403953552,87.56311153200974
08_car_exit,fixed_int16,48,False,0,16,1.6607171193783188e-09,1.0,87.79704337419558
08_car_exit,fixed_int16,48,False,1,16,1.9452377486572914e-09,1.0,87.11027311243234
08_car_exit,fixed_int16,48,False,2,16,1.6553840520572294e-09,1.0,87.81101233102923
08_car_exit,fixed_int16,48,False,3,16,2.440279533999501e-09,1.0,86.12560422382569
08_car_exit,fixed_int16,48,False,4,16,1.4794647729132748e-09,0.9999999403953552,88.29895345348379
08_car_exit,fixed_int16,48,False,5,16,1.6673769032138352e-09,0.9999998807907104,87.77966166945811
08_car_exit,fixed_int16,48,False,6,16,1.9066972445358488e-09,1.0,87.19718261052493
08_car_exit,fixed_int16,48,False,7,16,1.378246405892014e-09,1.0,88.60673131374215
08_car_exit,fixed_int16,64,False,0,16,1.627540768822655e-09,1.0,87.88468123833225
08_car_exit,fixed_int16,64,False,1,16,2.1060111432547046e-09,1.0,86.76539335220227
08_car_exit,fixed_int16,64,False,2,16,2.1162207541891576e-09,0.9999999403953552,86.7443900483143
08_car_exit,fixed_int16,64,False,3,16,1.6603560748507107e-09,0.9999999403953552,87.79798738628392
08_car_exit,fixed_int16,64,False,4,16,2.185434944124154e-09,1.0000001192092896,86.60462168801863
08_car_exit,fixed_int16,64,False,5,16,1.8282508840172795e-09,1.0,87.3796420790851
08_car_exit,fixed_int16,64,False,6,16,1.2472973764943163e-09,1.0000001192092896,89.04030042901513
08_car_exit,fixed_int16,64,False,7,16,1.6868298979844099e-09,1.0000001192092896,87.72928761768107
08_car_exit,fixed_int16,80,False,0,16,1.6293668636535585e-09,1.0,87.87981120159132
08_car_exit,fixed_int16,80,False,1,16,2.1352599688384544e-09,1.0000001192092896,86.7054929364802
08_car_exit,fixed_int16,80,False,2,16,1.727961995712235e-09,1.0,87.62465813497153
08_car_exit,fixed_int16,80,False,3,16,1.5395150709807126e-09,0.9999999403953552,88.12616029356968
08_car_exit,fixed_int16,80,False,4,16,2.1228756530433657e-09,1.0,86.73075443789108
08_car_exit,fixed_int16,80,False,5,16,1.6260047752680862e-09,0.9999999403953552,87.88878157413464
08_car_exit,fixed_int16,80,False,6,16,1.4883871912729774e-09,1.0,88.27284076075526
08_car_exit,fixed_int16,80,False,7,16,1.1856157167144943e-09,1.0,89.26056052248404
08_car_exit,fixed_int16,96,False,0,16,1.6628204368984711e-09,1.0,87.79154646435674
08_car_exit,fixed_int16,96,False,1,16,2.268481846812165e-09,0.9999999403953552,86.44264665874944
08_car_exit,fixed_int16,96,False,2,16,2.6866036062500598e-09,1.0,85.70796406628853
08_car_exit,fixed_int16,96,False,3,16,2.0228696495649956e-09,1.0,86.94032101558676
08_car_exit,fixed_int16,96,False,4,16,1.973643248831536e-09,1.0000001192092896,87.04731398405835
08_car_exit,fixed_int16,96,False,5,16,1.6751784404078762e-09,0.9999998807907104,87.75938873239129
08_car_exit,fixed_int16,96,False,6,16,1.5768897299039963e-09,1.0,88.02198675325891
08_car_exit,fixed_int16,96,False,7,16,1.5600057912124043e-09,1.0,88.06873789410332
08_car_exit,fixed_int4,0,False,0,4,0.028837207704782486,1.0,15.400467944766895
08_car_exit,fixed_int4,0,False,1,4,0.047751285135746,0.9999998807907104,13.210148839344217
08_car_exit,fixed_int4,0,False,2,4,0.028184641152620316,1.0,15.499874902540807
08_car_exit,fixed_int4,0,False,3,4,0.048493288457393646,1.0,13.143183642351596
08_car_exit,fixed_int4,0,False,4,4,0.031139656901359558,1.0,15.066861768246476
08_car_exit,fixed_int4,0,False,5,4,0.040813595056533813,1.0000001192092896,13.891952005799226
08_car_exit,fixed_int4,0,False,6,4,0.01889961212873459,1.0000001192092896,17.235471604070902
08_car_exit,fixed_int4,0,False,7,4,0.024883782491087914,1.0000001192092896,16.04083655248751
08_car_exit,fixed_int4,16,False,0,4,0.029479805380105972,0.9999999403953552,15.30475362044556
08_car_exit,fixed_int4,16,False,1,4,0.04218212142586708,1.0,13.748715824822646
08_car_exit,fixed_int4,16,False,2,4,0.0241988655179739,0.9999998807907104,16.162049421993995
08_car_exit,fixed_int4,16,False,3,4,0.044953688979148865,1.0,13.472346634958093
08_car_exit,fixed_int4,16,False,4,4,0.03463631123304367,1.0,14.604683665518683
08_car_exit,fixed_int4,16,False,5,4,0.026237793266773224,1.0000001192092896,15.810727459297551
08_car_exit,fixed_int4,16,False,6,4,0.030863020569086075,1.0,15.105615717177718
08_car_exit,fixed_int4,16,False,7,4,0.029765037819743156,1.0,15.26293561293134
08_car_exit,fixed_int4,32,False,0,4,0.029955927282571793,1.0000001192092896,15.235172840975595
08_car_exit,fixed_int4,32,False,1,4,0.032135315239429474,1.0,14.930174354121098
08_car_exit,fixed_int4,32,False,2,4,0.04179208725690842,0.9999999403953552,13.789059120988899
08_car_exit,fixed_int4,32,False,3,4,0.036772720515728,1.0,14.344742390116778
08_car_exit,fixed_int4,32,False,4,4,0.03190340846776962,1.0,14.961629156993414
08_car_exit,fixed_int4,32,False,5,4,0.02852940559387207,1.0,15.4470727671273
08_car_exit,fixed_int4,32,False,6,4,0.026901066303253174,1.0,15.702305051113168
08_car_exit,fixed_int4,32,False,7,4,0.0338311493396759,0.9999999403953552,14.70683221865507
08_car_exit,fixed_int4,48,False,0,4,0.030832253396511078,1.0,15.109947334017038
08_car_exit,fixed_int4,48,False,1,4,0.03724941983819008,1.0,14.288804870240053
08_car_exit,fixed_int4,48,False,2,4,0.03200582414865494,1.0,14.947709852591668
08_car_exit,fixed_int4,48,False,3,4,0.04672561213374138,1.0,13.304450003918337
08_car_exit,fixed_int4,48,False,4,4,0.027573758736252785,0.9999999403953552,15.595040028161032
08_car_exit,fixed_int4,48,False,5,4,0.03149942308664322,0.9999998807907104,15.016973484886753
08_car_exit,fixed_int4,48,False,6,4,0.036084938794374466,1.0,14.426740269960533
08_car_exit,fixed_int4,48,False,7,4,0.026626206934452057,1.0,15.7469069705208
08_car_exit,fixed_int4,64,False,0,4,0.03082231990993023,1.0,15.111346762547344
08_car_exit,fixed_int4,64,False,1,4,0.040786080062389374,1.0,13.89488032586313
08_car_exit,fixed_int4,64,False,2,4,0.041728053241968155,0.9999999403953552,13.795718502696236
08_car_exit,fixed_int4,64,False,3,4,0.030117791146039963,0.9999999403953552,15.211768567932973
08_car_exit,fixed_int4,64,False,4,4,0.04092714563012123,1.0000001192092896,13.879885949428008
08_car_exit,fixed_int4,64,False,5,4,0.0358036532998085,1.0,14.460726569595222
08_car_exit,fixed_int4,64,False,6,4,0.02411552704870701,1.0000001192092896,16.177032938348336
08_car_exit,fixed_int4,64,False,7,4,0.03166252374649048,1.0000001192092896,14.994545232578641
08_car_exit,fixed_int4,80,False,0,4,0.03139209374785423,1.0,15.031797173418443
08_car_exit,fixed_int4,80,False,1,4,0.03993029147386551,1.0000001192092896,13.986975714040572
08_car_exit,fixed_int4,80,False,2,4,0.03239210322499275,1.0,14.895608522567672
08_car_exit,fixed_int4,80,False,3,4,0.02837441861629486,0.9999999403953552,15.470730023911507
08_car_exit,fixed_int4,80,False,4,4,0.04099222645163536,1.0,13.872984927740102
08_car_exit,fixed_int4,80,False,5,4,0.03107861429452896,0.9999999403953552,15.075383274875922
08_car_exit,fixed_int4,80,False,6,4,0.02931799925863743,1.0,15.328656704763821
08_car_exit,fixed_int4,80,False,7,4,0.02320248819887638,1.0,16.34465439544519
08_car_exit,fixed_int4,96,False,0,4,0.0317942351102829,1.0,14.976516185929064
08_car_exit,fixed_int4,96,False,1,4,0.044969070702791214,0.9999999403953552,13.470860612585625
08_car_exit,fixed_int4,96,False,2,4,0.050148770213127136,1.0,12.997397126176693
08_car_exit,fixed_int4,96,False,3,4,0.0400734543800354,1.0,13.971432192462219
08_car_exit,fixed_int4,96,False,4,4,0.037790775299072266,1.0000001192092896,14.226142499672502
08_car_exit,fixed_int4,96,False,5,4,0.03198176249861717,0.9999998807907104,14.950975544109708
08_car_exit,fixed_int4,96,False,6,4,0.030589746311306953,1.0,15.14424124717066
08_car_exit,fixed_int4,96,False,7,4,0.02892187610268593,1.0,15.38773538672914
08_car_exit,fixed_int6,0,False,0,6,0.0015887173358350992,1.0,27.989533654779997
08_car_exit,fixed_int6,0,False,1,6,0.0027506318874657154,0.9999998807907104,25.605674748646948
08_car_exit,fixed_int6,0,False,2,6,0.0015730278100818396,1.0,28.032635992722504
08_car_exit,fixed_int6,0,False,3,6,0.00271793594583869,1.0,25.657607825912354
08_car_exit,fixed_int6,0,False,4,6,0.001768986927345395,1.0,27.522753764756565
08_car_exit,fixed_int6,0,False,5,6,0.002320469357073307,1.0000001192092896,26.344242140489218
08_car_exit,fixed_int6,0,False,6,6,0.0010813886765390635,1.0000001192092896,29.660182341024665
08_car_exit,fixed_int6,0,False,7,6,0.0014574839733541012,1.0000001192092896,28.363962638620794
08_car_exit,fixed_int6,16,False,0,6,0.001665229327045381,0.9999999403953552,27.785259232914218
08_car_exit,fixed_int6,16,False,1,6,0.0023646363988518715,1.0,26.262356296036458
08_car_exit,fixed_int6,16,False,2,6,0.00140008598100394,0.9999998807907104,28.538452411719966
08_car_exit,fixed_int6,16,False,3,6,0.002640284365043044,1.0,25.783492960399133
08_car_exit,fixed_int6,16,False,4,6,0.001946437289007008,1.0,27.10759583970962
08_car_exit,fixed_int6,16,False,5,6,0.0014739971375092864,1.0000001192092896,28.315034116445105
08_car_exit,fixed_int6,16,False,6,6,0.0018095442792400718,1.0,27.424307853138124
08_car_exit,fixed_int6,16,False,7,6,0.0016424206551164389,1.0,27.84515601906652
08_car_exit,fixed_int6,32,False,0,6,0.0017017739592120051,1.0000001192092896,27.690981780364666
08_car_exit,fixed_int6,32,False,1,6,0.0017902348190546036,1.0,27.47090000343492
08_car_exit,fixed_int6,32,False,2,6,0.0023872393649071455,0.9999999403953552,26.221040068682896
08_car_exit,fixed_int6,32,False,3,6,0.002112718764692545,1.0,26.751583103641885
08_car_exit,fixed_int6,32,False,4,6,0.0018505388870835304,1.0,27.327017842417433
08_car_exit,fixed_int6,32,False,5,6,0.0015827483730390668,1.0,28.005881242323444
08_car_exit,fixed_int6,32,False,6,6,0.0015167843084782362,1.0,28.190761728703055
08_car_exit,fixed_int6,32,False,7,6,0.0019324643071740866,0.9999999403953552,27.13888492915902
08_car_exit,fixed_int6,48,False,0,6,0.001773438765667379,1.0,27.511838025074468
08_car_exit,fixed_int6,48,False,1,6,0.002109333872795105,1.0,26.758546731592897
08_car_exit,fixed_int6,48,False,2,6,0.00182244461029768,1.0,27.393456623557366
08_car_exit,fixed_int6,48,False,3,6,0.0026718848384916782,1.0,25.73182264417079
08_car_exit,fixed_int6,48,False,4,6,0.0016077636973932385,0.9999999403953552,27.937777558580063
08_car_exit,fixed_int6,48,False,5,6,0.0018424306763336062,0.9999998807907104,27.346087922408934
08_car_exit,fixed_int6,48,False,6,6,0.0020438474602997303,1.0,26.895515202898537
08_car_exit,fixed_int6,48,False,7,6,0.0015236028702929616,1.0,28.171282178493556
08_car_exit,fixed_int6,64,False,0,6,0.0017529744654893875,1.0,27.562244099631496
08_car_exit,fixed_int6,64,False,1,6,0.002230763901025057,1.0,26.515463920236133
08_car_exit,fixed_int6,64,False,2,6,0.002357611432671547,0.9999999403953552,26.27527745260062
08_car_exit,fixed_int6,64,False,3,6,0.0016947988187894225,0.9999999403953552,27.70881821471776
08_car_exit,fixed_int6,64,False,4,6,0.00239243870601058,1.0000001192092896,26.211592317524662
08_car_exit,fixed_int6,64,False,5,6,0.00195542024448514,1.0,27.08759892872869
08_car_exit,fixed_int6,64,False,6,6,0.0013388553634285927,1.0000001192092896,28.73266389067368
08_car_exit,fixed_int6,64,False,7,6,0.0017836994957178831,1.0000001192092896,27.486783622387478
08_car_exit,fixed_int6,80,False,0,6,0.0017729646060615778,1.0,27.51299934193543
08_car_exit,fixed_int6,80,False,1,6,0.0022670484613627195,1.0000001192092896,26.445392478882642
08_car_exit,fixed_int6,80,False,2,6,0.0018395062070339918,1.0,27.35298742393298
08_car_exit,fixed_int6,80,False,3,6,0.0016237373929470778,0.9999999403953552,27.89484181977379
08_car_exit,fixed_int6,80,False,4,6,0.0023562991991639137,1.0,26.277695643536518
08_car_exit,fixed_int6,80,False,5,6,0.0017590220086276531,0.9999999403953552,27.547287007931537
08_car_exit,fixed_int6,80,False,6,6,0.0016023903153836727,1.0,27.9523168851986
08_car_exit,fixed_int6,80,False,7,6,0.0013123550452291965,1.0,28.81948654804797
08_car_exit,fixed_int6,96,False,0,6,0.0018240435747429729,1.0,27.389647909832714
08_car_exit,fixed_int6,96,False,1,6,0.002497974317520857,0.9999999403953552,26.024120051745175
08_car_exit,fixed_int6,96,False,2,6,0.002862809458747506,1.0,25.43207556542956
08_car_exit,fixed_int6,96,False,3,6,0.0022357264533638954,1.0,26.505813345342865
08_car_exit,fixed_int6,96,False,4,6,0.002121059224009514,1.0000001192092896,26.734472567577576
08_car_exit,fixed_int6,96,False,5,6,0.0018204430816695094,0.9999998807907104,27.39822843482287
08_car_exit,fixed_int6,96,False,6,6,0.0017152302898466587,1.0,27.656775625627038
08_car_exit,fixed_int6,96,False,7,6,0.0016374483238905668,1.0,27.858323969870508
08_car_exit,fixed_int8,0,False,0,8,0.00010058824409497902,1.0,39.974527729879846
08_car_exit,fixed_int8,0,False,1,8,0.00016743363812565804,0.9999998807907104,37.761572342078175
08_car_exit,fixed_int8,0,False,2,8,9.728877193992957e-05,1.0,40.119372786001506
08_car_exit,fixed_int8,0,False,3,8,0.0001681800786172971,1.0,37.74225448841144
08_car_exit,fixed_int8,0,False,4,8,0.00010606894647935405,1.0,39.744117447193204
08_car_exit,fixed_int8,0,False,5,8,0.00013797196152154356,1.0000001192092896,38.602092131510105
08_car_exit,fixed_int8,0,False,6,8,6.567651143996045e-05,1.0000001192092896,41.82589975605316
08_car_exit,fixed_int8,0,False,7,8,8.863526454661041e-05,1.0000001192092896,40.52393506510923
08_car_exit,fixed_int8,16,False,0,8,0.00010132898023584858,0.9999999403953552,39.94266302134395
08_car_exit,fixed_int8,16,False,1,8,0.00014319387264549732,1.0,38.44075565360446
08_car_exit,fixed_int8,16,False,2,8,8.074199286056682e-05,0.9999998807907104,40.92900483836619
08_car_exit,fixed_int8,16,False,3,8,0.00016217846132349223,1.0,37.90006824289358
08_car_exit,fixed_int8,16,False,4,8,0.00012086724018445238,1.0,39.176913942181535
08_car_exit,fixed_int8,16,False,5,8,9.211096039507538e-05,1.0000001192092896,40.35688741272282
08_car_exit,fixed_int8,16,False,6,8,0.00010863590432563797,1.0,39.64026616059749
08_car_exit,fixed_int8,16,False,7,8,0.00010106934496434405,1.0,39.95380548975112
08_car_exit,fixed_int8,32,False,0,8,0.00010119641228811815,1.0000001192092896,39.948349360180806
08_car_exit,fixed_int8,32,False,1,8,0.00010885966185014695,1.0,39.631330190621505
08_car_exit,fixed_int8,32,False,2,8,0.00014355672465171665,0.9999999403953552,38.42976433075794
08_car_exit,fixed_int8,32,False,3,8,0.00012889120262116194,1.0,38.897767241009774
08_car_exit,fixed_int8,32,False,4,8,0.00011180751607753336,1.0,39.515290007315194
08_car_exit,fixed_int8,32,False,5,8,9.685901022749022e-05,1.0,40.13859973188876
08_car_exit,fixed_int8,32,False,6,8,9.159993351204321e-05,1.0,40.38104841565372
08_car_exit,fixed_int8,32,False,7,8,0.00011600648576859385,0.9999999403953552,39.35517703380476
08_car_exit,fixed_int8,48,False,0,8,0.00010991979070240632,1.0,39.58924107221175
08_car_exit,fixed_int8,48,False,1,8,0.00012827059254050255,1.0,38.91872899052028
08_car_exit,fixed_int8,48,False,2,8,0.00011037407966796309,1.0,39.571329046763594
08_car_exit,fixed_int8,48,False,3,8,0.000160673022037372,1.0,37.9405703775982
08_car_exit,fixed_int8,48,False,4,8,9.697377390693873e-05,0.9999999403953552,40.13345676832574
08_car_exit,fixed_int8,48,False,5,8,0.00010826110519701615,0.9999998807907104,39.65527491900917
08_car_exit,fixed_int8,48,False,6,8,0.00012615688319783658,1.0,38.99089049123523
08_car_exit,fixed_int8,48,False,7,8,8.979880658444017e-05,1.0,40.467294350168416
08_car_exit,fixed_int8,64,False,0,8,0.00010534227476455271,1.0,39.77397307707926
08_car_exit,fixed_int8,64,False,1,8,0.00013906563981436193,1.0,38.56780161757615
08_car_exit,fixed_int8,64,False,2,8,0.00014127648319117725,0.9999999403953552,38.49930098679486
08_car_exit,fixed_int8,64,False,3,8,0.0001076569824363105,0.9999999403953552,39.67957771489883
08_car_exit,fixed_int8,64,False,4,8,0.0001414907892467454,1.0000001192092896,38.49271882650221
08_car_exit,fixed_int8,64,False,5,8,0.00012270825391169637,1.0,39.111262236809665
08_car_exit,fixed_int8,64,False,6,8,8.113466174108908e-05,1.0000001192092896,40.907936218896396
08_car_exit,fixed_int8,64,False,7,8,0.00011046535655623302,1.0000001192092896,39.56773953076105
08_car_exit,fixed_int8,80,False,0,8,0.00010682875290513039,1.0,39.71311841432739
08_car_exit,fixed_int8,80,False,1,8,0.0001378060260321945,1.0000001192092896,38.607318427975045
08_car_exit,fixed_int8,80,False,2,8,0.00011188734060851857,1.0,39.51219048546543
08_car_exit,fixed_int8,80,False,3,8,0.00010313651728210971,0.9999999403953552,39.86587512068533
08_car_exit,fixed_int8,80,False,4,8,0.00014100485714152455,1.0,38.50765927107527
08_car_exit,fixed_int8,80,False,5,8,0.0001064013849827461,0.9999999403953552,39.73052693086868
08_car_exit,fixed_int8,80,False,6,8,0.00010222531273029745,1.0,39.904415521667815
08_car_exit,fixed_int8,80,False,7,8,8.144215098582208e-05,1.0,40.89150764612708
08_car_exit,fixed_int8,96,False,0,8,0.00010878624743781984,1.0,39.634260038968236
08_car_exit,fixed_int8,96,False,1,8,0.00015636577154509723,0.9999999403953552,38.0585828201404
08_car_exit,fixed_int8,96,False,2,8,0.00017648047651164234,1.0,37.53303332271873
08_car_exit,fixed_int8,96,False,3,8,0.0001362578186672181,1.0,38.656385679019294
08_car_exit,fixed_int8,96,False,4,8,0.00012717378558591008,1.0000001192092896,38.956024526346994
08_car_exit,fixed_int8,96,False,5,8,0.00011333459406159818,0.9999998807907104,39.456374548088505
08_car_exit,fixed_int8,96,False,6,8,0.00010409184324089438,1.0,39.82583300981884
08_car_exit,fixed_int8,96,False,7,8,9.846371540334076e-05,1.0,40.06723780702961
09_scene_cut_chair_car,fixed_float32,0,False,0,32,0.0,1.0,
09_scene_cut_chair_car,fixed_float32,0,False,1,32,0.0,1.0,
09_scene_cut_chair_car,fixed_float32,0,False,2,32,0.0,1.0,
09_scene_cut_chair_car,fixed_float32,0,False,3,32,0.0,0.9999999403953552,
09_scene_cut_chair_car,fixed_float32,0,False,4,32,0.0,0.9999999403953552,
09_scene_cut_chair_car,fixed_float32,0,False,5,32,0.0,1.0000001192092896,
09_scene_cut_chair_car,fixed_float32,0,False,6,32,0.0,1.0000001192092896,
09_scene_cut_chair_car,fixed_float32,0,False,7,32,0.0,1.0,
09_scene_cut_chair_car,fixed_float32,16,False,0,32,0.0,0.9999998807907104,
09_scene_cut_chair_car,fixed_float32,16,False,1,32,0.0,1.0,
09_scene_cut_chair_car,fixed_float32,16,False,2,32,0.0,1.0000001192092896,
09_scene_cut_chair_car,fixed_float32,16,False,3,32,0.0,1.0,
09_scene_cut_chair_car,fixed_float32,16,False,4,32,0.0,1.0,
09_scene_cut_chair_car,fixed_float32,16,False,5,32,0.0,0.9999998807907104,
09_scene_cut_chair_car,fixed_float32,16,False,6,32,0.0,1.0,
09_scene_cut_chair_car,fixed_float32,16,False,7,32,0.0,1.0,
09_scene_cut_chair_car,fixed_float32,30,False,0,32,0.0,0.9999999403953552,
09_scene_cut_chair_car,fixed_float32,30,False,1,32,0.0,1.0,
09_scene_cut_chair_car,fixed_float32,30,False,2,32,0.0,1.0,
09_scene_cut_chair_car,fixed_float32,30,False,3,32,0.0,0.9999998807907104,
09_scene_cut_chair_car,fixed_float32,30,False,4,32,0.0,0.9999999403953552,
09_scene_cut_chair_car,fixed_float32,30,False,5,32,0.0,0.9999999403953552,
09_scene_cut_chair_car,fixed_float32,30,False,6,32,0.0,1.0,
09_scene_cut_chair_car,fixed_float32,30,False,7,32,0.0,1.0,
09_scene_cut_chair_car,fixed_float32,46,False,0,32,0.0,0.9999999403953552,
09_scene_cut_chair_car,fixed_float32,46,False,1,32,0.0,1.0,
09_scene_cut_chair_car,fixed_float32,46,False,2,32,0.0,0.9999998807907104,
09_scene_cut_chair_car,fixed_float32,46,False,3,32,0.0,0.9999999403953552,
09_scene_cut_chair_car,fixed_float32,46,False,4,32,0.0,1.0,
09_scene_cut_chair_car,fixed_float32,46,False,5,32,0.0,1.0,
09_scene_cut_chair_car,fixed_float32,46,False,6,32,0.0,1.0,
09_scene_cut_chair_car,fixed_float32,46,False,7,32,0.0,1.0000001192092896,
09_scene_cut_chair_car,fixed_float32,62,False,0,32,0.0,1.0,
09_scene_cut_chair_car,fixed_float32,62,False,1,32,0.0,1.0,
09_scene_cut_chair_car,fixed_float32,62,False,2,32,0.0,1.0000001192092896,
09_scene_cut_chair_car,fixed_float32,62,False,3,32,0.0,1.0000001192092896,
09_scene_cut_chair_car,fixed_float32,62,False,4,32,0.0,1.0,
09_scene_cut_chair_car,fixed_float32,62,False,5,32,0.0,1.0000001192092896,
09_scene_cut_chair_car,fixed_float32,62,False,6,32,0.0,1.0,
09_scene_cut_chair_car,fixed_float32,62,False,7,32,0.0,1.0000001192092896,
09_scene_cut_chair_car,fixed_float32,78,False,0,32,0.0,1.0,
09_scene_cut_chair_car,fixed_float32,78,False,1,32,0.0,1.0000001192092896,
09_scene_cut_chair_car,fixed_float32,78,False,2,32,0.0,1.0,
09_scene_cut_chair_car,fixed_float32,78,False,3,32,0.0,0.9999998807907104,
09_scene_cut_chair_car,fixed_float32,78,False,4,32,0.0,1.0,
09_scene_cut_chair_car,fixed_float32,78,False,5,32,0.0,1.0,
09_scene_cut_chair_car,fixed_float32,78,False,6,32,0.0,1.0000001192092896,
09_scene_cut_chair_car,fixed_float32,78,False,7,32,0.0,1.0000001192092896,
09_scene_cut_chair_car,fixed_float32,94,False,0,32,0.0,0.9999999403953552,
09_scene_cut_chair_car,fixed_float32,94,False,1,32,0.0,0.9999999403953552,
09_scene_cut_chair_car,fixed_float32,94,False,2,32,0.0,0.9999999403953552,
09_scene_cut_chair_car,fixed_float32,94,False,3,32,0.0,1.0,
09_scene_cut_chair_car,fixed_float32,94,False,4,32,0.0,1.0000001192092896,
09_scene_cut_chair_car,fixed_float32,94,False,5,32,0.0,1.0,
09_scene_cut_chair_car,fixed_float32,94,False,6,32,0.0,1.0000001192092896,
09_scene_cut_chair_car,fixed_float32,94,False,7,32,0.0,1.0,
09_scene_cut_chair_car,fixed_int16,0,False,0,16,6.4689489320812754e-09,1.0,81.89166277303298
09_scene_cut_chair_car,fixed_int16,0,False,1,16,3.332643716547068e-09,1.0,84.77211113044625
09_scene_cut_chair_car,fixed_int16,0,False,2,16,7.754967334960838e-09,1.0,81.1042002715742
09_scene_cut_chair_car,fixed_int16,0,False,3,16,4.8851687139972455e-09,0.9999999403953552,83.1112040702285
09_scene_cut_chair_car,fixed_int16,0,False,4,16,6.573441790891366e-09,0.9999999403953552,81.82207152590003
09_scene_cut_chair_car,fixed_int16,0,False,5,16,4.048077428819852e-09,1.0000001192092896,83.9275124097685
09_scene_cut_chair_car,fixed_int16,0,False,6,16,1.9974537579514617e-09,1.0000001192092896,86.99523317802912
09_scene_cut_chair_car,fixed_int16,0,False,7,16,7.557256154200331e-09,1.0,81.21635857063639
09_scene_cut_chair_car,fixed_int16,16,False,0,16,7.104036026106542e-09,0.9999998807907104,81.48494793050476
09_scene_cut_chair_car,fixed_int16,16,False,1,16,2.9801481282731856e-09,1.0,85.25762148778497
09_scene_cut_chair_car,fixed_int16,16,False,2,16,7.922828615392064e-09,1.0000001192092896,81.01119790291207
09_scene_cut_chair_car,fixed_int16,16,False,3,16,5.864149166256993e-09,1.0,82.31794991085488
09_scene_cut_chair_car,fixed_int16,16,False,4,16,6.296677845796239e-09,1.0,82.00888525750189
09_scene_cut_chair_car,fixed_int16,16,False,5,16,3.9776075766440044e-09,0.9999998807907104,84.00378014010991
09_scene_cut_chair_car,fixed_int16,16,False,6,16,2.4816997346022163e-09,1.0,86.05250765743789
09_scene_cut_chair_car,fixed_int16,16,False,7,16,6.23894980122941e-09,1.0,82.04888508701544
09_scene_cut_chair_car,fixed_int16,30,False,0,16,2.732416959361217e-09,0.9999999403953552,85.6345300189639
09_scene_cut_chair_car,fixed_int16,30,False,1,16,1.3554677380511748e-09,1.0,88.67910814751212
09_scene_cut_chair_car,fixed_int16,30,False,2,16,1.4813866799912034e-09,1.0,88.29331564661018
09_scene_cut_chair_car,fixed_int16,30,False,3,16,1.810979144423186e-09,0.9999998807907104,87.4208649930223
09_scene_cut_chair_car,fixed_int16,30,False,4,16,1.5865128100145398e-09,0.9999999403953552,87.99556391030157
09_scene_cut_chair_car,fixed_int16,30,False,5,16,1.6118171242140988e-09,0.9999999403953552,87.92684208636338
09_scene_cut_chair_car,fixed_int16,30,False,6,16,1.6303586258814562e-09,1.0,87.87716854424113
09_scene_cut_chair_car,fixed_int16,30,False,7,16,1.4797880698580457e-09,1.0,88.29800478308906
09_scene_cut_chair_car,fixed_int16,46,False,0,16,2.476034932641369e-09,0.9999999403953552,86.06243206566288
09_scene_cut_chair_car,fixed_int16,46,False,1,16,1.2878397237514605e-09,1.0,88.90138183110963
09_scene_cut_chair_car,fixed_int16,46,False,2,16,1.308311681214036e-09,0.9999998807907104,88.83288729234918
09_scene_cut_chair_car,fixed_int16,46,False,3,16,1.7130474816440255e-09,0.9999999403953552,87.66230573360893
09_scene_cut_chair_car,fixed_int16,46,False,4,16,1.483918765643466e-09,1.0,88.28589873045148
09_scene_cut_chair_car,fixed_int16,46,False,5,16,1.8084050923405925e-09,1.0,87.42704278693536
09_scene_cut_chair_car,fixed_int16,46,False,6,16,1.649136938119966e-09,1.0,87.82743280680131
09_scene_cut_chair_car,fixed_int16,46,False,7,16,1.4218857202763502e-09,1.0000001192092896,88.47135359068618
09_scene_cut_chair_car,fixed_int16,62,False,0,16,2.4455950597968013e-09,1.0,86.11615451573903
09_scene_cut_chair_car,fixed_int16,62,False,1,16,1.476311628501037e-09,1.0,88.30821959414486
09_scene_cut_chair_car,fixed_int16,62,False,2,16,1.4111982693520986e-09,1.0000001192092896,88.50412016588564
09_scene_cut_chair_car,fixed_int16,62,False,3,16,1.7740450219960735e-09,1.0000001192092896,87.51035414542095
09_scene_cut_chair_car,fixed_int16,62,False,4,16,1.4278263016365145e-09,1.0,88.4532462227209
09_scene_cut_chair_car,fixed_int16,62,False,5,16,1.6949613934613694e-09,1.0000001192092896,87.70840241148845
09_scene_cut_chair_car,fixed_int16,62,False,6,16,1.5213504900302155e-09,1.0,88.17770721284987
09_scene_cut_chair_car,fixed_int16,62,False,7,16,1.6378221001644988e-09,1.0000001192092896,87.85733324746049
09_scene_cut_chair_car,fixed_int16,78,False,0,16,2.1301183039668103e-09,1.0,86.71596275747558
09_scene_cut_chair_car,fixed_int16,78,False,1,16,1.5734407110556958e-09,1.0000001192092896,88.03149668899222
09_scene_cut_chair_car,fixed_int16,78,False,2,16,1.3130401210759146e-09,1.0,88.81722003464468
09_scene_cut_chair_car,fixed_int16,78,False,3,16,1.6778693989749627e-09,0.9999998807907104,87.75241794781797
09_scene_cut_chair_car,fixed_int16,78,False,4,16,2.4251896046934007e-09,1.0,86.15254301988271
09_scene_cut_chair_car,fixed_int16,78,False,5,16,1.3702872170284763e-09,1.0,88.63188393648682
09_scene_cut_chair_car,fixed_int16,78,False,6,16,1.5995031965587714e-09,1.0000001192092896,87.9601493942655
09_scene_cut_chair_car,fixed_int16,78,False,7,16,1.6845861372516424e-09,1.0000001192092896,87.73506829285516
09_scene_cut_chair_car,fixed_int16,94,False,0,16,1.8882968522149213e-09,0.9999999403953552,87.23929704943967
09_scene_cut_chair_car,fixed_int16,94,False,1,16,1.450879416609041e-09,0.9999999403953552,88.38368654631111
09_scene_cut_chair_car,fixed_int16,94,False,2,16,1.4639448542297373e-09,0.9999999403953552,88.34475256650401
09_scene_cut_chair_car,fixed_int16,94,False,3,16,1.5195084079877574e-09,1.0,88.1829689246947
09_scene_cut_chair_car,fixed_int16,94,False,4,16,2.6027811017570457e-09,1.0000001192092896,85.84562407019024
09_scene_cut_chair_car,fixed_int16,94,False,5,16,1.3431690204512847e-09,1.0,88.7186933354825
09_scene_cut_chair_car,fixed_int16,94,False,6,16,1.5516595786024823e-09,1.0000001192092896,88.09203605050192
09_scene_cut_chair_car,fixed_int16,94,False,7,16,1.6479747566577885e-09,1.0,87.83049445022515
09_scene_cut_chair_car,fixed_int4,0,False,0,4,0.12066732347011566,1.0,9.184103202748618
09_scene_cut_chair_car,fixed_int4,0,False,1,4,0.06637382507324219,1.0,11.780031535748632
09_scene_cut_chair_car,fixed_int4,0,False,2,4,0.15320073068141937,1.0,8.147391633577769
09_scene_cut_chair_car,fixed_int4,0,False,3,4,0.0955752357840538,0.9999999403953552,10.196545960173971
09_scene_cut_chair_car,fixed_int4,0,False,4,4,0.12913493812084198,0.9999999403953552,8.889562153466077
09_scene_cut_chair_car,fixed_int4,0,False,5,4,0.07714714109897614,1.0000001192092896,11.126802150596653
09_scene_cut_chair_car,fixed_int4,0,False,6,4,0.0382055938243866,1.0000001192092896,14.17873097519681
09_scene_cut_chair_car,fixed_int4,0,False,7,4,0.14520393311977386,1.0,8.38021619799284
09_scene_cut_chair_car,fixed_int4,16,False,0,4,0.13895449042320251,0.9999998807907104,8.571273623215257
09_scene_cut_chair_car,fixed_int4,16,False,1,4,0.05780784785747528,1.0,12.380131987795455
09_scene_cut_chair_car,fixed_int4,16,False,2,4,0.15993089973926544,1.0000001192092896,7.960676712665119
09_scene_cut_chair_car,fixed_int4,16,False,3,4,0.11409229040145874,1.0,9.427437013243566
09_scene_cut_chair_car,fixed_int4,16,False,4,4,0.1216256245970726,1.0,9.14974916438983
09_scene_cut_chair_car,fixed_int4,16,False,5,4,0.07911567389965057,0.9999998807907104,11.017374165155307
09_scene_cut_chair_car,fixed_int4,16,False,6,4,0.04755329713225365,1.0,13.228193656518869
09_scene_cut_chair_car,fixed_int4,16,False,7,4,0.11621600389480591,1.0,9.347340619231623
09_scene_cut_chair_car,fixed_int4,30,False,0,4,0.0521930530667305,0.9999999403953552,12.82387272176129
09_scene_cut_chair_car,fixed_int4,30,False,1,4,0.025602588430047035,1.0,15.917161251546037
09_scene_cut_chair_car,fixed_int4,30,False,2,4,0.027568358927965164,1.0,15.595890855351966
09_scene_cut_chair_car,fixed_int4,30,False,3,4,0.03431607410311699,0.9999998807907104,14.645023512448148
09_scene_cut_chair_car,fixed_int4,30,False,4,4,0.030000736936926842,0.9999999403953552,15.228680512707022
09_scene_cut_chair_car,fixed_int4,30,False,5,4,0.02979128435254097,0.9999999403953552,15.259107473273989
09_scene_cut_chair_car,fixed_int4,30,False,6,4,0.030993912369012833,1.0,15.08723599203481
09_scene_cut_chair_car,fixed_int4,30,False,7,4,0.029254250228405,1.0,15.338110281579159
09_scene_cut_chair_car,fixed_int4,46,False,0,4,0.04801030829548836,0.9999999403953552,13.186654793383767
09_scene_cut_chair_car,fixed_int4,46,False,1,4,0.024967141449451447,1.0,16.026311782652034
09_scene_cut_chair_car,fixed_int4,46,False,2,4,0.0245810616761446,0.9999998807907104,16.09399311738902
09_scene_cut_chair_car,fixed_int4,46,False,3,4,0.03269451856613159,0.9999999403953552,14.855250274484899
09_scene_cut_chair_car,fixed_int4,46,False,4,4,0.027700170874595642,1.0,15.5751755188627
09_scene_cut_chair_car,fixed_int4,46,False,5,4,0.03527461364865303,1.0,14.525377342334851
09_scene_cut_chair_car,fixed_int4,46,False,6,4,0.03173992782831192,1.0,14.983940650985467
09_scene_cut_chair_car,fixed_int4,46,False,7,4,0.027929063886404037,1.0000001192092896,15.53943672310898
09_scene_cut_chair_car,fixed_int4,62,False,0,4,0.04590919241309166,1.0,13.381003468249784
09_scene_cut_chair_car,fixed_int4,62,False,1,4,0.02826666086912155,1.0,15.487254915375516
09_scene_cut_chair_car,fixed_int4,62,False,2,4,0.025815650820732117,1.0000001192092896,15.881169735492646
09_scene_cut_chair_car,fixed_int4,62,False,3,4,0.033874109387397766,1.0000001192092896,14.701321661396058
09_scene_cut_chair_car,fixed_int4,62,False,4,4,0.028063638135790825,1.0,15.51856028251427
09_scene_cut_chair_car,fixed_int4,62,False,5,4,0.03270426392555237,1.0000001192092896,14.853956728542716
09_scene_cut_chair_car,fixed_int4,62,False,6,4,0.028675241395831108,1.0,15.424929174045106
09_scene_cut_chair_car,fixed_int4,62,False,7,4,0.030441252514719963,1.0000001192092896,15.16537534125418
09_scene_cut_chair_car,fixed_int4,78,False,0,4,0.040760450065135956,1.0,13.897610292847002
09_scene_cut_chair_car,fixed_int4,78,False,1,4,0.030179210007190704,1.0000001192092896,15.2029218458976
09_scene_cut_chair_car,fixed_int4,78,False,2,4,0.023980211466550827,1.0,16.201469914477123
09_scene_cut_chair_car,fixed_int4,78,False,3,4,0.032018013298511505,0.9999998807907104,14.946055675611333
09_scene_cut_chair_car,fixed_int4,78,False,4,4,0.04636966437101364,1.0,13.337660475664396
09_scene_cut_chair_car,fixed_int4,78,False,5,4,0.02705899253487587,1.0,15.67688377165197
09_scene_cut_chair_car,fixed_int4,78,False,6,4,0.030266515910625458,1.0000001192092896,15.190376211647795
09_scene_cut_chair_car,fixed_int4,78,False,7,4,0.032524336129426956,1.0000001192092896,14.877916110508085
09_scene_cut_chair_car,fixed_int4,94,False,0,4,0.03506959229707718,0.9999999403953552,14.550692571107394
09_scene_cut_chair_car,fixed_int4,94,False,1,4,0.028568226844072342,0.9999999403953552,15.441166884296646
09_scene_cut_chair_car,fixed_int4,94,False,2,4,0.027973873540759087,0.9999999403953552,15.532473668450894
09_scene_cut_chair_car,fixed_int4,94,False,3,4,0.02882339246571064,1.0,15.402549047701013
09_scene_cut_chair_car,fixed_int4,94,False,4,4,0.04763270169496536,1.0000001192092896,13.220948366693431
09_scene_cut_chair_car,fixed_int4,94,False,5,4,0.026042670011520386,1.0,15.843144919999418
09_scene_cut_chair_car,fixed_int4,94,False,6,4,0.029847953468561172,1.0000001192092896,15.250854927816048
09_scene_cut_chair_car,fixed_int4,94,False,7,4,0.031592339277267456,1.0,15.004182152599304
09_scene_cut_chair_car,fixed_int6,0,False,0,6,0.00685843825340271,1.0,21.637747669677534
09_scene_cut_chair_car,fixed_int6,0,False,1,6,0.003613879671320319,1.0,24.42026311916645
09_scene_cut_chair_car,fixed_int6,0,False,2,6,0.008525390177965164,1.0,20.692857357067783
09_scene_cut_chair_car,fixed_int6,0,False,3,6,0.0053399112075567245,0.9999999403953552,22.72465938506589
09_scene_cut_chair_car,fixed_int6,0,False,4,6,0.007226849906146526,0.9999999403953552,21.410509391288652
09_scene_cut_chair_car,fixed_int6,0,False,5,6,0.004414325580000877,1.0000001192092896,23.551356902359988
09_scene_cut_chair_car,fixed_int6,0,False,6,6,0.00211369339376688,1.0000001192092896,26.74958061729763
09_scene_cut_chair_car,fixed_int6,0,False,7,6,0.008407369256019592,1.0,20.753398777249817
09_scene_cut_chair_car,fixed_int6,16,False,0,6,0.0074146585538983345,0.9999998807907104,21.299087917270597
09_scene_cut_chair_car,fixed_int6,16,False,1,6,0.003316887654364109,1.0,24.792692381326194
09_scene_cut_chair_car,fixed_int6,16,False,2,6,0.008859150111675262,1.0000001192092896,20.526079912295437
09_scene_cut_chair_car,fixed_int6,16,False,3,6,0.006448653526604176,1.0,21.905309562191366
09_scene_cut_chair_car,fixed_int6,16,False,4,6,0.006764532066881657,1.0,21.697622401306425
09_scene_cut_chair_car,fixed_int6,16,False,5,6,0.004349262919276953,0.9999998807907104,23.61584286035295
09_scene_cut_chair_car,fixed_int6,16,False,6,6,0.002656634896993637,1.0,25.756681268528553
09_scene_cut_chair_car,fixed_int6,16,False,7,6,0.006601536646485329,1.0,21.80354961516845
09_scene_cut_chair_car,fixed_int6,30,False,0,6,0.0029541763942688704,0.9999999403953552,25.295635505820897
09_scene_cut_chair_car,fixed_int6,30,False,1,6,0.0014464508276432753,1.0,28.396963256842817
09_scene_cut_chair_car,fixed_int6,30,False,2,6,0.001538353506475687,1.0,28.12943854215611
09_scene_cut_chair_car,fixed_int6,30,False,3,6,0.0019677593372762203,0.9999998807907104,27.060279663706112
09_scene_cut_chair_car,fixed_int6,30,False,4,6,0.0016847960650920868,0.9999999403953552,27.73452634583392
09_scene_cut_chair_car,fixed_int6,30,False,5,6,0.0016845131758600473,0.9999999403953552,27.73525561835815
09_scene_cut_chair_car,fixed_int6,30,False,6,6,0.001759861595928669,1.0,27.54521485872207
09_scene_cut_chair_car,fixed_int6,30,False,7,6,0.00162983569316566,1.0,27.878561754415742
09_scene_cut_chair_car,fixed_int6,46,False,0,6,0.0026824353262782097,0.9999999403953552,25.714707142231397
09_scene_cut_chair_car,fixed_int6,46,False,1,6,0.001448892755433917,1.0,28.38963759074684
09_scene_cut_chair_car,fixed_int6,46,False,2,6,0.0013926340034231544,0.9999998807907104,28.561629532532457
09_scene_cut_chair_car,fixed_int6,46,False,3,6,0.001848618732765317,0.9999999403953552,27.33152624517965
09_scene_cut_chair_car,fixed_int6,46,False,4,6,0.0015600475016981363,1.0,28.068621776639343
09_scene_cut_chair_car,fixed_int6,46,False,5,6,0.0020831464789807796,1.0,26.81280191033324
09_scene_cut_chair_car,fixed_int6,46,False,6,6,0.0018088840879499912,1.0,27.425892615407086
09_scene_cut_chair_car,fixed_int6,46,False,7,6,0.0015749138547107577,1.0000001192092896,28.02743248215801
09_scene_cut_chair_car,fixed_int6,62,False,0,6,0.0026419665664434433,1.0,25.780726825962063
09_scene_cut_chair_car,fixed_int6,62,False,1,6,0.0016080653294920921,1.0,27.93696311519417
09_scene_cut_chair_car,fixed_int6,62,False,2,6,0.0014833980239927769,1.0000001192092896,28.28742355611464
09_scene_cut_chair_car,fixed_int6,62,False,3,6,0.001979236025363207,1.0000001192092896,27.03502464538394
09_scene_cut_chair_car,fixed_int6,62,False,4,6,0.001587335136719048,1.0,27.99331370244657
09_scene_cut_chair_car,fixed_int6,62,False,5,6,0.0018858101684600115,1.0000001192092896,27.24502078609035
09_scene_cut_chair_car,fixed_int6,62,False,6,6,0.001609444385394454,1.0,27.933240258336667
09_scene_cut_chair_car,fixed_int6,62,False,7,6,0.0017583462176844478,1.0000001192092896,27.548956602002974
09_scene_cut_chair_car,fixed_int6,78,False,0,6,0.0023431088775396347,1.0,26.302075305169712
09_scene_cut_chair_car,fixed_int6,78,False,1,6,0.0017020489322021604,1.0000001192092896,27.690280103124888
09_scene_cut_chair_car,fixed_int6,78,False,2,6,0.0013655334478244185,1.0,28.64697657642395
09_scene_cut_chair_car,fixed_int6,78,False,3,6,0.0017600380815565586,0.9999998807907104,27.544778835781415
09_scene_cut_chair_car,fixed_int6,78,False,4,6,0.002571909688413143,1.0,25.897442855582533
09_scene_cut_chair_car,fixed_int6,78,False,5,6,0.0014979266561567783,1.0,28.245094507261346
09_scene_cut_chair_car,fixed_int6,78,False,6,6,0.0017134302761405706,1.0000001192092896,27.661336151995105
09_scene_cut_chair_car,fixed_int6,78,False,7,6,0.0018408108735457063,1.0000001192092896,27.349908807555494
09_scene_cut_chair_car,fixed_int6,94,False,0,6,0.0020065924618393183,0.9999999403953552,26.975407977135376
09_scene_cut_chair_car,fixed_int6,94,False,1,6,0.0016044076764956117,0.9999999403953552,27.94685242861447
09_scene_cut_chair_car,fixed_int6,94,False,2,6,0.0015149035025388002,0.9999999403953552,28.196150044107846
09_scene_cut_chair_car,fixed_int6,94,False,3,6,0.0016706956084817648,1.0,27.77102668956774
09_scene_cut_chair_car,fixed_int6,94,False,4,6,0.002741921693086624,1.0000001192092896,25.619450042163216
09_scene_cut_chair_car,fixed_int6,94,False,5,6,0.0014968612231314182,1.0,28.24818462063113
09_scene_cut_chair_car,fixed_int6,94,False,6,6,0.0016752500087022781,1.0000001192092896,27.759204229079888
09_scene_cut_chair_car,fixed_int6,94,False,7,6,0.001733502373099327,1.0,27.61075559474422
09_scene_cut_chair_car,fixed_int8,0,False,0,8,0.0004291678487788886,1.0,33.673728207716195
09_scene_cut_chair_car,fixed_int8,0,False,1,8,0.00022632397303823382,1.0,36.45269441596328
09_scene_cut_chair_car,fixed_int8,0,False,2,8,0.0005135699175298214,1.0,32.89400423088396
09_scene_cut_chair_car,fixed_int8,0,False,3,8,0.0003277648938819766,0.9999999403953552,34.84437538637366
09_scene_cut_chair_car,fixed_int8,0,False,4,8,0.00044316891580820084,0.9999999403953552,33.5343068305792
09_scene_cut_chair_car,fixed_int8,0,False,5,8,0.00027829600730910897,1.0000001192092896,35.5549307618191
09_scene_cut_chair_car,fixed_int8,0,False,6,8,0.00013481240603141487,1.0000001192092896,38.70270192042437
09_scene_cut_chair_car,fixed_int8,0,False,7,8,0.0005046543083153665,1.0,32.970060147527526
09_scene_cut_chair_car,fixed_int8,16,False,0,8,0.00047003559302538633,0.9999998807907104,33.27869202485452
09_scene_cut_chair_car,fixed_int8,16,False,1,8,0.0002043802523985505,1.0,36.8956106885364
09_scene_cut_chair_car,fixed_int8,16,False,2,8,0.0005386765114963055,1.0000001192092896,32.686720128325135
09_scene_cut_chair_car,fixed_int8,16,False,3,8,0.0003868070780299604,1.0,34.12505587533116
09_scene_cut_chair_car,fixed_int8,16,False,4,8,0.00042054025107063353,1.0,33.7619243035056
09_scene_cut_chair_car,fixed_int8,16,False,5,8,0.00027451213099993765,0.9999998807907104,35.61438407056076
09_scene_cut_chair_car,fixed_int8,16,False,6,8,0.0001636624219827354,1.0,37.86051026140771
09_scene_cut_chair_car,fixed_int8,16,False,7,8,0.00041289266664534807,1.0,33.841628305274334
09_scene_cut_chair_car,fixed_int8,30,False,0,8,0.00018142671615350991,0.9999999403953552,37.412987342580706
09_scene_cut_chair_car,fixed_int8,30,False,1,8,8.834156324155629e-05,1.0,40.53834919983956
09_scene_cut_chair_car,fixed_int8,30,False,2,8,9.464719914831221e-05,1.0,40.2389223338989
09_scene_cut_chair_car,fixed_int8,30,False,3,8,0.00011996345710940659,0.9999998807907104,39.20950975452803
09_scene_cut_chair_car,fixed_int8,30,False,4,8,0.00010439546895213425,0.9999999403953552,39.81318324602854
09_scene_cut_chair_car,fixed_int8,30,False,5,8,0.00010512761946301907,0.9999999403953552,39.78283143865384
09_scene_cut_chair_car,fixed_int8,30,False,6,8,0.00010490374552318826,1.0,39.79209005314424
09_scene_cut_chair_car,fixed_int8,30,False,7,8,9.926428174367175e-05,1.0,40.03206995534589
09_scene_cut_chair_car,fixed_int8,46,False,0,8,0.00016339562716893852,0.9999999403953552,37.86759544450144
09_scene_cut_chair_car,fixed_int8,46,False,1,8,8.70006624609232e-05,1.0,40.604774404615185
09_scene_cut_chair_car,fixed_int8,46,False,2,8,8.44653113745153e-05,0.9999998807907104,40.733215608370585
09_scene_cut_chair_car,fixed_int8,46,False,3,8,0.000112043613626156,0.9999999403953552,39.5061286688832
09_scene_cut_chair_car,fixed_int8,46,False,4,8,9.515249257674441e-05,1.0,40.21579830622918
09_scene_cut_chair_car,fixed_int8,46,False,5,8,0.00012246789992786944,1.0,39.119777293489065
09_scene_cut_chair_car,fixed_int8,46,False,6,8,0.00011001549137290567,1.0,39.585461571683844
09_scene_cut_chair_car,fixed_int8,46,False,7,8,9.563315688865259e-05,1.0000001192092896,40.19391559525018
09_scene_cut_chair_car,fixed_int8,62,False,0,8,0.00015990725660230964,1.0,37.96131827493092
09_scene_cut_chair_car,fixed_int8,62,False,1,8,9.4826944405213e-05,1.0,40.2306824342299
09_scene_cut_chair_car,fixed_int8,62,False,2,8,9.055144619196653e-05,1.0000001192092896,40.43104660974144
09_scene_cut_chair_car,fixed_int8,62,False,3,8,0.00012057105777785182,1.0000001192092896,39.187569807493546
09_scene_cut_chair_car,fixed_int8,62,False,4,8,9.536436118651181e-05,1.0,40.20613896069369
09_scene_cut_chair_car,fixed_int8,62,False,5,8,0.00011214180267415941,1.0000001192092896,39.50232518690146
09_scene_cut_chair_car,fixed_int8,62,False,6,8,9.987212251871824e-05,1.0,40.00555720241104
09_scene_cut_chair_car,fixed_int8,62,False,7,8,0.0001068767232936807,1.0000001192092896,39.71116921360594
09_scene_cut_chair_car,fixed_int8,78,False,0,8,0.00013714229862671345,1.0,38.62828575648451
09_scene_cut_chair_car,fixed_int8,78,False,1,8,0.00010469906555954367,1.0000001192092896,39.80057246159422
09_scene_cut_chair_car,fixed_int8,78,False,2,8,8.530791092198342e-05,1.0,40.690106932116336
09_scene_cut_chair_car,fixed_int8,78,False,3,8,0.0001110087032429874,0.9999998807907104,39.54642918790678
09_scene_cut_chair_car,fixed_int8,78,False,4,8,0.00015992936096154153,1.0,37.960717980860224
09_scene_cut_chair_car,fixed_int8,78,False,5,8,9.243425301974639e-05,1.0,40.34167064051856
09_scene_cut_chair_car,fixed_int8,78,False,6,8,0.00010236919479211792,1.0000001192092896,39.8983076451246
09_scene_cut_chair_car,fixed_int8,78,False,7,8,0.00011146353062940761,1.0000001192092896,39.52867256470155
09_scene_cut_chair_car,fixed_int8,94,False,0,8,0.00012238486669957638,0.9999999403953552,39.12272254958036
09_scene_cut_chair_car,fixed_int8,94,False,1,8,9.64382488746196e-05,0.9999999403953552,40.15750658254679
09_scene_cut_chair_car,fixed_int8,94,False,2,8,9.807284368434921e-05,0.9999999403953552,40.084512059872814
09_scene_cut_chair_car,fixed_int8,94,False,3,8,0.00010155247582588345,1.0,39.933094841310385
09_scene_cut_chair_car,fixed_int8,94,False,4,8,0.00016957934712991118,1.0000001192092896,37.70627092846999
09_scene_cut_chair_car,fixed_int8,94,False,5,8,9.269774454878643e-05,1.0,40.329308326508944
09_scene_cut_chair_car,fixed_int8,94,False,6,8,0.00010547697456786409,1.0000001192092896,39.76842387489044
09_scene_cut_chair_car,fixed_int8,94,False,7,8,0.0001085887270164676,1.0,39.64215258068156
10_busy_sidewalk,fixed_float32,0,False,0,32,0.0,1.0000001192092896,
10_busy_sidewalk,fixed_float32,0,False,1,32,0.0,1.0,
10_busy_sidewalk,fixed_float32,0,False,2,32,0.0,0.9999998807907104,
10_busy_sidewalk,fixed_float32,0,False,3,32,0.0,1.0000001192092896,
10_busy_sidewalk,fixed_float32,0,False,4,32,0.0,1.0,
10_busy_sidewalk,fixed_float32,0,False,5,32,0.0,0.9999999403953552,
10_busy_sidewalk,fixed_float32,0,False,6,32,0.0,0.9999998807907104,
10_busy_sidewalk,fixed_float32,0,False,7,32,0.0,1.0000001192092896,
10_busy_sidewalk,fixed_float32,16,False,0,32,0.0,1.0000001192092896,
10_busy_sidewalk,fixed_float32,16,False,1,32,0.0,0.9999998807907104,
10_busy_sidewalk,fixed_float32,16,False,2,32,0.0,0.9999998807907104,
10_busy_sidewalk,fixed_float32,16,False,3,32,0.0,1.0,
10_busy_sidewalk,fixed_float32,16,False,4,32,0.0,1.0,
10_busy_sidewalk,fixed_float32,16,False,5,32,0.0,0.9999999403953552,
10_busy_sidewalk,fixed_float32,16,False,6,32,0.0,1.0,
10_busy_sidewalk,fixed_float32,16,False,7,32,0.0,1.0000001192092896,
10_busy_sidewalk,fixed_float32,32,False,0,32,0.0,1.0000001192092896,
10_busy_sidewalk,fixed_float32,32,False,1,32,0.0,1.0000001192092896,
10_busy_sidewalk,fixed_float32,32,False,2,32,0.0,0.9999998807907104,
10_busy_sidewalk,fixed_float32,32,False,3,32,0.0,1.0000001192092896,
10_busy_sidewalk,fixed_float32,32,False,4,32,0.0,0.9999999403953552,
10_busy_sidewalk,fixed_float32,32,False,5,32,0.0,1.0000001192092896,
10_busy_sidewalk,fixed_float32,32,False,6,32,0.0,1.0,
10_busy_sidewalk,fixed_float32,32,False,7,32,0.0,1.0,
10_busy_sidewalk,fixed_float32,48,False,0,32,0.0,0.9999999403953552,
10_busy_sidewalk,fixed_float32,48,False,1,32,0.0,1.0000001192092896,
10_busy_sidewalk,fixed_float32,48,False,2,32,0.0,1.0000001192092896,
10_busy_sidewalk,fixed_float32,48,False,3,32,0.0,0.9999999403953552,
10_busy_sidewalk,fixed_float32,48,False,4,32,0.0,1.0,
10_busy_sidewalk,fixed_float32,48,False,5,32,0.0,1.0000001192092896,
10_busy_sidewalk,fixed_float32,48,False,6,32,0.0,0.9999998807907104,
10_busy_sidewalk,fixed_float32,48,False,7,32,0.0,1.0000001192092896,
10_busy_sidewalk,fixed_float32,64,False,0,32,0.0,1.0,
10_busy_sidewalk,fixed_float32,64,False,1,32,0.0,1.0000001192092896,
10_busy_sidewalk,fixed_float32,64,False,2,32,0.0,1.0,
10_busy_sidewalk,fixed_float32,64,False,3,32,0.0,1.0,
10_busy_sidewalk,fixed_float32,64,False,4,32,0.0,1.0000001192092896,
10_busy_sidewalk,fixed_float32,64,False,5,32,0.0,1.0,
10_busy_sidewalk,fixed_float32,64,False,6,32,0.0,0.9999998807907104,
10_busy_sidewalk,fixed_float32,64,False,7,32,0.0,0.9999998211860657,
10_busy_sidewalk,fixed_float32,80,False,0,32,0.0,1.0,
10_busy_sidewalk,fixed_float32,80,False,1,32,0.0,1.0000001192092896,
10_busy_sidewalk,fixed_float32,80,False,2,32,0.0,1.0,
10_busy_sidewalk,fixed_float32,80,False,3,32,0.0,1.0000001192092896,
10_busy_sidewalk,fixed_float32,80,False,4,32,0.0,1.0,
10_busy_sidewalk,fixed_float32,80,False,5,32,0.0,1.0000001192092896,
10_busy_sidewalk,fixed_float32,80,False,6,32,0.0,0.9999999403953552,
10_busy_sidewalk,fixed_float32,80,False,7,32,0.0,1.0000001192092896,
10_busy_sidewalk,fixed_float32,96,False,0,32,0.0,1.000000238418579,
10_busy_sidewalk,fixed_float32,96,False,1,32,0.0,1.0,
10_busy_sidewalk,fixed_float32,96,False,2,32,0.0,1.0,
10_busy_sidewalk,fixed_float32,96,False,3,32,0.0,1.0,
10_busy_sidewalk,fixed_float32,96,False,4,32,0.0,1.0,
10_busy_sidewalk,fixed_float32,96,False,5,32,0.0,1.0,
10_busy_sidewalk,fixed_float32,96,False,6,32,0.0,1.0000001192092896,
10_busy_sidewalk,fixed_float32,96,False,7,32,0.0,1.0,
10_busy_sidewalk,fixed_int16,0,False,0,16,1.3319971792213892e-09,1.0000001192092896,88.75496746644771
10_busy_sidewalk,fixed_int16,0,False,1,16,1.1512811814995416e-09,1.0,89.38818594128603
10_busy_sidewalk,fixed_int16,0,False,2,16,1.1086943585425502e-09,0.9999998807907104,89.55188110548862
10_busy_sidewalk,fixed_int16,0,False,3,16,1.3217740235660358e-09,1.0000001192092896,88.78842839214663
10_busy_sidewalk,fixed_int16,0,False,4,16,1.4111780632930504e-09,1.0,88.50418183250257
10_busy_sidewalk,fixed_int16,0,False,5,16,1.5399197472731885e-09,0.9999999403953552,88.12501885890936
10_busy_sidewalk,fixed_int16,0,False,6,16,2.475170290949791e-09,0.9999998807907104,86.06394864604668
10_busy_sidewalk,fixed_int16,0,False,7,16,1.5568548672462157e-09,1.0000001192092896,88.07751923013653
10_busy_sidewalk,fixed_int16,16,False,0,16,1.3076237870279783e-09,1.0000001192092896,88.8351723952632
10_busy_sidewalk,fixed_int16,16,False,1,16,1.274422345431958e-09,0.9999998807907104,88.94686570547418
10_busy_sidewalk,fixed_int16,16,False,2,16,8.474871915353788e-10,0.9999998807907104,90.71866804996057
10_busy_sidewalk,fixed_int16,16,False,3,16,1.4797681968659049e-09,1.0,88.2980631075813
10_busy_sidewalk,fixed_int16,16,False,4,16,1.3512866381404365e-09,1.0,88.69252517625864
10_busy_sidewalk,fixed_int16,16,False,5,16,1.4981260676449892e-09,0.9999999403953552,88.2445161323465
10_busy_sidewalk,fixed_int16,16,False,6,16,1.6585341988673008e-09,1.0,87.80275568928202
10_busy_sidewalk,fixed_int16,16,False,7,16,2.4926491981602794e-09,1.0000001192092896,86.03338889202085
10_busy_sidewalk,fixed_int16,32,False,0,16,1.147810513302261e-09,1.0000001192092896,89.40129853448249
10_busy_sidewalk,fixed_int16,32,False,1,16,1.5701011601976234e-09,1.0000001192092896,88.04072417260602
10_busy_sidewalk,fixed_int16,32,False,2,16,1.314713782285537e-09,0.9999998807907104,88.8116873251529
10_busy_sidewalk,fixed_int16,32,False,3,16,1.3371674878470685e-09,1.0000001192092896,88.73814243244365
10_busy_sidewalk,fixed_int16,32,False,4,16,1.1500886909487917e-09,0.9999999403953552,89.39268641147873
10_busy_sidewalk,fixed_int16,32,False,5,16,1.4610115339763752e-09,1.0000001192092896,88.35346407280127
10_busy_sidewalk,fixed_int16,32,False,6,16,5.279801040813936e-09,1.0,82.77382442713281
10_busy_sidewalk,fixed_int16,32,False,7,16,2.3929620507345817e-09,1.0,86.21064188677515
10_busy_sidewalk,fixed_int16,48,False,0,16,1.212542621864543e-09,0.9999999403953552,89.16302960765299
10_busy_sidewalk,fixed_int16,48,False,1,16,1.6553248771700169e-09,1.0000001192092896,87.81116809844
10_busy_sidewalk,fixed_int16,48,False,2,16,1.0472980260800568e-09,1.0000001192092896,89.79929766784208
10_busy_sidewalk,fixed_int16,48,False,3,16,1.1269185584694696e-09,0.9999999403953552,89.48107443059357
10_busy_sidewalk,fixed_int16,48,False,4,16,1.2939158633429315e-09,1.0,88.88093962673402
10_busy_sidewalk,fixed_int16,48,False,5,16,1.34701139131721e-09,1.0000001192092896,88.7062878332045
10_busy_sidewalk,fixed_int16,48,False,6,16,1.4637110412607512e-09,0.9999998807907104,88.34544599355596
10_busy_sidewalk,fixed_int16,48,False,7,16,1.4591066133107233e-09,1.0000001192092896,88.35913025895663
10_busy_sidewalk,fixed_int16,64,False,0,16,1.282819184211803e-09,1.0,88.91834553939242
10_busy_sidewalk,fixed_int16,64,False,1,16,1.4442994578089952e-09,1.0000001192092896,88.40342803558644
10_busy_sidewalk,fixed_int16,64,False,2,16,1.3771664919559612e-09,1.0,88.61013552722854
10_busy_sidewalk,fixed_int16,64,False,3,16,1.2892761303007205e-09,1.0,88.89654057803418
10_busy_sidewalk,fixed_int16,64,False,4,16,1.2694847395522402e-09,1.0000001192092896,88.963725671751
10_busy_sidewalk,fixed_int16,64,False,5,16,1.1566412272401294e-09,1.0,89.36801331793974
10_busy_sidewalk,fixed_int16,64,False,6,16,1.5197416658452312e-09,0.9999998807907104,88.18230177804976
10_busy_sidewalk,fixed_int16,64,False,7,16,2.58955834553376e-09,0.9999998211860657,85.86774221756318
10_busy_sidewalk,fixed_int16,80,False,0,16,1.1845602276849831e-09,1.0,89.26442853146126
10_busy_sidewalk,fixed_int16,80,False,1,16,1.4804512060706543e-09,1.0000001192092896,88.29605953645722
10_busy_sidewalk,fixed_int16,80,False,2,16,1.7758611248197553e-09,1.0,87.50590999752615
10_busy_sidewalk,fixed_int16,80,False,3,16,1.102824609411357e-09,1.0000001192092896,89.5749360299588
10_busy_sidewalk,fixed_int16,80,False,4,16,1.2949206151802173e-09,1.0,88.87756855093109
10_busy_sidewalk,fixed_int16,80,False,5,16,1.4400123315994051e-09,1.0000001192092896,88.41633840563738
10_busy_sidewalk,fixed_int16,80,False,6,16,2.825062850320137e-09,0.9999999403953552,85.48971859925445
10_busy_sidewalk,fixed_int16,80,False,7,16,1.843072028329118e-09,1.0000001192092896,87.34457743739719
10_busy_sidewalk,fixed_int16,96,False,0,16,1.2796037562878837e-09,1.000000238418579,88.92924597254716
10_busy_sidewalk,fixed_int16,96,False,1,16,1.5975780698340714e-09,1.0,87.96537909714357
10_busy_sidewalk,fixed_int16,96,False,2,16,1.4368076728388246e-09,1.0,88.42601361451642
10_busy_sidewalk,fixed_int16,96,False,3,16,1.4692610461608524e-09,1.0,88.32901035499614
10_busy_sidewalk,fixed_int16,96,False,4,16,1.3637027063140295e-09,1.0,88.65280297626698
10_busy_sidewalk,fixed_int16,96,False,5,16,1.4693951611022271e-09,1.0,88.3286139467407
10_busy_sidewalk,fixed_int16,96,False,6,16,2.709554580704321e-09,1.0000001192092896,85.6710214799763
10_busy_sidewalk,fixed_int16,96,False,7,16,2.5839883566192157e-09,1.0,85.8770944759159
10_busy_sidewalk,fixed_int4,0,False,0,4,0.025716664269566536,1.0000001192092896,15.897854165738575
10_busy_sidewalk,fixed_int4,0,False,1,4,0.02254224382340908,1.0,16.47002857073225
10_busy_sidewalk,fixed_int4,0,False,2,4,0.021141162142157555,0.9999998807907104,16.748710911765297
10_busy_sidewalk,fixed_int4,0,False,3,4,0.02474416047334671,1.0000001192092896,16.065273282369233
10_busy_sidewalk,fixed_int4,0,False,4,4,0.027816878631711006,1.0,15.556916043611357
10_busy_sidewalk,fixed_int4,0,False,5,4,0.02839706279337406,0.9999999403953552,15.467265523274897
10_busy_sidewalk,fixed_int4,0,False,6,4,0.04883766546845436,0.9999998807907104,13.112450525457202
10_busy_sidewalk,fixed_int4,0,False,7,4,0.02995469607412815,1.0000001192092896,15.235351342551196
10_busy_sidewalk,fixed_int4,16,False,0,4,0.024681074544787407,1.0000001192092896,16.07635988035006
10_busy_sidewalk,fixed_int4,16,False,1,4,0.024265196174383163,0.9999998807907104,16.150161414657852
10_busy_sidewalk,fixed_int4,16,False,2,4,0.016682658344507217,0.9999998807907104,17.77734692552135
10_busy_sidewalk,fixed_int4,16,False,3,4,0.027203407138586044,1.0,15.653766985827417
10_busy_sidewalk,fixed_int4,16,False,4,4,0.02520826645195484,1.0,15.984570193071564
10_busy_sidewalk,fixed_int4,16,False,5,4,0.028702428564429283,0.9999999403953552,15.420813293832172
10_busy_sidewalk,fixed_int4,16,False,6,4,0.032346129417419434,1.0,14.901776801645617
10_busy_sidewalk,fixed_int4,16,False,7,4,0.049760207533836365,1.0000001192092896,13.031178687826603
10_busy_sidewalk,fixed_int4,32,False,0,4,0.02240045927464962,1.0000001192092896,16.497431290448585
10_busy_sidewalk,fixed_int4,32,False,1,4,0.03042701445519924,1.0000001192092896,15.167407109564158
10_busy_sidewalk,fixed_int4,32,False,2,4,0.025482045486569405,0.9999998807907104,15.937656616183371
10_busy_sidewalk,fixed_int4,32,False,3,4,0.026539109647274017,1.0000001192092896,15.76113703016011
10_busy_sidewalk,fixed_int4,32,False,4,4,0.021987440064549446,0.9999999403953552,16.578253054880093
10_busy_sidewalk,fixed_int4,32,False,5,4,0.028034694492816925,1.0000001192092896,15.52304224021805
10_busy_sidewalk,fixed_int4,32,False,6,4,0.09833533316850662,1.0,10.072904064511711
10_busy_sidewalk,fixed_int4,32,False,7,4,0.048136867582798004,1.0,13.17522174047847
10_busy_sidewalk,fixed_int4,48,False,0,4,0.022379916161298752,0.9999999403953552,16.501415188543863
10_busy_sidewalk,fixed_int4,48,False,1,4,0.031307317316532135,1.0000001192092896,15.043541966922982
10_busy_sidewalk,fixed_int4,48,False,2,4,0.020022602751851082,1.0000001192092896,16.984795207217747
10_busy_sidewalk,fixed_int4,48,False,3,4,0.021383406594395638,0.9999999403953552,16.699230801966078
10_busy_sidewalk,fixed_int4,48,False,4,4,0.0246577188372612,1.0,16.080471038236034
10_busy_sidewalk,fixed_int4,48,False,5,4,0.025513052940368652,1.0000001192092896,15.93237621550064
10_busy_sidewalk,fixed_int4,48,False,6,4,0.028467543423175812,0.9999998807907104,15.456499564513315
10_busy_sidewalk,fixed_int4,48,False,7,4,0.027928253635764122,1.0000001192092896,15.539562718197002
10_busy_sidewalk,fixed_int4,64,False,0,4,0.024748681113123894,1.0,16.064479401871594
10_busy_sidewalk,fixed_int4,64,False,1,4,0.02789963036775589,1.0000001192092896,15.544016022727927
10_busy_sidewalk,fixed_int4,64,False,2,4,0.026324361562728882,1.0,15.796421528355864
10_busy_sidewalk,fixed_int4,64,False,3,4,0.024701371788978577,1.0,16.072789275565015
10_busy_sidewalk,fixed_int4,64,False,4,4,0.023608380928635597,1.0000001192092896,16.269338477457303
10_busy_sidewalk,fixed_int4,64,False,5,4,0.02176596410572529,1.0,16.62222091358721
10_busy_sidewalk,fixed_int4,64,False,6,4,0.029272908344864845,0.9999998807907104,15.33534075285931
10_busy_sidewalk,fixed_int4,64,False,7,4,0.049458712339401245,0.9999998211860657,13.057571170530055
10_busy_sidewalk,fixed_int4,80,False,0,4,0.022873029112815857,1.0,16.40676317252961
10_busy_sidewalk,fixed_int4,80,False,1,4,0.028241602703928947,1.0000001192092896,15.491107125889842
10_busy_sidewalk,fixed_int4,80,False,2,4,0.03292619064450264,1.0,14.824585115525707
10_busy_sidewalk,fixed_int4,80,False,3,4,0.022168302908539772,1.0000001192092896,16.542676047407852
10_busy_sidewalk,fixed_int4,80,False,4,4,0.02560003288090229,1.0,15.917594768762264
10_busy_sidewalk,fixed_int4,80,False,5,4,0.027959946542978287,1.0000001192092896,15.534637150313277
10_busy_sidewalk,fixed_int4,80,False,6,4,0.05400651693344116,0.9999999403953552,12.675538050787996
10_busy_sidewalk,fixed_int4,80,False,7,4,0.03650830313563347,1.0000001192092896,14.376084038662132
10_busy_sidewalk,fixed_int4,96,False,0,4,0.024536889046430588,1.000000238418579,16.101806044688473
10_busy_sidewalk,fixed_int4,96,False,1,4,0.03095659613609314,1.0,15.092467986539308
10_busy_sidewalk,fixed_int4,96,False,2,4,0.02802387811243534,1.0,15.52471764614567
10_busy_sidewalk,fixed_int4,96,False,3,4,0.02741246297955513,1.0,15.62051941827354
10_busy_sidewalk,fixed_int4,96,False,4,4,0.025811001658439636,1.0,15.881951412797623
10_busy_sidewalk,fixed_int4,96,False,5,4,0.028039969503879547,1.0,15.522224630414716
10_busy_sidewalk,fixed_int4,96,False,6,4,0.051278017461299896,1.0000001192092896,12.900688258669007
10_busy_sidewalk,fixed_int4,96,False,7,4,0.049042172729969025,1.0,13.09430297385777
10_busy_sidewalk,fixed_int6,0,False,0,6,0.0014643521280959249,1.0000001192092896,28.343545290792463
10_busy_sidewalk,fixed_int6,0,False,1,6,0.0012553285341709852,1.0,29.012425993579566
10_busy_sidewalk,fixed_int6,0,False,2,6,0.0012188163818791509,0.9999998807907104,29.140616653686735
10_busy_sidewalk,fixed_int6,0,False,3,6,0.0014370528515428305,1.0000001192092896,28.425273109784705
10_busy_sidewalk,fixed_int6,0,False,4,6,0.001517826458439231,1.0,28.187778809113478
10_busy_sidewalk,fixed_int6,0,False,5,6,0.0016539529897272587,0.9999999403953552,27.81476812665452
10_busy_sidewalk,fixed_int6,0,False,6,6,0.0026727200020104647,0.9999998807907104,25.730464844027445
10_busy_sidewalk,fixed_int6,0,False,7,6,0.001691425684839487,1.0000001192092896,27.717471305661363
10_busy_sidewalk,fixed_int6,16,False,0,6,0.0014669381780549884,1.0000001192092896,28.335882402431196
10_busy_sidewalk,fixed_int6,16,False,1,6,0.0014053189661353827,0.9999998807907104,28.522250407052955
10_busy_sidewalk,fixed_int6,16,False,2,6,0.0009516988648101687,0.9999998807907104,30.215003969443135
10_busy_sidewalk,fixed_int6,16,False,3,6,0.0015759712550789118,1.0,28.024517080866026
10_busy_sidewalk,fixed_int6,16,False,4,6,0.001462437678128481,1.0,28.349226323374776
10_busy_sidewalk,fixed_int6,16,False,5,6,0.0016367030330002308,0.9999999403953552,27.860300869006245
10_busy_sidewalk,fixed_int6,16,False,6,6,0.0017579880077391863,1.0,27.549840918279244
10_busy_sidewalk,fixed_int6,16,False,7,6,0.0027505892794579268,1.0000001192092896,25.605743057958538
10_busy_sidewalk,fixed_int6,32,False,0,6,0.0012545399367809296,1.0000001192092896,29.015155606549733
10_busy_sidewalk,fixed_int6,32,False,1,6,0.0016630885656923056,1.0000001192092896,27.790846741295212
10_busy_sidewalk,fixed_int6,32,False,2,6,0.0014247536892071366,0.9999998807907104,28.46260158033866
10_busy_sidewalk,fixed_int6,32,False,3,6,0.001461762236431241,1.0000001192092896,28.351233137624764
10_busy_sidewalk,fixed_int6,32,False,4,6,0.0012201251229271293,0.9999999403953552,29.13595604578264
10_busy_sidewalk,fixed_int6,32,False,5,6,0.0016238823300227523,1.0000001192092896,27.89445495631119
10_busy_sidewalk,fixed_int6,32,False,6,6,0.005669979844242334,1.0,22.46418484943053
10_busy_sidewalk,fixed_int6,32,False,7,6,0.002695592353120446,1.0,25.693457843089064
10_busy_sidewalk,fixed_int6,48,False,0,6,0.0013096882030367851,0.9999999403953552,28.82832058472026
10_busy_sidewalk,fixed_int6,48,False,1,6,0.001750802155584097,1.0000001192092896,27.567629791280343
10_busy_sidewalk,fixed_int6,48,False,2,6,0.0011215884005650878,1.0000001192092896,29.501665425871394
10_busy_sidewalk,fixed_int6,48,False,3,6,0.0012129835085943341,0.9999999403953552,29.161450777611975
10_busy_sidewalk,fixed_int6,48,False,4,6,0.0013825668720528483,1.0,28.593138535413996
10_busy_sidewalk,fixed_int6,48,False,5,6,0.0014912061160430312,1.0000001192092896,28.264623755399967
10_busy_sidewalk,fixed_int6,48,False,6,6,0.0015791705809533596,0.9999998807907104,28.015709034854698
10_busy_sidewalk,fixed_int6,48,False,7,6,0.0015918317949399352,1.0000001192092896,27.981028768054692
10_busy_sidewalk,fixed_int6,64,False,0,6,0.0013639767421409488,1.0,28.651930349918295
10_busy_sidewalk,fixed_int6,64,False,1,6,0.0015621252823621035,1.0000001192092896,28.062841904402127
10_busy_sidewalk,fixed_int6,64,False,2,6,0.0014986144378781319,1.0,28.24310087659045
10_busy_sidewalk,fixed_int6,64,False,3,6,0.0014778401236981153,1.0,28.303725464224488
10_busy_sidewalk,fixed_int6,64,False,4,6,0.00139851204585284,1.0000001192092896,28.543338403243887
10_busy_sidewalk,fixed_int6,64,False,5,6,0.0012109089875593781,1.0,29.16888497390484
10_busy_sidewalk,fixed_int6,64,False,6,6,0.0016544417012482882,0.9999998807907104,27.81348480009465
10_busy_sidewalk,fixed_int6,64,False,7,6,0.002773401327431202,0.9999998211860657,25.569872032591793
10_busy_sidewalk,fixed_int6,80,False,0,6,0.001300459261983633,1.0,28.859032479070336
10_busy_sidewalk,fixed_int6,80,False,1,6,0.0016082481015473604,1.0000001192092896,27.936470043611116
10_busy_sidewalk,fixed_int6,80,False,2,6,0.001891117775812745,1.0,27.232814231418494
10_busy_sidewalk,fixed_int6,80,False,3,6,0.0012098520528525114,1.0000001192092896,29.172677860490243
10_busy_sidewalk,fixed_int6,80,False,4,6,0.0013819328742101789,1.0,28.595130518012724
10_busy_sidewalk,fixed_int6,80,False,5,6,0.0015724800759926438,1.0000001192092896,28.034149003199815
10_busy_sidewalk,fixed_int6,80,False,6,6,0.0030261732172220945,0.9999999403953552,25.191061908331115
10_busy_sidewalk,fixed_int6,80,False,7,6,0.001973191276192665,1.0000001192092896,27.048308650658367
10_busy_sidewalk,fixed_int6,96,False,0,6,0.0013754050014540553,1.000000238418579,28.615695042882216
10_busy_sidewalk,fixed_int6,96,False,1,6,0.0017523278947919607,1.0,27.563846255795937
10_busy_sidewalk,fixed_int6,96,False,2,6,0.0015774259809404612,1.0,28.020510104187327
10_busy_sidewalk,fixed_int6,96,False,3,6,0.0016150653827935457,1.0,27.918098914061453
10_busy_sidewalk,fixed_int6,96,False,4,6,0.0014797220937907696,1.0,28.298198416767445
10_busy_sidewalk,fixed_int6,96,False,5,6,0.0015615378506481647,1.0,28.064474842942335
10_busy_sidewalk,fixed_int6,96,False,6,6,0.0029766655061393976,1.0000001192092896,25.26270016923549
10_busy_sidewalk,fixed_int6,96,False,7,6,0.002774539403617382,1.0,25.56809103017024
10_busy_sidewalk,fixed_int8,0,False,0,8,8.776044705882668e-05,1.0000001192092896,40.56701224868371
10_busy_sidewalk,fixed_int8,0,False,1,8,7.747206836938858e-05,1.0,41.108548489716966
10_busy_sidewalk,fixed_int8,0,False,2,8,7.476535392925143e-05,0.9999998807907104,41.26299554682909
10_busy_sidewalk,fixed_int8,0,False,3,8,8.743838407099247e-05,1.0000001192092896,40.58297928854256
10_busy_sidewalk,fixed_int8,0,False,4,8,9.345677972305566e-05,1.0,40.2938918770933
10_busy_sidewalk,fixed_int8,0,False,5,8,9.900967415887862e-05,0.9999999403953552,40.04322342864441
10_busy_sidewalk,fixed_int8,0,False,6,8,0.0001644925505388528,0.9999998807907104,37.8385371362065
10_busy_sidewalk,fixed_int8,0,False,7,8,0.00010369624942541122,1.0000001192092896,39.842370030328865
10_busy_sidewalk,fixed_int8,16,False,0,8,8.430131856584921e-05,1.0000001192092896,40.741656842480936
10_busy_sidewalk,fixed_int8,16,False,1,8,8.546863682568073e-05,0.9999998807907104,40.68193170954377
10_busy_sidewalk,fixed_int8,16,False,2,8,5.60101107112132e-05,0.9999998807907104,42.51733517119372
10_busy_sidewalk,fixed_int8,16,False,3,8,9.546475484967232e-05,1.0,40.20156938359175
10_busy_sidewalk,fixed_int8,16,False,4,8,8.906891162041575e-05,1.0,40.50273854523134
10_busy_sidewalk,fixed_int8,16,False,5,8,0.00010035900049842894,0.9999999403953552,39.98443646702412
10_busy_sidewalk,fixed_int8,16,False,6,8,0.00010922596993623301,1.0,39.616740900280206
10_busy_sidewalk,fixed_int8,16,False,7,8,0.00016897286695893854,1.0000001192092896,37.721830789692284
10_busy_sidewalk,fixed_int8,32,False,0,8,7.485602691303939e-05,1.0000001192092896,41.25773279160959
10_busy_sidewalk,fixed_int8,32,False,1,8,0.00010078561899717897,1.0000001192092896,39.966014843026734
10_busy_sidewalk,fixed_int8,32,False,2,8,8.576824620831758e-05,0.9999998807907104,40.666734185262655
10_busy_sidewalk,fixed_int8,32,False,3,8,9.156339365290478e-05,1.0000001192092896,40.38278171030494
10_busy_sidewalk,fixed_int8,32,False,4,8,7.487427501473576e-05,0.9999999403953552,41.256673438401904
10_busy_sidewalk,fixed_int8,32,False,5,8,9.78496900643222e-05,1.0000001192092896,40.09440597389235
10_busy_sidewalk,fixed_int8,32,False,6,8,0.0003497418947517872,1.0,34.56252341469049
10_busy_sidewalk,fixed_int8,32,False,7,8,0.00016024880460463464,1.0,37.95205201469346
10_busy_sidewalk,fixed_int8,48,False,0,8,7.75810913182795e-05,0.9999999403953552,41.10244089670137
10_busy_sidewalk,fixed_int8,48,False,1,8,0.00010832610132638365,1.0000001192092896,39.65266938671662
10_busy_sidewalk,fixed_int8,48,False,2,8,7.059677591314539e-05,1.0000001192092896,41.512151840785236
10_busy_sidewalk,fixed_int8,48,False,3,8,7.360130257438868e-05,0.9999999403953552,41.33114473691431
10_busy_sidewalk,fixed_int8,48,False,4,8,8.509581675752997e-05,1.0,40.70091788960955
10_busy_sidewalk,fixed_int8,48,False,5,8,8.899137901607901e-05,1.0000001192092896,40.506521150943314
10_busy_sidewalk,fixed_int8,48,False,6,8,9.552344272378832e-05,0.9999998807907104,40.198899819197294
10_busy_sidewalk,fixed_int8,48,False,7,8,9.796603990253061e-05,1.0000001192092896,40.08924498926059
10_busy_sidewalk,fixed_int8,64,False,0,8,8.641090244054794e-05,1.0,40.63431459244971
10_busy_sidewalk,fixed_int8,64,False,1,8,9.64113642112352e-05,1.0000001192092896,40.158718236435284
10_busy_sidewalk,fixed_int8,64,False,2,8,9.274557669414207e-05,1.0,40.32706793983909
10_busy_sidewalk,fixed_int8,64,False,3,8,8.775826427154243e-05,1.0,40.567119750498655
10_busy_sidewalk,fixed_int8,64,False,4,8,8.166239422280341e-05,1.0000001192092896,40.879779431147966
10_busy_sidewalk,fixed_int8,64,False,5,8,7.689903577556834e-05,1.0,41.140791057119024
10_busy_sidewalk,fixed_int8,64,False,6,8,0.0001009088518912904,0.9999998807907104,39.960706832902424
10_busy_sidewalk,fixed_int8,64,False,7,8,0.00017332217248622328,0.9999998211860657,37.61145798332937
10_busy_sidewalk,fixed_int8,80,False,0,8,8.154250826919451e-05,1.0,40.88615933664876
10_busy_sidewalk,fixed_int8,80,False,1,8,9.826836321735755e-05,1.0000001192092896,40.07586329378093
10_busy_sidewalk,fixed_int8,80,False,2,8,0.00011479646491352469,1.0,39.40071485563375
10_busy_sidewalk,fixed_int8,80,False,3,8,7.445460505550727e-05,1.0000001192092896,41.28108487516574
10_busy_sidewalk,fixed_int8,80,False,4,8,8.511654596077278e-05,1.0,40.69986008411489
10_busy_sidewalk,fixed_int8,80,False,5,8,9.508903895039111e-05,1.0000001192092896,40.21869593695877
10_busy_sidewalk,fixed_int8,80,False,6,8,0.00018720090156421065,0.9999999403953552,37.27692038133852
10_busy_sidewalk,fixed_int8,80,False,7,8,0.00012150223483331501,1.0000001192092896,39.15415785633071
10_busy_sidewalk,fixed_int8,96,False,0,8,8.539383998140693e-05,1.000000238418579,40.685735602386174
10_busy_sidewalk,fixed_int8,96,False,1,8,0.00010691101488191634,1.0,39.7097754777534
10_busy_sidewalk,fixed_int8,96,False,2,8,9.618518379284069e-05,1.0,40.16891820816386
10_busy_sidewalk,fixed_int8,96,False,3,8,9.668424900155514e-05,1.0,40.146442718206536
10_busy_sidewalk,fixed_int8,96,False,4,8,9.189868433168158e-05,1.0,40.36690706150133
10_busy_sidewalk,fixed_int8,96,False,5,8,9.765129652805626e-05,1.0,40.10321986157567
10_busy_sidewalk,fixed_int8,96,False,6,8,0.00017698902229312807,1.0000001192092896,37.52053721598651
10_busy_sidewalk,fixed_int8,96,False,7,8,0.00016767368651926517,1.0,37.75535087042891
