video,frame,seed,ablation,stage,path_a,path_b,comparable,reason,exact_equal,both_finite,max_abs_err,mean_abs_err,mse,cosine_similarity,norm_a,norm_b,norm_ratio
01_person_walk,0,232440822,baseline,channel_output,awgn,digital_inprocess,True,,False,True,1.2453997135162354,0.2454523891210556,0.09384004771709442,0.9530800580978394,64.0,64.0,1.0
01_person_walk,0,232440822,baseline,controlnet_input_latent,awgn,digital_inprocess,True,,False,True,2.2359137535095215,0.29161396622657776,0.1753312349319458,0.8781147748095861,54.228607177734375,54.325557708740234,1.0017878115638874
01_person_walk,0,232440822,baseline,cur_snr,awgn,digital_inprocess,True,,False,True,0.2450103759765625,0.2450103759765625,0.06003008410334587,1.0,9.754989624023438,10.0,1.025116415846633
01_person_walk,0,232440822,baseline,cur_step,awgn,digital_inprocess,True,,False,True,0.0047713518142700195,0.0047713518142700195,2.2765798348700628e-05,0.9999999573444014,0.09568041563034058,0.09090906381607056,0.9501324091995582
01_person_walk,0,232440822,baseline,diffusion_latent_final,awgn,digital_inprocess,True,,False,True,0.9385004043579102,0.15906189382076263,0.040628582239151,0.97725097850071,59.93531036376953,60.770206451416016,1.013929953521208
01_person_walk,0,232440822,baseline,diffusion_latent_init,awgn,digital_inprocess,True,,False,True,1.2453997135162354,0.2454523891210556,0.09384004771709442,0.9530800580978394,64.0,64.0,1.0
01_person_walk,0,232440822,baseline,edge_mean,awgn,digital_inprocess,True,,True,True,0.0,0.0,0.0,1.0000019797053321,21.573455810546875,21.573455810546875,1.0
01_person_walk,0,232440822,baseline,edge_post_retransmit,awgn,digital_inprocess,True,,False,True,0.5591417551040649,0.01763080060482025,0.0024078539572656155,0.9562103565972228,21.41183853149414,20.89262580871582,0.9757511377635963
01_person_walk,0,232440822,baseline,edge_uncertainty_mean,awgn,digital_inprocess,True,,True,True,0.0,0.0,0.0,1.0000011122753643,17.904266357421875,17.904266357421875,1.0
01_person_walk,0,232440822,baseline,final_reconstruction,awgn,digital_inprocess,True,,False,True,0.11444339156150818,0.004541303031146526,4.7360965254483745e-05,0.9998925707700899,103.38963317871094,103.16995239257812,0.9978752145705644
01_person_walk,0,232440822,baseline,post_deserialize_latent_raw,awgn,digital_inprocess,False,missing_tensor,,,,,,,,,
01_person_walk,0,232440822,baseline,power_scalar,awgn,digital_inprocess,True,,True,True,0.0,0.0,0.0,1.0,64.0,64.0,1.0
01_person_walk,0,232440822,baseline,pre_serialize_latent,awgn,digital_inprocess,False,missing_tensor,,,,,,,,,
01_person_walk,0,232440822,baseline,receiver_post_norm_latent,awgn,digital_inprocess,True,,False,True,1.2453997135162354,0.2454523891210556,0.09384004771709442,0.9530800580978394,64.0,64.0,1.0
01_person_walk,0,232440822,baseline,sender_vae_latent_post_norm,awgn,digital_inprocess,True,,True,True,0.0,0.0,0.0,1.0,64.0,64.0,1.0
01_person_walk,0,232440822,baseline,sender_vae_latent_pre_norm,awgn,digital_inprocess,True,,True,True,0.0,0.0,0.0,0.9999999801513206,61.640350341796875,61.640350341796875,1.0
01_person_walk,0,232440822,baseline,uncertainty_post_ablation,awgn,digital_inprocess,True,,True,True,0.0,0.0,0.0,1.0000011122753643,17.904266357421875,17.904266357421875,1.0
01_person_walk,0,232440822,baseline,vae_decode_input,awgn,digital_inprocess,True,,False,True,0.9285743236541748,0.16851255297660828,0.04549830034375191,0.9772506979405048,64.00000762939453,64.0,0.9999998807907247
01_person_walk,0,232440822,baseline,channel_output,awgn,digital_wire,False,missing_tensor,,,,,,,,,
01_person_walk,0,232440822,baseline,controlnet_input_latent,awgn,digital_wire,True,,False,True,3.5838398933410645,0.41645482182502747,0.3566587567329407,0.7623483533132774,54.228607177734375,56.48101806640625,1.0415354737268023
01_person_walk,0,232440822,baseline,cur_snr,awgn,digital_wire,True,,False,True,0.2450103759765625,0.2450103759765625,0.06003008410334587,1.0,9.754989624023438,10.0,1.025116415846633
01_person_walk,0,232440822,baseline,cur_step,awgn,digital_wire,True,,False,True,0.0047713518142700195,0.0047713518142700195,2.2765798348700628e-05,0.9999999573444014,0.09568041563034058,0.09090906381607056,0.9501324091995582
01_person_walk,0,232440822,baseline,diffusion_latent_final,awgn,digital_wire,True,,False,True,0.9387087821960449,0.15905945003032684,0.04062874615192413,0.9772508312361369,59.93531036376953,60.77055740356445,1.0139358090368682
01_person_walk,0,232440822,baseline,diffusion_latent_init,awgn,digital_wire,True,,False,True,1.2454067468643188,0.2454521507024765,0.0938403382897377,0.953079879283905,64.0,64.0,1.0
01_person_walk,0,232440822,baseline,edge_mean,awgn,digital_wire,True,,False,True,0.0018325932323932648,0.0005327938124537468,5.872352062397113e-07,0.9999905672334437,21.573455810546875,21.572317123413086,0.9999472181395606
01_person_walk,0,232440822,baseline,edge_post_retransmit,awgn,digital_wire,True,,False,True,0.6310956478118896,0.020063310861587524,0.003227424342185259,0.9427895516285377,21.41183853149414,21.572317123413086,1.0074948534514168
01_person_walk,0,232440822,baseline,edge_uncertainty_mean,awgn,digital_wire,True,,False,True,0.001843232661485672,0.0004007371317129582,4.221219001010468e-07,0.9999895054684529,17.904266357421875,17.903575897216797,0.9999614359956842
01_person_walk,0,232440822,baseline,final_reconstruction,awgn,digital_wire,True,,False,True,0.11428743600845337,0.004542004782706499,4.7380428441101685e-05,0.9998927787102735,103.38963317871094,103.17028045654297,0.9978783876543134
01_person_walk,0,232440822,baseline,post_deserialize_latent_raw,awgn,digital_wire,False,missing_tensor,,,,,,,,,
01_person_walk,0,232440822,baseline,power_scalar,awgn,digital_wire,True,,True,True,0.0,0.0,0.0,1.0,64.0,64.0,1.0
01_person_walk,0,232440822,baseline,pre_serialize_latent,awgn,digital_wire,False,missing_tensor,,,,,,,,,
01_person_walk,0,232440822,baseline,receiver_post_norm_latent,awgn,digital_wire,True,,False,True,1.2454067468643188,0.2454521507024765,0.0938403382897377,0.953079879283905,64.0,64.0,1.0
01_person_walk,0,232440822,baseline,sender_vae_latent_post_norm,awgn,digital_wire,True,,False,True,0.0002734661102294922,3.748868766706437e-05,2.4150637045750045e-09,1.0,64.0,64.0,1.0
01_person_walk,0,232440822,baseline,sender_vae_latent_pre_norm,awgn,digital_wire,True,,True,True,0.0,0.0,0.0,0.9999999801513206,61.640350341796875,61.640350341796875,1.0
01_person_walk,0,232440822,baseline,uncertainty_post_ablation,awgn,digital_wire,True,,False,True,0.001843232661485672,0.0004007371317129582,4.221219001010468e-07,0.9999895054684529,17.904266357421875,17.903575897216797,0.9999614359956842
01_person_walk,0,232440822,baseline,vae_decode_input,awgn,digital_wire,True,,False,True,0.9285712242126465,0.16850978136062622,0.0454980731010437,0.9772509336471696,64.00000762939453,63.99999237060547,0.9999997615814493
01_person_walk,0,232440822,baseline,channel_output,digital_inprocess,digital_wire,False,missing_tensor,,,,,,,,,
01_person_walk,0,232440822,baseline,controlnet_input_latent,digital_inprocess,digital_wire,True,,False,True,4.474462985992432,0.4223235845565796,0.3550727963447571,0.7637613992103564,54.325557708740234,56.48101806640625,1.0396767276504044
01_person_walk,0,232440822,baseline,cur_snr,digital_inprocess,digital_wire,True,,True,True,0.0,0.0,0.0,1.0,10.0,10.0,1.0
01_person_walk,0,232440822,baseline,cur_step,digital_inprocess,digital_wire,True,,True,True,0.0,0.0,0.0,0.9999999906866799,0.09090906381607056,0.09090906381607056,1.0
01_person_walk,0,232440822,baseline,diffusion_latent_final,digital_inprocess,digital_wire,True,,False,True,0.0020494461059570312,4.4216936657903716e-05,1.1414514666796549e-08,0.9999999303873537,60.770206451416016,60.77055740356445,1.0000057750692146
01_person_walk,0,232440822,baseline,diffusion_latent_init,digital_inprocess,digital_wire,True,,False,True,0.0002733469009399414,3.748705785255879e-05,2.4150483834972647e-09,1.0,64.0,64.0,1.0
01_person_walk,0,232440822,baseline,edge_mean,digital_inprocess,digital_wire,True,,False,True,0.0018325932323932648,0.0005327938124537468,5.872352062397113e-07,0.9999905672334437,21.573455810546875,21.572317123413086,0.9999472181395606
01_person_walk,0,232440822,baseline,edge_post_retransmit,digital_inprocess,digital_wire,True,,False,True,0.7054122686386108,0.020782290026545525,0.0035797636955976486,0.9354473243043671,20.89262580871582,21.572317123413086,1.0325325940798555
01_person_walk,0,232440822,baseline,edge_uncertainty_mean,digital_inprocess,digital_wire,True,,False,True,0.001843232661485672,0.0004007371317129582,4.221219001010468e-07,0.9999895054684529,17.904266357421875,17.903575897216797,0.9999614359956842
01_person_walk,0,232440822,baseline,final_reconstruction,digital_inprocess,digital_wire,True,,False,True,0.00021594762802124023,8.471412002108991e-06,1.998966547844816e-10,0.9999999382374138,103.16995239257812,103.17028045654297,1.0000031798402271
01_person_walk,0,232440822,baseline,post_deserialize_latent_raw,digital_inprocess,digital_wire,False,missing_tensor,,,,,,,,,
01_person_walk,0,232440822,baseline,power_scalar,digital_inprocess,digital_wire,True,,True,True,0.0,0.0,0.0,1.0,64.0,64.0,1.0
01_person_walk,0,232440822,baseline,pre_serialize_latent,digital_inprocess,digital_wire,False,missing_tensor,,,,,,,,,
01_person_walk,0,232440822,baseline,receiver_post_norm_latent,digital_inprocess,digital_wire,True,,False,True,0.0002733469009399414,3.748705785255879e-05,2.4150483834972647e-09,1.0,64.0,64.0,1.0
01_person_walk,0,232440822,baseline,sender_vae_latent_post_norm,digital_inprocess,digital_wire,True,,False,True,0.0002734661102294922,3.748868766706437e-05,2.4150637045750045e-09,1.0,64.0,64.0,1.0
01_person_walk,0,232440822,baseline,sender_vae_latent_pre_norm,digital_inprocess,digital_wire,True,,True,True,0.0,0.0,0.0,0.9999999801513206,61.640350341796875,61.640350341796875,1.0
01_person_walk,0,232440822,baseline,uncertainty_post_ablation,digital_inprocess,digital_wire,True,,False,True,0.001843232661485672,0.0004007371317129582,4.221219001010468e-07,0.9999895054684529,17.904266357421875,17.903575897216797,0.9999614359956842
01_person_walk,0,232440822,baseline,vae_decode_input,digital_inprocess,digital_wire,True,,False,True,0.0021219253540039062,4.694142990047112e-05,1.262818294378576e-08,1.0000001192093038,64.0,63.99999237060547,0.9999998807907104
01_person_walk,0,232440822,controlnet_off,channel_output,awgn,digital_inprocess,True,,False,True,1.2453997135162354,0.2454523891210556,0.09384004771709442,0.9530800580978394,64.0,64.0,1.0
01_person_walk,0,232440822,controlnet_off,controlnet_input_latent,awgn,digital_inprocess,True,,False,True,2.2359137535095215,0.29161396622657776,0.1753312349319458,0.8781147748095861,54.228607177734375,54.325557708740234,1.0017878115638874
01_person_walk,0,232440822,controlnet_off,cur_snr,awgn,digital_inprocess,True,,False,True,0.2450103759765625,0.2450103759765625,0.06003008410334587,1.0,9.754989624023438,10.0,1.025116415846633
01_person_walk,0,232440822,controlnet_off,cur_step,awgn,digital_inprocess,True,,False,True,0.0047713518142700195,0.0047713518142700195,2.2765798348700628e-05,0.9999999573444014,0.09568041563034058,0.09090906381607056,0.9501324091995582
01_person_walk,0,232440822,controlnet_off,diffusion_latent_final,awgn,digital_inprocess,True,,False,True,0.938481330871582,0.15905937552452087,0.04062742739915848,0.9772510910979259,59.93486404418945,60.76985168457031,1.0139315847912032
01_person_walk,0,232440822,controlnet_off,diffusion_latent_init,awgn,digital_inprocess,True,,False,True,1.2453997135162354,0.2454523891210556,0.09384004771709442,0.9530800580978394,64.0,64.0,1.0
01_person_walk,0,232440822,controlnet_off,edge_mean,awgn,digital_inprocess,True,,True,True,0.0,0.0,0.0,1.0000019797053321,21.573455810546875,21.573455810546875,1.0
01_person_walk,0,232440822,controlnet_off,edge_post_retransmit,awgn,digital_inprocess,True,,False,True,0.5591417551040649,0.01763080060482025,0.0024078539572656155,0.9562103565972228,21.41183853149414,20.89262580871582,0.9757511377635963
01_person_walk,0,232440822,controlnet_off,edge_uncertainty_mean,awgn,digital_inprocess,True,,True,True,0.0,0.0,0.0,1.0000011122753643,17.904266357421875,17.904266357421875,1.0
01_person_walk,0,232440822,controlnet_off,final_reconstruction,awgn,digital_inprocess,True,,False,True,0.11453807353973389,0.0045416587963700294,4.7395878937095404e-05,0.9998930401044244,103.38983917236328,103.1702651977539,0.9978762518989577
01_person_walk,0,232440822,controlnet_off,post_deserialize_latent_raw,awgn,digital_inprocess,False,missing_tensor,,,,,,,,,
01_person_walk,0,232440822,controlnet_off,power_scalar,awgn,digital_inprocess,True,,True,True,0.0,0.0,0.0,1.0,64.0,64.0,1.0
01_person_walk,0,232440822,controlnet_off,pre_serialize_latent,awgn,digital_inprocess,False,missing_tensor,,,,,,,,,
01_person_walk,0,232440822,controlnet_off,receiver_post_norm_latent,awgn,digital_inprocess,True,,False,True,1.2453997135162354,0.2454523891210556,0.09384004771709442,0.9530800580978394,64.0,64.0,1.0
01_person_walk,0,232440822,controlnet_off,sender_vae_latent_post_norm,awgn,digital_inprocess,True,,True,True,0.0,0.0,0.0,1.0,64.0,64.0,1.0
01_person_walk,0,232440822,controlnet_off,sender_vae_latent_pre_norm,awgn,digital_inprocess,True,,True,True,0.0,0.0,0.0,0.9999999801513206,61.640350341796875,61.640350341796875,1.0
01_person_walk,0,232440822,controlnet_off,uncertainty_post_ablation,awgn,digital_inprocess,True,,True,True,0.0,0.0,0.0,1.0000011122753643,17.904266357421875,17.904266357421875,1.0
01_person_walk,0,232440822,controlnet_off,vae_decode_input,awgn,digital_inprocess,True,,False,True,0.9286016225814819,0.16851119697093964,0.04549756646156311,0.9772512885631632,63.999996185302734,63.999996185302734,1.0
01_person_walk,0,232440822,controlnet_off,channel_output,awgn,digital_wire,False,missing_tensor,,,,,,,,,
01_person_walk,0,232440822,controlnet_off,controlnet_input_latent,awgn,digital_wire,True,,False,True,3.5838398933410645,0.41645482182502747,0.3566587567329407,0.7623483533132774,54.228607177734375,56.48101806640625,1.0415354737268023
01_person_walk,0,232440822,controlnet_off,cur_snr,awgn,digital_wire,True,,False,True,0.2450103759765625,0.2450103759765625,0.06003008410334587,1.0,9.754989624023438,10.0,1.025116415846633
01_person_walk,0,232440822,controlnet_off,cur_step,awgn,digital_wire,True,,False,True,0.0047713518142700195,0.0047713518142700195,2.2765798348700628e-05,0.9999999573444014,0.09568041563034058,0.09090906381607056,0.9501324091995582
01_person_walk,0,232440822,controlnet_off,diffusion_latent_final,awgn,digital_wire,True,,False,True,0.9387898445129395,0.15905910730361938,0.04062894731760025,0.9772504839406662,59.93486404418945,60.77034378051758,1.0139397953036506
01_person_walk,0,232440822,controlnet_off,diffusion_latent_init,awgn,digital_wire,True,,False,True,1.2454067468643188,0.2454521507024765,0.0938403382897377,0.953079879283905,64.0,64.0,1.0
01_person_walk,0,232440822,controlnet_off,edge_mean,awgn,digital_wire,True,,False,True,0.0018325932323932648,0.0005327938124537468,5.872352062397113e-07,0.9999905672334437,21.573455810546875,21.572317123413086,0.9999472181395606
01_person_walk,0,232440822,controlnet_off,edge_post_retransmit,awgn,digital_wire,True,,False,True,0.6310956478118896,0.020063310861587524,0.003227424342185259,0.9427895516285377,21.41183853149414,21.572317123413086,1.0074948534514168
01_person_walk,0,232440822,controlnet_off,edge_uncertainty_mean,awgn,digital_wire,True,,False,True,0.001843232661485672,0.0004007371317129582,4.221219001010468e-07,0.9999895054684529,17.904266357421875,17.903575897216797,0.9999614359956842
01_person_walk,0,232440822,controlnet_off,final_reconstruction,awgn,digital_wire,True,,False,True,0.11437657475471497,0.00454294728115201,4.7411387640750036e-05,0.9998926600049418,103.38983917236328,103.17061614990234,0.9978796463538795
01_person_walk,0,232440822,controlnet_off,post_deserialize_latent_raw,awgn,digital_wire,False,missing_tensor,,,,,,,,,
01_person_walk,0,232440822,controlnet_off,power_scalar,awgn,digital_wire,True,,True,True,0.0,0.0,0.0,1.0,64.0,64.0,1.0
01_person_walk,0,232440822,controlnet_off,pre_serialize_latent,awgn,digital_wire,False,missing_tensor,,,,,,,,,
01_person_walk,0,232440822,controlnet_off,receiver_post_norm_latent,awgn,digital_wire,True,,False,True,1.2454067468643188,0.2454521507024765,0.0938403382897377,0.953079879283905,64.0,64.0,1.0
01_person_walk,0,232440822,controlnet_off,sender_vae_latent_post_norm,awgn,digital_wire,True,,False,True,0.0002734661102294922,3.748868766706437e-05,2.4150637045750045e-09,1.0,64.0,64.0,1.0
01_person_walk,0,232440822,controlnet_off,sender_vae_latent_pre_norm,awgn,digital_wire,True,,True,True,0.0,0.0,0.0,0.9999999801513206,61.640350341796875,61.640350341796875,1.0
01_person_walk,0,232440822,controlnet_off,uncertainty_post_ablation,awgn,digital_wire,True,,False,True,0.001843232661485672,0.0004007371317129582,4.221219001010468e-07,0.9999895054684529,17.904266357421875,17.903575897216797,0.9999614359956842
01_person_walk,0,232440822,controlnet_off,vae_decode_input,awgn,digital_wire,True,,False,True,0.9285814762115479,0.16851039230823517,0.04549868404865265,0.9772505773752653,63.999996185302734,64.00000762939453,1.000000178813945
01_person_walk,0,232440822,controlnet_off,channel_output,digital_inprocess,digital_wire,False,missing_tensor,,,,,,,,,
01_person_walk,0,232440822,controlnet_off,controlnet_input_latent,digital_inprocess,digital_wire,True,,False,True,4.474462985992432,0.4223235845565796,0.3550727963447571,0.7637613992103564,54.325557708740234,56.48101806640625,1.0396767276504044
01_person_walk,0,232440822,controlnet_off,cur_snr,digital_inprocess,digital_wire,True,,True,True,0.0,0.0,0.0,1.0,10.0,10.0,1.0
01_person_walk,0,232440822,controlnet_off,cur_step,digital_inprocess,digital_wire,True,,True,True,0.0,0.0,0.0,0.9999999906866799,0.09090906381607056,0.09090906381607056,1.0
01_person_walk,0,232440822,controlnet_off,diffusion_latent_final,digital_inprocess,digital_wire,True,,False,True,0.0019927024841308594,4.623527274816297e-05,1.3062015469245125e-08,0.9999999621742899,60.76985168457031,60.77034378051758,1.0000080976986716
01_person_walk,0,232440822,controlnet_off,diffusion_latent_init,digital_inprocess,digital_wire,True,,False,True,0.0002733469009399414,3.748705785255879e-05,2.4150483834972647e-09,1.0,64.0,64.0,1.0
01_person_walk,0,232440822,controlnet_off,edge_mean,digital_inprocess,digital_wire,True,,False,True,0.0018325932323932648,0.0005327938124537468,5.872352062397113e-07,0.9999905672334437,21.573455810546875,21.572317123413086,0.9999472181395606
01_person_walk,0,232440822,controlnet_off,edge_post_retransmit,digital_inprocess,digital_wire,True,,False,True,0.7054122686386108,0.020782290026545525,0.0035797636955976486,0.9354473243043671,20.89262580871582,21.572317123413086,1.0325325940798555
01_person_walk,0,232440822,controlnet_off,edge_uncertainty_mean,digital_inprocess,digital_wire,True,,False,True,0.001843232661485672,0.0004007371317129582,4.221219001010468e-07,0.9999895054684529,17.904266357421875,17.903575897216797,0.9999614359956842
01_person_walk,0,232440822,controlnet_off,final_reconstruction,digital_inprocess,digital_wire,True,,False,True,0.00020632147789001465,8.459274795313831e-06,2.1045910847394822e-10,0.9999997995621411,103.1702651977539,103.17061614990234,1.0000034016792316
01_person_walk,0,232440822,controlnet_off,post_deserialize_latent_raw,digital_inprocess,digital_wire,False,missing_tensor,,,,,,,,,
01_person_walk,0,232440822,controlnet_off,power_scalar,digital_inprocess,digital_wire,True,,True,True,0.0,0.0,0.0,1.0,64.0,64.0,1.0
01_person_walk,0,232440822,controlnet_off,pre_serialize_latent,digital_inprocess,digital_wire,False,missing_tensor,,,,,,,,,
01_person_walk,0,232440822,controlnet_off,receiver_post_norm_latent,digital_inprocess,digital_wire,True,,False,True,0.0002733469009399414,3.748705785255879e-05,2.4150483834972647e-09,1.0,64.0,64.0,1.0
01_person_walk,0,232440822,controlnet_off,sender_vae_latent_post_norm,digital_inprocess,digital_wire,True,,False,True,0.0002734661102294922,3.748868766706437e-05,2.4150637045750045e-09,1.0,64.0,64.0,1.0
01_person_walk,0,232440822,controlnet_off,sender_vae_latent_pre_norm,digital_inprocess,digital_wire,True,,True,True,0.0,0.0,0.0,0.9999999801513206,61.640350341796875,61.640350341796875,1.0
01_person_walk,0,232440822,controlnet_off,uncertainty_post_ablation,digital_inprocess,digital_wire,True,,False,True,0.001843232661485672,0.0004007371317129582,4.221219001010468e-07,0.9999895054684529,17.904266357421875,17.903575897216797,0.9999614359956842
01_person_walk,0,232440822,controlnet_off,vae_decode_input,digital_inprocess,digital_wire,True,,False,True,0.0020470619201660156,4.933346644975245e-05,1.4423182648215516e-08,0.9999998211860834,63.999996185302734,64.00000762939453,1.000000178813945
01_person_walk,0,232440822,serialized_raw_edge,channel_output,awgn,digital_inprocess,True,,False,True,1.2453997135162354,0.2454523891210556,0.09384004771709442,0.9530800580978394,64.0,64.0,1.0
01_person_walk,0,232440822,serialized_raw_edge,controlnet_input_latent,awgn,digital_inprocess,True,,True,True,0.0,0.0,0.0,1.000000029192409,56.44280242919922,56.44280242919922,1.0
01_person_walk,0,232440822,serialized_raw_edge,cur_snr,awgn,digital_inprocess,True,,False,True,0.2450103759765625,0.2450103759765625,0.06003008410334587,1.0,9.754989624023438,10.0,1.025116415846633
01_person_walk,0,232440822,serialized_raw_edge,cur_step,awgn,digital_inprocess,True,,False,True,0.0047713518142700195,0.0047713518142700195,2.2765798348700628e-05,0.9999999573444014,0.09568041563034058,0.09090906381607056,0.9501324091995582
01_person_walk,0,232440822,serialized_raw_edge,diffusion_latent_final,awgn,digital_inprocess,True,,False,True,0.9384870529174805,0.1590622067451477,0.04062853753566742,0.9772510247547644,59.935245513916016,60.77020263671875,1.0139309869450501
01_person_walk,0,232440822,serialized_raw_edge,diffusion_latent_init,awgn,digital_inprocess,True,,False,True,1.2453997135162354,0.2454523891210556,0.09384004771709442,0.9530800580978394,64.0,64.0,1.0
01_person_walk,0,232440822,serialized_raw_edge,edge_mean,awgn,digital_inprocess,True,,True,True,0.0,0.0,0.0,1.0000019797053321,21.573455810546875,21.573455810546875,1.0
01_person_walk,0,232440822,serialized_raw_edge,edge_post_retransmit,awgn,digital_inprocess,True,,True,True,0.0,0.0,0.0,1.0000019797053321,21.573455810546875,21.573455810546875,1.0
01_person_walk,0,232440822,serialized_raw_edge,edge_uncertainty_mean,awgn,digital_inprocess,True,,True,True,0.0,0.0,0.0,1.0000011122753643,17.904266357421875,17.904266357421875,1.0
01_person_walk,0,232440822,serialized_raw_edge,final_reconstruction,awgn,digital_inprocess,True,,False,True,0.11434000730514526,0.00454185763373971,4.737481867778115e-05,0.9998928440395947,103.38990020751953,103.16996002197266,0.9978727111148631
01_person_walk,0,232440822,serialized_raw_edge,post_deserialize_latent_raw,awgn,digital_inprocess,False,missing_tensor,,,,,,,,,
01_person_walk,0,232440822,serialized_raw_edge,power_scalar,awgn,digital_inprocess,True,,True,True,0.0,0.0,0.0,1.0,64.0,64.0,1.0
01_person_walk,0,232440822,serialized_raw_edge,pre_serialize_latent,awgn,digital_inprocess,False,missing_tensor,,,,,,,,,
01_person_walk,0,232440822,serialized_raw_edge,receiver_post_norm_latent,awgn,digital_inprocess,True,,False,True,1.2453997135162354,0.2454523891210556,0.09384004771709442,0.9530800580978394,64.0,64.0,1.0
01_person_walk,0,232440822,serialized_raw_edge,sender_vae_latent_post_norm,awgn,digital_inprocess,True,,True,True,0.0,0.0,0.0,1.0,64.0,64.0,1.0
01_person_walk,0,232440822,serialized_raw_edge,sender_vae_latent_pre_norm,awgn,digital_inprocess,True,,True,True,0.0,0.0,0.0,0.9999999801513206,61.640350341796875,61.640350341796875,1.0
01_person_walk,0,232440822,serialized_raw_edge,uncertainty_post_ablation,awgn,digital_inprocess,True,,True,True,0.0,0.0,0.0,1.0000011122753643,17.904266357421875,17.904266357421875,1.0
01_person_walk,0,232440822,serialized_raw_edge,vae_decode_input,awgn,digital_inprocess,True,,False,True,0.9285915493965149,0.16851256787776947,0.04549827426671982,0.9772509309352554,64.0,63.99999237060547,0.9999998807907104
01_person_walk,0,232440822,serialized_raw_edge,channel_output,awgn,digital_wire,False,missing_tensor,,,,,,,,,
01_person_walk,0,232440822,serialized_raw_edge,controlnet_input_latent,awgn,digital_wire,True,,False,True,0.33015984296798706,0.02545560896396637,0.0013612427283078432,0.9991258363073804,56.44280242919922,56.48101806640625,1.000677068387151
01_person_walk,0,232440822,serialized_raw_edge,cur_snr,awgn,digital_wire,True,,False,True,0.2450103759765625,0.2450103759765625,0.06003008410334587,1.0,9.754989624023438,10.0,1.025116415846633
01_person_walk,0,232440822,serialized_raw_edge,cur_step,awgn,digital_wire,True,,False,True,0.0047713518142700195,0.0047713518142700195,2.2765798348700628e-05,0.9999999573444014,0.09568041563034058,0.09090906381607056,0.9501324091995582
01_person_walk,0,232440822,serialized_raw_edge,diffusion_latent_final,awgn,digital_wire,True,,False,True,0.9387030601501465,0.1590612828731537,0.04062953218817711,0.9772505480346306,59.935245513916016,60.77055740356445,1.0139369061140242
01_person_walk,0,232440822,serialized_raw_edge,diffusion_latent_init,awgn,digital_wire,True,,False,True,1.2454067468643188,0.2454521507024765,0.0938403382897377,0.953079879283905,64.0,64.0,1.0
01_person_walk,0,232440822,serialized_raw_edge,edge_mean,awgn,digital_wire,True,,False,True,0.0018325932323932648,0.0005327938124537468,5.872352062397113e-07,0.9999905672334437,21.573455810546875,21.572317123413086,0.9999472181395606
01_person_walk,0,232440822,serialized_raw_edge,edge_post_retransmit,awgn,digital_wire,True,,False,True,0.0018325932323932648,0.0005327938124537468,5.872352062397113e-07,0.9999905672334437,21.573455810546875,21.572317123413086,0.9999472181395606
01_person_walk,0,232440822,serialized_raw_edge,edge_uncertainty_mean,awgn,digital_wire,True,,False,True,0.001843232661485672,0.0004007371317129582,4.221219001010468e-07,0.9999895054684529,17.904266357421875,17.903575897216797,0.9999614359956842
01_person_walk,0,232440822,serialized_raw_edge,final_reconstruction,awgn,digital_wire,True,,False,True,0.11430007219314575,0.004542146343737841,4.7383378841914237e-05,0.9998930343598836,103.38990020751953,103.17028045654297,0.9978758103979619
01_person_walk,0,232440822,serialized_raw_edge,post_deserialize_latent_raw,awgn,digital_wire,False,missing_tensor,,,,,,,,,
01_person_walk,0,232440822,serialized_raw_edge,power_scalar,awgn,digital_wire,True,,True,True,0.0,0.0,0.0,1.0,64.0,64.0,1.0
01_person_walk,0,232440822,serialized_raw_edge,pre_serialize_latent,awgn,digital_wire,False,missing_tensor,,,,,,,,,
01_person_walk,0,232440822,serialized_raw_edge,receiver_post_norm_latent,awgn,digital_wire,True,,False,True,1.2454067468643188,0.2454521507024765,0.0938403382897377,0.953079879283905,64.0,64.0,1.0
01_person_walk,0,232440822,serialized_raw_edge,sender_vae_latent_post_norm,awgn,digital_wire,True,,False,True,0.0002734661102294922,3.748868766706437e-05,2.4150637045750045e-09,1.0,64.0,64.0,1.0
01_person_walk,0,232440822,serialized_raw_edge,sender_vae_latent_pre_norm,awgn,digital_wire,True,,True,True,0.0,0.0,0.0,0.9999999801513206,61.640350341796875,61.640350341796875,1.0
01_person_walk,0,232440822,serialized_raw_edge,uncertainty_post_ablation,awgn,digital_wire,True,,False,True,0.001843232661485672,0.0004007371317129582,4.221219001010468e-07,0.9999895054684529,17.904266357421875,17.903575897216797,0.9999614359956842
01_person_walk,0,232440822,serialized_raw_edge,vae_decode_input,awgn,digital_wire,True,,False,True,0.9285743832588196,0.1685112565755844,0.04549897462129593,0.977250632911996,64.0,63.99999237060547,0.9999998807907104
01_person_walk,0,232440822,serialized_raw_edge,channel_output,digital_inprocess,digital_wire,False,missing_tensor,,,,,,,,,
01_person_walk,0,232440822,serialized_raw_edge,controlnet_input_latent,digital_inprocess,digital_wire,True,,False,True,0.33015984296798706,0.02545560896396637,0.0013612427283078432,0.9991258363073804,56.44280242919922,56.48101806640625,1.000677068387151
01_person_walk,0,232440822,serialized_raw_edge,cur_snr,digital_inprocess,digital_wire,True,,True,True,0.0,0.0,0.0,1.0,10.0,10.0,1.0
01_person_walk,0,232440822,serialized_raw_edge,cur_step,digital_inprocess,digital_wire,True,,True,True,0.0,0.0,0.0,0.9999999906866799,0.09090906381607056,0.09090906381607056,1.0
01_person_walk,0,232440822,serialized_raw_edge,diffusion_latent_final,digital_inprocess,digital_wire,True,,False,True,0.0020651817321777344,4.5192766265245155e-05,1.2727870313256062e-08,0.9999999270515206,60.77020263671875,60.77055740356445,1.0000058378420724
01_person_walk,0,232440822,serialized_raw_edge,diffusion_latent_init,digital_inprocess,digital_wire,True,,False,True,0.0002733469009399414,3.748705785255879e-05,2.4150483834972647e-09,1.0,64.0,64.0,1.0
01_person_walk,0,232440822,serialized_raw_edge,edge_mean,digital_inprocess,digital_wire,True,,False,True,0.0018325932323932648,0.0005327938124537468,5.872352062397113e-07,0.9999905672334437,21.573455810546875,21.572317123413086,0.9999472181395606
01_person_walk,0,232440822,serialized_raw_edge,edge_post_retransmit,digital_inprocess,digital_wire,True,,False,True,0.0018325932323932648,0.0005327938124537468,5.872352062397113e-07,0.9999905672334437,21.573455810546875,21.572317123413086,0.9999472181395606
01_person_walk,0,232440822,serialized_raw_edge,edge_uncertainty_mean,digital_inprocess,digital_wire,True,,False,True,0.001843232661485672,0.0004007371317129582,4.221219001010468e-07,0.9999895054684529,17.904266357421875,17.903575897216797,0.9999614359956842
01_person_walk,0,232440822,serialized_raw_edge,final_reconstruction,digital_inprocess,digital_wire,True,,False,True,0.00024774670600891113,8.418081961281132e-06,1.9742679713274924e-10,0.9999998642876511,103.16996002197266,103.17028045654297,1.0000031058902248
01_person_walk,0,232440822,serialized_raw_edge,post_deserialize_latent_raw,digital_inprocess,digital_wire,False,missing_tensor,,,,,,,,,
01_person_walk,0,232440822,serialized_raw_edge,power_scalar,digital_inprocess,digital_wire,True,,True,True,0.0,0.0,0.0,1.0,64.0,64.0,1.0
01_person_walk,0,232440822,serialized_raw_edge,pre_serialize_latent,digital_inprocess,digital_wire,False,missing_tensor,,,,,,,,,
01_person_walk,0,232440822,serialized_raw_edge,receiver_post_norm_latent,digital_inprocess,digital_wire,True,,False,True,0.0002733469009399414,3.748705785255879e-05,2.4150483834972647e-09,1.0,64.0,64.0,1.0
01_person_walk,0,232440822,serialized_raw_edge,sender_vae_latent_post_norm,digital_inprocess,digital_wire,True,,False,True,0.0002734661102294922,3.748868766706437e-05,2.4150637045750045e-09,1.0,64.0,64.0,1.0
01_person_walk,0,232440822,serialized_raw_edge,sender_vae_latent_pre_norm,digital_inprocess,digital_wire,True,,True,True,0.0,0.0,0.0,0.9999999801513206,61.640350341796875,61.640350341796875,1.0
01_person_walk,0,232440822,serialized_raw_edge,uncertainty_post_ablation,digital_inprocess,digital_wire,True,,False,True,0.001843232661485672,0.0004007371317129582,4.221219001010468e-07,0.9999895054684529,17.904266357421875,17.903575897216797,0.9999614359956842
01_person_walk,0,232440822,serialized_raw_edge,vae_decode_input,digital_inprocess,digital_wire,True,,False,True,0.0021371841430664062,4.808804806089029e-05,1.4083365584838248e-08,1.0000003576279397,63.99999237060547,63.99999237060547,1.0
01_person_walk,0,232440822,awgn_edge_retransmit,channel_output,awgn,digital_inprocess,True,,False,True,1.2453997135162354,0.2454523891210556,0.09384004771709442,0.9530800580978394,64.0,64.0,1.0
01_person_walk,0,232440822,awgn_edge_retransmit,controlnet_input_latent,awgn,digital_inprocess,True,,False,True,2.2359137535095215,0.29161396622657776,0.1753312349319458,0.8781147748095861,54.228607177734375,54.325557708740234,1.0017878115638874
01_person_walk,0,232440822,awgn_edge_retransmit,cur_snr,awgn,digital_inprocess,True,,False,True,0.2450103759765625,0.2450103759765625,0.06003008410334587,1.0,9.754989624023438,10.0,1.025116415846633
01_person_walk,0,232440822,awgn_edge_retransmit,cur_step,awgn,digital_inprocess,True,,False,True,0.0047713518142700195,0.0047713518142700195,2.2765798348700628e-05,0.9999999573444014,0.09568041563034058,0.09090906381607056,0.9501324091995582
01_person_walk,0,232440822,awgn_edge_retransmit,diffusion_latent_final,awgn,digital_inprocess,True,,False,True,0.9385004043579102,0.15906189382076263,0.040628582239151,0.97725097850071,59.93531036376953,60.770206451416016,1.013929953521208
01_person_walk,0,232440822,awgn_edge_retransmit,diffusion_latent_init,awgn,digital_inprocess,True,,False,True,1.2453997135162354,0.2454523891210556,0.09384004771709442,0.9530800580978394,64.0,64.0,1.0
01_person_walk,0,232440822,awgn_edge_retransmit,edge_mean,awgn,digital_inprocess,True,,True,True,0.0,0.0,0.0,1.0000019797053321,21.573455810546875,21.573455810546875,1.0
01_person_walk,0,232440822,awgn_edge_retransmit,edge_post_retransmit,awgn,digital_inprocess,True,,False,True,0.5591417551040649,0.01763080060482025,0.0024078539572656155,0.9562103565972228,21.41183853149414,20.89262580871582,0.9757511377635963
01_person_walk,0,232440822,awgn_edge_retransmit,edge_uncertainty_mean,awgn,digital_inprocess,True,,True,True,0.0,0.0,0.0,1.0000011122753643,17.904266357421875,17.904266357421875,1.0
01_person_walk,0,232440822,awgn_edge_retransmit,final_reconstruction,awgn,digital_inprocess,True,,False,True,0.11444339156150818,0.004541303031146526,4.7360965254483745e-05,0.9998925707700899,103.38963317871094,103.16995239257812,0.9978752145705644
01_person_walk,0,232440822,awgn_edge_retransmit,post_deserialize_latent_raw,awgn,digital_inprocess,False,missing_tensor,,,,,,,,,
01_person_walk,0,232440822,awgn_edge_retransmit,power_scalar,awgn,digital_inprocess,True,,True,True,0.0,0.0,0.0,1.0,64.0,64.0,1.0
01_person_walk,0,232440822,awgn_edge_retransmit,pre_serialize_latent,awgn,digital_inprocess,False,missing_tensor,,,,,,,,,
01_person_walk,0,232440822,awgn_edge_retransmit,receiver_post_norm_latent,awgn,digital_inprocess,True,,False,True,1.2453997135162354,0.2454523891210556,0.09384004771709442,0.9530800580978394,64.0,64.0,1.0
01_person_walk,0,232440822,awgn_edge_retransmit,sender_vae_latent_post_norm,awgn,digital_inprocess,True,,True,True,0.0,0.0,0.0,1.0,64.0,64.0,1.0
01_person_walk,0,232440822,awgn_edge_retransmit,sender_vae_latent_pre_norm,awgn,digital_inprocess,True,,True,True,0.0,0.0,0.0,0.9999999801513206,61.640350341796875,61.640350341796875,1.0
01_person_walk,0,232440822,awgn_edge_retransmit,uncertainty_post_ablation,awgn,digital_inprocess,True,,True,True,0.0,0.0,0.0,1.0000011122753643,17.904266357421875,17.904266357421875,1.0
01_person_walk,0,232440822,awgn_edge_retransmit,vae_decode_input,awgn,digital_inprocess,True,,False,True,0.9285743236541748,0.16851255297660828,0.04549830034375191,0.9772506979405048,64.00000762939453,64.0,0.9999998807907247
01_person_walk,0,232440822,awgn_edge_retransmit,channel_output,awgn,digital_wire,False,missing_tensor,,,,,,,,,
01_person_walk,0,232440822,awgn_edge_retransmit,controlnet_input_latent,awgn,digital_wire,True,,False,True,2.2550251483917236,0.29185396432876587,0.17558541893959045,0.8779569414557215,54.228607177734375,54.333831787109375,1.0019403893046732
01_person_walk,0,232440822,awgn_edge_retransmit,cur_snr,awgn,digital_wire,True,,False,True,0.2450103759765625,0.2450103759765625,0.06003008410334587,1.0,9.754989624023438,10.0,1.025116415846633
01_person_walk,0,232440822,awgn_edge_retransmit,cur_step,awgn,digital_wire,True,,False,True,0.0047713518142700195,0.0047713518142700195,2.2765798348700628e-05,0.9999999573444014,0.09568041563034058,0.09090906381607056,0.9501324091995582
01_person_walk,0,232440822,awgn_edge_retransmit,diffusion_latent_final,awgn,digital_wire,True,,False,True,0.9387044906616211,0.15906094014644623,0.040629491209983826,0.9772506247384971,59.93531036376953,60.77077865600586,1.0139395005576106
01_person_walk,0,232440822,awgn_edge_retransmit,diffusion_latent_init,awgn,digital_wire,True,,False,True,1.2454067468643188,0.2454521507024765,0.0938403382897377,0.953079879283905,64.0,64.0,1.0
01_person_walk,0,232440822,awgn_edge_retransmit,edge_mean,awgn,digital_wire,True,,False,True,0.0018325932323932648,0.0005327938124537468,5.872352062397113e-07,0.9999905672334437,21.573455810546875,21.572317123413086,0.9999472181395606
01_person_walk,0,232440822,awgn_edge_retransmit,edge_post_retransmit,awgn,digital_wire,True,,False,True,0.559026300907135,0.017631402239203453,0.002405814826488495,0.9562413319758724,21.41183853149414,20.885826110839844,0.9754335705511417
01_person_walk,0,232440822,awgn_edge_retransmit,edge_uncertainty_mean,awgn,digital_wire,True,,False,True,0.001843232661485672,0.0004007371317129582,4.221219001010468e-07,0.9999895054684529,17.904266357421875,17.903575897216797,0.9999614359956842
01_person_walk,0,232440822,awgn_edge_retransmit,final_reconstruction,awgn,digital_wire,True,,False,True,0.11430644989013672,0.004542073700577021,4.737487688544206e-05,0.9998925957192112,103.38963317871094,103.17047882080078,0.9978803062630918
01_person_walk,0,232440822,awgn_edge_retransmit,post_deserialize_latent_raw,awgn,digital_wire,False,missing_tensor,,,,,,,,,
01_person_walk,0,232440822,awgn_edge_retransmit,power_scalar,awgn,digital_wire,True,,True,True,0.0,0.0,0.0,1.0,64.0,64.0,1.0
01_person_walk,0,232440822,awgn_edge_retransmit,pre_serialize_latent,awgn,digital_wire,False,missing_tensor,,,,,,,,,
01_person_walk,0,232440822,awgn_edge_retransmit,receiver_post_norm_latent,awgn,digital_wire,True,,False,True,1.2454067468643188,0.2454521507024765,0.0938403382897377,0.953079879283905,64.0,64.0,1.0
01_person_walk,0,232440822,awgn_edge_retransmit,sender_vae_latent_post_norm,awgn,digital_wire,True,,False,True,0.0002734661102294922,3.748868766706437e-05,2.4150637045750045e-09,1.0,64.0,64.0,1.0
01_person_walk,0,232440822,awgn_edge_retransmit,sender_vae_latent_pre_norm,awgn,digital_wire,True,,True,True,0.0,0.0,0.0,0.9999999801513206,61.640350341796875,61.640350341796875,1.0
01_person_walk,0,232440822,awgn_edge_retransmit,uncertainty_post_ablation,awgn,digital_wire,True,,False,True,0.001843232661485672,0.0004007371317129582,4.221219001010468e-07,0.9999895054684529,17.904266357421875,17.903575897216797,0.9999614359956842
01_person_walk,0,232440822,awgn_edge_retransmit,vae_decode_input,awgn,digital_wire,True,,False,True,0.9285567998886108,0.16851109266281128,0.04549863934516907,0.9772505787312294,64.00000762939453,64.0,0.9999998807907247
01_person_walk,0,232440822,awgn_edge_retransmit,channel_output,digital_inprocess,digital_wire,False,missing_tensor,,,,,,,,,
01_person_walk,0,232440822,awgn_edge_retransmit,controlnet_input_latent,digital_inprocess,digital_wire,True,,False,True,0.06731957197189331,0.004373609088361263,5.477380909724161e-05,0.999961988662373,54.325557708740234,54.333831787109375,1.0001523054473458
01_person_walk,0,232440822,awgn_edge_retransmit,cur_snr,digital_inprocess,digital_wire,True,,True,True,0.0,0.0,0.0,1.0,10.0,10.0,1.0
01_person_walk,0,232440822,awgn_edge_retransmit,cur_step,digital_inprocess,digital_wire,True,,True,True,0.0,0.0,0.0,0.9999999906866799,0.09090906381607056,0.09090906381607056,1.0
01_person_walk,0,232440822,awgn_edge_retransmit,diffusion_latent_final,digital_inprocess,digital_wire,True,,False,True,0.0020437240600585938,4.594669007929042e-05,1.3721081160156245e-08,1.0000000577779027,60.770206451416016,60.77077865600586,1.0000094158737194
01_person_walk,0,232440822,awgn_edge_retransmit,diffusion_latent_init,digital_inprocess,digital_wire,True,,False,True,0.0002733469009399414,3.748705785255879e-05,2.4150483834972647e-09,1.0,64.0,64.0,1.0
01_person_walk,0,232440822,awgn_edge_retransmit,edge_mean,digital_inprocess,digital_wire,True,,False,True,0.0018325932323932648,0.0005327938124537468,5.872352062397113e-07,0.9999905672334437,21.573455810546875,21.572317123413086,0.9999472181395606
01_person_walk,0,232440822,awgn_edge_retransmit,edge_post_retransmit,digital_inprocess,digital_wire,True,,False,True,0.003964334726333618,0.0001177065132651478,9.202747008885126e-08,1.0000004702411285,20.89262580871582,20.885826110839844,0.999674540771551
01_person_walk,0,232440822,awgn_edge_retransmit,edge_uncertainty_mean,digital_inprocess,digital_wire,True,,False,True,0.001843232661485672,0.0004007371317129582,4.221219001010468e-07,0.9999895054684529,17.904266357421875,17.903575897216797,0.9999614359956842
01_person_walk,0,232440822,awgn_edge_retransmit,final_reconstruction,digital_inprocess,digital_wire,True,,False,True,0.00019699335098266602,8.44667465571547e-06,2.002195076400426e-10,0.9999996669973311,103.16995239257812,103.17047882080078,1.000005102534318
01_person_walk,0,232440822,awgn_edge_retransmit,post_deserialize_latent_raw,digital_inprocess,digital_wire,False,missing_tensor,,,,,,,,,
01_person_walk,0,232440822,awgn_edge_retransmit,power_scalar,digital_inprocess,digital_wire,True,,True,True,0.0,0.0,0.0,1.0,64.0,64.0,1.0
01_person_walk,0,232440822,awgn_edge_retransmit,pre_serialize_latent,digital_inprocess,digital_wire,False,missing_tensor,,,,,,,,,
01_person_walk,0,232440822,awgn_edge_retransmit,receiver_post_norm_latent,digital_inprocess,digital_wire,True,,False,True,0.0002733469009399414,3.748705785255879e-05,2.4150483834972647e-09,1.0,64.0,64.0,1.0
01_person_walk,0,232440822,awgn_edge_retransmit,sender_vae_latent_post_norm,digital_inprocess,digital_wire,True,,False,True,0.0002734661102294922,3.748868766706437e-05,2.4150637045750045e-09,1.0,64.0,64.0,1.0
01_person_walk,0,232440822,awgn_edge_retransmit,sender_vae_latent_pre_norm,digital_inprocess,digital_wire,True,,True,True,0.0,0.0,0.0,0.9999999801513206,61.640350341796875,61.640350341796875,1.0
01_person_walk,0,232440822,awgn_edge_retransmit,uncertainty_post_ablation,digital_inprocess,digital_wire,True,,False,True,0.001843232661485672,0.0004007371317129582,4.221219001010468e-07,0.9999895054684529,17.904266357421875,17.903575897216797,0.9999614359956842
01_person_walk,0,232440822,awgn_edge_retransmit,vae_decode_input,digital_inprocess,digital_wire,True,,False,True,0.0020918846130371094,4.957336204824969e-05,1.5131217168118383e-08,1.0,64.0,64.0,1.0
01_person_walk,0,232440822,latent_only,channel_output,awgn,digital_inprocess,True,,False,True,1.2453997135162354,0.2454523891210556,0.09384004771709442,0.9530800580978394,64.0,64.0,1.0
01_person_walk,0,232440822,latent_only,controlnet_input_latent,awgn,digital_inprocess,True,,True,True,0.0,0.0,0.0,0.9999999812611555,37.766971588134766,37.766971588134766,1.0
01_person_walk,0,232440822,latent_only,cur_snr,awgn,digital_inprocess,True,,False,True,0.2450103759765625,0.2450103759765625,0.06003008410334587,1.0,9.754989624023438,10.0,1.025116415846633
01_person_walk,0,232440822,latent_only,cur_step,awgn,digital_inprocess,True,,False,True,0.0047713518142700195,0.0047713518142700195,2.2765798348700628e-05,0.9999999573444014,0.09568041563034058,0.09090906381607056,0.9501324091995582
01_person_walk,0,232440822,latent_only,diffusion_latent_final,awgn,digital_inprocess,True,,False,True,0.9385132789611816,0.15905950963497162,0.040627896785736084,0.9772511543833946,59.93559646606445,60.77012634277344,1.0139237769525076
01_person_walk,0,232440822,latent_only,diffusion_latent_init,awgn,digital_inprocess,True,,False,True,1.2453997135162354,0.2454523891210556,0.09384004771709442,0.9530800580978394,64.0,64.0,1.0
01_person_walk,0,232440822,latent_only,edge_mean,awgn,digital_inprocess,True,,True,True,0.0,0.0,0.0,,0.0,0.0,1.0
01_person_walk,0,232440822,latent_only,edge_post_retransmit,awgn,digital_inprocess,True,,True,True,0.0,0.0,0.0,,0.0,0.0,1.0
01_person_walk,0,232440822,latent_only,edge_uncertainty_mean,awgn,digital_inprocess,True,,True,True,0.0,0.0,0.0,,0.0,0.0,1.0
01_person_walk,0,232440822,latent_only,final_reconstruction,awgn,digital_inprocess,True,,False,True,0.11447393894195557,0.0045428103767335415,4.741638622363098e-05,0.9998928936170193,103.38957214355469,103.17027282714844,0.9978789029506597
01_person_walk,0,232440822,latent_only,post_deserialize_latent_raw,awgn,digital_inprocess,False,missing_tensor,,,,,,,,,
01_person_walk,0,232440822,latent_only,power_scalar,awgn,digital_inprocess,True,,True,True,0.0,0.0,0.0,1.0,64.0,64.0,1.0
01_person_walk,0,232440822,latent_only,pre_serialize_latent,awgn,digital_inprocess,False,missing_tensor,,,,,,,,,
01_person_walk,0,232440822,latent_only,receiver_post_norm_latent,awgn,digital_inprocess,True,,False,True,1.2453997135162354,0.2454523891210556,0.09384004771709442,0.9530800580978394,64.0,64.0,1.0
01_person_walk,0,232440822,latent_only,sender_vae_latent_post_norm,awgn,digital_inprocess,True,,True,True,0.0,0.0,0.0,1.0,64.0,64.0,1.0
01_person_walk,0,232440822,latent_only,sender_vae_latent_pre_norm,awgn,digital_inprocess,True,,True,True,0.0,0.0,0.0,0.9999999801513206,61.640350341796875,61.640350341796875,1.0
01_person_walk,0,232440822,latent_only,uncertainty_post_ablation,awgn,digital_inprocess,True,,True,True,0.0,0.0,0.0,,0.0,0.0,1.0
01_person_walk,0,232440822,latent_only,vae_decode_input,awgn,digital_inprocess,True,,False,True,0.9287527799606323,0.16851019859313965,0.045497551560401917,0.9772513481678186,63.99999237060547,64.0,1.0000001192093038
01_person_walk,0,232440822,latent_only,channel_output,awgn,digital_wire,False,missing_tensor,,,,,,,,,
01_person_walk,0,232440822,latent_only,controlnet_input_latent,awgn,digital_wire,True,,True,True,0.0,0.0,0.0,0.9999999812611555,37.766971588134766,37.766971588134766,1.0
01_person_walk,0,232440822,latent_only,cur_snr,awgn,digital_wire,True,,False,True,0.2450103759765625,0.2450103759765625,0.06003008410334587,1.0,9.754989624023438,10.0,1.025116415846633
01_person_walk,0,232440822,latent_only,cur_step,awgn,digital_wire,True,,False,True,0.0047713518142700195,0.0047713518142700195,2.2765798348700628e-05,0.9999999573444014,0.09568041563034058,0.09090906381607056,0.9501324091995582
01_person_walk,0,232440822,latent_only,diffusion_latent_final,awgn,digital_wire,True,,False,True,0.9387941360473633,0.15905901789665222,0.040629226714372635,0.977250792515288,59.93559646606445,60.77060317993164,1.0139317327781991
01_person_walk,0,232440822,latent_only,diffusion_latent_init,awgn,digital_wire,True,,False,True,1.2454067468643188,0.2454521507024765,0.0938403382897377,0.953079879283905,64.0,64.0,1.0
01_person_walk,0,232440822,latent_only,edge_mean,awgn,digital_wire,True,,True,True,0.0,0.0,0.0,,0.0,0.0,1.0
01_person_walk,0,232440822,latent_only,edge_post_retransmit,awgn,digital_wire,True,,True,True,0.0,0.0,0.0,,0.0,0.0,1.0
01_person_walk,0,232440822,latent_only,edge_uncertainty_mean,awgn,digital_wire,True,,True,True,0.0,0.0,0.0,,0.0,0.0,1.0
01_person_walk,0,232440822,latent_only,final_reconstruction,awgn,digital_wire,True,,False,True,0.11441344022750854,0.004542890936136246,4.7424535296158865e-05,0.9998929888957453,103.38957214355469,103.1706314086914,0.9978823712070374
01_person_walk,0,232440822,latent_only,post_deserialize_latent_raw,awgn,digital_wire,False,missing_tensor,,,,,,,,,
01_person_walk,0,232440822,latent_only,power_scalar,awgn,digital_wire,True,,True,True,0.0,0.0,0.0,1.0,64.0,64.0,1.0
01_person_walk,0,232440822,latent_only,pre_serialize_latent,awgn,digital_wire,False,missing_tensor,,,,,,,,,
01_person_walk,0,232440822,latent_only,receiver_post_norm_latent,awgn,digital_wire,True,,False,True,1.2454067468643188,0.2454521507024765,0.0938403382897377,0.953079879283905,64.0,64.0,1.0
01_person_walk,0,232440822,latent_only,sender_vae_latent_post_norm,awgn,digital_wire,True,,False,True,0.0002734661102294922,3.748868766706437e-05,2.4150637045750045e-09,1.0,64.0,64.0,1.0
01_person_walk,0,232440822,latent_only,sender_vae_latent_pre_norm,awgn,digital_wire,True,,True,True,0.0,0.0,0.0,0.9999999801513206,61.640350341796875,61.640350341796875,1.0
01_person_walk,0,232440822,latent_only,uncertainty_post_ablation,awgn,digital_wire,True,,True,True,0.0,0.0,0.0,,0.0,0.0,1.0
01_person_walk,0,232440822,latent_only,vae_decode_input,awgn,digital_wire,True,,False,True,0.928758978843689,0.16850917041301727,0.04549846053123474,0.9772508699746426,63.99999237060547,63.999996185302734,1.0000000596046519
01_person_walk,0,232440822,latent_only,channel_output,digital_inprocess,digital_wire,False,missing_tensor,,,,,,,,,
01_person_walk,0,232440822,latent_only,controlnet_input_latent,digital_inprocess,digital_wire,True,,True,True,0.0,0.0,0.0,0.9999999812611555,37.766971588134766,37.766971588134766,1.0
01_person_walk,0,232440822,latent_only,cur_snr,digital_inprocess,digital_wire,True,,True,True,0.0,0.0,0.0,1.0,10.0,10.0,1.0
01_person_walk,0,232440822,latent_only,cur_step,digital_inprocess,digital_wire,True,,True,True,0.0,0.0,0.0,0.9999999906866799,0.09090906381607056,0.09090906381607056,1.0
01_person_walk,0,232440822,latent_only,diffusion_latent_final,digital_inprocess,digital_wire,True,,False,True,0.001956462860107422,4.187136801192537e-05,1.0398202299199966e-08,0.9999999664785413,60.77012634277344,60.77060317993164,1.0000078465717763
01_person_walk,0,232440822,latent_only,diffusion_latent_init,digital_inprocess,digital_wire,True,,False,True,0.0002733469009399414,3.748705785255879e-05,2.4150483834972647e-09,1.0,64.0,64.0,1.0
01_person_walk,0,232440822,latent_only,edge_mean,digital_inprocess,digital_wire,True,,True,True,0.0,0.0,0.0,,0.0,0.0,1.0
01_person_walk,0,232440822,latent_only,edge_post_retransmit,digital_inprocess,digital_wire,True,,True,True,0.0,0.0,0.0,,0.0,0.0,1.0
01_person_walk,0,232440822,latent_only,edge_uncertainty_mean,digital_inprocess,digital_wire,True,,True,True,0.0,0.0,0.0,,0.0,0.0,1.0
01_person_walk,0,232440822,latent_only,final_reconstruction,digital_inprocess,digital_wire,True,,False,True,0.00017493963241577148,7.54101665734197e-06,1.2965051254809623e-10,0.9999997612070267,103.17027282714844,103.1706314086914,1.000003475628523
01_person_walk,0,232440822,latent_only,post_deserialize_latent_raw,digital_inprocess,digital_wire,False,missing_tensor,,,,,,,,,
01_person_walk,0,232440822,latent_only,power_scalar,digital_inprocess,digital_wire,True,,True,True,0.0,0.0,0.0,1.0,64.0,64.0,1.0
01_person_walk,0,232440822,latent_only,pre_serialize_latent,digital_inprocess,digital_wire,False,missing_tensor,,,,,,,,,
01_person_walk,0,232440822,latent_only,receiver_post_norm_latent,digital_inprocess,digital_wire,True,,False,True,0.0002733469009399414,3.748705785255879e-05,2.4150483834972647e-09,1.0,64.0,64.0,1.0
01_person_walk,0,232440822,latent_only,sender_vae_latent_post_norm,digital_inprocess,digital_wire,True,,False,True,0.0002734661102294922,3.748868766706437e-05,2.4150637045750045e-09,1.0,64.0,64.0,1.0
01_person_walk,0,232440822,latent_only,sender_vae_latent_pre_norm,digital_inprocess,digital_wire,True,,True,True,0.0,0.0,0.0,0.9999999801513206,61.640350341796875,61.640350341796875,1.0
01_person_walk,0,232440822,latent_only,uncertainty_post_ablation,digital_inprocess,digital_wire,True,,True,True,0.0,0.0,0.0,,0.0,0.0,1.0
01_person_walk,0,232440822,latent_only,vae_decode_input,digital_inprocess,digital_wire,True,,False,True,0.0020089149475097656,4.5082611904945225e-05,1.1469500904581764e-08,1.0000000596046483,64.0,63.999996185302734,0.9999999403953552
01_person_walk,0,232440822,uncertainty_off,channel_output,awgn,digital_inprocess,True,,False,True,1.2453997135162354,0.2454523891210556,0.09384004771709442,0.9530800580978394,64.0,64.0,1.0
01_person_walk,0,232440822,uncertainty_off,controlnet_input_latent,awgn,digital_inprocess,True,,False,True,2.6243135929107666,0.2877231240272522,0.17258711159229279,0.8795905642909511,54.14888381958008,54.210792541503906,1.00114330559666
01_person_walk,0,232440822,uncertainty_off,cur_snr,awgn,digital_inprocess,True,,False,True,0.2450103759765625,0.2450103759765625,0.06003008410334587,1.0,9.754989624023438,10.0,1.025116415846633
01_person_walk,0,232440822,uncertainty_off,cur_step,awgn,digital_inprocess,True,,False,True,0.0047713518142700195,0.0047713518142700195,2.2765798348700628e-05,0.9999999573444014,0.09568041563034058,0.09090906381607056,0.9501324091995582
01_person_walk,0,232440822,uncertainty_off,diffusion_latent_final,awgn,digital_inprocess,True,,False,True,0.9384994506835938,0.15906114876270294,0.0406283438205719,0.9772510148377033,59.93529510498047,60.770198822021484,1.013930084361454
01_person_walk,0,232440822,uncertainty_off,diffusion_latent_init,awgn,digital_inprocess,True,,False,True,1.2453997135162354,0.2454523891210556,0.09384004771709442,0.9530800580978394,64.0,64.0,1.0
01_person_walk,0,232440822,uncertainty_off,edge_mean,awgn,digital_inprocess,True,,True,True,0.0,0.0,0.0,1.0000019797053321,21.573455810546875,21.573455810546875,1.0
01_person_walk,0,232440822,uncertainty_off,edge_post_retransmit,awgn,digital_inprocess,True,,False,True,0.5419924259185791,0.017479825764894485,0.0024538100697100163,0.9509366473822759,20.485788345336914,19.6564998626709,0.9595188396616046
01_person_walk,0,232440822,uncertainty_off,edge_uncertainty_mean,awgn,digital_inprocess,True,,True,True,0.0,0.0,0.0,1.0000011122753643,17.904266357421875,17.904266357421875,1.0
01_person_walk,0,232440822,uncertainty_off,final_reconstruction,awgn,digital_inprocess,True,,False,True,0.11434495449066162,0.004541154485195875,4.736437040264718e-05,0.9998930060756402,103.38973236083984,103.17012023925781,0.9978758807420492
01_person_walk,0,232440822,uncertainty_off,post_deserialize_latent_raw,awgn,digital_inprocess,False,missing_tensor,,,,,,,,,
01_person_walk,0,232440822,uncertainty_off,power_scalar,awgn,digital_inprocess,True,,True,True,0.0,0.0,0.0,1.0,64.0,64.0,1.0
01_person_walk,0,232440822,uncertainty_off,pre_serialize_latent,awgn,digital_inprocess,False,missing_tensor,,,,,,,,,
01_person_walk,0,232440822,uncertainty_off,receiver_post_norm_latent,awgn,digital_inprocess,True,,False,True,1.2453997135162354,0.2454523891210556,0.09384004771709442,0.9530800580978394,64.0,64.0,1.0
01_person_walk,0,232440822,uncertainty_off,sender_vae_latent_post_norm,awgn,digital_inprocess,True,,True,True,0.0,0.0,0.0,1.0,64.0,64.0,1.0
01_person_walk,0,232440822,uncertainty_off,sender_vae_latent_pre_norm,awgn,digital_inprocess,True,,True,True,0.0,0.0,0.0,0.9999999801513206,61.640350341796875,61.640350341796875,1.0
01_person_walk,0,232440822,uncertainty_off,uncertainty_post_ablation,awgn,digital_inprocess,True,,True,True,0.0,0.0,0.0,,0.0,0.0,1.0
01_person_walk,0,232440822,uncertainty_off,vae_decode_input,awgn,digital_inprocess,True,,False,True,0.9285756349563599,0.1685117781162262,0.04549805074930191,0.9772508198616795,64.00000762939453,64.00000762939453,1.0
01_person_walk,0,232440822,uncertainty_off,channel_output,awgn,digital_wire,False,missing_tensor,,,,,,,,,
01_person_walk,0,232440822,uncertainty_off,controlnet_input_latent,awgn,digital_wire,True,,False,True,3.5873937606811523,0.41515791416168213,0.35515260696411133,0.7630666755649304,54.14888381958008,56.48101806640625,1.043068925568192
01_person_walk,0,232440822,uncertainty_off,cur_snr,awgn,digital_wire,True,,False,True,0.2450103759765625,0.2450103759765625,0.06003008410334587,1.0,9.754989624023438,10.0,1.025116415846633
01_person_walk,0,232440822,uncertainty_off,cur_step,awgn,digital_wire,True,,False,True,0.0047713518142700195,0.0047713518142700195,2.2765798348700628e-05,0.9999999573444014,0.09568041563034058,0.09090906381607056,0.9501324091995582
01_person_walk,0,232440822,uncertainty_off,diffusion_latent_final,awgn,digital_wire,True,,False,True,0.9387063980102539,0.15905919671058655,0.040628720074892044,0.9772509459737347,59.93529510498047,60.77055740356445,1.013936067172456
01_person_walk,0,232440822,uncertainty_off,diffusion_latent_init,awgn,digital_wire,True,,False,True,1.2454067468643188,0.2454521507024765,0.0938403382897377,0.953079879283905,64.0,64.0,1.0
01_person_walk,0,232440822,uncertainty_off,edge_mean,awgn,digital_wire,True,,False,True,0.0018325932323932648,0.0005327938124537468,5.872352062397113e-07,0.9999905672334437,21.573455810546875,21.572317123413086,0.9999472181395606
01_person_walk,0,232440822,uncertainty_off,edge_post_retransmit,awgn,digital_wire,True,,False,True,0.6787728071212769,0.019800296053290367,0.003269568318501115,0.9407284760679124,20.485788345336914,21.572317123413086,1.0530381725984927
01_person_walk,0,232440822,uncertainty_off,edge_uncertainty_mean,awgn,digital_wire,True,,False,True,0.001843232661485672,0.0004007371317129582,4.221219001010468e-07,0.9999895054684529,17.904266357421875,17.903575897216797,0.9999614359956842
01_person_walk,0,232440822,uncertainty_off,final_reconstruction,awgn,digital_wire,True,,False,True,0.11425885558128357,0.004542156122624874,4.738445932161994e-05,0.9998931012382083,103.38973236083984,103.17028045654297,0.9978774303861144
01_person_walk,0,232440822,uncertainty_off,post_deserialize_latent_raw,awgn,digital_wire,False,missing_tensor,,,,,,,,,
01_person_walk,0,232440822,uncertainty_off,power_scalar,awgn,digital_wire,True,,True,True,0.0,0.0,0.0,1.0,64.0,64.0,1.0
01_person_walk,0,232440822,uncertainty_off,pre_serialize_latent,awgn,digital_wire,False,missing_tensor,,,,,,,,,
01_person_walk,0,232440822,uncertainty_off,receiver_post_norm_latent,awgn,digital_wire,True,,False,True,1.2454067468643188,0.2454521507024765,0.0938403382897377,0.953079879283905,64.0,64.0,1.0
01_person_walk,0,232440822,uncertainty_off,sender_vae_latent_post_norm,awgn,digital_wire,True,,False,True,0.0002734661102294922,3.748868766706437e-05,2.4150637045750045e-09,1.0,64.0,64.0,1.0
01_person_walk,0,232440822,uncertainty_off,sender_vae_latent_pre_norm,awgn,digital_wire,True,,True,True,0.0,0.0,0.0,0.9999999801513206,61.640350341796875,61.640350341796875,1.0
01_person_walk,0,232440822,uncertainty_off,uncertainty_post_ablation,awgn,digital_wire,True,,True,True,0.0,0.0,0.0,,0.0,0.0,1.0
01_person_walk,0,232440822,uncertainty_off,vae_decode_input,awgn,digital_wire,True,,False,True,0.9285696744918823,0.16850948333740234,0.045498043298721313,0.9772509336471696,64.00000762939453,63.99999237060547,0.9999997615814493
01_person_walk,0,232440822,uncertainty_off,channel_output,digital_inprocess,digital_wire,False,missing_tensor,,,,,,,,,
01_person_walk,0,232440822,uncertainty_off,controlnet_input_latent,digital_inprocess,digital_wire,True,,False,True,4.530910491943359,0.420540988445282,0.35336607694625854,0.764485735741221,54.210792541503906,56.48101806640625,1.0418777409159672
01_person_walk,0,232440822,uncertainty_off,cur_snr,digital_inprocess,digital_wire,True,,True,True,0.0,0.0,0.0,1.0,10.0,10.0,1.0
01_person_walk,0,232440822,uncertainty_off,cur_step,digital_inprocess,digital_wire,True,,True,True,0.0,0.0,0.0,0.9999999906866799,0.09090906381607056,0.09090906381607056,1.0
01_person_walk,0,232440822,uncertainty_off,diffusion_latent_final,digital_inprocess,digital_wire,True,,False,True,0.002048969268798828,4.3350275518605486e-05,1.114773962029858e-08,0.9999999237156871,60.770198822021484,60.77055740356445,1.0000059006149382
01_person_walk,0,232440822,uncertainty_off,diffusion_latent_init,digital_inprocess,digital_wire,True,,False,True,0.0002733469009399414,3.748705785255879e-05,2.4150483834972647e-09,1.0,64.0,64.0,1.0
01_person_walk,0,232440822,uncertainty_off,edge_mean,digital_inprocess,digital_wire,True,,False,True,0.0018325932323932648,0.0005327938124537468,5.872352062397113e-07,0.9999905672334437,21.573455810546875,21.572317123413086,0.9999472181395606
01_person_walk,0,232440822,uncertainty_off,edge_post_retransmit,digital_inprocess,digital_wire,True,,False,True,0.7278989553451538,0.020778877660632133,0.0036885759327560663,0.9330687402136095,19.6564998626709,21.572317123413086,1.0974648220246201
01_person_walk,0,232440822,uncertainty_off,edge_uncertainty_mean,digital_inprocess,digital_wire,True,,False,True,0.001843232661485672,0.0004007371317129582,4.221219001010468e-07,0.9999895054684529,17.904266357421875,17.903575897216797,0.9999614359956842
01_person_walk,0,232440822,uncertainty_off,final_reconstruction,digital_inprocess,digital_wire,True,,False,True,0.0001920163631439209,8.490064828947652e-06,1.9178580945578005e-10,0.9999998710428081,103.17012023925781,103.17028045654297,1.0000015529427007
01_person_walk,0,232440822,uncertainty_off,post_deserialize_latent_raw,digital_inprocess,digital_wire,False,missing_tensor,,,,,,,,,
01_person_walk,0,232440822,uncertainty_off,power_scalar,digital_inprocess,digital_wire,True,,True,True,0.0,0.0,0.0,1.0,64.0,64.0,1.0
01_person_walk,0,232440822,uncertainty_off,pre_serialize_latent,digital_inprocess,digital_wire,False,missing_tensor,,,,,,,,,
01_person_walk,0,232440822,uncertainty_off,receiver_post_norm_latent,digital_inprocess,digital_wire,True,,False,True,0.0002733469009399414,3.748705785255879e-05,2.4150483834972647e-09,1.0,64.0,64.0,1.0
01_person_walk,0,232440822,uncertainty_off,sender_vae_latent_post_norm,digital_inprocess,digital_wire,True,,False,True,0.0002734661102294922,3.748868766706437e-05,2.4150637045750045e-09,1.0,64.0,64.0,1.0
01_person_walk,0,232440822,uncertainty_off,sender_vae_latent_pre_norm,digital_inprocess,digital_wire,True,,True,True,0.0,0.0,0.0,0.9999999801513206,61.640350341796875,61.640350341796875,1.0
01_person_walk,0,232440822,uncertainty_off,uncertainty_post_ablation,digital_inprocess,digital_wire,True,,True,True,0.0,0.0,0.0,,0.0,0.0,1.0
01_person_walk,0,232440822,uncertainty_off,vae_decode_input,digital_inprocess,digital_wire,True,,False,True,0.0021200180053710938,4.607740629580803e-05,1.2330206189403725e-08,1.0000000000000142,64.00000762939453,63.99999237060547,0.9999997615814493
01_person_walk,0,232440822,edge_and_uncertainty_off,channel_output,awgn,digital_inprocess,True,,False,True,1.2453997135162354,0.2454523891210556,0.09384004771709442,0.9530800580978394,64.0,64.0,1.0
01_person_walk,0,232440822,edge_and_uncertainty_off,controlnet_input_latent,awgn,digital_inprocess,True,,True,True,0.0,0.0,0.0,0.9999999812611555,37.766971588134766,37.766971588134766,1.0
01_person_walk,0,232440822,edge_and_uncertainty_off,cur_snr,awgn,digital_inprocess,True,,False,True,0.2450103759765625,0.2450103759765625,0.06003008410334587,1.0,9.754989624023438,10.0,1.025116415846633
01_person_walk,0,232440822,edge_and_uncertainty_off,cur_step,awgn,digital_inprocess,True,,False,True,0.0047713518142700195,0.0047713518142700195,2.2765798348700628e-05,0.9999999573444014,0.09568041563034058,0.09090906381607056,0.9501324091995582
01_person_walk,0,232440822,edge_and_uncertainty_off,diffusion_latent_final,awgn,digital_inprocess,True,,False,True,0.9385056495666504,0.15905922651290894,0.04062797874212265,0.9772512633490937,59.93517303466797,60.77001953125,1.0139291580271093
01_person_walk,0,232440822,edge_and_uncertainty_off,diffusion_latent_init,awgn,digital_inprocess,True,,False,True,1.2453997135162354,0.2454523891210556,0.09384004771709442,0.9530800580978394,64.0,64.0,1.0
01_person_walk,0,232440822,edge_and_uncertainty_off,edge_mean,awgn,digital_inprocess,True,,True,True,0.0,0.0,0.0,,0.0,0.0,1.0
01_person_walk,0,232440822,edge_and_uncertainty_off,edge_post_retransmit,awgn,digital_inprocess,True,,True,True,0.0,0.0,0.0,,0.0,0.0,1.0
01_person_walk,0,232440822,edge_and_uncertainty_off,edge_uncertainty_mean,awgn,digital_inprocess,True,,True,True,0.0,0.0,0.0,,0.0,0.0,1.0
01_person_walk,0,232440822,edge_and_uncertainty_off,final_reconstruction,awgn,digital_inprocess,True,,False,True,0.11429569125175476,0.004541710484772921,4.739135692943819e-05,0.9998927286579691,103.38976287841797,103.17032623291016,0.9978775785977393
01_person_walk,0,232440822,edge_and_uncertainty_off,post_deserialize_latent_raw,awgn,digital_inprocess,False,missing_tensor,,,,,,,,,
01_person_walk,0,232440822,edge_and_uncertainty_off,power_scalar,awgn,digital_inprocess,True,,True,True,0.0,0.0,0.0,1.0,64.0,64.0,1.0
01_person_walk,0,232440822,edge_and_uncertainty_off,pre_serialize_latent,awgn,digital_inprocess,False,missing_tensor,,,,,,,,,
01_person_walk,0,232440822,edge_and_uncertainty_off,receiver_post_norm_latent,awgn,digital_inprocess,True,,False,True,1.2453997135162354,0.2454523891210556,0.09384004771709442,0.9530800580978394,64.0,64.0,1.0
01_person_walk,0,232440822,edge_and_uncertainty_off,sender_vae_latent_post_norm,awgn,digital_inprocess,True,,True,True,0.0,0.0,0.0,1.0,64.0,64.0,1.0
01_person_walk,0,232440822,edge_and_uncertainty_off,sender_vae_latent_pre_norm,awgn,digital_inprocess,True,,True,True,0.0,0.0,0.0,0.9999999801513206,61.640350341796875,61.640350341796875,1.0
01_person_walk,0,232440822,edge_and_uncertainty_off,uncertainty_post_ablation,awgn,digital_inprocess,True,,True,True,0.0,0.0,0.0,,0.0,0.0,1.0
01_person_walk,0,232440822,edge_and_uncertainty_off,vae_decode_input,awgn,digital_inprocess,True,,False,True,0.928566038608551,0.16851100325584412,0.04549788683652878,0.9772511111051715,63.9999885559082,64.00000762939453,1.0000002980232772
01_person_walk,0,232440822,edge_and_uncertainty_off,channel_output,awgn,digital_wire,False,missing_tensor,,,,,,,,,
01_person_walk,0,232440822,edge_and_uncertainty_off,controlnet_input_latent,awgn,digital_wire,True,,True,True,0.0,0.0,0.0,0.9999999812611555,37.766971588134766,37.766971588134766,1.0
01_person_walk,0,232440822,edge_and_uncertainty_off,cur_snr,awgn,digital_wire,True,,False,True,0.2450103759765625,0.2450103759765625,0.06003008410334587,1.0,9.754989624023438,10.0,1.025116415846633
01_person_walk,0,232440822,edge_and_uncertainty_off,cur_step,awgn,digital_wire,True,,False,True,0.0047713518142700195,0.0047713518142700195,2.2765798348700628e-05,0.9999999573444014,0.09568041563034058,0.09090906381607056,0.9501324091995582
01_person_walk,0,232440822,edge_and_uncertainty_off,diffusion_latent_final,awgn,digital_wire,True,,False,True,0.9387569427490234,0.15906046330928802,0.04062981531023979,0.9772505232894335,59.93517303466797,60.77055740356445,1.0139381322618903
01_person_walk,0,232440822,edge_and_uncertainty_off,diffusion_latent_init,awgn,digital_wire,True,,False,True,1.2454067468643188,0.2454521507024765,0.0938403382897377,0.953079879283905,64.0,64.0,1.0
01_person_walk,0,232440822,edge_and_uncertainty_off,edge_mean,awgn,digital_wire,True,,True,True,0.0,0.0,0.0,,0.0,0.0,1.0
01_person_walk,0,232440822,edge_and_uncertainty_off,edge_post_retransmit,awgn,digital_wire,True,,True,True,0.0,0.0,0.0,,0.0,0.0,1.0
01_person_walk,0,232440822,edge_and_uncertainty_off,edge_uncertainty_mean,awgn,digital_wire,True,,True,True,0.0,0.0,0.0,,0.0,0.0,1.0
01_person_walk,0,232440822,edge_and_uncertainty_off,final_reconstruction,awgn,digital_wire,True,,False,True,0.1143467128276825,0.004542321432381868,4.739561700262129e-05,0.9998924752233656,103.38976287841797,103.17049407958984,0.9978792020338999
01_person_walk,0,232440822,edge_and_uncertainty_off,post_deserialize_latent_raw,awgn,digital_wire,False,missing_tensor,,,,,,,,,
01_person_walk,0,232440822,edge_and_uncertainty_off,power_scalar,awgn,digital_wire,True,,True,True,0.0,0.0,0.0,1.0,64.0,64.0,1.0
01_person_walk,0,232440822,edge_and_uncertainty_off,pre_serialize_latent,awgn,digital_wire,False,missing_tensor,,,,,,,,,
01_person_walk,0,232440822,edge_and_uncertainty_off,receiver_post_norm_latent,awgn,digital_wire,True,,False,True,1.2454067468643188,0.2454521507024765,0.0938403382897377,0.953079879283905,64.0,64.0,1.0
01_person_walk,0,232440822,edge_and_uncertainty_off,sender_vae_latent_post_norm,awgn,digital_wire,True,,False,True,0.0002734661102294922,3.748868766706437e-05,2.4150637045750045e-09,1.0,64.0,64.0,1.0
01_person_walk,0,232440822,edge_and_uncertainty_off,sender_vae_latent_pre_norm,awgn,digital_wire,True,,True,True,0.0,0.0,0.0,0.9999999801513206,61.640350341796875,61.640350341796875,1.0
01_person_walk,0,232440822,edge_and_uncertainty_off,uncertainty_post_ablation,awgn,digital_wire,True,,True,True,0.0,0.0,0.0,,0.0,0.0,1.0
01_person_walk,0,232440822,edge_and_uncertainty_off,vae_decode_input,awgn,digital_wire,True,,False,True,0.9285563826560974,0.1685113161802292,0.04549930617213249,0.9772506288440701,63.9999885559082,63.99999237060547,1.0000000596046554
01_person_walk,0,232440822,edge_and_uncertainty_off,channel_output,digital_inprocess,digital_wire,False,missing_tensor,,,,,,,,,
01_person_walk,0,232440822,edge_and_uncertainty_off,controlnet_input_latent,digital_inprocess,digital_wire,True,,True,True,0.0,0.0,0.0,0.9999999812611555,37.766971588134766,37.766971588134766,1.0
01_person_walk,0,232440822,edge_and_uncertainty_off,cur_snr,digital_inprocess,digital_wire,True,,True,True,0.0,0.0,0.0,1.0,10.0,10.0,1.0
01_person_walk,0,232440822,edge_and_uncertainty_off,cur_step,digital_inprocess,digital_wire,True,,True,True,0.0,0.0,0.0,0.9999999906866799,0.09090906381607056,0.09090906381607056,1.0
01_person_walk,0,232440822,edge_and_uncertainty_off,diffusion_latent_final,digital_inprocess,digital_wire,True,,False,True,0.0020341873168945312,4.498365524341352e-05,1.1662135257495265e-08,1.0000000974736565,60.77001953125,60.77055740356445,1.0000088509485203
01_person_walk,0,232440822,edge_and_uncertainty_off,diffusion_latent_init,digital_inprocess,digital_wire,True,,False,True,0.0002733469009399414,3.748705785255879e-05,2.4150483834972647e-09,1.0,64.0,64.0,1.0
01_person_walk,0,232440822,edge_and_uncertainty_off,edge_mean,digital_inprocess,digital_wire,True,,True,True,0.0,0.0,0.0,,0.0,0.0,1.0
01_person_walk,0,232440822,edge_and_uncertainty_off,edge_post_retransmit,digital_inprocess,digital_wire,True,,True,True,0.0,0.0,0.0,,0.0,0.0,1.0
01_person_walk,0,232440822,edge_and_uncertainty_off,edge_uncertainty_mean,digital_inprocess,digital_wire,True,,True,True,0.0,0.0,0.0,,0.0,0.0,1.0
01_person_walk,0,232440822,edge_and_uncertainty_off,final_reconstruction,digital_inprocess,digital_wire,True,,False,True,0.00024113059043884277,7.946825462568086e-06,1.7100605653741496e-10,0.9999995654365105,103.17032623291016,103.17049407958984,1.0000016268891048
01_person_walk,0,232440822,edge_and_uncertainty_off,post_deserialize_latent_raw,digital_inprocess,digital_wire,False,missing_tensor,,,,,,,,,
01_person_walk,0,232440822,edge_and_uncertainty_off,power_scalar,digital_inprocess,digital_wire,True,,True,True,0.0,0.0,0.0,1.0,64.0,64.0,1.0
01_person_walk,0,232440822,edge_and_uncertainty_off,pre_serialize_latent,digital_inprocess,digital_wire,False,missing_tensor,,,,,,,,,
01_person_walk,0,232440822,edge_and_uncertainty_off,receiver_post_norm_latent,digital_inprocess,digital_wire,True,,False,True,0.0002733469009399414,3.748705785255879e-05,2.4150483834972647e-09,1.0,64.0,64.0,1.0
01_person_walk,0,232440822,edge_and_uncertainty_off,sender_vae_latent_post_norm,digital_inprocess,digital_wire,True,,False,True,0.0002734661102294922,3.748868766706437e-05,2.4150637045750045e-09,1.0,64.0,64.0,1.0
01_person_walk,0,232440822,edge_and_uncertainty_off,sender_vae_latent_pre_norm,digital_inprocess,digital_wire,True,,True,True,0.0,0.0,0.0,0.9999999801513206,61.640350341796875,61.640350341796875,1.0
01_person_walk,0,232440822,edge_and_uncertainty_off,uncertainty_post_ablation,digital_inprocess,digital_wire,True,,True,True,0.0,0.0,0.0,,0.0,0.0,1.0
01_person_walk,0,232440822,edge_and_uncertainty_off,vae_decode_input,digital_inprocess,digital_wire,True,,False,True,0.0020852088928222656,4.820842877961695e-05,1.2856337328059908e-08,1.0000000000000142,64.00000762939453,63.99999237060547,0.9999997615814493
01_person_walk,0,232440822,fixed_reference_step,channel_output,awgn,digital_inprocess,True,,False,True,1.2453997135162354,0.2454523891210556,0.09384004771709442,0.9530800580978394,64.0,64.0,1.0
01_person_walk,0,232440822,fixed_reference_step,controlnet_input_latent,awgn,digital_inprocess,True,,False,True,2.2359137535095215,0.29161396622657776,0.1753312349319458,0.8781147748095861,54.228607177734375,54.325557708740234,1.0017878115638874
01_person_walk,0,232440822,fixed_reference_step,cur_snr,awgn,digital_inprocess,True,,False,True,0.2450103759765625,0.2450103759765625,0.06003008410334587,1.0,9.754989624023438,10.0,1.025116415846633
01_person_walk,0,232440822,fixed_reference_step,cur_step,awgn,digital_inprocess,True,,False,True,0.0047713518142700195,0.0047713518142700195,2.2765798348700628e-05,0.9999999573444014,0.09568041563034058,0.09090906381607056,0.9501324091995582
01_person_walk,0,232440822,fixed_reference_step,diffusion_latent_final,awgn,digital_inprocess,True,,False,True,0.9385004043579102,0.15906189382076263,0.040628582239151,0.97725097850071,59.93531036376953,60.770206451416016,1.013929953521208
01_person_walk,0,232440822,fixed_reference_step,diffusion_latent_init,awgn,digital_inprocess,True,,False,True,1.2453997135162354,0.2454523891210556,0.09384004771709442,0.9530800580978394,64.0,64.0,1.0
01_person_walk,0,232440822,fixed_reference_step,edge_mean,awgn,digital_inprocess,True,,True,True,0.0,0.0,0.0,1.0000019797053321,21.573455810546875,21.573455810546875,1.0
01_person_walk,0,232440822,fixed_reference_step,edge_post_retransmit,awgn,digital_inprocess,True,,False,True,0.5591417551040649,0.01763080060482025,0.0024078539572656155,0.9562103565972228,21.41183853149414,20.89262580871582,0.9757511377635963
01_person_walk,0,232440822,fixed_reference_step,edge_uncertainty_mean,awgn,digital_inprocess,True,,True,True,0.0,0.0,0.0,1.0000011122753643,17.904266357421875,17.904266357421875,1.0
01_person_walk,0,232440822,fixed_reference_step,final_reconstruction,awgn,digital_inprocess,True,,False,True,0.11444339156150818,0.004541303031146526,4.7360965254483745e-05,0.9998925707700899,103.38963317871094,103.16995239257812,0.9978752145705644
01_person_walk,0,232440822,fixed_reference_step,post_deserialize_latent_raw,awgn,digital_inprocess,False,missing_tensor,,,,,,,,,
01_person_walk,0,232440822,fixed_reference_step,power_scalar,awgn,digital_inprocess,True,,True,True,0.0,0.0,0.0,1.0,64.0,64.0,1.0
01_person_walk,0,232440822,fixed_reference_step,pre_serialize_latent,awgn,digital_inprocess,False,missing_tensor,,,,,,,,,
01_person_walk,0,232440822,fixed_reference_step,receiver_post_norm_latent,awgn,digital_inprocess,True,,False,True,1.2453997135162354,0.2454523891210556,0.09384004771709442,0.9530800580978394,64.0,64.0,1.0
01_person_walk,0,232440822,fixed_reference_step,sender_vae_latent_post_norm,awgn,digital_inprocess,True,,True,True,0.0,0.0,0.0,1.0,64.0,64.0,1.0
01_person_walk,0,232440822,fixed_reference_step,sender_vae_latent_pre_norm,awgn,digital_inprocess,True,,True,True,0.0,0.0,0.0,0.9999999801513206,61.640350341796875,61.640350341796875,1.0
01_person_walk,0,232440822,fixed_reference_step,uncertainty_post_ablation,awgn,digital_inprocess,True,,True,True,0.0,0.0,0.0,1.0000011122753643,17.904266357421875,17.904266357421875,1.0
01_person_walk,0,232440822,fixed_reference_step,vae_decode_input,awgn,digital_inprocess,True,,False,True,0.9285743236541748,0.16851255297660828,0.04549830034375191,0.9772506979405048,64.00000762939453,64.0,0.9999998807907247
01_person_walk,0,232440822,fixed_reference_step,channel_output,awgn,digital_wire,False,missing_tensor,,,,,,,,,
01_person_walk,0,232440822,fixed_reference_step,controlnet_input_latent,awgn,digital_wire,True,,False,True,3.5838398933410645,0.41645482182502747,0.3566587567329407,0.7623483533132774,54.228607177734375,56.48101806640625,1.0415354737268023
01_person_walk,0,232440822,fixed_reference_step,cur_snr,awgn,digital_wire,True,,False,True,0.2450103759765625,0.2450103759765625,0.06003008410334587,1.0,9.754989624023438,10.0,1.025116415846633
01_person_walk,0,232440822,fixed_reference_step,cur_step,awgn,digital_wire,True,,False,True,0.0047713518142700195,0.0047713518142700195,2.2765798348700628e-05,0.9999999573444014,0.09568041563034058,0.09090906381607056,0.9501324091995582
01_person_walk,0,232440822,fixed_reference_step,diffusion_latent_final,awgn,digital_wire,True,,False,True,0.9387087821960449,0.15905945003032684,0.04062874615192413,0.9772508312361369,59.93531036376953,60.77055740356445,1.0139358090368682
01_person_walk,0,232440822,fixed_reference_step,diffusion_latent_init,awgn,digital_wire,True,,False,True,1.2454067468643188,0.2454521507024765,0.0938403382897377,0.953079879283905,64.0,64.0,1.0
01_person_walk,0,232440822,fixed_reference_step,edge_mean,awgn,digital_wire,True,,False,True,0.0018325932323932648,0.0005327938124537468,5.872352062397113e-07,0.9999905672334437,21.573455810546875,21.572317123413086,0.9999472181395606
01_person_walk,0,232440822,fixed_reference_step,edge_post_retransmit,awgn,digital_wire,True,,False,True,0.6310956478118896,0.020063310861587524,0.003227424342185259,0.9427895516285377,21.41183853149414,21.572317123413086,1.0074948534514168
01_person_walk,0,232440822,fixed_reference_step,edge_uncertainty_mean,awgn,digital_wire,True,,False,True,0.001843232661485672,0.0004007371317129582,4.221219001010468e-07,0.9999895054684529,17.904266357421875,17.903575897216797,0.9999614359956842
01_person_walk,0,232440822,fixed_reference_step,final_reconstruction,awgn,digital_wire,True,,False,True,0.11428743600845337,0.004542004782706499,4.7380428441101685e-05,0.9998927787102735,103.38963317871094,103.17028045654297,0.9978783876543134
01_person_walk,0,232440822,fixed_reference_step,post_deserialize_latent_raw,awgn,digital_wire,False,missing_tensor,,,,,,,,,
01_person_walk,0,232440822,fixed_reference_step,power_scalar,awgn,digital_wire,True,,True,True,0.0,0.0,0.0,1.0,64.0,64.0,1.0
01_person_walk,0,232440822,fixed_reference_step,pre_serialize_latent,awgn,digital_wire,False,missing_tensor,,,,,,,,,
01_person_walk,0,232440822,fixed_reference_step,receiver_post_norm_latent,awgn,digital_wire,True,,False,True,1.2454067468643188,0.2454521507024765,0.0938403382897377,0.953079879283905,64.0,64.0,1.0
01_person_walk,0,232440822,fixed_reference_step,sender_vae_latent_post_norm,awgn,digital_wire,True,,False,True,0.0002734661102294922,3.748868766706437e-05,2.4150637045750045e-09,1.0,64.0,64.0,1.0
01_person_walk,0,232440822,fixed_reference_step,sender_vae_latent_pre_norm,awgn,digital_wire,True,,True,True,0.0,0.0,0.0,0.9999999801513206,61.640350341796875,61.640350341796875,1.0
01_person_walk,0,232440822,fixed_reference_step,uncertainty_post_ablation,awgn,digital_wire,True,,False,True,0.001843232661485672,0.0004007371317129582,4.221219001010468e-07,0.9999895054684529,17.904266357421875,17.903575897216797,0.9999614359956842
01_person_walk,0,232440822,fixed_reference_step,vae_decode_input,awgn,digital_wire,True,,False,True,0.9285712242126465,0.16850978136062622,0.0454980731010437,0.9772509336471696,64.00000762939453,63.99999237060547,0.9999997615814493
01_person_walk,0,232440822,fixed_reference_step,channel_output,digital_inprocess,digital_wire,False,missing_tensor,,,,,,,,,
01_person_walk,0,232440822,fixed_reference_step,controlnet_input_latent,digital_inprocess,digital_wire,True,,False,True,4.474462985992432,0.4223235845565796,0.3550727963447571,0.7637613992103564,54.325557708740234,56.48101806640625,1.0396767276504044
01_person_walk,0,232440822,fixed_reference_step,cur_snr,digital_inprocess,digital_wire,True,,True,True,0.0,0.0,0.0,1.0,10.0,10.0,1.0
01_person_walk,0,232440822,fixed_reference_step,cur_step,digital_inprocess,digital_wire,True,,True,True,0.0,0.0,0.0,0.9999999906866799,0.09090906381607056,0.09090906381607056,1.0
01_person_walk,0,232440822,fixed_reference_step,diffusion_latent_final,digital_inprocess,digital_wire,True,,False,True,0.0020494461059570312,4.4216936657903716e-05,1.1414514666796549e-08,0.9999999303873537,60.770206451416016,60.77055740356445,1.0000057750692146
01_person_walk,0,232440822,fixed_reference_step,diffusion_latent_init,digital_inprocess,digital_wire,True,,False,True,0.0002733469009399414,3.748705785255879e-05,2.4150483834972647e-09,1.0,64.0,64.0,1.0
01_person_walk,0,232440822,fixed_reference_step,edge_mean,digital_inprocess,digital_wire,True,,False,True,0.0018325932323932648,0.0005327938124537468,5.872352062397113e-07,0.9999905672334437,21.573455810546875,21.572317123413086,0.9999472181395606
01_person_walk,0,232440822,fixed_reference_step,edge_post_retransmit,digital_inprocess,digital_wire,True,,False,True,0.7054122686386108,0.020782290026545525,0.0035797636955976486,0.9354473243043671,20.89262580871582,21.572317123413086,1.0325325940798555
01_person_walk,0,232440822,fixed_reference_step,edge_uncertainty_mean,digital_inprocess,digital_wire,True,,False,True,0.001843232661485672,0.0004007371317129582,4.221219001010468e-07,0.9999895054684529,17.904266357421875,17.903575897216797,0.9999614359956842
01_person_walk,0,232440822,fixed_reference_step,final_reconstruction,digital_inprocess,digital_wire,True,,False,True,0.00021594762802124023,8.471412002108991e-06,1.998966547844816e-10,0.9999999382374138,103.16995239257812,103.17028045654297,1.0000031798402271
01_person_walk,0,232440822,fixed_reference_step,post_deserialize_latent_raw,digital_inprocess,digital_wire,False,missing_tensor,,,,,,,,,
01_person_walk,0,232440822,fixed_reference_step,power_scalar,digital_inprocess,digital_wire,True,,True,True,0.0,0.0,0.0,1.0,64.0,64.0,1.0
01_person_walk,0,232440822,fixed_reference_step,pre_serialize_latent,digital_inprocess,digital_wire,False,missing_tensor,,,,,,,,,
01_person_walk,0,232440822,fixed_reference_step,receiver_post_norm_latent,digital_inprocess,digital_wire,True,,False,True,0.0002733469009399414,3.748705785255879e-05,2.4150483834972647e-09,1.0,64.0,64.0,1.0
01_person_walk,0,232440822,fixed_reference_step,sender_vae_latent_post_norm,digital_inprocess,digital_wire,True,,False,True,0.0002734661102294922,3.748868766706437e-05,2.4150637045750045e-09,1.0,64.0,64.0,1.0
01_person_walk,0,232440822,fixed_reference_step,sender_vae_latent_pre_norm,digital_inprocess,digital_wire,True,,True,True,0.0,0.0,0.0,0.9999999801513206,61.640350341796875,61.640350341796875,1.0
01_person_walk,0,232440822,fixed_reference_step,uncertainty_post_ablation,digital_inprocess,digital_wire,True,,False,True,0.001843232661485672,0.0004007371317129582,4.221219001010468e-07,0.9999895054684529,17.904266357421875,17.903575897216797,0.9999614359956842
01_person_walk,0,232440822,fixed_reference_step,vae_decode_input,digital_inprocess,digital_wire,True,,False,True,0.0021219253540039062,4.694142990047112e-05,1.262818294378576e-08,1.0000001192093038,64.0,63.99999237060547,0.9999998807907104
01_person_walk,0,232440822,reuse_awgn_step,channel_output,awgn,digital_inprocess,True,,False,True,1.2453997135162354,0.2454523891210556,0.09384004771709442,0.9530800580978394,64.0,64.0,1.0
01_person_walk,0,232440822,reuse_awgn_step,controlnet_input_latent,awgn,digital_inprocess,True,,False,True,2.2457778453826904,0.2878989279270172,0.17117410898208618,0.8807986514423428,54.228607177734375,54.23235321044922,1.0000690785345558
01_person_walk,0,232440822,reuse_awgn_step,cur_snr,awgn,digital_inprocess,True,,False,True,0.2450103759765625,0.2450103759765625,0.06003008410334587,1.0,9.754989624023438,10.0,1.025116415846633
01_person_walk,0,232440822,reuse_awgn_step,cur_step,awgn,digital_inprocess,True,,False,True,0.0047713518142700195,0.0047713518142700195,2.2765798348700628e-05,0.9999999573444014,0.09568041563034058,0.09090906381607056,0.9501324091995582
01_person_walk,0,232440822,reuse_awgn_step,diffusion_latent_final,awgn,digital_inprocess,True,,False,True,0.8933760523796082,0.15738658607006073,0.03957660496234894,0.9776448243016871,59.93531036376953,60.40953063964844,1.0079122018890148
01_person_walk,0,232440822,reuse_awgn_step,diffusion_latent_init,awgn,digital_inprocess,True,,False,True,1.2453997135162354,0.2454523891210556,0.09384004771709442,0.9530800580978394,64.0,64.0,1.0
01_person_walk,0,232440822,reuse_awgn_step,edge_mean,awgn,digital_inprocess,True,,True,True,0.0,0.0,0.0,1.0000019797053321,21.573455810546875,21.573455810546875,1.0
01_person_walk,0,232440822,reuse_awgn_step,edge_post_retransmit,awgn,digital_inprocess,True,,False,True,0.5589298009872437,0.017511773854494095,0.0023790751583874226,0.9567326962066487,21.41183853149414,20.887401580810547,0.9755071499389363
01_person_walk,0,232440822,reuse_awgn_step,edge_uncertainty_mean,awgn,digital_inprocess,True,,True,True,0.0,0.0,0.0,1.0000011122753643,17.904266357421875,17.904266357421875,1.0
01_person_walk,0,232440822,reuse_awgn_step,final_reconstruction,awgn,digital_inprocess,True,,False,True,0.11002108454704285,0.00437835743650794,4.516089029493742e-05,0.9998962397186599,103.38963317871094,103.2945785522461,0.9990806174319186
01_person_walk,0,232440822,reuse_awgn_step,post_deserialize_latent_raw,awgn,digital_inprocess,False,missing_tensor,,,,,,,,,
01_person_walk,0,232440822,reuse_awgn_step,power_scalar,awgn,digital_inprocess,True,,True,True,0.0,0.0,0.0,1.0,64.0,64.0,1.0
01_person_walk,0,232440822,reuse_awgn_step,pre_serialize_latent,awgn,digital_inprocess,False,missing_tensor,,,,,,,,,
01_person_walk,0,232440822,reuse_awgn_step,receiver_post_norm_latent,awgn,digital_inprocess,True,,False,True,1.2453997135162354,0.2454523891210556,0.09384004771709442,0.9530800580978394,64.0,64.0,1.0
01_person_walk,0,232440822,reuse_awgn_step,sender_vae_latent_post_norm,awgn,digital_inprocess,True,,True,True,0.0,0.0,0.0,1.0,64.0,64.0,1.0
01_person_walk,0,232440822,reuse_awgn_step,sender_vae_latent_pre_norm,awgn,digital_inprocess,True,,True,True,0.0,0.0,0.0,0.9999999801513206,61.640350341796875,61.640350341796875,1.0
01_person_walk,0,232440822,reuse_awgn_step,uncertainty_post_ablation,awgn,digital_inprocess,True,,True,True,0.0,0.0,0.0,1.0000011122753643,17.904266357421875,17.904266357421875,1.0
01_person_walk,0,232440822,reuse_awgn_step,vae_decode_input,awgn,digital_inprocess,True,,False,True,0.9429178237915039,0.16727398335933685,0.044710274785757065,0.9776448038047786,64.00000762939453,64.0,0.9999998807907247
01_person_walk,0,232440822,reuse_awgn_step,channel_output,awgn,digital_wire,False,missing_tensor,,,,,,,,,
01_person_walk,0,232440822,reuse_awgn_step,controlnet_input_latent,awgn,digital_wire,True,,False,True,3.5838398933410645,0.41645482182502747,0.3566587567329407,0.7623483533132774,54.228607177734375,56.48101806640625,1.0415354737268023
01_person_walk,0,232440822,reuse_awgn_step,cur_snr,awgn,digital_wire,True,,False,True,0.2450103759765625,0.2450103759765625,0.06003008410334587,1.0,9.754989624023438,10.0,1.025116415846633
01_person_walk,0,232440822,reuse_awgn_step,cur_step,awgn,digital_wire,True,,False,True,0.0047713518142700195,0.0047713518142700195,2.2765798348700628e-05,0.9999999573444014,0.09568041563034058,0.09090906381607056,0.9501324091995582
01_person_walk,0,232440822,reuse_awgn_step,diffusion_latent_final,awgn,digital_wire,True,,False,True,0.8933860659599304,0.15738584101200104,0.039576414972543716,0.977644957968837,59.93531036376953,60.40975570678711,1.0079159570566665
01_person_walk,0,232440822,reuse_awgn_step,diffusion_latent_init,awgn,digital_wire,True,,False,True,1.2454067468643188,0.2454521507024765,0.0938403382897377,0.953079879283905,64.0,64.0,1.0
01_person_walk,0,232440822,reuse_awgn_step,edge_mean,awgn,digital_wire,True,,False,True,0.0018325932323932648,0.0005327938124537468,5.872352062397113e-07,0.9999905672334437,21.573455810546875,21.572317123413086,0.9999472181395606
01_person_walk,0,232440822,reuse_awgn_step,edge_post_retransmit,awgn,digital_wire,True,,False,True,0.6310956478118896,0.020063310861587524,0.003227424342185259,0.9427895516285377,21.41183853149414,21.572317123413086,1.0074948534514168
01_person_walk,0,232440822,reuse_awgn_step,edge_uncertainty_mean,awgn,digital_wire,True,,False,True,0.001843232661485672,0.0004007371317129582,4.221219001010468e-07,0.9999895054684529,17.904266357421875,17.903575897216797,0.9999614359956842
01_person_walk,0,232440822,reuse_awgn_step,final_reconstruction,awgn,digital_wire,True,,False,True,0.10998398065567017,0.004378568846732378,4.516066110227257e-05,0.9998961236945014,103.38963317871094,103.29464721679688,0.9990812815657264
01_person_walk,0,232440822,reuse_awgn_step,post_deserialize_latent_raw,awgn,digital_wire,False,missing_tensor,,,,,,,,,
01_person_walk,0,232440822,reuse_awgn_step,power_scalar,awgn,digital_wire,True,,True,True,0.0,0.0,0.0,1.0,64.0,64.0,1.0
01_person_walk,0,232440822,reuse_awgn_step,pre_serialize_latent,awgn,digital_wire,False,missing_tensor,,,,,,,,,
01_person_walk,0,232440822,reuse_awgn_step,receiver_post_norm_latent,awgn,digital_wire,True,,False,True,1.2454067468643188,0.2454521507024765,0.0938403382897377,0.953079879283905,64.0,64.0,1.0
01_person_walk,0,232440822,reuse_awgn_step,sender_vae_latent_post_norm,awgn,digital_wire,True,,False,True,0.0002734661102294922,3.748868766706437e-05,2.4150637045750045e-09,1.0,64.0,64.0,1.0
01_person_walk,0,232440822,reuse_awgn_step,sender_vae_latent_pre_norm,awgn,digital_wire,True,,True,True,0.0,0.0,0.0,0.9999999801513206,61.640350341796875,61.640350341796875,1.0
01_person_walk,0,232440822,reuse_awgn_step,uncertainty_post_ablation,awgn,digital_wire,True,,False,True,0.001843232661485672,0.0004007371317129582,4.221219001010468e-07,0.9999895054684529,17.904266357421875,17.903575897216797,0.9999614359956842
01_person_walk,0,232440822,reuse_awgn_step,vae_decode_input,awgn,digital_wire,True,,False,True,0.9429234266281128,0.16727235913276672,0.04470984637737274,0.9776449230140539,64.00000762939453,64.0,0.9999998807907247
01_person_walk,0,232440822,reuse_awgn_step,channel_output,digital_inprocess,digital_wire,False,missing_tensor,,,,,,,,,
01_person_walk,0,232440822,reuse_awgn_step,controlnet_input_latent,digital_inprocess,digital_wire,True,,False,True,4.4311699867248535,0.4213573634624481,0.35422030091285706,0.7639923500641508,54.23235321044922,56.48101806640625,1.0414635309522908
01_person_walk,0,232440822,reuse_awgn_step,cur_snr,digital_inprocess,digital_wire,True,,True,True,0.0,0.0,0.0,1.0,10.0,10.0,1.0
01_person_walk,0,232440822,reuse_awgn_step,cur_step,digital_inprocess,digital_wire,True,,True,True,0.0,0.0,0.0,0.9999999906866799,0.09090906381607056,0.09090906381607056,1.0
01_person_walk,0,232440822,reuse_awgn_step,diffusion_latent_final,digital_inprocess,digital_wire,True,,False,True,0.00133514404296875,4.139913653489202e-05,9.443557935640001e-09,0.9999999229250385,60.40953063964844,60.40975570678711,1.0000037256892462
01_person_walk,0,232440822,reuse_awgn_step,diffusion_latent_init,digital_inprocess,digital_wire,True,,False,True,0.0002733469009399414,3.748705785255879e-05,2.4150483834972647e-09,1.0,64.0,64.0,1.0
01_person_walk,0,232440822,reuse_awgn_step,edge_mean,digital_inprocess,digital_wire,True,,False,True,0.0018325932323932648,0.0005327938124537468,5.872352062397113e-07,0.9999905672334437,21.573455810546875,21.572317123413086,0.9999472181395606
01_person_walk,0,232440822,reuse_awgn_step,edge_post_retransmit,digital_inprocess,digital_wire,True,,False,True,0.7037305235862732,0.02071056142449379,0.003559621749445796,0.9358054382087059,20.887401580810547,21.572317123413086,1.0327908447564764
01_person_walk,0,232440822,reuse_awgn_step,edge_uncertainty_mean,digital_inprocess,digital_wire,True,,False,True,0.001843232661485672,0.0004007371317129582,4.221219001010468e-07,0.9999895054684529,17.904266357421875,17.903575897216797,0.9999614359956842
01_person_walk,0,232440822,reuse_awgn_step,final_reconstruction,digital_inprocess,digital_wire,True,,False,True,0.0001278221607208252,7.4016302278323565e-06,1.2012367489599995e-10,1.0000001189669212,103.2945785522461,103.29464721679688,1.0000006647449629
01_person_walk,0,232440822,reuse_awgn_step,post_deserialize_latent_raw,digital_inprocess,digital_wire,False,missing_tensor,,,,,,,,,
01_person_walk,0,232440822,reuse_awgn_step,power_scalar,digital_inprocess,digital_wire,True,,True,True,0.0,0.0,0.0,1.0,64.0,64.0,1.0
01_person_walk,0,232440822,reuse_awgn_step,pre_serialize_latent,digital_inprocess,digital_wire,False,missing_tensor,,,,,,,,,
01_person_walk,0,232440822,reuse_awgn_step,receiver_post_norm_latent,digital_inprocess,digital_wire,True,,False,True,0.0002733469009399414,3.748705785255879e-05,2.4150483834972647e-09,1.0,64.0,64.0,1.0
01_person_walk,0,232440822,reuse_awgn_step,sender_vae_latent_post_norm,digital_inprocess,digital_wire,True,,False,True,0.0002734661102294922,3.748868766706437e-05,2.4150637045750045e-09,1.0,64.0,64.0,1.0
01_person_walk,0,232440822,reuse_awgn_step,sender_vae_latent_pre_norm,digital_inprocess,digital_wire,True,,True,True,0.0,0.0,0.0,0.9999999801513206,61.640350341796875,61.640350341796875,1.0
01_person_walk,0,232440822,reuse_awgn_step,uncertainty_post_ablation,digital_inprocess,digital_wire,True,,False,True,0.001843232661485672,0.0004007371317129582,4.221219001010468e-07,0.9999895054684529,17.904266357421875,17.903575897216797,0.9999614359956842
01_person_walk,0,232440822,reuse_awgn_step,vae_decode_input,digital_inprocess,digital_wire,True,,False,True,0.0014066696166992188,4.4061336666345596e-05,1.0586144405522191e-08,1.0,64.0,64.0,1.0
01_person_walk,0,232440822,fixed_step,channel_output,awgn,digital_inprocess,True,,False,True,1.2453997135162354,0.2454523891210556,0.09384004771709442,0.9530800580978394,64.0,64.0,1.0
01_person_walk,0,232440822,fixed_step,controlnet_input_latent,awgn,digital_inprocess,True,,False,True,2.2359137535095215,0.29161396622657776,0.1753312349319458,0.8781147748095861,54.228607177734375,54.325557708740234,1.0017878115638874
01_person_walk,0,232440822,fixed_step,cur_snr,awgn,digital_inprocess,True,,False,True,0.2450103759765625,0.2450103759765625,0.06003008410334587,1.0,9.754989624023438,10.0,1.025116415846633
01_person_walk,0,232440822,fixed_step,cur_step,awgn,digital_inprocess,True,,False,True,0.0047713518142700195,0.0047713518142700195,2.2765798348700628e-05,0.9999999573444014,0.09568041563034058,0.09090906381607056,0.9501324091995582
01_person_walk,0,232440822,fixed_step,diffusion_latent_final,awgn,digital_inprocess,True,,False,True,0.9025771617889404,0.10389160364866257,0.01917440816760063,0.9895228577491086,60.61872482299805,61.377166748046875,1.0125116773284726
01_person_walk,0,232440822,fixed_step,diffusion_latent_init,awgn,digital_inprocess,True,,False,True,1.2453997135162354,0.2454523891210556,0.09384004771709442,0.9530800580978394,64.0,64.0,1.0
01_person_walk,0,232440822,fixed_step,edge_mean,awgn,digital_inprocess,True,,True,True,0.0,0.0,0.0,1.0000019797053321,21.573455810546875,21.573455810546875,1.0
01_person_walk,0,232440822,fixed_step,edge_post_retransmit,awgn,digital_inprocess,True,,False,True,0.5591417551040649,0.01763080060482025,0.0024078539572656155,0.9562103565972228,21.41183853149414,20.89262580871582,0.9757511377635963
01_person_walk,0,232440822,fixed_step,edge_uncertainty_mean,awgn,digital_inprocess,True,,True,True,0.0,0.0,0.0,1.0000011122753643,17.904266357421875,17.904266357421875,1.0
01_person_walk,0,232440822,fixed_step,final_reconstruction,awgn,digital_inprocess,True,,False,True,0.12343382835388184,0.0037044610362499952,4.117364005651325e-05,0.9999061313368419,103.29914093017578,103.1397933959961,0.9984574166566652
01_person_walk,0,232440822,fixed_step,post_deserialize_latent_raw,awgn,digital_inprocess,False,missing_tensor,,,,,,,,,
01_person_walk,0,232440822,fixed_step,power_scalar,awgn,digital_inprocess,True,,True,True,0.0,0.0,0.0,1.0,64.0,64.0,1.0
01_person_walk,0,232440822,fixed_step,pre_serialize_latent,awgn,digital_inprocess,False,missing_tensor,,,,,,,,,
01_person_walk,0,232440822,fixed_step,receiver_post_norm_latent,awgn,digital_inprocess,True,,False,True,1.2453997135162354,0.2454523891210556,0.09384004771709442,0.9530800580978394,64.0,64.0,1.0
01_person_walk,0,232440822,fixed_step,sender_vae_latent_post_norm,awgn,digital_inprocess,True,,True,True,0.0,0.0,0.0,1.0,64.0,64.0,1.0
01_person_walk,0,232440822,fixed_step,sender_vae_latent_pre_norm,awgn,digital_inprocess,True,,True,True,0.0,0.0,0.0,0.9999999801513206,61.640350341796875,61.640350341796875,1.0
01_person_walk,0,232440822,fixed_step,uncertainty_post_ablation,awgn,digital_inprocess,True,,True,True,0.0,0.0,0.0,1.0000011122753643,17.904266357421875,17.904266357421875,1.0
01_person_walk,0,232440822,fixed_step,vae_decode_input,awgn,digital_inprocess,True,,False,True,0.931212306022644,0.108562171459198,0.020954418927431107,0.9895228731063453,64.0,63.99999237060547,0.9999998807907104
01_person_walk,0,232440822,fixed_step,channel_output,awgn,digital_wire,False,missing_tensor,,,,,,,,,
01_person_walk,0,232440822,fixed_step,controlnet_input_latent,awgn,digital_wire,True,,False,True,3.5838398933410645,0.41645482182502747,0.3566587567329407,0.7623483533132774,54.228607177734375,56.48101806640625,1.0415354737268023
01_person_walk,0,232440822,fixed_step,cur_snr,awgn,digital_wire,True,,False,True,0.2450103759765625,0.2450103759765625,0.06003008410334587,1.0,9.754989624023438,10.0,1.025116415846633
01_person_walk,0,232440822,fixed_step,cur_step,awgn,digital_wire,True,,False,True,0.0047713518142700195,0.0047713518142700195,2.2765798348700628e-05,0.9999999573444014,0.09568041563034058,0.09090906381607056,0.9501324091995582
01_person_walk,0,232440822,fixed_step,diffusion_latent_final,awgn,digital_wire,True,,False,True,0.9012002944946289,0.10386866331100464,0.019174259155988693,0.9895231635506119,60.61872482299805,61.37769317626953,1.012520361579489
01_person_walk,0,232440822,fixed_step,diffusion_latent_init,awgn,digital_wire,True,,False,True,1.2454067468643188,0.2454521507024765,0.0938403382897377,0.953079879283905,64.0,64.0,1.0
01_person_walk,0,232440822,fixed_step,edge_mean,awgn,digital_wire,True,,False,True,0.0018325932323932648,0.0005327938124537468,5.872352062397113e-07,0.9999905672334437,21.573455810546875,21.572317123413086,0.9999472181395606
01_person_walk,0,232440822,fixed_step,edge_post_retransmit,awgn,digital_wire,True,,False,True,0.6310956478118896,0.020063310861587524,0.003227424342185259,0.9427895516285377,21.41183853149414,21.572317123413086,1.0074948534514168
01_person_walk,0,232440822,fixed_step,edge_uncertainty_mean,awgn,digital_wire,True,,False,True,0.001843232661485672,0.0004007371317129582,4.221219001010468e-07,0.9999895054684529,17.904266357421875,17.903575897216797,0.9999614359956842
01_person_walk,0,232440822,fixed_step,final_reconstruction,awgn,digital_wire,True,,False,True,0.12361922860145569,0.0037027401849627495,4.123781400267035e-05,0.999905775303738,103.29914093017578,103.13900756835938,0.9984498093558721
01_person_walk,0,232440822,fixed_step,post_deserialize_latent_raw,awgn,digital_wire,False,missing_tensor,,,,,,,,,
01_person_walk,0,232440822,fixed_step,power_scalar,awgn,digital_wire,True,,True,True,0.0,0.0,0.0,1.0,64.0,64.0,1.0
01_person_walk,0,232440822,fixed_step,pre_serialize_latent,awgn,digital_wire,False,missing_tensor,,,,,,,,,
01_person_walk,0,232440822,fixed_step,receiver_post_norm_latent,awgn,digital_wire,True,,False,True,1.2454067468643188,0.2454521507024765,0.0938403382897377,0.953079879283905,64.0,64.0,1.0
01_person_walk,0,232440822,fixed_step,sender_vae_latent_post_norm,awgn,digital_wire,True,,False,True,0.0002734661102294922,3.748868766706437e-05,2.4150637045750045e-09,1.0,64.0,64.0,1.0
01_person_walk,0,232440822,fixed_step,sender_vae_latent_pre_norm,awgn,digital_wire,True,,True,True,0.0,0.0,0.0,0.9999999801513206,61.640350341796875,61.640350341796875,1.0
01_person_walk,0,232440822,fixed_step,uncertainty_post_ablation,awgn,digital_wire,True,,False,True,0.001843232661485672,0.0004007371317129582,4.221219001010468e-07,0.9999895054684529,17.904266357421875,17.903575897216797,0.9999614359956842
01_person_walk,0,232440822,fixed_step,vae_decode_input,awgn,digital_wire,True,,False,True,0.9297616481781006,0.1085425540804863,0.02095385454595089,0.9895232307342566,64.0,63.99999237060547,0.9999998807907104
01_person_walk,0,232440822,fixed_step,channel_output,digital_inprocess,digital_wire,False,missing_tensor,,,,,,,,,
01_person_walk,0,232440822,fixed_step,controlnet_input_latent,digital_inprocess,digital_wire,True,,False,True,4.474462985992432,0.4223235845565796,0.3550727963447571,0.7637613992103564,54.325557708740234,56.48101806640625,1.0396767276504044
01_person_walk,0,232440822,fixed_step,cur_snr,digital_inprocess,digital_wire,True,,True,True,0.0,0.0,0.0,1.0,10.0,10.0,1.0
01_person_walk,0,232440822,fixed_step,cur_step,digital_inprocess,digital_wire,True,,True,True,0.0,0.0,0.0,0.9999999906866799,0.09090906381607056,0.09090906381607056,1.0
01_person_walk,0,232440822,fixed_step,diffusion_latent_final,digital_inprocess,digital_wire,True,,False,True,0.00905311107635498,0.0007385154021903872,1.0936473699985072e-06,0.9999996908703659,61.377166748046875,61.37769317626953,1.0000085769391216
01_person_walk,0,232440822,fixed_step,diffusion_latent_init,digital_inprocess,digital_wire,True,,False,True,0.0002733469009399414,3.748705785255879e-05,2.4150483834972647e-09,1.0,64.0,64.0,1.0
01_person_walk,0,232440822,fixed_step,edge_mean,digital_inprocess,digital_wire,True,,False,True,0.0018325932323932648,0.0005327938124537468,5.872352062397113e-07,0.9999905672334437,21.573455810546875,21.572317123413086,0.9999472181395606
01_person_walk,0,232440822,fixed_step,edge_post_retransmit,digital_inprocess,digital_wire,True,,False,True,0.7054122686386108,0.020782290026545525,0.0035797636955976486,0.9354473243043671,20.89262580871582,21.572317123413086,1.0325325940798555
01_person_walk,0,232440822,fixed_step,edge_uncertainty_mean,digital_inprocess,digital_wire,True,,False,True,0.001843232661485672,0.0004007371317129582,4.221219001010468e-07,0.9999895054684529,17.904266357421875,17.903575897216797,0.9999614359956842
01_person_walk,0,232440822,fixed_step,final_reconstruction,digital_inprocess,digital_wire,True,,False,True,0.0010930895805358887,2.792467967083212e-05,2.4870299153434416e-09,0.9999997618636917,103.1397933959961,103.13900756835938,0.9999923809461815
01_person_walk,0,232440822,fixed_step,post_deserialize_latent_raw,digital_inprocess,digital_wire,False,missing_tensor,,,,,,,,,
01_person_walk,0,232440822,fixed_step,power_scalar,digital_inprocess,digital_wire,True,,True,True,0.0,0.0,0.0,1.0,64.0,64.0,1.0
01_person_walk,0,232440822,fixed_step,pre_serialize_latent,digital_inprocess,digital_wire,False,missing_tensor,,,,,,,,,
01_person_walk,0,232440822,fixed_step,receiver_post_norm_latent,digital_inprocess,digital_wire,True,,False,True,0.0002733469009399414,3.748705785255879e-05,2.4150483834972647e-09,1.0,64.0,64.0,1.0
01_person_walk,0,232440822,fixed_step,sender_vae_latent_post_norm,digital_inprocess,digital_wire,True,,False,True,0.0002734661102294922,3.748868766706437e-05,2.4150637045750045e-09,1.0,64.0,64.0,1.0
01_person_walk,0,232440822,fixed_step,sender_vae_latent_pre_norm,digital_inprocess,digital_wire,True,,True,True,0.0,0.0,0.0,0.9999999801513206,61.640350341796875,61.640350341796875,1.0
01_person_walk,0,232440822,fixed_step,uncertainty_post_ablation,digital_inprocess,digital_wire,True,,False,True,0.001843232661485672,0.0004007371317129582,4.221219001010468e-07,0.9999895054684529,17.904266357421875,17.903575897216797,0.9999614359956842
01_person_walk,0,232440822,fixed_step,vae_decode_input,digital_inprocess,digital_wire,True,,False,True,0.009430527687072754,0.0007701779832132161,1.1890303994732676e-06,0.9999997019766909,63.99999237060547,63.99999237060547,1.0
01_person_walk,0,232440822,diffusion_bypass_vae_direct,channel_output,awgn,digital_inprocess,True,,False,True,1.2453997135162354,0.2454523891210556,0.09384004771709442,0.9530800580978394,64.0,64.0,1.0
01_person_walk,0,232440822,diffusion_bypass_vae_direct,cur_snr,awgn,digital_inprocess,True,,False,True,0.2450103759765625,0.2450103759765625,0.06003008410334587,1.0,9.754989624023438,10.0,1.025116415846633
01_person_walk,0,232440822,diffusion_bypass_vae_direct,cur_step,awgn,digital_inprocess,True,,False,True,0.0047713518142700195,0.0047713518142700195,2.2765798348700628e-05,0.9999999573444014,0.09568041563034058,0.09090906381607056,0.9501324091995582
01_person_walk,0,232440822,diffusion_bypass_vae_direct,diffusion_latent_final,awgn,digital_inprocess,True,,False,True,1.2453997135162354,0.2454523891210556,0.09384004771709442,0.9530800580978394,64.0,64.0,1.0
01_person_walk,0,232440822,diffusion_bypass_vae_direct,diffusion_latent_init,awgn,digital_inprocess,True,,False,True,1.2453997135162354,0.2454523891210556,0.09384004771709442,0.9530800580978394,64.0,64.0,1.0
01_person_walk,0,232440822,diffusion_bypass_vae_direct,edge_mean,awgn,digital_inprocess,True,,True,True,0.0,0.0,0.0,1.0000019797053321,21.573455810546875,21.573455810546875,1.0
01_person_walk,0,232440822,diffusion_bypass_vae_direct,edge_uncertainty_mean,awgn,digital_inprocess,True,,True,True,0.0,0.0,0.0,1.0000011122753643,17.904266357421875,17.904266357421875,1.0
01_person_walk,0,232440822,diffusion_bypass_vae_direct,final_reconstruction,awgn,digital_inprocess,True,,False,True,0.11583694815635681,0.006396742071956396,8.389487629756331e-05,0.9998091421011437,103.95726776123047,103.94156646728516,0.9998489639610251
01_person_walk,0,232440822,diffusion_bypass_vae_direct,post_deserialize_latent_raw,awgn,digital_inprocess,False,missing_tensor,,,,,,,,,
01_person_walk,0,232440822,diffusion_bypass_vae_direct,power_scalar,awgn,digital_inprocess,True,,True,True,0.0,0.0,0.0,1.0,64.0,64.0,1.0
01_person_walk,0,232440822,diffusion_bypass_vae_direct,pre_serialize_latent,awgn,digital_inprocess,False,missing_tensor,,,,,,,,,
01_person_walk,0,232440822,diffusion_bypass_vae_direct,receiver_post_norm_latent,awgn,digital_inprocess,True,,False,True,1.2453997135162354,0.2454523891210556,0.09384004771709442,0.9530800580978394,64.0,64.0,1.0
01_person_walk,0,232440822,diffusion_bypass_vae_direct,sender_vae_latent_post_norm,awgn,digital_inprocess,True,,True,True,0.0,0.0,0.0,1.0,64.0,64.0,1.0
01_person_walk,0,232440822,diffusion_bypass_vae_direct,sender_vae_latent_pre_norm,awgn,digital_inprocess,True,,True,True,0.0,0.0,0.0,0.9999999801513206,61.640350341796875,61.640350341796875,1.0
01_person_walk,0,232440822,diffusion_bypass_vae_direct,vae_decode_input,awgn,digital_inprocess,True,,False,True,1.2453997135162354,0.2454523891210556,0.09384004771709442,0.9530800580978394,64.0,64.0,1.0
01_person_walk,0,232440822,diffusion_bypass_vae_direct,channel_output,awgn,digital_wire,False,missing_tensor,,,,,,,,,
01_person_walk,0,232440822,diffusion_bypass_vae_direct,cur_snr,awgn,digital_wire,True,,False,True,0.2450103759765625,0.2450103759765625,0.06003008410334587,1.0,9.754989624023438,10.0,1.025116415846633
01_person_walk,0,232440822,diffusion_bypass_vae_direct,cur_step,awgn,digital_wire,True,,False,True,0.0047713518142700195,0.0047713518142700195,2.2765798348700628e-05,0.9999999573444014,0.09568041563034058,0.09090906381607056,0.9501324091995582
01_person_walk,0,232440822,diffusion_bypass_vae_direct,diffusion_latent_final,awgn,digital_wire,True,,False,True,1.2454067468643188,0.2454521507024765,0.0938403382897377,0.953079879283905,64.0,64.0,1.0
01_person_walk,0,232440822,diffusion_bypass_vae_direct,diffusion_latent_init,awgn,digital_wire,True,,False,True,1.2454067468643188,0.2454521507024765,0.0938403382897377,0.953079879283905,64.0,64.0,1.0
01_person_walk,0,232440822,diffusion_bypass_vae_direct,edge_mean,awgn,digital_wire,True,,False,True,0.0018325932323932648,0.0005327938124537468,5.872352062397113e-07,0.9999905672334437,21.573455810546875,21.572317123413086,0.9999472181395606
01_person_walk,0,232440822,diffusion_bypass_vae_direct,edge_uncertainty_mean,awgn,digital_wire,True,,False,True,0.001843232661485672,0.0004007371317129582,4.221219001010468e-07,0.9999895054684529,17.904266357421875,17.903575897216797,0.9999614359956842
01_person_walk,0,232440822,diffusion_bypass_vae_direct,final_reconstruction,awgn,digital_wire,True,,False,True,0.11580348014831543,0.006397231016308069,8.39053318486549e-05,0.9998091135491793,103.95726776123047,103.94151306152344,0.9998484502330014
01_person_walk,0,232440822,diffusion_bypass_vae_direct,post_deserialize_latent_raw,awgn,digital_wire,False,missing_tensor,,,,,,,,,
01_person_walk,0,232440822,diffusion_bypass_vae_direct,power_scalar,awgn,digital_wire,True,,True,True,0.0,0.0,0.0,1.0,64.0,64.0,1.0
01_person_walk,0,232440822,diffusion_bypass_vae_direct,pre_serialize_latent,awgn,digital_wire,False,missing_tensor,,,,,,,,,
01_person_walk,0,232440822,diffusion_bypass_vae_direct,receiver_post_norm_latent,awgn,digital_wire,True,,False,True,1.2454067468643188,0.2454521507024765,0.0938403382897377,0.953079879283905,64.0,64.0,1.0
01_person_walk,0,232440822,diffusion_bypass_vae_direct,sender_vae_latent_post_norm,awgn,digital_wire,True,,False,True,0.0002734661102294922,3.748868766706437e-05,2.4150637045750045e-09,1.0,64.0,64.0,1.0
01_person_walk,0,232440822,diffusion_bypass_vae_direct,sender_vae_latent_pre_norm,awgn,digital_wire,True,,True,True,0.0,0.0,0.0,0.9999999801513206,61.640350341796875,61.640350341796875,1.0
01_person_walk,0,232440822,diffusion_bypass_vae_direct,vae_decode_input,awgn,digital_wire,True,,False,True,1.2454067468643188,0.2454521507024765,0.0938403382897377,0.953079879283905,64.0,64.0,1.0
01_person_walk,0,232440822,diffusion_bypass_vae_direct,channel_output,digital_inprocess,digital_wire,False,missing_tensor,,,,,,,,,
01_person_walk,0,232440822,diffusion_bypass_vae_direct,cur_snr,digital_inprocess,digital_wire,True,,True,True,0.0,0.0,0.0,1.0,10.0,10.0,1.0
01_person_walk,0,232440822,diffusion_bypass_vae_direct,cur_step,digital_inprocess,digital_wire,True,,True,True,0.0,0.0,0.0,0.9999999906866799,0.09090906381607056,0.09090906381607056,1.0
01_person_walk,0,232440822,diffusion_bypass_vae_direct,diffusion_latent_final,digital_inprocess,digital_wire,True,,False,True,0.0002733469009399414,3.748705785255879e-05,2.4150483834972647e-09,1.0,64.0,64.0,1.0
01_person_walk,0,232440822,diffusion_bypass_vae_direct,diffusion_latent_init,digital_inprocess,digital_wire,True,,False,True,0.0002733469009399414,3.748705785255879e-05,2.4150483834972647e-09,1.0,64.0,64.0,1.0
01_person_walk,0,232440822,diffusion_bypass_vae_direct,edge_mean,digital_inprocess,digital_wire,True,,False,True,0.0018325932323932648,0.0005327938124537468,5.872352062397113e-07,0.9999905672334437,21.573455810546875,21.572317123413086,0.9999472181395606
01_person_walk,0,232440822,diffusion_bypass_vae_direct,edge_uncertainty_mean,digital_inprocess,digital_wire,True,,False,True,0.001843232661485672,0.0004007371317129582,4.221219001010468e-07,0.9999895054684529,17.904266357421875,17.903575897216797,0.9999614359956842
01_person_walk,0,232440822,diffusion_bypass_vae_direct,final_reconstruction,digital_inprocess,digital_wire,True,,False,True,0.00016242265701293945,7.295365776371909e-06,1.160819565471094e-10,1.0000001864642374,103.94156646728516,103.94151306152344,0.9999994861943731
01_person_walk,0,232440822,diffusion_bypass_vae_direct,post_deserialize_latent_raw,digital_inprocess,digital_wire,False,missing_tensor,,,,,,,,,
01_person_walk,0,232440822,diffusion_bypass_vae_direct,power_scalar,digital_inprocess,digital_wire,True,,True,True,0.0,0.0,0.0,1.0,64.0,64.0,1.0
01_person_walk,0,232440822,diffusion_bypass_vae_direct,pre_serialize_latent,digital_inprocess,digital_wire,False,missing_tensor,,,,,,,,,
01_person_walk,0,232440822,diffusion_bypass_vae_direct,receiver_post_norm_latent,digital_inprocess,digital_wire,True,,False,True,0.0002733469009399414,3.748705785255879e-05,2.4150483834972647e-09,1.0,64.0,64.0,1.0
01_person_walk,0,232440822,diffusion_bypass_vae_direct,sender_vae_latent_post_norm,digital_inprocess,digital_wire,True,,False,True,0.0002734661102294922,3.748868766706437e-05,2.4150637045750045e-09,1.0,64.0,64.0,1.0
01_person_walk,0,232440822,diffusion_bypass_vae_direct,sender_vae_latent_pre_norm,digital_inprocess,digital_wire,True,,True,True,0.0,0.0,0.0,0.9999999801513206,61.640350341796875,61.640350341796875,1.0
01_person_walk,0,232440822,diffusion_bypass_vae_direct,vae_decode_input,digital_inprocess,digital_wire,True,,False,True,0.0002733469009399414,3.748705785255879e-05,2.4150483834972647e-09,1.0,64.0,64.0,1.0
01_person_walk,0,232440822,minimal_denoise,channel_output,awgn,digital_inprocess,True,,False,True,1.2453997135162354,0.2454523891210556,0.09384004771709442,0.9530800580978394,64.0,64.0,1.0
01_person_walk,0,232440822,minimal_denoise,controlnet_input_latent,awgn,digital_inprocess,True,,False,True,2.2359137535095215,0.29161396622657776,0.1753312349319458,0.8781147748095861,54.228607177734375,54.325557708740234,1.0017878115638874
01_person_walk,0,232440822,minimal_denoise,cur_snr,awgn,digital_inprocess,True,,False,True,0.2450103759765625,0.2450103759765625,0.06003008410334587,1.0,9.754989624023438,10.0,1.025116415846633
01_person_walk,0,232440822,minimal_denoise,cur_step,awgn,digital_inprocess,True,,False,True,0.0047713518142700195,0.0047713518142700195,2.2765798348700628e-05,0.9999999573444014,0.09568041563034058,0.09090906381607056,0.9501324091995582
01_person_walk,0,232440822,minimal_denoise,diffusion_latent_final,awgn,digital_inprocess,True,,False,True,0.8118272423744202,0.1448756605386734,0.03362933173775673,0.9802378151568905,58.71076583862305,59.23943328857422,1.009004608309902
01_person_walk,0,232440822,minimal_denoise,diffusion_latent_init,awgn,digital_inprocess,True,,False,True,1.2453997135162354,0.2454523891210556,0.09384004771709442,0.9530800580978394,64.0,64.0,1.0
01_person_walk,0,232440822,minimal_denoise,edge_mean,awgn,digital_inprocess,True,,True,True,0.0,0.0,0.0,1.0000019797053321,21.573455810546875,21.573455810546875,1.0
01_person_walk,0,232440822,minimal_denoise,edge_post_retransmit,awgn,digital_inprocess,True,,False,True,0.5591417551040649,0.01763080060482025,0.0024078539572656155,0.9562103565972228,21.41183853149414,20.89262580871582,0.9757511377635963
01_person_walk,0,232440822,minimal_denoise,edge_uncertainty_mean,awgn,digital_inprocess,True,,True,True,0.0,0.0,0.0,1.0000011122753643,17.904266357421875,17.904266357421875,1.0
01_person_walk,0,232440822,minimal_denoise,final_reconstruction,awgn,digital_inprocess,True,,False,True,0.11822599172592163,0.004217252135276794,4.3670017475960776e-05,0.9999004399114226,103.64041137695312,103.51622009277344,0.9988017098491824
01_person_walk,0,232440822,minimal_denoise,post_deserialize_latent_raw,awgn,digital_inprocess,False,missing_tensor,,,,,,,,,
01_person_walk,0,232440822,minimal_denoise,power_scalar,awgn,digital_inprocess,True,,True,True,0.0,0.0,0.0,1.0,64.0,64.0,1.0
01_person_walk,0,232440822,minimal_denoise,pre_serialize_latent,awgn,digital_inprocess,False,missing_tensor,,,,,,,,,
01_person_walk,0,232440822,minimal_denoise,receiver_post_norm_latent,awgn,digital_inprocess,True,,False,True,1.2453997135162354,0.2454523891210556,0.09384004771709442,0.9530800580978394,64.0,64.0,1.0
01_person_walk,0,232440822,minimal_denoise,sender_vae_latent_post_norm,awgn,digital_inprocess,True,,True,True,0.0,0.0,0.0,1.0,64.0,64.0,1.0
01_person_walk,0,232440822,minimal_denoise,sender_vae_latent_pre_norm,awgn,digital_inprocess,True,,True,True,0.0,0.0,0.0,0.9999999801513206,61.640350341796875,61.640350341796875,1.0
01_person_walk,0,232440822,minimal_denoise,uncertainty_post_ablation,awgn,digital_inprocess,True,,True,True,0.0,0.0,0.0,1.0000011122753643,17.904266357421875,17.904266357421875,1.0
01_person_walk,0,232440822,minimal_denoise,vae_decode_input,awgn,digital_inprocess,True,,False,True,0.8718212246894836,0.15706481039524078,0.03952459618449211,0.9802378392503035,63.999996185302734,63.999996185302734,1.0
01_person_walk,0,232440822,minimal_denoise,channel_output,awgn,digital_wire,False,missing_tensor,,,,,,,,,
01_person_walk,0,232440822,minimal_denoise,controlnet_input_latent,awgn,digital_wire,True,,False,True,3.5838398933410645,0.41645482182502747,0.3566587567329407,0.7623483533132774,54.228607177734375,56.48101806640625,1.0415354737268023
01_person_walk,0,232440822,minimal_denoise,cur_snr,awgn,digital_wire,True,,False,True,0.2450103759765625,0.2450103759765625,0.06003008410334587,1.0,9.754989624023438,10.0,1.025116415846633
01_person_walk,0,232440822,minimal_denoise,cur_step,awgn,digital_wire,True,,False,True,0.0047713518142700195,0.0047713518142700195,2.2765798348700628e-05,0.9999999573444014,0.09568041563034058,0.09090906381607056,0.9501324091995582
01_person_walk,0,232440822,minimal_denoise,diffusion_latent_final,awgn,digital_wire,True,,False,True,0.8117638230323792,0.1448734551668167,0.033628590404987335,0.9802381628807815,58.71076583862305,59.23920440673828,1.0090007098454097
01_person_walk,0,232440822,minimal_denoise,diffusion_latent_init,awgn,digital_wire,True,,False,True,1.2454067468643188,0.2454521507024765,0.0938403382897377,0.953079879283905,64.0,64.0,1.0
01_person_walk,0,232440822,minimal_denoise,edge_mean,awgn,digital_wire,True,,False,True,0.0018325932323932648,0.0005327938124537468,5.872352062397113e-07,0.9999905672334437,21.573455810546875,21.572317123413086,0.9999472181395606
01_person_walk,0,232440822,minimal_denoise,edge_post_retransmit,awgn,digital_wire,True,,False,True,0.6310956478118896,0.020063310861587524,0.003227424342185259,0.9427895516285377,21.41183853149414,21.572317123413086,1.0074948534514168
01_person_walk,0,232440822,minimal_denoise,edge_uncertainty_mean,awgn,digital_wire,True,,False,True,0.001843232661485672,0.0004007371317129582,4.221219001010468e-07,0.9999895054684529,17.904266357421875,17.903575897216797,0.9999614359956842
01_person_walk,0,232440822,minimal_denoise,final_reconstruction,awgn,digital_wire,True,,False,True,0.11818170547485352,0.004217604640871286,4.368474765215069e-05,0.9999002265860247,103.64041137695312,103.51712799072266,0.9988104699258471
01_person_walk,0,232440822,minimal_denoise,post_deserialize_latent_raw,awgn,digital_wire,False,missing_tensor,,,,,,,,,
01_person_walk,0,232440822,minimal_denoise,power_scalar,awgn,digital_wire,True,,True,True,0.0,0.0,0.0,1.0,64.0,64.0,1.0
01_person_walk,0,232440822,minimal_denoise,pre_serialize_latent,awgn,digital_wire,False,missing_tensor,,,,,,,,,
01_person_walk,0,232440822,minimal_denoise,receiver_post_norm_latent,awgn,digital_wire,True,,False,True,1.2454067468643188,0.2454521507024765,0.0938403382897377,0.953079879283905,64.0,64.0,1.0
01_person_walk,0,232440822,minimal_denoise,sender_vae_latent_post_norm,awgn,digital_wire,True,,False,True,0.0002734661102294922,3.748868766706437e-05,2.4150637045750045e-09,1.0,64.0,64.0,1.0
01_person_walk,0,232440822,minimal_denoise,sender_vae_latent_pre_norm,awgn,digital_wire,True,,True,True,0.0,0.0,0.0,0.9999999801513206,61.640350341796875,61.640350341796875,1.0
01_person_walk,0,232440822,minimal_denoise,uncertainty_post_ablation,awgn,digital_wire,True,,False,True,0.001843232661485672,0.0004007371317129582,4.221219001010468e-07,0.9999895054684529,17.904266357421875,17.903575897216797,0.9999614359956842
01_person_walk,0,232440822,minimal_denoise,vae_decode_input,awgn,digital_wire,True,,False,True,0.8717581629753113,0.15706321597099304,0.03952393680810928,0.9802381372735629,63.999996185302734,63.999996185302734,1.0
01_person_walk,0,232440822,minimal_denoise,channel_output,digital_inprocess,digital_wire,False,missing_tensor,,,,,,,,,
01_person_walk,0,232440822,minimal_denoise,controlnet_input_latent,digital_inprocess,digital_wire,True,,False,True,4.474462985992432,0.4223235845565796,0.3550727963447571,0.7637613992103564,54.325557708740234,56.48101806640625,1.0396767276504044
01_person_walk,0,232440822,minimal_denoise,cur_snr,digital_inprocess,digital_wire,True,,True,True,0.0,0.0,0.0,1.0,10.0,10.0,1.0
01_person_walk,0,232440822,minimal_denoise,cur_step,digital_inprocess,digital_wire,True,,True,True,0.0,0.0,0.0,0.9999999906866799,0.09090906381607056,0.09090906381607056,1.0
01_person_walk,0,232440822,minimal_denoise,diffusion_latent_final,digital_inprocess,digital_wire,True,,False,True,0.0012431144714355469,6.755503272870556e-05,1.5811208342597638e-08,1.0000001327217614,59.23943328857422,59.23920440673828,0.9999961363263753
01_person_walk,0,232440822,minimal_denoise,diffusion_latent_init,digital_inprocess,digital_wire,True,,False,True,0.0002733469009399414,3.748705785255879e-05,2.4150483834972647e-09,1.0,64.0,64.0,1.0
01_person_walk,0,232440822,minimal_denoise,edge_mean,digital_inprocess,digital_wire,True,,False,True,0.0018325932323932648,0.0005327938124537468,5.872352062397113e-07,0.9999905672334437,21.573455810546875,21.572317123413086,0.9999472181395606
01_person_walk,0,232440822,minimal_denoise,edge_post_retransmit,digital_inprocess,digital_wire,True,,False,True,0.7054122686386108,0.020782290026545525,0.0035797636955976486,0.9354473243043671,20.89262580871582,21.572317123413086,1.0325325940798555
01_person_walk,0,232440822,minimal_denoise,edge_uncertainty_mean,digital_inprocess,digital_wire,True,,False,True,0.001843232661485672,0.0004007371317129582,4.221219001010468e-07,0.9999895054684529,17.904266357421875,17.903575897216797,0.9999614359956842
01_person_walk,0,232440822,minimal_denoise,final_reconstruction,digital_inprocess,digital_wire,True,,False,True,0.0002186596393585205,8.94897948455764e-06,1.8483885255715649e-10,0.9999997586990109,103.51622009277344,103.51712799072266,1.0000087705863718
01_person_walk,0,232440822,minimal_denoise,post_deserialize_latent_raw,digital_inprocess,digital_wire,False,missing_tensor,,,,,,,,,
01_person_walk,0,232440822,minimal_denoise,power_scalar,digital_inprocess,digital_wire,True,,True,True,0.0,0.0,0.0,1.0,64.0,64.0,1.0
01_person_walk,0,232440822,minimal_denoise,pre_serialize_latent,digital_inprocess,digital_wire,False,missing_tensor,,,,,,,,,
01_person_walk,0,232440822,minimal_denoise,receiver_post_norm_latent,digital_inprocess,digital_wire,True,,False,True,0.0002733469009399414,3.748705785255879e-05,2.4150483834972647e-09,1.0,64.0,64.0,1.0
01_person_walk,0,232440822,minimal_denoise,sender_vae_latent_post_norm,digital_inprocess,digital_wire,True,,False,True,0.0002734661102294922,3.748868766706437e-05,2.4150637045750045e-09,1.0,64.0,64.0,1.0
01_person_walk,0,232440822,minimal_denoise,sender_vae_latent_pre_norm,digital_inprocess,digital_wire,True,,True,True,0.0,0.0,0.0,0.9999999801513206,61.640350341796875,61.640350341796875,1.0
01_person_walk,0,232440822,minimal_denoise,uncertainty_post_ablation,digital_inprocess,digital_wire,True,,False,True,0.001843232661485672,0.0004007371317129582,4.221219001010468e-07,0.9999895054684529,17.904266357421875,17.903575897216797,0.9999614359956842
01_person_walk,0,232440822,minimal_denoise,vae_decode_input,digital_inprocess,digital_wire,True,,False,True,0.001352071762084961,7.285354513442144e-05,1.8440490023863276e-08,1.0000001192093002,63.999996185302734,63.999996185302734,1.0
